{"type":"FeatureCollection","features":[{"type":"Feature","geometry":{"type":"Point","coordinates":[21.753532,38.280531]},"properties":{"name":"Τέρμα_ΠΛΑΖ","band":0,"modes":"bus","arr":["101","102","103","104","303"],"off":[0,-0.8]}},{"type":"Feature","geometry":{"type":"Point","coordinates":[21.753532,38.280531]},"properties":{"name":"Πλάζ 4","band":0,"modes":"bus","arr":["101","102","103","104","303"],"off":[0,-1.9]}},{"type":"Feature","geometry":{"type":"Point","coordinates":[21.753532,38.280531]},"properties":{"line":"101","mode":"bus","color":"#0059a9","colorDark":"#00294f","band":0,"off":[-6.8,1.1]}},{"type":"Feature","geometry":{"type":"Point","coordinates":[21.753532,38.280531]},"properties":{"line":"102","mode":"bus","color":"#0059a9","colorDark":"#00294f","band":0,"off":[-3.4,1.1]}},{"type":"Feature","geometry":{"type":"Point","coordinates":[21.753532,38.280531]},"properties":{"line":"103","mode":"bus","color":"#0059a9","colorDark":"#00294f","band":0,"off":[0,1.1]}},{"type":"Feature","geometry":{"type":"Point","coordinates":[21.753532,38.280531]},"properties":{"line":"104","mode":"bus","color":"#0059a9","colorDark":"#00294f","band":0,"off":[3.4,1.1]}},{"type":"Feature","geometry":{"type":"Point","coordinates":[21.753532,38.280531]},"properties":{"line":"303","mode":"bus","color":"#0059a9","colorDark":"#00294f","band":0,"off":[6.8,1.1]}},{"type":"Feature","geometry":{"type":"Point","coordinates":[21.738735,38.256933]},"properties":{"name":"Υπεραστικό ΚΤΕΛ Αχαΐας","band":0,"modes":"bus","arr":["502","503","606","804","901"],"off":[0,-0.8]}},{"type":"Feature","geometry":{"type":"Point","coordinates":[21.738735,38.256933]},"properties":{"name":"Νόρμαν","band":0,"modes":"bus","arr":["502","503","606","804","901"],"off":[0,-3]}},{"type":"Feature","geometry":{"type":"Point","coordinates":[21.738735,38.256933]},"properties":{"name":"Αγ. Διονύσιος - Επίκεντρο","band":0,"modes":"bus","arr":["502","503","606","804","901"],"off":[0,-4.1]}},{"type":"Feature","geometry":{"type":"Point","coordinates":[21.738735,38.256933]},"properties":{"line":"502","mode":"bus","color":"#0059a9","colorDark":"#00294f","band":0,"off":[-6.8,1.1]}},{"type":"Feature","geometry":{"type":"Point","coordinates":[21.738735,38.256933]},"properties":{"line":"503","mode":"bus","color":"#0059a9","colorDark":"#00294f","band":0,"off":[-3.4,1.1]}},{"type":"Feature","geometry":{"type":"Point","coordinates":[21.738735,38.256933]},"properties":{"line":"606","mode":"bus","color":"#0059a9","colorDark":"#00294f","band":0,"off":[0,1.1]}},{"type":"Feature","geometry":{"type":"Point","coordinates":[21.738735,38.256933]},"properties":{"line":"804","mode":"bus","color":"#0059a9","colorDark":"#00294f","band":0,"off":[3.4,1.1]}},{"type":"Feature","geometry":{"type":"Point","coordinates":[21.738735,38.256933]},"properties":{"line":"901","mode":"bus","color":"#0059a9","colorDark":"#00294f","band":0,"off":[6.8,1.1]}},{"type":"Feature","geometry":{"type":"Point","coordinates":[21.766064,38.225946]},"properties":{"name":"Νεκροταφείο","band":0,"modes":"bus","arr":["101","104"],"off":[0,-0.8]}},{"type":"Feature","geometry":{"type":"Point","coordinates":[21.766064,38.225946]},"properties":{"line":"101","mode":"bus","color":"#0059a9","colorDark":"#00294f","band":0,"off":[-1.7,1.1]}},{"type":"Feature","geometry":{"type":"Point","coordinates":[21.766064,38.225946]},"properties":{"line":"104","mode":"bus","color":"#0059a9","colorDark":"#00294f","band":0,"off":[1.7,1.1]}},{"type":"Feature","geometry":{"type":"Point","coordinates":[21.762693,38.239527]},"properties":{"name":"Τέρμα Διάκου","band":0,"modes":"bus","arr":["102","104","401","402"],"off":[0,-0.8]}},{"type":"Feature","geometry":{"type":"Point","coordinates":[21.762693,38.239527]},"properties":{"name":"Τέρμα Αρόης","band":0,"modes":"bus","arr":["102","104","401","402"],"off":[0,-1.9]}},{"type":"Feature","geometry":{"type":"Point","coordinates":[21.762693,38.239527]},"properties":{"line":"102","mode":"bus","color":"#0059a9","colorDark":"#00294f","band":0,"off":[-5.1,1.1]}},{"type":"Feature","geometry":{"type":"Point","coordinates":[21.762693,38.239527]},"properties":{"line":"104","mode":"bus","color":"#0059a9","colorDark":"#00294f","band":0,"off":[-1.7,1.1]}},{"type":"Feature","geometry":{"type":"Point","coordinates":[21.762693,38.239527]},"properties":{"line":"401","mode":"bus","color":"#0059a9","colorDark":"#00294f","band":0,"off":[1.7,1.1]}},{"type":"Feature","geometry":{"type":"Point","coordinates":[21.762693,38.239527]},"properties":{"line":"402","mode":"bus","color":"#0059a9","colorDark":"#00294f","band":0,"off":[5.1,1.1]}},{"type":"Feature","geometry":{"type":"Point","coordinates":[21.801417,38.215973]},"properties":{"name":"Ελεκιστρα","band":0,"modes":"bus","arr":["103","104"],"off":[0,-0.8]}},{"type":"Feature","geometry":{"type":"Point","coordinates":[21.801417,38.215973]},"properties":{"line":"103","mode":"bus","color":"#0059a9","colorDark":"#00294f","band":0,"off":[-1.7,1.1]}},{"type":"Feature","geometry":{"type":"Point","coordinates":[21.801417,38.215973]},"properties":{"line":"104","mode":"bus","color":"#0059a9","colorDark":"#00294f","band":0,"off":[1.7,1.1]}},{"type":"Feature","geometry":{"type":"Point","coordinates":[21.739152,38.26746]},"properties":{"name":"Αφετηρία Πάρκινγκ Τερψιθέα","band":0,"modes":"bus","arr":["111"],"off":[0,-0.8]}},{"type":"Feature","geometry":{"type":"Point","coordinates":[21.739152,38.26746]},"properties":{"name":"PARKING 11","band":0,"modes":"bus","arr":["111"],"off":[0,-3]}},{"type":"Feature","geometry":{"type":"Point","coordinates":[21.739152,38.26746]},"properties":{"line":"111","mode":"bus","color":"#0059a9","colorDark":"#00294f","band":0,"off":[0,1.1]}},{"type":"Feature","geometry":{"type":"Point","coordinates":[21.736986,38.24775]},"properties":{"name":"Σταθμός Υπεραστικών","band":0,"modes":"bus","arr":["118","401","402","501","502","606","607","608","801","803"],"off":[0,-0.8]}},{"type":"Feature","geometry":{"type":"Point","coordinates":[21.736986,38.24775]},"properties":{"name":"ΟΣΕ","band":0,"modes":"bus","arr":["118","401","402","501","502","606","607","608","801","803"],"off":[0,-3]}},{"type":"Feature","geometry":{"type":"Point","coordinates":[21.736986,38.24775]},"properties":{"name":"Κολοκοτρώνη - Αφετηρία 4","band":0,"modes":"bus","arr":["118","401","402","501","502","606","607","608","801","803"],"off":[0,-4.1]}},{"type":"Feature","geometry":{"type":"Point","coordinates":[21.736986,38.24775]},"properties":{"line":"118","mode":"bus","color":"#0059a9","colorDark":"#00294f","band":0,"off":[-6.8,1.1]}},{"type":"Feature","geometry":{"type":"Point","coordinates":[21.736986,38.24775]},"properties":{"line":"401","mode":"bus","color":"#0059a9","colorDark":"#00294f","band":0,"off":[-3.4,1.1]}},{"type":"Feature","geometry":{"type":"Point","coordinates":[21.736986,38.24775]},"properties":{"line":"402","mode":"bus","color":"#0059a9","colorDark":"#00294f","band":0,"off":[0,1.1]}},{"type":"Feature","geometry":{"type":"Point","coordinates":[21.736986,38.24775]},"properties":{"line":"501","mode":"bus","color":"#0059a9","colorDark":"#00294f","band":0,"off":[3.4,1.1]}},{"type":"Feature","geometry":{"type":"Point","coordinates":[21.736986,38.24775]},"properties":{"line":"502","mode":"bus","color":"#0059a9","colorDark":"#00294f","band":0,"off":[6.8,1.1]}},{"type":"Feature","geometry":{"type":"Point","coordinates":[21.736986,38.24775]},"properties":{"line":"606","mode":"bus","color":"#0059a9","colorDark":"#00294f","band":0,"off":[-6.8,3.1]}},{"type":"Feature","geometry":{"type":"Point","coordinates":[21.736986,38.24775]},"properties":{"line":"607","mode":"bus","color":"#0059a9","colorDark":"#00294f","band":0,"off":[-3.4,3.1]}},{"type":"Feature","geometry":{"type":"Point","coordinates":[21.736986,38.24775]},"properties":{"line":"608","mode":"bus","color":"#0059a9","colorDark":"#00294f","band":0,"off":[0,3.1]}},{"type":"Feature","geometry":{"type":"Point","coordinates":[21.736986,38.24775]},"properties":{"line":"801","mode":"bus","color":"#0059a9","colorDark":"#00294f","band":0,"off":[3.4,3.1]}},{"type":"Feature","geometry":{"type":"Point","coordinates":[21.736986,38.24775]},"properties":{"line":"803","mode":"bus","color":"#0059a9","colorDark":"#00294f","band":0,"off":[6.8,3.1]}},{"type":"Feature","geometry":{"type":"Point","coordinates":[21.721259,38.223925]},"properties":{"name":"Αβεξ","band":0,"modes":"bus","arr":["118"],"off":[0,-0.8]}},{"type":"Feature","geometry":{"type":"Point","coordinates":[21.721259,38.223925]},"properties":{"line":"118","mode":"bus","color":"#0059a9","colorDark":"#00294f","band":0,"off":[0,1.1]}},{"type":"Feature","geometry":{"type":"Point","coordinates":[21.761482,38.2648]},"properties":{"name":"Τέρμα Αρέθα","band":0,"modes":"bus","arr":["201","202"],"off":[0,-0.8]}},{"type":"Feature","geometry":{"type":"Point","coordinates":[21.761482,38.2648]},"properties":{"line":"201","mode":"bus","color":"#0059a9","colorDark":"#00294f","band":0,"off":[-1.7,1.1]}},{"type":"Feature","geometry":{"type":"Point","coordinates":[21.761482,38.2648]},"properties":{"line":"202","mode":"bus","color":"#0059a9","colorDark":"#00294f","band":0,"off":[1.7,1.1]}},{"type":"Feature","geometry":{"type":"Point","coordinates":[21.741183,38.218784]},"properties":{"name":"Αφετηρία Ταραμπούρα (ΤΕΙ)","band":0,"modes":"bus","arr":["201","202","301","302","303","503"],"off":[0,-0.8]}},{"type":"Feature","geometry":{"type":"Point","coordinates":[21.741183,38.218784]},"properties":{"name":"Αφετηρία Ζαρουχλέικα","band":0,"modes":"bus","arr":["201","202","301","302","303","503"],"off":[0,-3]}},{"type":"Feature","geometry":{"type":"Point","coordinates":[21.741183,38.218784]},"properties":{"line":"201","mode":"bus","color":"#0059a9","colorDark":"#00294f","band":0,"off":[-6.8,1.1]}},{"type":"Feature","geometry":{"type":"Point","coordinates":[21.741183,38.218784]},"properties":{"line":"202","mode":"bus","color":"#0059a9","colorDark":"#00294f","band":0,"off":[-3.4,1.1]}},{"type":"Feature","geometry":{"type":"Point","coordinates":[21.741183,38.218784]},"properties":{"line":"301","mode":"bus","color":"#0059a9","colorDark":"#00294f","band":0,"off":[0,1.1]}},{"type":"Feature","geometry":{"type":"Point","coordinates":[21.741183,38.218784]},"properties":{"line":"302","mode":"bus","color":"#0059a9","colorDark":"#00294f","band":0,"off":[3.4,1.1]}},{"type":"Feature","geometry":{"type":"Point","coordinates":[21.741183,38.218784]},"properties":{"line":"303","mode":"bus","color":"#0059a9","colorDark":"#00294f","band":0,"off":[6.8,1.1]}},{"type":"Feature","geometry":{"type":"Point","coordinates":[21.741183,38.218784]},"properties":{"line":"503","mode":"bus","color":"#0059a9","colorDark":"#00294f","band":0,"off":[0,3.1]}},{"type":"Feature","geometry":{"type":"Point","coordinates":[21.668425,38.166262]},"properties":{"name":"Ι.Ν. Ευαγγελίστριας","band":0,"modes":"bus","arr":["202","503"],"off":[0,-0.8]}},{"type":"Feature","geometry":{"type":"Point","coordinates":[21.668425,38.166262]},"properties":{"name":"Εκκλησία Ευαγγελιστρια","band":0,"modes":"bus","arr":["202","503"],"off":[0,-3]}},{"type":"Feature","geometry":{"type":"Point","coordinates":[21.668425,38.166262]},"properties":{"line":"202","mode":"bus","color":"#0059a9","colorDark":"#00294f","band":0,"off":[-1.7,1.1]}},{"type":"Feature","geometry":{"type":"Point","coordinates":[21.668425,38.166262]},"properties":{"line":"503","mode":"bus","color":"#0059a9","colorDark":"#00294f","band":0,"off":[1.7,1.1]}},{"type":"Feature","geometry":{"type":"Point","coordinates":[21.749398,38.264506]},"properties":{"name":"Τυρταίου","band":0,"modes":"bus","arr":["301","302","303"],"off":[0,-0.8]}},{"type":"Feature","geometry":{"type":"Point","coordinates":[21.749398,38.264506]},"properties":{"name":"Τέρμα - Θερμοπυλών","band":0,"modes":"bus","arr":["301","302","303"],"off":[0,-1.9]}},{"type":"Feature","geometry":{"type":"Point","coordinates":[21.749398,38.264506]},"properties":{"line":"301","mode":"bus","color":"#0059a9","colorDark":"#00294f","band":0,"off":[-3.4,1.1]}},{"type":"Feature","geometry":{"type":"Point","coordinates":[21.749398,38.264506]},"properties":{"line":"302","mode":"bus","color":"#0059a9","colorDark":"#00294f","band":0,"off":[0,1.1]}},{"type":"Feature","geometry":{"type":"Point","coordinates":[21.749398,38.264506]},"properties":{"line":"303","mode":"bus","color":"#0059a9","colorDark":"#00294f","band":0,"off":[3.4,1.1]}},{"type":"Feature","geometry":{"type":"Point","coordinates":[21.631418,38.154053]},"properties":{"name":"Τέρμα","band":0,"modes":"bus","arr":["501","503"],"off":[0,-0.8]}},{"type":"Feature","geometry":{"type":"Point","coordinates":[21.631418,38.154053]},"properties":{"line":"501","mode":"bus","color":"#0059a9","colorDark":"#00294f","band":0,"off":[-1.7,1.1]}},{"type":"Feature","geometry":{"type":"Point","coordinates":[21.631418,38.154053]},"properties":{"line":"503","mode":"bus","color":"#0059a9","colorDark":"#00294f","band":0,"off":[1.7,1.1]}},{"type":"Feature","geometry":{"type":"Point","coordinates":[21.736208,38.243184]},"properties":{"name":"Ερμού-Κανακάρη","band":0,"modes":"bus","arr":["601","609","701","702"],"off":[0,-0.8]}},{"type":"Feature","geometry":{"type":"Point","coordinates":[21.736208,38.243184]},"properties":{"name":"Ερμού","band":0,"modes":"bus","arr":["601","609","701","702"],"off":[0,-1.9]}},{"type":"Feature","geometry":{"type":"Point","coordinates":[21.736208,38.243184]},"properties":{"line":"601","mode":"bus","color":"#0059a9","colorDark":"#00294f","band":0,"off":[-5.1,1.1]}},{"type":"Feature","geometry":{"type":"Point","coordinates":[21.736208,38.243184]},"properties":{"line":"609","mode":"bus","color":"#0059a9","colorDark":"#00294f","band":0,"off":[-1.7,1.1]}},{"type":"Feature","geometry":{"type":"Point","coordinates":[21.736208,38.243184]},"properties":{"line":"701","mode":"bus","color":"#0059a9","colorDark":"#00294f","band":0,"off":[1.7,1.1]}},{"type":"Feature","geometry":{"type":"Point","coordinates":[21.736208,38.243184]},"properties":{"line":"702","mode":"bus","color":"#0059a9","colorDark":"#00294f","band":0,"off":[5.1,1.1]}},{"type":"Feature","geometry":{"type":"Point","coordinates":[21.795043,38.296477]},"properties":{"name":"Τέρμα Νοσοκομείο","band":0,"modes":"bus","arr":["601","602","609","610","901","902"],"off":[0,-0.8]}},{"type":"Feature","geometry":{"type":"Point","coordinates":[21.795043,38.296477]},"properties":{"name":"Πανεπιστημιακό Νοσοκομείο Πατρών","band":0,"modes":"bus","arr":["601","602","609","610","901","902"],"off":[0,-1.9]}},{"type":"Feature","geometry":{"type":"Point","coordinates":[21.795043,38.296477]},"properties":{"line":"601","mode":"bus","color":"#0059a9","colorDark":"#00294f","band":0,"off":[-6.8,1.1]}},{"type":"Feature","geometry":{"type":"Point","coordinates":[21.795043,38.296477]},"properties":{"line":"602","mode":"bus","color":"#0059a9","colorDark":"#00294f","band":0,"off":[-3.4,1.1]}},{"type":"Feature","geometry":{"type":"Point","coordinates":[21.795043,38.296477]},"properties":{"line":"609","mode":"bus","color":"#0059a9","colorDark":"#00294f","band":0,"off":[0,1.1]}},{"type":"Feature","geometry":{"type":"Point","coordinates":[21.795043,38.296477]},"properties":{"line":"610","mode":"bus","color":"#0059a9","colorDark":"#00294f","band":0,"off":[3.4,1.1]}},{"type":"Feature","geometry":{"type":"Point","coordinates":[21.795043,38.296477]},"properties":{"line":"901","mode":"bus","color":"#0059a9","colorDark":"#00294f","band":0,"off":[6.8,1.1]}},{"type":"Feature","geometry":{"type":"Point","coordinates":[21.795043,38.296477]},"properties":{"line":"902","mode":"bus","color":"#0059a9","colorDark":"#00294f","band":0,"off":[0,3.1]}},{"type":"Feature","geometry":{"type":"Point","coordinates":[21.727599,38.23678]},"properties":{"name":"Αρχιεπισκόπου Κυρίλλου Τέρμα","band":0,"modes":"bus","arr":["602","610"],"off":[0,-0.8]}},{"type":"Feature","geometry":{"type":"Point","coordinates":[21.727599,38.23678]},"properties":{"name":"Αρχιεπισκόπου Κυρίλλου","band":0,"modes":"bus","arr":["602","610"],"off":[0,-3]}},{"type":"Feature","geometry":{"type":"Point","coordinates":[21.727599,38.23678]},"properties":{"line":"602","mode":"bus","color":"#0059a9","colorDark":"#00294f","band":0,"off":[-1.7,1.1]}},{"type":"Feature","geometry":{"type":"Point","coordinates":[21.727599,38.23678]},"properties":{"line":"610","mode":"bus","color":"#0059a9","colorDark":"#00294f","band":0,"off":[1.7,1.1]}},{"type":"Feature","geometry":{"type":"Point","coordinates":[21.787823,38.257853]},"properties":{"name":"Μάρκου Μπότσαρη","band":0,"modes":"bus","arr":["607","609"],"off":[0,-0.8]}},{"type":"Feature","geometry":{"type":"Point","coordinates":[21.787823,38.257853]},"properties":{"line":"607","mode":"bus","color":"#0059a9","colorDark":"#00294f","band":0,"off":[-1.7,1.1]}},{"type":"Feature","geometry":{"type":"Point","coordinates":[21.787823,38.257853]},"properties":{"line":"609","mode":"bus","color":"#0059a9","colorDark":"#00294f","band":0,"off":[1.7,1.1]}},{"type":"Feature","geometry":{"type":"Point","coordinates":[21.835332,38.271459]},"properties":{"name":"Καστρίτσι - Τέρμα","band":0,"modes":"bus","arr":["608","609"],"off":[0,-0.8]}},{"type":"Feature","geometry":{"type":"Point","coordinates":[21.835332,38.271459]},"properties":{"line":"608","mode":"bus","color":"#0059a9","colorDark":"#00294f","band":0,"off":[-1.7,1.1]}},{"type":"Feature","geometry":{"type":"Point","coordinates":[21.835332,38.271459]},"properties":{"line":"609","mode":"bus","color":"#0059a9","colorDark":"#00294f","band":0,"off":[1.7,1.1]}},{"type":"Feature","geometry":{"type":"Point","coordinates":[21.736806,38.253582]},"properties":{"name":"Αφετηρία Οθ. Αμαλίας & Καρολου","band":0,"modes":"bus","arr":["609","902"],"off":[0,-0.8]}},{"type":"Feature","geometry":{"type":"Point","coordinates":[21.736806,38.253582]},"properties":{"line":"609","mode":"bus","color":"#0059a9","colorDark":"#00294f","band":0,"off":[-1.7,1.1]}},{"type":"Feature","geometry":{"type":"Point","coordinates":[21.736806,38.253582]},"properties":{"line":"902","mode":"bus","color":"#0059a9","colorDark":"#00294f","band":0,"off":[1.7,1.1]}},{"type":"Feature","geometry":{"type":"Point","coordinates":[21.76248,38.209817]},"properties":{"name":"Πάρκινγκ Περιβόλα","band":0,"modes":"bus","arr":["701","702"],"off":[0,-0.8]}},{"type":"Feature","geometry":{"type":"Point","coordinates":[21.76248,38.209817]},"properties":{"name":"Κόμβος CARREFOUR","band":0,"modes":"bus","arr":["701","702"],"off":[0,-1.9]}},{"type":"Feature","geometry":{"type":"Point","coordinates":[21.76248,38.209817]},"properties":{"name":"Αφετηρία Πάρκινγκ Περιβόλα","band":0,"modes":"bus","arr":["701","702"],"off":[0,-3]}},{"type":"Feature","geometry":{"type":"Point","coordinates":[21.76248,38.209817]},"properties":{"line":"701","mode":"bus","color":"#0059a9","colorDark":"#00294f","band":0,"off":[-1.7,1.1]}},{"type":"Feature","geometry":{"type":"Point","coordinates":[21.76248,38.209817]},"properties":{"line":"702","mode":"bus","color":"#0059a9","colorDark":"#00294f","band":0,"off":[1.7,1.1]}},{"type":"Feature","geometry":{"type":"Point","coordinates":[21.731958,38.19352]},"properties":{"name":"Κεφαλόβρυσου","band":0,"modes":"bus","arr":["804"],"off":[0,-0.8]}},{"type":"Feature","geometry":{"type":"Point","coordinates":[21.731958,38.19352]},"properties":{"line":"804","mode":"bus","color":"#0059a9","colorDark":"#00294f","band":0,"off":[0,1.1]}},{"type":"Feature","geometry":{"type":"Point","coordinates":[21.71261,38.19325]},"properties":{"name":"Εργατικές Κατοικίες 3","band":0,"modes":"bus","arr":["801","804"],"off":[0,-0.8]}},{"type":"Feature","geometry":{"type":"Point","coordinates":[21.71261,38.19325]},"properties":{"name":"Εργατικές Κατοικίες 1","band":0,"modes":"bus","arr":["801","804"],"off":[0,-3]}},{"type":"Feature","geometry":{"type":"Point","coordinates":[21.71261,38.19325]},"properties":{"line":"801","mode":"bus","color":"#0059a9","colorDark":"#00294f","band":0,"off":[-1.7,1.1]}},{"type":"Feature","geometry":{"type":"Point","coordinates":[21.71261,38.19325]},"properties":{"line":"804","mode":"bus","color":"#0059a9","colorDark":"#00294f","band":0,"off":[1.7,1.1]}},{"type":"Feature","geometry":{"type":"Point","coordinates":[21.73221,38.161697]},"properties":{"name":"Καλλιθέα - Τέρμα","band":0,"modes":"bus","arr":["803","804"],"off":[0,-0.8]}},{"type":"Feature","geometry":{"type":"Point","coordinates":[21.73221,38.161697]},"properties":{"line":"803","mode":"bus","color":"#0059a9","colorDark":"#00294f","band":0,"off":[-1.7,1.1]}},{"type":"Feature","geometry":{"type":"Point","coordinates":[21.73221,38.161697]},"properties":{"line":"804","mode":"bus","color":"#0059a9","colorDark":"#00294f","band":0,"off":[1.7,1.1]}},{"type":"Feature","geometry":{"type":"Point","coordinates":[21.753532,38.280531]},"properties":{"name":"Τέρμα_ΠΛΑΖ","band":1,"modes":"bus","arr":["101","102","103","104","303"],"off":[0,-0.8]}},{"type":"Feature","geometry":{"type":"Point","coordinates":[21.753532,38.280531]},"properties":{"name":"Πλάζ 4","band":1,"modes":"bus","arr":["101","102","103","104","303"],"off":[0,-1.9]}},{"type":"Feature","geometry":{"type":"Point","coordinates":[21.753532,38.280531]},"properties":{"line":"101","mode":"bus","color":"#0059a9","colorDark":"#00294f","band":1,"off":[-6.8,1.1]}},{"type":"Feature","geometry":{"type":"Point","coordinates":[21.753532,38.280531]},"properties":{"line":"102","mode":"bus","color":"#0059a9","colorDark":"#00294f","band":1,"off":[-3.4,1.1]}},{"type":"Feature","geometry":{"type":"Point","coordinates":[21.753532,38.280531]},"properties":{"line":"103","mode":"bus","color":"#0059a9","colorDark":"#00294f","band":1,"off":[0,1.1]}},{"type":"Feature","geometry":{"type":"Point","coordinates":[21.753532,38.280531]},"properties":{"line":"104","mode":"bus","color":"#0059a9","colorDark":"#00294f","band":1,"off":[3.4,1.1]}},{"type":"Feature","geometry":{"type":"Point","coordinates":[21.753532,38.280531]},"properties":{"line":"303","mode":"bus","color":"#0059a9","colorDark":"#00294f","band":1,"off":[6.8,1.1]}},{"type":"Feature","geometry":{"type":"Point","coordinates":[21.738428,38.254114]},"properties":{"name":"Σταθμός Υπεραστικών","band":1,"modes":"bus","arr":["118","502","503","606","804"],"off":[0,-0.8]}},{"type":"Feature","geometry":{"type":"Point","coordinates":[21.738428,38.254114]},"properties":{"name":"Νόρμαν","band":1,"modes":"bus","arr":["118","502","503","606","804"],"off":[0,-3]}},{"type":"Feature","geometry":{"type":"Point","coordinates":[21.738428,38.254114]},"properties":{"name":"Αγ. Διονύσιος - Επίκεντρο","band":1,"modes":"bus","arr":["118","502","503","606","804"],"off":[0,-4.1]}},{"type":"Feature","geometry":{"type":"Point","coordinates":[21.738428,38.254114]},"properties":{"line":"118","mode":"bus","color":"#0059a9","colorDark":"#00294f","band":1,"off":[-6.8,1.1]}},{"type":"Feature","geometry":{"type":"Point","coordinates":[21.738428,38.254114]},"properties":{"line":"502","mode":"bus","color":"#0059a9","colorDark":"#00294f","band":1,"off":[-3.4,1.1]}},{"type":"Feature","geometry":{"type":"Point","coordinates":[21.738428,38.254114]},"properties":{"line":"503","mode":"bus","color":"#0059a9","colorDark":"#00294f","band":1,"off":[0,1.1]}},{"type":"Feature","geometry":{"type":"Point","coordinates":[21.738428,38.254114]},"properties":{"line":"606","mode":"bus","color":"#0059a9","colorDark":"#00294f","band":1,"off":[3.4,1.1]}},{"type":"Feature","geometry":{"type":"Point","coordinates":[21.738428,38.254114]},"properties":{"line":"804","mode":"bus","color":"#0059a9","colorDark":"#00294f","band":1,"off":[6.8,1.1]}},{"type":"Feature","geometry":{"type":"Point","coordinates":[21.766064,38.225946]},"properties":{"name":"Νεκροταφείο","band":1,"modes":"bus","arr":["101","104"],"off":[0,-0.8]}},{"type":"Feature","geometry":{"type":"Point","coordinates":[21.766064,38.225946]},"properties":{"line":"101","mode":"bus","color":"#0059a9","colorDark":"#00294f","band":1,"off":[-1.7,1.1]}},{"type":"Feature","geometry":{"type":"Point","coordinates":[21.766064,38.225946]},"properties":{"line":"104","mode":"bus","color":"#0059a9","colorDark":"#00294f","band":1,"off":[1.7,1.1]}},{"type":"Feature","geometry":{"type":"Point","coordinates":[21.762693,38.239527]},"properties":{"name":"Τέρμα Διάκου","band":1,"modes":"bus","arr":["102","104","401","402"],"off":[0,-0.8]}},{"type":"Feature","geometry":{"type":"Point","coordinates":[21.762693,38.239527]},"properties":{"name":"Τέρμα Αρόης","band":1,"modes":"bus","arr":["102","104","401","402"],"off":[0,-1.9]}},{"type":"Feature","geometry":{"type":"Point","coordinates":[21.762693,38.239527]},"properties":{"line":"102","mode":"bus","color":"#0059a9","colorDark":"#00294f","band":1,"off":[-5.1,1.1]}},{"type":"Feature","geometry":{"type":"Point","coordinates":[21.762693,38.239527]},"properties":{"line":"104","mode":"bus","color":"#0059a9","colorDark":"#00294f","band":1,"off":[-1.7,1.1]}},{"type":"Feature","geometry":{"type":"Point","coordinates":[21.762693,38.239527]},"properties":{"line":"401","mode":"bus","color":"#0059a9","colorDark":"#00294f","band":1,"off":[1.7,1.1]}},{"type":"Feature","geometry":{"type":"Point","coordinates":[21.762693,38.239527]},"properties":{"line":"402","mode":"bus","color":"#0059a9","colorDark":"#00294f","band":1,"off":[5.1,1.1]}},{"type":"Feature","geometry":{"type":"Point","coordinates":[21.801417,38.215973]},"properties":{"name":"Ελεκιστρα","band":1,"modes":"bus","arr":["103","104"],"off":[0,-0.8]}},{"type":"Feature","geometry":{"type":"Point","coordinates":[21.801417,38.215973]},"properties":{"line":"103","mode":"bus","color":"#0059a9","colorDark":"#00294f","band":1,"off":[-1.7,1.1]}},{"type":"Feature","geometry":{"type":"Point","coordinates":[21.801417,38.215973]},"properties":{"line":"104","mode":"bus","color":"#0059a9","colorDark":"#00294f","band":1,"off":[1.7,1.1]}},{"type":"Feature","geometry":{"type":"Point","coordinates":[21.736611,38.250392]},"properties":{"name":"Υπεραστικό ΚΤΕΛ Αχαΐας","band":1,"modes":"bus","arr":["501","502","606","607","608","609","801","803","901","902"],"off":[0,-0.8]}},{"type":"Feature","geometry":{"type":"Point","coordinates":[21.736611,38.250392]},"properties":{"name":"ΟΣΕ","band":1,"modes":"bus","arr":["501","502","606","607","608","609","801","803","901","902"],"off":[0,-3]}},{"type":"Feature","geometry":{"type":"Point","coordinates":[21.736611,38.250392]},"properties":{"name":"Αφετηρία Οθ. Αμαλίας & Καρολου","band":1,"modes":"bus","arr":["501","502","606","607","608","609","801","803","901","902"],"off":[0,-4.1]}},{"type":"Feature","geometry":{"type":"Point","coordinates":[21.736611,38.250392]},"properties":{"line":"501","mode":"bus","color":"#0059a9","colorDark":"#00294f","band":1,"off":[-6.8,1.1]}},{"type":"Feature","geometry":{"type":"Point","coordinates":[21.736611,38.250392]},"properties":{"line":"502","mode":"bus","color":"#0059a9","colorDark":"#00294f","band":1,"off":[-3.4,1.1]}},{"type":"Feature","geometry":{"type":"Point","coordinates":[21.736611,38.250392]},"properties":{"line":"606","mode":"bus","color":"#0059a9","colorDark":"#00294f","band":1,"off":[0,1.1]}},{"type":"Feature","geometry":{"type":"Point","coordinates":[21.736611,38.250392]},"properties":{"line":"607","mode":"bus","color":"#0059a9","colorDark":"#00294f","band":1,"off":[3.4,1.1]}},{"type":"Feature","geometry":{"type":"Point","coordinates":[21.736611,38.250392]},"properties":{"line":"608","mode":"bus","color":"#0059a9","colorDark":"#00294f","band":1,"off":[6.8,1.1]}},{"type":"Feature","geometry":{"type":"Point","coordinates":[21.736611,38.250392]},"properties":{"line":"609","mode":"bus","color":"#0059a9","colorDark":"#00294f","band":1,"off":[-6.8,3.1]}},{"type":"Feature","geometry":{"type":"Point","coordinates":[21.736611,38.250392]},"properties":{"line":"801","mode":"bus","color":"#0059a9","colorDark":"#00294f","band":1,"off":[-3.4,3.1]}},{"type":"Feature","geometry":{"type":"Point","coordinates":[21.736611,38.250392]},"properties":{"line":"803","mode":"bus","color":"#0059a9","colorDark":"#00294f","band":1,"off":[0,3.1]}},{"type":"Feature","geometry":{"type":"Point","coordinates":[21.736611,38.250392]},"properties":{"line":"901","mode":"bus","color":"#0059a9","colorDark":"#00294f","band":1,"off":[3.4,3.1]}},{"type":"Feature","geometry":{"type":"Point","coordinates":[21.736611,38.250392]},"properties":{"line":"902","mode":"bus","color":"#0059a9","colorDark":"#00294f","band":1,"off":[6.8,3.1]}},{"type":"Feature","geometry":{"type":"Point","coordinates":[21.739152,38.26746]},"properties":{"name":"Αφετηρία Πάρκινγκ Τερψιθέα","band":1,"modes":"bus","arr":["111"],"off":[0,-0.8]}},{"type":"Feature","geometry":{"type":"Point","coordinates":[21.739152,38.26746]},"properties":{"name":"PARKING 11","band":1,"modes":"bus","arr":["111"],"off":[0,-3]}},{"type":"Feature","geometry":{"type":"Point","coordinates":[21.739152,38.26746]},"properties":{"line":"111","mode":"bus","color":"#0059a9","colorDark":"#00294f","band":1,"off":[0,1.1]}},{"type":"Feature","geometry":{"type":"Point","coordinates":[21.721259,38.223925]},"properties":{"name":"Αβεξ","band":1,"modes":"bus","arr":["118"],"off":[0,-0.8]}},{"type":"Feature","geometry":{"type":"Point","coordinates":[21.721259,38.223925]},"properties":{"line":"118","mode":"bus","color":"#0059a9","colorDark":"#00294f","band":1,"off":[0,1.1]}},{"type":"Feature","geometry":{"type":"Point","coordinates":[21.761482,38.2648]},"properties":{"name":"Τέρμα Αρέθα","band":1,"modes":"bus","arr":["201","202"],"off":[0,-0.8]}},{"type":"Feature","geometry":{"type":"Point","coordinates":[21.761482,38.2648]},"properties":{"line":"201","mode":"bus","color":"#0059a9","colorDark":"#00294f","band":1,"off":[-1.7,1.1]}},{"type":"Feature","geometry":{"type":"Point","coordinates":[21.761482,38.2648]},"properties":{"line":"202","mode":"bus","color":"#0059a9","colorDark":"#00294f","band":1,"off":[1.7,1.1]}},{"type":"Feature","geometry":{"type":"Point","coordinates":[21.745419,38.219056]},"properties":{"name":"Αφετηρία Ταραμπούρα (ΤΕΙ)","band":1,"modes":"bus","arr":["201","202","503"],"off":[0,-0.8]}},{"type":"Feature","geometry":{"type":"Point","coordinates":[21.745419,38.219056]},"properties":{"line":"201","mode":"bus","color":"#0059a9","colorDark":"#00294f","band":1,"off":[-3.4,1.1]}},{"type":"Feature","geometry":{"type":"Point","coordinates":[21.745419,38.219056]},"properties":{"line":"202","mode":"bus","color":"#0059a9","colorDark":"#00294f","band":1,"off":[0,1.1]}},{"type":"Feature","geometry":{"type":"Point","coordinates":[21.745419,38.219056]},"properties":{"line":"503","mode":"bus","color":"#0059a9","colorDark":"#00294f","band":1,"off":[3.4,1.1]}},{"type":"Feature","geometry":{"type":"Point","coordinates":[21.736947,38.218512]},"properties":{"name":"Αφετηρία Ζαρουχλέικα","band":1,"modes":"bus","arr":["301","302","303"],"off":[0,-0.8]}},{"type":"Feature","geometry":{"type":"Point","coordinates":[21.736947,38.218512]},"properties":{"line":"301","mode":"bus","color":"#0059a9","colorDark":"#00294f","band":1,"off":[-3.4,1.1]}},{"type":"Feature","geometry":{"type":"Point","coordinates":[21.736947,38.218512]},"properties":{"line":"302","mode":"bus","color":"#0059a9","colorDark":"#00294f","band":1,"off":[0,1.1]}},{"type":"Feature","geometry":{"type":"Point","coordinates":[21.736947,38.218512]},"properties":{"line":"303","mode":"bus","color":"#0059a9","colorDark":"#00294f","band":1,"off":[3.4,1.1]}},{"type":"Feature","geometry":{"type":"Point","coordinates":[21.668425,38.166262]},"properties":{"name":"Ι.Ν. Ευαγγελίστριας","band":1,"modes":"bus","arr":["202","503"],"off":[0,-0.8]}},{"type":"Feature","geometry":{"type":"Point","coordinates":[21.668425,38.166262]},"properties":{"name":"Εκκλησία Ευαγγελιστρια","band":1,"modes":"bus","arr":["202","503"],"off":[0,-3]}},{"type":"Feature","geometry":{"type":"Point","coordinates":[21.668425,38.166262]},"properties":{"line":"202","mode":"bus","color":"#0059a9","colorDark":"#00294f","band":1,"off":[-1.7,1.1]}},{"type":"Feature","geometry":{"type":"Point","coordinates":[21.668425,38.166262]},"properties":{"line":"503","mode":"bus","color":"#0059a9","colorDark":"#00294f","band":1,"off":[1.7,1.1]}},{"type":"Feature","geometry":{"type":"Point","coordinates":[21.749398,38.264506]},"properties":{"name":"Τυρταίου","band":1,"modes":"bus","arr":["301","302","303"],"off":[0,-0.8]}},{"type":"Feature","geometry":{"type":"Point","coordinates":[21.749398,38.264506]},"properties":{"name":"Τέρμα - Θερμοπυλών","band":1,"modes":"bus","arr":["301","302","303"],"off":[0,-1.9]}},{"type":"Feature","geometry":{"type":"Point","coordinates":[21.749398,38.264506]},"properties":{"line":"301","mode":"bus","color":"#0059a9","colorDark":"#00294f","band":1,"off":[-3.4,1.1]}},{"type":"Feature","geometry":{"type":"Point","coordinates":[21.749398,38.264506]},"properties":{"line":"302","mode":"bus","color":"#0059a9","colorDark":"#00294f","band":1,"off":[0,1.1]}},{"type":"Feature","geometry":{"type":"Point","coordinates":[21.749398,38.264506]},"properties":{"line":"303","mode":"bus","color":"#0059a9","colorDark":"#00294f","band":1,"off":[3.4,1.1]}},{"type":"Feature","geometry":{"type":"Point","coordinates":[21.737089,38.246233]},"properties":{"name":"Κολοκοτρώνη - Αφετηρία 4","band":1,"modes":"bus","arr":["401","402","601","609","701","702"],"off":[0,-0.8]}},{"type":"Feature","geometry":{"type":"Point","coordinates":[21.737089,38.246233]},"properties":{"name":"Ερμού-Κανακάρη","band":1,"modes":"bus","arr":["401","402","601","609","701","702"],"off":[0,-3]}},{"type":"Feature","geometry":{"type":"Point","coordinates":[21.737089,38.246233]},"properties":{"name":"Ερμού","band":1,"modes":"bus","arr":["401","402","601","609","701","702"],"off":[0,-4.1]}},{"type":"Feature","geometry":{"type":"Point","coordinates":[21.737089,38.246233]},"properties":{"line":"401","mode":"bus","color":"#0059a9","colorDark":"#00294f","band":1,"off":[-6.8,1.1]}},{"type":"Feature","geometry":{"type":"Point","coordinates":[21.737089,38.246233]},"properties":{"line":"402","mode":"bus","color":"#0059a9","colorDark":"#00294f","band":1,"off":[-3.4,1.1]}},{"type":"Feature","geometry":{"type":"Point","coordinates":[21.737089,38.246233]},"properties":{"line":"601","mode":"bus","color":"#0059a9","colorDark":"#00294f","band":1,"off":[0,1.1]}},{"type":"Feature","geometry":{"type":"Point","coordinates":[21.737089,38.246233]},"properties":{"line":"609","mode":"bus","color":"#0059a9","colorDark":"#00294f","band":1,"off":[3.4,1.1]}},{"type":"Feature","geometry":{"type":"Point","coordinates":[21.737089,38.246233]},"properties":{"line":"701","mode":"bus","color":"#0059a9","colorDark":"#00294f","band":1,"off":[6.8,1.1]}},{"type":"Feature","geometry":{"type":"Point","coordinates":[21.737089,38.246233]},"properties":{"line":"702","mode":"bus","color":"#0059a9","colorDark":"#00294f","band":1,"off":[0,3.1]}},{"type":"Feature","geometry":{"type":"Point","coordinates":[21.631418,38.154053]},"properties":{"name":"Τέρμα","band":1,"modes":"bus","arr":["501","503"],"off":[0,-0.8]}},{"type":"Feature","geometry":{"type":"Point","coordinates":[21.631418,38.154053]},"properties":{"line":"501","mode":"bus","color":"#0059a9","colorDark":"#00294f","band":1,"off":[-1.7,1.1]}},{"type":"Feature","geometry":{"type":"Point","coordinates":[21.631418,38.154053]},"properties":{"line":"503","mode":"bus","color":"#0059a9","colorDark":"#00294f","band":1,"off":[1.7,1.1]}},{"type":"Feature","geometry":{"type":"Point","coordinates":[21.795043,38.296477]},"properties":{"name":"Τέρμα Νοσοκομείο","band":1,"modes":"bus","arr":["601","602","609","610","901","902"],"off":[0,-0.8]}},{"type":"Feature","geometry":{"type":"Point","coordinates":[21.795043,38.296477]},"properties":{"name":"Πανεπιστημιακό Νοσοκομείο Πατρών","band":1,"modes":"bus","arr":["601","602","609","610","901","902"],"off":[0,-1.9]}},{"type":"Feature","geometry":{"type":"Point","coordinates":[21.795043,38.296477]},"properties":{"line":"601","mode":"bus","color":"#0059a9","colorDark":"#00294f","band":1,"off":[-6.8,1.1]}},{"type":"Feature","geometry":{"type":"Point","coordinates":[21.795043,38.296477]},"properties":{"line":"602","mode":"bus","color":"#0059a9","colorDark":"#00294f","band":1,"off":[-3.4,1.1]}},{"type":"Feature","geometry":{"type":"Point","coordinates":[21.795043,38.296477]},"properties":{"line":"609","mode":"bus","color":"#0059a9","colorDark":"#00294f","band":1,"off":[0,1.1]}},{"type":"Feature","geometry":{"type":"Point","coordinates":[21.795043,38.296477]},"properties":{"line":"610","mode":"bus","color":"#0059a9","colorDark":"#00294f","band":1,"off":[3.4,1.1]}},{"type":"Feature","geometry":{"type":"Point","coordinates":[21.795043,38.296477]},"properties":{"line":"901","mode":"bus","color":"#0059a9","colorDark":"#00294f","band":1,"off":[6.8,1.1]}},{"type":"Feature","geometry":{"type":"Point","coordinates":[21.795043,38.296477]},"properties":{"line":"902","mode":"bus","color":"#0059a9","colorDark":"#00294f","band":1,"off":[0,3.1]}},{"type":"Feature","geometry":{"type":"Point","coordinates":[21.727599,38.23678]},"properties":{"name":"Αρχιεπισκόπου Κυρίλλου Τέρμα","band":1,"modes":"bus","arr":["602","610"],"off":[0,-0.8]}},{"type":"Feature","geometry":{"type":"Point","coordinates":[21.727599,38.23678]},"properties":{"name":"Αρχιεπισκόπου Κυρίλλου","band":1,"modes":"bus","arr":["602","610"],"off":[0,-3]}},{"type":"Feature","geometry":{"type":"Point","coordinates":[21.727599,38.23678]},"properties":{"line":"602","mode":"bus","color":"#0059a9","colorDark":"#00294f","band":1,"off":[-1.7,1.1]}},{"type":"Feature","geometry":{"type":"Point","coordinates":[21.727599,38.23678]},"properties":{"line":"610","mode":"bus","color":"#0059a9","colorDark":"#00294f","band":1,"off":[1.7,1.1]}},{"type":"Feature","geometry":{"type":"Point","coordinates":[21.787823,38.257853]},"properties":{"name":"Μάρκου Μπότσαρη","band":1,"modes":"bus","arr":["607","609"],"off":[0,-0.8]}},{"type":"Feature","geometry":{"type":"Point","coordinates":[21.787823,38.257853]},"properties":{"line":"607","mode":"bus","color":"#0059a9","colorDark":"#00294f","band":1,"off":[-1.7,1.1]}},{"type":"Feature","geometry":{"type":"Point","coordinates":[21.787823,38.257853]},"properties":{"line":"609","mode":"bus","color":"#0059a9","colorDark":"#00294f","band":1,"off":[1.7,1.1]}},{"type":"Feature","geometry":{"type":"Point","coordinates":[21.835332,38.271459]},"properties":{"name":"Καστρίτσι - Τέρμα","band":1,"modes":"bus","arr":["608","609"],"off":[0,-0.8]}},{"type":"Feature","geometry":{"type":"Point","coordinates":[21.835332,38.271459]},"properties":{"line":"608","mode":"bus","color":"#0059a9","colorDark":"#00294f","band":1,"off":[-1.7,1.1]}},{"type":"Feature","geometry":{"type":"Point","coordinates":[21.835332,38.271459]},"properties":{"line":"609","mode":"bus","color":"#0059a9","colorDark":"#00294f","band":1,"off":[1.7,1.1]}},{"type":"Feature","geometry":{"type":"Point","coordinates":[21.762639,38.210483]},"properties":{"name":"Πάρκινγκ Περιβόλα","band":1,"modes":"bus","arr":["701","702"],"off":[0,-0.8]}},{"type":"Feature","geometry":{"type":"Point","coordinates":[21.762639,38.210483]},"properties":{"name":"Αφετηρία Πάρκινγκ Περιβόλα","band":1,"modes":"bus","arr":["701","702"],"off":[0,-1.9]}},{"type":"Feature","geometry":{"type":"Point","coordinates":[21.762639,38.210483]},"properties":{"line":"701","mode":"bus","color":"#0059a9","colorDark":"#00294f","band":1,"off":[-1.7,1.1]}},{"type":"Feature","geometry":{"type":"Point","coordinates":[21.762639,38.210483]},"properties":{"line":"702","mode":"bus","color":"#0059a9","colorDark":"#00294f","band":1,"off":[1.7,1.1]}},{"type":"Feature","geometry":{"type":"Point","coordinates":[21.762162,38.208484]},"properties":{"name":"Κόμβος CARREFOUR","band":1,"modes":"bus","arr":["702"],"off":[0,-0.8]}},{"type":"Feature","geometry":{"type":"Point","coordinates":[21.762162,38.208484]},"properties":{"line":"702","mode":"bus","color":"#0059a9","colorDark":"#00294f","band":1,"off":[0,1.1]}},{"type":"Feature","geometry":{"type":"Point","coordinates":[21.731958,38.19352]},"properties":{"name":"Κεφαλόβρυσου","band":1,"modes":"bus","arr":["804"],"off":[0,-0.8]}},{"type":"Feature","geometry":{"type":"Point","coordinates":[21.731958,38.19352]},"properties":{"line":"804","mode":"bus","color":"#0059a9","colorDark":"#00294f","band":1,"off":[0,1.1]}},{"type":"Feature","geometry":{"type":"Point","coordinates":[21.71261,38.19325]},"properties":{"name":"Εργατικές Κατοικίες 3","band":1,"modes":"bus","arr":["801","804"],"off":[0,-0.8]}},{"type":"Feature","geometry":{"type":"Point","coordinates":[21.71261,38.19325]},"properties":{"name":"Εργατικές Κατοικίες 1","band":1,"modes":"bus","arr":["801","804"],"off":[0,-3]}},{"type":"Feature","geometry":{"type":"Point","coordinates":[21.71261,38.19325]},"properties":{"line":"801","mode":"bus","color":"#0059a9","colorDark":"#00294f","band":1,"off":[-1.7,1.1]}},{"type":"Feature","geometry":{"type":"Point","coordinates":[21.71261,38.19325]},"properties":{"line":"804","mode":"bus","color":"#0059a9","colorDark":"#00294f","band":1,"off":[1.7,1.1]}},{"type":"Feature","geometry":{"type":"Point","coordinates":[21.73221,38.161697]},"properties":{"name":"Καλλιθέα - Τέρμα","band":1,"modes":"bus","arr":["803","804"],"off":[0,-0.8]}},{"type":"Feature","geometry":{"type":"Point","coordinates":[21.73221,38.161697]},"properties":{"line":"803","mode":"bus","color":"#0059a9","colorDark":"#00294f","band":1,"off":[-1.7,1.1]}},{"type":"Feature","geometry":{"type":"Point","coordinates":[21.73221,38.161697]},"properties":{"line":"804","mode":"bus","color":"#0059a9","colorDark":"#00294f","band":1,"off":[1.7,1.1]}},{"type":"Feature","geometry":{"type":"Point","coordinates":[21.753532,38.280531]},"properties":{"name":"Τέρμα_ΠΛΑΖ","band":2,"modes":"bus","arr":["101","102","103","104","303"],"off":[0,-0.8]}},{"type":"Feature","geometry":{"type":"Point","coordinates":[21.753532,38.280531]},"properties":{"name":"Πλάζ 4","band":2,"modes":"bus","arr":["101","102","103","104","303"],"off":[0,-1.9]}},{"type":"Feature","geometry":{"type":"Point","coordinates":[21.753532,38.280531]},"properties":{"line":"101","mode":"bus","color":"#0059a9","colorDark":"#00294f","band":2,"off":[-6.8,1.1]}},{"type":"Feature","geometry":{"type":"Point","coordinates":[21.753532,38.280531]},"properties":{"line":"102","mode":"bus","color":"#0059a9","colorDark":"#00294f","band":2,"off":[-3.4,1.1]}},{"type":"Feature","geometry":{"type":"Point","coordinates":[21.753532,38.280531]},"properties":{"line":"103","mode":"bus","color":"#0059a9","colorDark":"#00294f","band":2,"off":[0,1.1]}},{"type":"Feature","geometry":{"type":"Point","coordinates":[21.753532,38.280531]},"properties":{"line":"104","mode":"bus","color":"#0059a9","colorDark":"#00294f","band":2,"off":[3.4,1.1]}},{"type":"Feature","geometry":{"type":"Point","coordinates":[21.753532,38.280531]},"properties":{"line":"303","mode":"bus","color":"#0059a9","colorDark":"#00294f","band":2,"off":[6.8,1.1]}},{"type":"Feature","geometry":{"type":"Point","coordinates":[21.738443,38.253383]},"properties":{"name":"Νόρμαν","band":2,"modes":"bus","arr":["502","503","606","609","804","902"],"off":[0,-0.8]}},{"type":"Feature","geometry":{"type":"Point","coordinates":[21.738443,38.253383]},"properties":{"name":"Αφετηρία Οθ. Αμαλίας & Καρολου","band":2,"modes":"bus","arr":["502","503","606","609","804","902"],"off":[0,-1.9]}},{"type":"Feature","geometry":{"type":"Point","coordinates":[21.738443,38.253383]},"properties":{"name":"Αγ. Διονύσιος - Επίκεντρο","band":2,"modes":"bus","arr":["502","503","606","609","804","902"],"off":[0,-4.1]}},{"type":"Feature","geometry":{"type":"Point","coordinates":[21.738443,38.253383]},"properties":{"line":"502","mode":"bus","color":"#0059a9","colorDark":"#00294f","band":2,"off":[-6.8,1.1]}},{"type":"Feature","geometry":{"type":"Point","coordinates":[21.738443,38.253383]},"properties":{"line":"503","mode":"bus","color":"#0059a9","colorDark":"#00294f","band":2,"off":[-3.4,1.1]}},{"type":"Feature","geometry":{"type":"Point","coordinates":[21.738443,38.253383]},"properties":{"line":"606","mode":"bus","color":"#0059a9","colorDark":"#00294f","band":2,"off":[0,1.1]}},{"type":"Feature","geometry":{"type":"Point","coordinates":[21.738443,38.253383]},"properties":{"line":"609","mode":"bus","color":"#0059a9","colorDark":"#00294f","band":2,"off":[3.4,1.1]}},{"type":"Feature","geometry":{"type":"Point","coordinates":[21.738443,38.253383]},"properties":{"line":"804","mode":"bus","color":"#0059a9","colorDark":"#00294f","band":2,"off":[6.8,1.1]}},{"type":"Feature","geometry":{"type":"Point","coordinates":[21.738443,38.253383]},"properties":{"line":"902","mode":"bus","color":"#0059a9","colorDark":"#00294f","band":2,"off":[0,3.1]}},{"type":"Feature","geometry":{"type":"Point","coordinates":[21.766064,38.225946]},"properties":{"name":"Νεκροταφείο","band":2,"modes":"bus","arr":["101","104"],"off":[0,-0.8]}},{"type":"Feature","geometry":{"type":"Point","coordinates":[21.766064,38.225946]},"properties":{"line":"101","mode":"bus","color":"#0059a9","colorDark":"#00294f","band":2,"off":[-1.7,1.1]}},{"type":"Feature","geometry":{"type":"Point","coordinates":[21.766064,38.225946]},"properties":{"line":"104","mode":"bus","color":"#0059a9","colorDark":"#00294f","band":2,"off":[1.7,1.1]}},{"type":"Feature","geometry":{"type":"Point","coordinates":[21.763555,38.238972]},"properties":{"name":"Τέρμα Διάκου","band":2,"modes":"bus","arr":["102","104"],"off":[0,-0.8]}},{"type":"Feature","geometry":{"type":"Point","coordinates":[21.763555,38.238972]},"properties":{"line":"102","mode":"bus","color":"#0059a9","colorDark":"#00294f","band":2,"off":[-1.7,1.1]}},{"type":"Feature","geometry":{"type":"Point","coordinates":[21.763555,38.238972]},"properties":{"line":"104","mode":"bus","color":"#0059a9","colorDark":"#00294f","band":2,"off":[1.7,1.1]}},{"type":"Feature","geometry":{"type":"Point","coordinates":[21.801417,38.215973]},"properties":{"name":"Ελεκιστρα","band":2,"modes":"bus","arr":["103","104"],"off":[0,-0.8]}},{"type":"Feature","geometry":{"type":"Point","coordinates":[21.801417,38.215973]},"properties":{"line":"103","mode":"bus","color":"#0059a9","colorDark":"#00294f","band":2,"off":[-1.7,1.1]}},{"type":"Feature","geometry":{"type":"Point","coordinates":[21.801417,38.215973]},"properties":{"line":"104","mode":"bus","color":"#0059a9","colorDark":"#00294f","band":2,"off":[1.7,1.1]}},{"type":"Feature","geometry":{"type":"Point","coordinates":[21.737221,38.250994]},"properties":{"name":"Υπεραστικό ΚΤΕΛ Αχαΐας","band":2,"modes":"bus","arr":["118","901"],"off":[0,-0.8]}},{"type":"Feature","geometry":{"type":"Point","coordinates":[21.737221,38.250994]},"properties":{"name":"Σταθμός Υπεραστικών","band":2,"modes":"bus","arr":["118","901"],"off":[0,-3]}},{"type":"Feature","geometry":{"type":"Point","coordinates":[21.737221,38.250994]},"properties":{"line":"118","mode":"bus","color":"#0059a9","colorDark":"#00294f","band":2,"off":[-1.7,1.1]}},{"type":"Feature","geometry":{"type":"Point","coordinates":[21.737221,38.250994]},"properties":{"line":"901","mode":"bus","color":"#0059a9","colorDark":"#00294f","band":2,"off":[1.7,1.1]}},{"type":"Feature","geometry":{"type":"Point","coordinates":[21.739152,38.26746]},"properties":{"name":"Αφετηρία Πάρκινγκ Τερψιθέα","band":2,"modes":"bus","arr":["111"],"off":[0,-0.8]}},{"type":"Feature","geometry":{"type":"Point","coordinates":[21.739152,38.26746]},"properties":{"name":"PARKING 11","band":2,"modes":"bus","arr":["111"],"off":[0,-3]}},{"type":"Feature","geometry":{"type":"Point","coordinates":[21.739152,38.26746]},"properties":{"line":"111","mode":"bus","color":"#0059a9","colorDark":"#00294f","band":2,"off":[0,1.1]}},{"type":"Feature","geometry":{"type":"Point","coordinates":[21.735347,38.249732]},"properties":{"name":"ΟΣΕ","band":2,"modes":"bus","arr":["501","502","606","607","608","801","803"],"off":[0,-0.8]}},{"type":"Feature","geometry":{"type":"Point","coordinates":[21.735347,38.249732]},"properties":{"line":"501","mode":"bus","color":"#0059a9","colorDark":"#00294f","band":2,"off":[-6.8,1.1]}},{"type":"Feature","geometry":{"type":"Point","coordinates":[21.735347,38.249732]},"properties":{"line":"502","mode":"bus","color":"#0059a9","colorDark":"#00294f","band":2,"off":[-3.4,1.1]}},{"type":"Feature","geometry":{"type":"Point","coordinates":[21.735347,38.249732]},"properties":{"line":"606","mode":"bus","color":"#0059a9","colorDark":"#00294f","band":2,"off":[0,1.1]}},{"type":"Feature","geometry":{"type":"Point","coordinates":[21.735347,38.249732]},"properties":{"line":"607","mode":"bus","color":"#0059a9","colorDark":"#00294f","band":2,"off":[3.4,1.1]}},{"type":"Feature","geometry":{"type":"Point","coordinates":[21.735347,38.249732]},"properties":{"line":"608","mode":"bus","color":"#0059a9","colorDark":"#00294f","band":2,"off":[6.8,1.1]}},{"type":"Feature","geometry":{"type":"Point","coordinates":[21.735347,38.249732]},"properties":{"line":"801","mode":"bus","color":"#0059a9","colorDark":"#00294f","band":2,"off":[-1.7,3.1]}},{"type":"Feature","geometry":{"type":"Point","coordinates":[21.735347,38.249732]},"properties":{"line":"803","mode":"bus","color":"#0059a9","colorDark":"#00294f","band":2,"off":[1.7,3.1]}},{"type":"Feature","geometry":{"type":"Point","coordinates":[21.721259,38.223925]},"properties":{"name":"Αβεξ","band":2,"modes":"bus","arr":["118"],"off":[0,-0.8]}},{"type":"Feature","geometry":{"type":"Point","coordinates":[21.721259,38.223925]},"properties":{"line":"118","mode":"bus","color":"#0059a9","colorDark":"#00294f","band":2,"off":[0,1.1]}},{"type":"Feature","geometry":{"type":"Point","coordinates":[21.761482,38.2648]},"properties":{"name":"Τέρμα Αρέθα","band":2,"modes":"bus","arr":["201","202"],"off":[0,-0.8]}},{"type":"Feature","geometry":{"type":"Point","coordinates":[21.761482,38.2648]},"properties":{"line":"201","mode":"bus","color":"#0059a9","colorDark":"#00294f","band":2,"off":[-1.7,1.1]}},{"type":"Feature","geometry":{"type":"Point","coordinates":[21.761482,38.2648]},"properties":{"line":"202","mode":"bus","color":"#0059a9","colorDark":"#00294f","band":2,"off":[1.7,1.1]}},{"type":"Feature","geometry":{"type":"Point","coordinates":[21.745419,38.219056]},"properties":{"name":"Αφετηρία Ταραμπούρα (ΤΕΙ)","band":2,"modes":"bus","arr":["201","202","503"],"off":[0,-0.8]}},{"type":"Feature","geometry":{"type":"Point","coordinates":[21.745419,38.219056]},"properties":{"line":"201","mode":"bus","color":"#0059a9","colorDark":"#00294f","band":2,"off":[-3.4,1.1]}},{"type":"Feature","geometry":{"type":"Point","coordinates":[21.745419,38.219056]},"properties":{"line":"202","mode":"bus","color":"#0059a9","colorDark":"#00294f","band":2,"off":[0,1.1]}},{"type":"Feature","geometry":{"type":"Point","coordinates":[21.745419,38.219056]},"properties":{"line":"503","mode":"bus","color":"#0059a9","colorDark":"#00294f","band":2,"off":[3.4,1.1]}},{"type":"Feature","geometry":{"type":"Point","coordinates":[21.736947,38.218512]},"properties":{"name":"Αφετηρία Ζαρουχλέικα","band":2,"modes":"bus","arr":["301","302","303"],"off":[0,-0.8]}},{"type":"Feature","geometry":{"type":"Point","coordinates":[21.736947,38.218512]},"properties":{"line":"301","mode":"bus","color":"#0059a9","colorDark":"#00294f","band":2,"off":[-3.4,1.1]}},{"type":"Feature","geometry":{"type":"Point","coordinates":[21.736947,38.218512]},"properties":{"line":"302","mode":"bus","color":"#0059a9","colorDark":"#00294f","band":2,"off":[0,1.1]}},{"type":"Feature","geometry":{"type":"Point","coordinates":[21.736947,38.218512]},"properties":{"line":"303","mode":"bus","color":"#0059a9","colorDark":"#00294f","band":2,"off":[3.4,1.1]}},{"type":"Feature","geometry":{"type":"Point","coordinates":[21.668425,38.166262]},"properties":{"name":"Ι.Ν. Ευαγγελίστριας","band":2,"modes":"bus","arr":["202","503"],"off":[0,-0.8]}},{"type":"Feature","geometry":{"type":"Point","coordinates":[21.668425,38.166262]},"properties":{"name":"Εκκλησία Ευαγγελιστρια","band":2,"modes":"bus","arr":["202","503"],"off":[0,-3]}},{"type":"Feature","geometry":{"type":"Point","coordinates":[21.668425,38.166262]},"properties":{"line":"202","mode":"bus","color":"#0059a9","colorDark":"#00294f","band":2,"off":[-1.7,1.1]}},{"type":"Feature","geometry":{"type":"Point","coordinates":[21.668425,38.166262]},"properties":{"line":"503","mode":"bus","color":"#0059a9","colorDark":"#00294f","band":2,"off":[1.7,1.1]}},{"type":"Feature","geometry":{"type":"Point","coordinates":[21.749398,38.264506]},"properties":{"name":"Τυρταίου","band":2,"modes":"bus","arr":["301","302","303"],"off":[0,-0.8]}},{"type":"Feature","geometry":{"type":"Point","coordinates":[21.749398,38.264506]},"properties":{"name":"Τέρμα - Θερμοπυλών","band":2,"modes":"bus","arr":["301","302","303"],"off":[0,-1.9]}},{"type":"Feature","geometry":{"type":"Point","coordinates":[21.749398,38.264506]},"properties":{"line":"301","mode":"bus","color":"#0059a9","colorDark":"#00294f","band":2,"off":[-3.4,1.1]}},{"type":"Feature","geometry":{"type":"Point","coordinates":[21.749398,38.264506]},"properties":{"line":"302","mode":"bus","color":"#0059a9","colorDark":"#00294f","band":2,"off":[0,1.1]}},{"type":"Feature","geometry":{"type":"Point","coordinates":[21.749398,38.264506]},"properties":{"line":"303","mode":"bus","color":"#0059a9","colorDark":"#00294f","band":2,"off":[3.4,1.1]}},{"type":"Feature","geometry":{"type":"Point","coordinates":[21.737089,38.246862]},"properties":{"name":"Κολοκοτρώνη - Αφετηρία 4","band":2,"modes":"bus","arr":["401","402","601","609","701","702"],"off":[0,-0.8]}},{"type":"Feature","geometry":{"type":"Point","coordinates":[21.737089,38.246862]},"properties":{"name":"Ερμού-Κανακάρη","band":2,"modes":"bus","arr":["401","402","601","609","701","702"],"off":[0,-3]}},{"type":"Feature","geometry":{"type":"Point","coordinates":[21.737089,38.246862]},"properties":{"name":"Ερμού","band":2,"modes":"bus","arr":["401","402","601","609","701","702"],"off":[0,-4.1]}},{"type":"Feature","geometry":{"type":"Point","coordinates":[21.737089,38.246862]},"properties":{"line":"401","mode":"bus","color":"#0059a9","colorDark":"#00294f","band":2,"off":[-6.8,1.1]}},{"type":"Feature","geometry":{"type":"Point","coordinates":[21.737089,38.246862]},"properties":{"line":"402","mode":"bus","color":"#0059a9","colorDark":"#00294f","band":2,"off":[-3.4,1.1]}},{"type":"Feature","geometry":{"type":"Point","coordinates":[21.737089,38.246862]},"properties":{"line":"601","mode":"bus","color":"#0059a9","colorDark":"#00294f","band":2,"off":[0,1.1]}},{"type":"Feature","geometry":{"type":"Point","coordinates":[21.737089,38.246862]},"properties":{"line":"609","mode":"bus","color":"#0059a9","colorDark":"#00294f","band":2,"off":[3.4,1.1]}},{"type":"Feature","geometry":{"type":"Point","coordinates":[21.737089,38.246862]},"properties":{"line":"701","mode":"bus","color":"#0059a9","colorDark":"#00294f","band":2,"off":[6.8,1.1]}},{"type":"Feature","geometry":{"type":"Point","coordinates":[21.737089,38.246862]},"properties":{"line":"702","mode":"bus","color":"#0059a9","colorDark":"#00294f","band":2,"off":[0,3.1]}},{"type":"Feature","geometry":{"type":"Point","coordinates":[21.761832,38.240081]},"properties":{"name":"Τέρμα Αρόης","band":2,"modes":"bus","arr":["401","402"],"off":[0,-0.8]}},{"type":"Feature","geometry":{"type":"Point","coordinates":[21.761832,38.240081]},"properties":{"line":"401","mode":"bus","color":"#0059a9","colorDark":"#00294f","band":2,"off":[-1.7,1.1]}},{"type":"Feature","geometry":{"type":"Point","coordinates":[21.761832,38.240081]},"properties":{"line":"402","mode":"bus","color":"#0059a9","colorDark":"#00294f","band":2,"off":[1.7,1.1]}},{"type":"Feature","geometry":{"type":"Point","coordinates":[21.631418,38.154053]},"properties":{"name":"Τέρμα","band":2,"modes":"bus","arr":["501","503"],"off":[0,-0.8]}},{"type":"Feature","geometry":{"type":"Point","coordinates":[21.631418,38.154053]},"properties":{"line":"501","mode":"bus","color":"#0059a9","colorDark":"#00294f","band":2,"off":[-1.7,1.1]}},{"type":"Feature","geometry":{"type":"Point","coordinates":[21.631418,38.154053]},"properties":{"line":"503","mode":"bus","color":"#0059a9","colorDark":"#00294f","band":2,"off":[1.7,1.1]}},{"type":"Feature","geometry":{"type":"Point","coordinates":[21.795043,38.296477]},"properties":{"name":"Τέρμα Νοσοκομείο","band":2,"modes":"bus","arr":["601","602","609","610","901","902"],"off":[0,-0.8]}},{"type":"Feature","geometry":{"type":"Point","coordinates":[21.795043,38.296477]},"properties":{"name":"Πανεπιστημιακό Νοσοκομείο Πατρών","band":2,"modes":"bus","arr":["601","602","609","610","901","902"],"off":[0,-1.9]}},{"type":"Feature","geometry":{"type":"Point","coordinates":[21.795043,38.296477]},"properties":{"line":"601","mode":"bus","color":"#0059a9","colorDark":"#00294f","band":2,"off":[-6.8,1.1]}},{"type":"Feature","geometry":{"type":"Point","coordinates":[21.795043,38.296477]},"properties":{"line":"602","mode":"bus","color":"#0059a9","colorDark":"#00294f","band":2,"off":[-3.4,1.1]}},{"type":"Feature","geometry":{"type":"Point","coordinates":[21.795043,38.296477]},"properties":{"line":"609","mode":"bus","color":"#0059a9","colorDark":"#00294f","band":2,"off":[0,1.1]}},{"type":"Feature","geometry":{"type":"Point","coordinates":[21.795043,38.296477]},"properties":{"line":"610","mode":"bus","color":"#0059a9","colorDark":"#00294f","band":2,"off":[3.4,1.1]}},{"type":"Feature","geometry":{"type":"Point","coordinates":[21.795043,38.296477]},"properties":{"line":"901","mode":"bus","color":"#0059a9","colorDark":"#00294f","band":2,"off":[6.8,1.1]}},{"type":"Feature","geometry":{"type":"Point","coordinates":[21.795043,38.296477]},"properties":{"line":"902","mode":"bus","color":"#0059a9","colorDark":"#00294f","band":2,"off":[0,3.1]}},{"type":"Feature","geometry":{"type":"Point","coordinates":[21.727599,38.23678]},"properties":{"name":"Αρχιεπισκόπου Κυρίλλου Τέρμα","band":2,"modes":"bus","arr":["602","610"],"off":[0,-0.8]}},{"type":"Feature","geometry":{"type":"Point","coordinates":[21.727599,38.23678]},"properties":{"name":"Αρχιεπισκόπου Κυρίλλου","band":2,"modes":"bus","arr":["602","610"],"off":[0,-3]}},{"type":"Feature","geometry":{"type":"Point","coordinates":[21.727599,38.23678]},"properties":{"line":"602","mode":"bus","color":"#0059a9","colorDark":"#00294f","band":2,"off":[-1.7,1.1]}},{"type":"Feature","geometry":{"type":"Point","coordinates":[21.727599,38.23678]},"properties":{"line":"610","mode":"bus","color":"#0059a9","colorDark":"#00294f","band":2,"off":[1.7,1.1]}},{"type":"Feature","geometry":{"type":"Point","coordinates":[21.787823,38.257853]},"properties":{"name":"Μάρκου Μπότσαρη","band":2,"modes":"bus","arr":["607","609"],"off":[0,-0.8]}},{"type":"Feature","geometry":{"type":"Point","coordinates":[21.787823,38.257853]},"properties":{"line":"607","mode":"bus","color":"#0059a9","colorDark":"#00294f","band":2,"off":[-1.7,1.1]}},{"type":"Feature","geometry":{"type":"Point","coordinates":[21.787823,38.257853]},"properties":{"line":"609","mode":"bus","color":"#0059a9","colorDark":"#00294f","band":2,"off":[1.7,1.1]}},{"type":"Feature","geometry":{"type":"Point","coordinates":[21.835332,38.271459]},"properties":{"name":"Καστρίτσι - Τέρμα","band":2,"modes":"bus","arr":["608","609"],"off":[0,-0.8]}},{"type":"Feature","geometry":{"type":"Point","coordinates":[21.835332,38.271459]},"properties":{"line":"608","mode":"bus","color":"#0059a9","colorDark":"#00294f","band":2,"off":[-1.7,1.1]}},{"type":"Feature","geometry":{"type":"Point","coordinates":[21.835332,38.271459]},"properties":{"line":"609","mode":"bus","color":"#0059a9","colorDark":"#00294f","band":2,"off":[1.7,1.1]}},{"type":"Feature","geometry":{"type":"Point","coordinates":[21.762639,38.210483]},"properties":{"name":"Πάρκινγκ Περιβόλα","band":2,"modes":"bus","arr":["701","702"],"off":[0,-0.8]}},{"type":"Feature","geometry":{"type":"Point","coordinates":[21.762639,38.210483]},"properties":{"name":"Αφετηρία Πάρκινγκ Περιβόλα","band":2,"modes":"bus","arr":["701","702"],"off":[0,-1.9]}},{"type":"Feature","geometry":{"type":"Point","coordinates":[21.762639,38.210483]},"properties":{"line":"701","mode":"bus","color":"#0059a9","colorDark":"#00294f","band":2,"off":[-1.7,1.1]}},{"type":"Feature","geometry":{"type":"Point","coordinates":[21.762639,38.210483]},"properties":{"line":"702","mode":"bus","color":"#0059a9","colorDark":"#00294f","band":2,"off":[1.7,1.1]}},{"type":"Feature","geometry":{"type":"Point","coordinates":[21.762162,38.208484]},"properties":{"name":"Κόμβος CARREFOUR","band":2,"modes":"bus","arr":["702"],"off":[0,-0.8]}},{"type":"Feature","geometry":{"type":"Point","coordinates":[21.762162,38.208484]},"properties":{"line":"702","mode":"bus","color":"#0059a9","colorDark":"#00294f","band":2,"off":[0,1.1]}},{"type":"Feature","geometry":{"type":"Point","coordinates":[21.731958,38.19352]},"properties":{"name":"Κεφαλόβρυσου","band":2,"modes":"bus","arr":["804"],"off":[0,-0.8]}},{"type":"Feature","geometry":{"type":"Point","coordinates":[21.731958,38.19352]},"properties":{"line":"804","mode":"bus","color":"#0059a9","colorDark":"#00294f","band":2,"off":[0,1.1]}},{"type":"Feature","geometry":{"type":"Point","coordinates":[21.71261,38.19325]},"properties":{"name":"Εργατικές Κατοικίες 3","band":2,"modes":"bus","arr":["801","804"],"off":[0,-0.8]}},{"type":"Feature","geometry":{"type":"Point","coordinates":[21.71261,38.19325]},"properties":{"name":"Εργατικές Κατοικίες 1","band":2,"modes":"bus","arr":["801","804"],"off":[0,-3]}},{"type":"Feature","geometry":{"type":"Point","coordinates":[21.71261,38.19325]},"properties":{"line":"801","mode":"bus","color":"#0059a9","colorDark":"#00294f","band":2,"off":[-1.7,1.1]}},{"type":"Feature","geometry":{"type":"Point","coordinates":[21.71261,38.19325]},"properties":{"line":"804","mode":"bus","color":"#0059a9","colorDark":"#00294f","band":2,"off":[1.7,1.1]}},{"type":"Feature","geometry":{"type":"Point","coordinates":[21.73221,38.161697]},"properties":{"name":"Καλλιθέα - Τέρμα","band":2,"modes":"bus","arr":["803","804"],"off":[0,-0.8]}},{"type":"Feature","geometry":{"type":"Point","coordinates":[21.73221,38.161697]},"properties":{"line":"803","mode":"bus","color":"#0059a9","colorDark":"#00294f","band":2,"off":[-1.7,1.1]}},{"type":"Feature","geometry":{"type":"Point","coordinates":[21.73221,38.161697]},"properties":{"line":"804","mode":"bus","color":"#0059a9","colorDark":"#00294f","band":2,"off":[1.7,1.1]}},{"type":"Feature","geometry":{"type":"Point","coordinates":[21.753532,38.280531]},"properties":{"name":"Τέρμα_ΠΛΑΖ","band":3,"modes":"bus","arr":["101","102","103","104","303"],"off":[0,-0.8]}},{"type":"Feature","geometry":{"type":"Point","coordinates":[21.753532,38.280531]},"properties":{"name":"Πλάζ 4","band":3,"modes":"bus","arr":["101","102","103","104","303"],"off":[0,-1.9]}},{"type":"Feature","geometry":{"type":"Point","coordinates":[21.753532,38.280531]},"properties":{"line":"101","mode":"bus","color":"#0059a9","colorDark":"#00294f","band":3,"off":[-6.8,1.1]}},{"type":"Feature","geometry":{"type":"Point","coordinates":[21.753532,38.280531]},"properties":{"line":"102","mode":"bus","color":"#0059a9","colorDark":"#00294f","band":3,"off":[-3.4,1.1]}},{"type":"Feature","geometry":{"type":"Point","coordinates":[21.753532,38.280531]},"properties":{"line":"103","mode":"bus","color":"#0059a9","colorDark":"#00294f","band":3,"off":[0,1.1]}},{"type":"Feature","geometry":{"type":"Point","coordinates":[21.753532,38.280531]},"properties":{"line":"104","mode":"bus","color":"#0059a9","colorDark":"#00294f","band":3,"off":[3.4,1.1]}},{"type":"Feature","geometry":{"type":"Point","coordinates":[21.753532,38.280531]},"properties":{"line":"303","mode":"bus","color":"#0059a9","colorDark":"#00294f","band":3,"off":[6.8,1.1]}},{"type":"Feature","geometry":{"type":"Point","coordinates":[21.740208,38.253481]},"properties":{"name":"Νόρμαν","band":3,"modes":"bus","arr":["606"],"off":[0,-0.8]}},{"type":"Feature","geometry":{"type":"Point","coordinates":[21.740208,38.253481]},"properties":{"line":"606","mode":"bus","color":"#0059a9","colorDark":"#00294f","band":3,"off":[0,1.1]}},{"type":"Feature","geometry":{"type":"Point","coordinates":[21.766064,38.225946]},"properties":{"name":"Νεκροταφείο","band":3,"modes":"bus","arr":["101","104"],"off":[0,-0.8]}},{"type":"Feature","geometry":{"type":"Point","coordinates":[21.766064,38.225946]},"properties":{"line":"101","mode":"bus","color":"#0059a9","colorDark":"#00294f","band":3,"off":[-1.7,1.1]}},{"type":"Feature","geometry":{"type":"Point","coordinates":[21.766064,38.225946]},"properties":{"line":"104","mode":"bus","color":"#0059a9","colorDark":"#00294f","band":3,"off":[1.7,1.1]}},{"type":"Feature","geometry":{"type":"Point","coordinates":[21.763555,38.238972]},"properties":{"name":"Τέρμα Διάκου","band":3,"modes":"bus","arr":["102","104"],"off":[0,-0.8]}},{"type":"Feature","geometry":{"type":"Point","coordinates":[21.763555,38.238972]},"properties":{"line":"102","mode":"bus","color":"#0059a9","colorDark":"#00294f","band":3,"off":[-1.7,1.1]}},{"type":"Feature","geometry":{"type":"Point","coordinates":[21.763555,38.238972]},"properties":{"line":"104","mode":"bus","color":"#0059a9","colorDark":"#00294f","band":3,"off":[1.7,1.1]}},{"type":"Feature","geometry":{"type":"Point","coordinates":[21.801417,38.215973]},"properties":{"name":"Ελεκιστρα","band":3,"modes":"bus","arr":["103","104"],"off":[0,-0.8]}},{"type":"Feature","geometry":{"type":"Point","coordinates":[21.801417,38.215973]},"properties":{"line":"103","mode":"bus","color":"#0059a9","colorDark":"#00294f","band":3,"off":[-1.7,1.1]}},{"type":"Feature","geometry":{"type":"Point","coordinates":[21.801417,38.215973]},"properties":{"line":"104","mode":"bus","color":"#0059a9","colorDark":"#00294f","band":3,"off":[1.7,1.1]}},{"type":"Feature","geometry":{"type":"Point","coordinates":[21.737221,38.251231]},"properties":{"name":"Υπεραστικό ΚΤΕΛ Αχαΐας","band":3,"modes":"bus","arr":["118","901"],"off":[0,-0.8]}},{"type":"Feature","geometry":{"type":"Point","coordinates":[21.737221,38.251231]},"properties":{"name":"Σταθμός Υπεραστικών","band":3,"modes":"bus","arr":["118","901"],"off":[0,-3]}},{"type":"Feature","geometry":{"type":"Point","coordinates":[21.737221,38.251231]},"properties":{"line":"118","mode":"bus","color":"#0059a9","colorDark":"#00294f","band":3,"off":[-1.7,1.1]}},{"type":"Feature","geometry":{"type":"Point","coordinates":[21.737221,38.251231]},"properties":{"line":"901","mode":"bus","color":"#0059a9","colorDark":"#00294f","band":3,"off":[1.7,1.1]}},{"type":"Feature","geometry":{"type":"Point","coordinates":[21.738932,38.267708]},"properties":{"name":"Αφετηρία Πάρκινγκ Τερψιθέα","band":3,"modes":"bus","arr":["111"],"off":[0,-0.8]}},{"type":"Feature","geometry":{"type":"Point","coordinates":[21.738932,38.267708]},"properties":{"line":"111","mode":"bus","color":"#0059a9","colorDark":"#00294f","band":3,"off":[0,1.1]}},{"type":"Feature","geometry":{"type":"Point","coordinates":[21.735347,38.249732]},"properties":{"name":"ΟΣΕ","band":3,"modes":"bus","arr":["501","502","606","607","608","801","803"],"off":[0,-0.8]}},{"type":"Feature","geometry":{"type":"Point","coordinates":[21.735347,38.249732]},"properties":{"line":"501","mode":"bus","color":"#0059a9","colorDark":"#00294f","band":3,"off":[-6.8,1.1]}},{"type":"Feature","geometry":{"type":"Point","coordinates":[21.735347,38.249732]},"properties":{"line":"502","mode":"bus","color":"#0059a9","colorDark":"#00294f","band":3,"off":[-3.4,1.1]}},{"type":"Feature","geometry":{"type":"Point","coordinates":[21.735347,38.249732]},"properties":{"line":"606","mode":"bus","color":"#0059a9","colorDark":"#00294f","band":3,"off":[0,1.1]}},{"type":"Feature","geometry":{"type":"Point","coordinates":[21.735347,38.249732]},"properties":{"line":"607","mode":"bus","color":"#0059a9","colorDark":"#00294f","band":3,"off":[3.4,1.1]}},{"type":"Feature","geometry":{"type":"Point","coordinates":[21.735347,38.249732]},"properties":{"line":"608","mode":"bus","color":"#0059a9","colorDark":"#00294f","band":3,"off":[6.8,1.1]}},{"type":"Feature","geometry":{"type":"Point","coordinates":[21.735347,38.249732]},"properties":{"line":"801","mode":"bus","color":"#0059a9","colorDark":"#00294f","band":3,"off":[-1.7,3.1]}},{"type":"Feature","geometry":{"type":"Point","coordinates":[21.735347,38.249732]},"properties":{"line":"803","mode":"bus","color":"#0059a9","colorDark":"#00294f","band":3,"off":[1.7,3.1]}},{"type":"Feature","geometry":{"type":"Point","coordinates":[21.738316,38.253193]},"properties":{"name":"Αγ. Διονύσιος - Επίκεντρο","band":3,"modes":"bus","arr":["502","503","804"],"off":[0,-0.8]}},{"type":"Feature","geometry":{"type":"Point","coordinates":[21.738316,38.253193]},"properties":{"line":"502","mode":"bus","color":"#0059a9","colorDark":"#00294f","band":3,"off":[-3.4,1.1]}},{"type":"Feature","geometry":{"type":"Point","coordinates":[21.738316,38.253193]},"properties":{"line":"503","mode":"bus","color":"#0059a9","colorDark":"#00294f","band":3,"off":[0,1.1]}},{"type":"Feature","geometry":{"type":"Point","coordinates":[21.738316,38.253193]},"properties":{"line":"804","mode":"bus","color":"#0059a9","colorDark":"#00294f","band":3,"off":[3.4,1.1]}},{"type":"Feature","geometry":{"type":"Point","coordinates":[21.739372,38.267211]},"properties":{"name":"PARKING 11","band":3,"modes":"bus","arr":["111"],"off":[0,-0.8]}},{"type":"Feature","geometry":{"type":"Point","coordinates":[21.739372,38.267211]},"properties":{"line":"111","mode":"bus","color":"#0059a9","colorDark":"#00294f","band":3,"off":[0,1.1]}},{"type":"Feature","geometry":{"type":"Point","coordinates":[21.721259,38.223925]},"properties":{"name":"Αβεξ","band":3,"modes":"bus","arr":["118"],"off":[0,-0.8]}},{"type":"Feature","geometry":{"type":"Point","coordinates":[21.721259,38.223925]},"properties":{"line":"118","mode":"bus","color":"#0059a9","colorDark":"#00294f","band":3,"off":[0,1.1]}},{"type":"Feature","geometry":{"type":"Point","coordinates":[21.761482,38.2648]},"properties":{"name":"Τέρμα Αρέθα","band":3,"modes":"bus","arr":["201","202"],"off":[0,-0.8]}},{"type":"Feature","geometry":{"type":"Point","coordinates":[21.761482,38.2648]},"properties":{"line":"201","mode":"bus","color":"#0059a9","colorDark":"#00294f","band":3,"off":[-1.7,1.1]}},{"type":"Feature","geometry":{"type":"Point","coordinates":[21.761482,38.2648]},"properties":{"line":"202","mode":"bus","color":"#0059a9","colorDark":"#00294f","band":3,"off":[1.7,1.1]}},{"type":"Feature","geometry":{"type":"Point","coordinates":[21.745419,38.219056]},"properties":{"name":"Αφετηρία Ταραμπούρα (ΤΕΙ)","band":3,"modes":"bus","arr":["201","202","503"],"off":[0,-0.8]}},{"type":"Feature","geometry":{"type":"Point","coordinates":[21.745419,38.219056]},"properties":{"line":"201","mode":"bus","color":"#0059a9","colorDark":"#00294f","band":3,"off":[-3.4,1.1]}},{"type":"Feature","geometry":{"type":"Point","coordinates":[21.745419,38.219056]},"properties":{"line":"202","mode":"bus","color":"#0059a9","colorDark":"#00294f","band":3,"off":[0,1.1]}},{"type":"Feature","geometry":{"type":"Point","coordinates":[21.745419,38.219056]},"properties":{"line":"503","mode":"bus","color":"#0059a9","colorDark":"#00294f","band":3,"off":[3.4,1.1]}},{"type":"Feature","geometry":{"type":"Point","coordinates":[21.736947,38.218512]},"properties":{"name":"Αφετηρία Ζαρουχλέικα","band":3,"modes":"bus","arr":["301","302","303"],"off":[0,-0.8]}},{"type":"Feature","geometry":{"type":"Point","coordinates":[21.736947,38.218512]},"properties":{"line":"301","mode":"bus","color":"#0059a9","colorDark":"#00294f","band":3,"off":[-3.4,1.1]}},{"type":"Feature","geometry":{"type":"Point","coordinates":[21.736947,38.218512]},"properties":{"line":"302","mode":"bus","color":"#0059a9","colorDark":"#00294f","band":3,"off":[0,1.1]}},{"type":"Feature","geometry":{"type":"Point","coordinates":[21.736947,38.218512]},"properties":{"line":"303","mode":"bus","color":"#0059a9","colorDark":"#00294f","band":3,"off":[3.4,1.1]}},{"type":"Feature","geometry":{"type":"Point","coordinates":[21.668425,38.166262]},"properties":{"name":"Ι.Ν. Ευαγγελίστριας","band":3,"modes":"bus","arr":["202","503"],"off":[0,-0.8]}},{"type":"Feature","geometry":{"type":"Point","coordinates":[21.668425,38.166262]},"properties":{"name":"Εκκλησία Ευαγγελιστρια","band":3,"modes":"bus","arr":["202","503"],"off":[0,-3]}},{"type":"Feature","geometry":{"type":"Point","coordinates":[21.668425,38.166262]},"properties":{"line":"202","mode":"bus","color":"#0059a9","colorDark":"#00294f","band":3,"off":[-1.7,1.1]}},{"type":"Feature","geometry":{"type":"Point","coordinates":[21.668425,38.166262]},"properties":{"line":"503","mode":"bus","color":"#0059a9","colorDark":"#00294f","band":3,"off":[1.7,1.1]}},{"type":"Feature","geometry":{"type":"Point","coordinates":[21.750116,38.264566]},"properties":{"name":"Τέρμα - Θερμοπυλών","band":3,"modes":"bus","arr":["301","302","303"],"off":[0,-0.8]}},{"type":"Feature","geometry":{"type":"Point","coordinates":[21.750116,38.264566]},"properties":{"line":"301","mode":"bus","color":"#0059a9","colorDark":"#00294f","band":3,"off":[-3.4,1.1]}},{"type":"Feature","geometry":{"type":"Point","coordinates":[21.750116,38.264566]},"properties":{"line":"302","mode":"bus","color":"#0059a9","colorDark":"#00294f","band":3,"off":[0,1.1]}},{"type":"Feature","geometry":{"type":"Point","coordinates":[21.750116,38.264566]},"properties":{"line":"303","mode":"bus","color":"#0059a9","colorDark":"#00294f","band":3,"off":[3.4,1.1]}},{"type":"Feature","geometry":{"type":"Point","coordinates":[21.748679,38.264447]},"properties":{"name":"Τυρταίου","band":3,"modes":"bus","arr":["303"],"off":[0,-0.8]}},{"type":"Feature","geometry":{"type":"Point","coordinates":[21.748679,38.264447]},"properties":{"line":"303","mode":"bus","color":"#0059a9","colorDark":"#00294f","band":3,"off":[0,1.1]}},{"type":"Feature","geometry":{"type":"Point","coordinates":[21.738851,38.247384]},"properties":{"name":"Κολοκοτρώνη - Αφετηρία 4","band":3,"modes":"bus","arr":["401","402"],"off":[0,-0.8]}},{"type":"Feature","geometry":{"type":"Point","coordinates":[21.738851,38.247384]},"properties":{"line":"401","mode":"bus","color":"#0059a9","colorDark":"#00294f","band":3,"off":[-1.7,1.1]}},{"type":"Feature","geometry":{"type":"Point","coordinates":[21.738851,38.247384]},"properties":{"line":"402","mode":"bus","color":"#0059a9","colorDark":"#00294f","band":3,"off":[1.7,1.1]}},{"type":"Feature","geometry":{"type":"Point","coordinates":[21.761832,38.240081]},"properties":{"name":"Τέρμα Αρόης","band":3,"modes":"bus","arr":["401","402"],"off":[0,-0.8]}},{"type":"Feature","geometry":{"type":"Point","coordinates":[21.761832,38.240081]},"properties":{"line":"401","mode":"bus","color":"#0059a9","colorDark":"#00294f","band":3,"off":[-1.7,1.1]}},{"type":"Feature","geometry":{"type":"Point","coordinates":[21.761832,38.240081]},"properties":{"line":"402","mode":"bus","color":"#0059a9","colorDark":"#00294f","band":3,"off":[1.7,1.1]}},{"type":"Feature","geometry":{"type":"Point","coordinates":[21.631418,38.154053]},"properties":{"name":"Τέρμα","band":3,"modes":"bus","arr":["501","503"],"off":[0,-0.8]}},{"type":"Feature","geometry":{"type":"Point","coordinates":[21.631418,38.154053]},"properties":{"line":"501","mode":"bus","color":"#0059a9","colorDark":"#00294f","band":3,"off":[-1.7,1.1]}},{"type":"Feature","geometry":{"type":"Point","coordinates":[21.631418,38.154053]},"properties":{"line":"503","mode":"bus","color":"#0059a9","colorDark":"#00294f","band":3,"off":[1.7,1.1]}},{"type":"Feature","geometry":{"type":"Point","coordinates":[21.736208,38.246601]},"properties":{"name":"Ερμού-Κανακάρη","band":3,"modes":"bus","arr":["601","609","701","702"],"off":[0,-0.8]}},{"type":"Feature","geometry":{"type":"Point","coordinates":[21.736208,38.246601]},"properties":{"name":"Ερμού","band":3,"modes":"bus","arr":["601","609","701","702"],"off":[0,-1.9]}},{"type":"Feature","geometry":{"type":"Point","coordinates":[21.736208,38.246601]},"properties":{"line":"601","mode":"bus","color":"#0059a9","colorDark":"#00294f","band":3,"off":[-5.1,1.1]}},{"type":"Feature","geometry":{"type":"Point","coordinates":[21.736208,38.246601]},"properties":{"line":"609","mode":"bus","color":"#0059a9","colorDark":"#00294f","band":3,"off":[-1.7,1.1]}},{"type":"Feature","geometry":{"type":"Point","coordinates":[21.736208,38.246601]},"properties":{"line":"701","mode":"bus","color":"#0059a9","colorDark":"#00294f","band":3,"off":[1.7,1.1]}},{"type":"Feature","geometry":{"type":"Point","coordinates":[21.736208,38.246601]},"properties":{"line":"702","mode":"bus","color":"#0059a9","colorDark":"#00294f","band":3,"off":[5.1,1.1]}},{"type":"Feature","geometry":{"type":"Point","coordinates":[21.795043,38.296477]},"properties":{"name":"Τέρμα Νοσοκομείο","band":3,"modes":"bus","arr":["601","602","609","610","901","902"],"off":[0,-0.8]}},{"type":"Feature","geometry":{"type":"Point","coordinates":[21.795043,38.296477]},"properties":{"name":"Πανεπιστημιακό Νοσοκομείο Πατρών","band":3,"modes":"bus","arr":["601","602","609","610","901","902"],"off":[0,-1.9]}},{"type":"Feature","geometry":{"type":"Point","coordinates":[21.795043,38.296477]},"properties":{"line":"601","mode":"bus","color":"#0059a9","colorDark":"#00294f","band":3,"off":[-6.8,1.1]}},{"type":"Feature","geometry":{"type":"Point","coordinates":[21.795043,38.296477]},"properties":{"line":"602","mode":"bus","color":"#0059a9","colorDark":"#00294f","band":3,"off":[-3.4,1.1]}},{"type":"Feature","geometry":{"type":"Point","coordinates":[21.795043,38.296477]},"properties":{"line":"609","mode":"bus","color":"#0059a9","colorDark":"#00294f","band":3,"off":[0,1.1]}},{"type":"Feature","geometry":{"type":"Point","coordinates":[21.795043,38.296477]},"properties":{"line":"610","mode":"bus","color":"#0059a9","colorDark":"#00294f","band":3,"off":[3.4,1.1]}},{"type":"Feature","geometry":{"type":"Point","coordinates":[21.795043,38.296477]},"properties":{"line":"901","mode":"bus","color":"#0059a9","colorDark":"#00294f","band":3,"off":[6.8,1.1]}},{"type":"Feature","geometry":{"type":"Point","coordinates":[21.795043,38.296477]},"properties":{"line":"902","mode":"bus","color":"#0059a9","colorDark":"#00294f","band":3,"off":[0,3.1]}},{"type":"Feature","geometry":{"type":"Point","coordinates":[21.727599,38.23678]},"properties":{"name":"Αρχιεπισκόπου Κυρίλλου Τέρμα","band":3,"modes":"bus","arr":["602","610"],"off":[0,-0.8]}},{"type":"Feature","geometry":{"type":"Point","coordinates":[21.727599,38.23678]},"properties":{"name":"Αρχιεπισκόπου Κυρίλλου","band":3,"modes":"bus","arr":["602","610"],"off":[0,-3]}},{"type":"Feature","geometry":{"type":"Point","coordinates":[21.727599,38.23678]},"properties":{"line":"602","mode":"bus","color":"#0059a9","colorDark":"#00294f","band":3,"off":[-1.7,1.1]}},{"type":"Feature","geometry":{"type":"Point","coordinates":[21.727599,38.23678]},"properties":{"line":"610","mode":"bus","color":"#0059a9","colorDark":"#00294f","band":3,"off":[1.7,1.1]}},{"type":"Feature","geometry":{"type":"Point","coordinates":[21.787823,38.257853]},"properties":{"name":"Μάρκου Μπότσαρη","band":3,"modes":"bus","arr":["607","609"],"off":[0,-0.8]}},{"type":"Feature","geometry":{"type":"Point","coordinates":[21.787823,38.257853]},"properties":{"line":"607","mode":"bus","color":"#0059a9","colorDark":"#00294f","band":3,"off":[-1.7,1.1]}},{"type":"Feature","geometry":{"type":"Point","coordinates":[21.787823,38.257853]},"properties":{"line":"609","mode":"bus","color":"#0059a9","colorDark":"#00294f","band":3,"off":[1.7,1.1]}},{"type":"Feature","geometry":{"type":"Point","coordinates":[21.835332,38.271459]},"properties":{"name":"Καστρίτσι - Τέρμα","band":3,"modes":"bus","arr":["608","609"],"off":[0,-0.8]}},{"type":"Feature","geometry":{"type":"Point","coordinates":[21.835332,38.271459]},"properties":{"line":"608","mode":"bus","color":"#0059a9","colorDark":"#00294f","band":3,"off":[-1.7,1.1]}},{"type":"Feature","geometry":{"type":"Point","coordinates":[21.835332,38.271459]},"properties":{"line":"609","mode":"bus","color":"#0059a9","colorDark":"#00294f","band":3,"off":[1.7,1.1]}},{"type":"Feature","geometry":{"type":"Point","coordinates":[21.736806,38.252765]},"properties":{"name":"Αφετηρία Οθ. Αμαλίας & Καρολου","band":3,"modes":"bus","arr":["609","902"],"off":[0,-0.8]}},{"type":"Feature","geometry":{"type":"Point","coordinates":[21.736806,38.252765]},"properties":{"line":"609","mode":"bus","color":"#0059a9","colorDark":"#00294f","band":3,"off":[-1.7,1.1]}},{"type":"Feature","geometry":{"type":"Point","coordinates":[21.736806,38.252765]},"properties":{"line":"902","mode":"bus","color":"#0059a9","colorDark":"#00294f","band":3,"off":[1.7,1.1]}},{"type":"Feature","geometry":{"type":"Point","coordinates":[21.762639,38.210483]},"properties":{"name":"Πάρκινγκ Περιβόλα","band":3,"modes":"bus","arr":["701","702"],"off":[0,-0.8]}},{"type":"Feature","geometry":{"type":"Point","coordinates":[21.762639,38.210483]},"properties":{"name":"Αφετηρία Πάρκινγκ Περιβόλα","band":3,"modes":"bus","arr":["701","702"],"off":[0,-1.9]}},{"type":"Feature","geometry":{"type":"Point","coordinates":[21.762639,38.210483]},"properties":{"line":"701","mode":"bus","color":"#0059a9","colorDark":"#00294f","band":3,"off":[-1.7,1.1]}},{"type":"Feature","geometry":{"type":"Point","coordinates":[21.762639,38.210483]},"properties":{"line":"702","mode":"bus","color":"#0059a9","colorDark":"#00294f","band":3,"off":[1.7,1.1]}},{"type":"Feature","geometry":{"type":"Point","coordinates":[21.762162,38.208484]},"properties":{"name":"Κόμβος CARREFOUR","band":3,"modes":"bus","arr":["702"],"off":[0,-0.8]}},{"type":"Feature","geometry":{"type":"Point","coordinates":[21.762162,38.208484]},"properties":{"line":"702","mode":"bus","color":"#0059a9","colorDark":"#00294f","band":3,"off":[0,1.1]}},{"type":"Feature","geometry":{"type":"Point","coordinates":[21.731958,38.19352]},"properties":{"name":"Κεφαλόβρυσου","band":3,"modes":"bus","arr":["804"],"off":[0,-0.8]}},{"type":"Feature","geometry":{"type":"Point","coordinates":[21.731958,38.19352]},"properties":{"line":"804","mode":"bus","color":"#0059a9","colorDark":"#00294f","band":3,"off":[0,1.1]}},{"type":"Feature","geometry":{"type":"Point","coordinates":[21.71261,38.19325]},"properties":{"name":"Εργατικές Κατοικίες 3","band":3,"modes":"bus","arr":["801","804"],"off":[0,-0.8]}},{"type":"Feature","geometry":{"type":"Point","coordinates":[21.71261,38.19325]},"properties":{"name":"Εργατικές Κατοικίες 1","band":3,"modes":"bus","arr":["801","804"],"off":[0,-3]}},{"type":"Feature","geometry":{"type":"Point","coordinates":[21.71261,38.19325]},"properties":{"line":"801","mode":"bus","color":"#0059a9","colorDark":"#00294f","band":3,"off":[-1.7,1.1]}},{"type":"Feature","geometry":{"type":"Point","coordinates":[21.71261,38.19325]},"properties":{"line":"804","mode":"bus","color":"#0059a9","colorDark":"#00294f","band":3,"off":[1.7,1.1]}},{"type":"Feature","geometry":{"type":"Point","coordinates":[21.73221,38.161697]},"properties":{"name":"Καλλιθέα - Τέρμα","band":3,"modes":"bus","arr":["803","804"],"off":[0,-0.8]}},{"type":"Feature","geometry":{"type":"Point","coordinates":[21.73221,38.161697]},"properties":{"line":"803","mode":"bus","color":"#0059a9","colorDark":"#00294f","band":3,"off":[-1.7,1.1]}},{"type":"Feature","geometry":{"type":"Point","coordinates":[21.73221,38.161697]},"properties":{"line":"804","mode":"bus","color":"#0059a9","colorDark":"#00294f","band":3,"off":[1.7,1.1]}},{"type":"Feature","geometry":{"type":"Point","coordinates":[21.753837,38.280401]},"properties":{"name":"Τέρμα_ΠΛΑΖ","band":4,"modes":"bus","arr":["101","102","103","104"],"off":[0,-0.8]}},{"type":"Feature","geometry":{"type":"Point","coordinates":[21.753837,38.280401]},"properties":{"line":"101","mode":"bus","color":"#0059a9","colorDark":"#00294f","band":4,"off":[-5.1,1.1]}},{"type":"Feature","geometry":{"type":"Point","coordinates":[21.753837,38.280401]},"properties":{"line":"102","mode":"bus","color":"#0059a9","colorDark":"#00294f","band":4,"off":[-1.7,1.1]}},{"type":"Feature","geometry":{"type":"Point","coordinates":[21.753837,38.280401]},"properties":{"line":"103","mode":"bus","color":"#0059a9","colorDark":"#00294f","band":4,"off":[1.7,1.1]}},{"type":"Feature","geometry":{"type":"Point","coordinates":[21.753837,38.280401]},"properties":{"line":"104","mode":"bus","color":"#0059a9","colorDark":"#00294f","band":4,"off":[5.1,1.1]}},{"type":"Feature","geometry":{"type":"Point","coordinates":[21.740208,38.253481]},"properties":{"name":"Νόρμαν","band":4,"modes":"bus","arr":["606"],"off":[0,-0.8]}},{"type":"Feature","geometry":{"type":"Point","coordinates":[21.740208,38.253481]},"properties":{"line":"606","mode":"bus","color":"#0059a9","colorDark":"#00294f","band":4,"off":[0,1.1]}},{"type":"Feature","geometry":{"type":"Point","coordinates":[21.766064,38.225946]},"properties":{"name":"Νεκροταφείο","band":4,"modes":"bus","arr":["101","104"],"off":[0,-0.8]}},{"type":"Feature","geometry":{"type":"Point","coordinates":[21.766064,38.225946]},"properties":{"line":"101","mode":"bus","color":"#0059a9","colorDark":"#00294f","band":4,"off":[-1.7,1.1]}},{"type":"Feature","geometry":{"type":"Point","coordinates":[21.766064,38.225946]},"properties":{"line":"104","mode":"bus","color":"#0059a9","colorDark":"#00294f","band":4,"off":[1.7,1.1]}},{"type":"Feature","geometry":{"type":"Point","coordinates":[21.763555,38.238972]},"properties":{"name":"Τέρμα Διάκου","band":4,"modes":"bus","arr":["102","104"],"off":[0,-0.8]}},{"type":"Feature","geometry":{"type":"Point","coordinates":[21.763555,38.238972]},"properties":{"line":"102","mode":"bus","color":"#0059a9","colorDark":"#00294f","band":4,"off":[-1.7,1.1]}},{"type":"Feature","geometry":{"type":"Point","coordinates":[21.763555,38.238972]},"properties":{"line":"104","mode":"bus","color":"#0059a9","colorDark":"#00294f","band":4,"off":[1.7,1.1]}},{"type":"Feature","geometry":{"type":"Point","coordinates":[21.801417,38.215973]},"properties":{"name":"Ελεκιστρα","band":4,"modes":"bus","arr":["103","104"],"off":[0,-0.8]}},{"type":"Feature","geometry":{"type":"Point","coordinates":[21.801417,38.215973]},"properties":{"line":"103","mode":"bus","color":"#0059a9","colorDark":"#00294f","band":4,"off":[-1.7,1.1]}},{"type":"Feature","geometry":{"type":"Point","coordinates":[21.801417,38.215973]},"properties":{"line":"104","mode":"bus","color":"#0059a9","colorDark":"#00294f","band":4,"off":[1.7,1.1]}},{"type":"Feature","geometry":{"type":"Point","coordinates":[21.73768,38.251185]},"properties":{"name":"Υπεραστικό ΚΤΕΛ Αχαΐας","band":4,"modes":"bus","arr":["901"],"off":[0,-0.8]}},{"type":"Feature","geometry":{"type":"Point","coordinates":[21.73768,38.251185]},"properties":{"line":"901","mode":"bus","color":"#0059a9","colorDark":"#00294f","band":4,"off":[0,1.1]}},{"type":"Feature","geometry":{"type":"Point","coordinates":[21.753227,38.280661]},"properties":{"name":"Πλάζ 4","band":4,"modes":"bus","arr":["303"],"off":[0,-0.8]}},{"type":"Feature","geometry":{"type":"Point","coordinates":[21.753227,38.280661]},"properties":{"line":"303","mode":"bus","color":"#0059a9","colorDark":"#00294f","band":4,"off":[0,1.1]}},{"type":"Feature","geometry":{"type":"Point","coordinates":[21.738932,38.267708]},"properties":{"name":"Αφετηρία Πάρκινγκ Τερψιθέα","band":4,"modes":"bus","arr":["111"],"off":[0,-0.8]}},{"type":"Feature","geometry":{"type":"Point","coordinates":[21.738932,38.267708]},"properties":{"line":"111","mode":"bus","color":"#0059a9","colorDark":"#00294f","band":4,"off":[0,1.1]}},{"type":"Feature","geometry":{"type":"Point","coordinates":[21.735347,38.249732]},"properties":{"name":"ΟΣΕ","band":4,"modes":"bus","arr":["501","502","606","607","608","801","803"],"off":[0,-0.8]}},{"type":"Feature","geometry":{"type":"Point","coordinates":[21.735347,38.249732]},"properties":{"line":"501","mode":"bus","color":"#0059a9","colorDark":"#00294f","band":4,"off":[-6.8,1.1]}},{"type":"Feature","geometry":{"type":"Point","coordinates":[21.735347,38.249732]},"properties":{"line":"502","mode":"bus","color":"#0059a9","colorDark":"#00294f","band":4,"off":[-3.4,1.1]}},{"type":"Feature","geometry":{"type":"Point","coordinates":[21.735347,38.249732]},"properties":{"line":"606","mode":"bus","color":"#0059a9","colorDark":"#00294f","band":4,"off":[0,1.1]}},{"type":"Feature","geometry":{"type":"Point","coordinates":[21.735347,38.249732]},"properties":{"line":"607","mode":"bus","color":"#0059a9","colorDark":"#00294f","band":4,"off":[3.4,1.1]}},{"type":"Feature","geometry":{"type":"Point","coordinates":[21.735347,38.249732]},"properties":{"line":"608","mode":"bus","color":"#0059a9","colorDark":"#00294f","band":4,"off":[6.8,1.1]}},{"type":"Feature","geometry":{"type":"Point","coordinates":[21.735347,38.249732]},"properties":{"line":"801","mode":"bus","color":"#0059a9","colorDark":"#00294f","band":4,"off":[-1.7,3.1]}},{"type":"Feature","geometry":{"type":"Point","coordinates":[21.735347,38.249732]},"properties":{"line":"803","mode":"bus","color":"#0059a9","colorDark":"#00294f","band":4,"off":[1.7,3.1]}},{"type":"Feature","geometry":{"type":"Point","coordinates":[21.738316,38.253193]},"properties":{"name":"Αγ. Διονύσιος - Επίκεντρο","band":4,"modes":"bus","arr":["502","503","804"],"off":[0,-0.8]}},{"type":"Feature","geometry":{"type":"Point","coordinates":[21.738316,38.253193]},"properties":{"line":"502","mode":"bus","color":"#0059a9","colorDark":"#00294f","band":4,"off":[-3.4,1.1]}},{"type":"Feature","geometry":{"type":"Point","coordinates":[21.738316,38.253193]},"properties":{"line":"503","mode":"bus","color":"#0059a9","colorDark":"#00294f","band":4,"off":[0,1.1]}},{"type":"Feature","geometry":{"type":"Point","coordinates":[21.738316,38.253193]},"properties":{"line":"804","mode":"bus","color":"#0059a9","colorDark":"#00294f","band":4,"off":[3.4,1.1]}},{"type":"Feature","geometry":{"type":"Point","coordinates":[21.739372,38.267211]},"properties":{"name":"PARKING 11","band":4,"modes":"bus","arr":["111"],"off":[0,-0.8]}},{"type":"Feature","geometry":{"type":"Point","coordinates":[21.739372,38.267211]},"properties":{"line":"111","mode":"bus","color":"#0059a9","colorDark":"#00294f","band":4,"off":[0,1.1]}},{"type":"Feature","geometry":{"type":"Point","coordinates":[21.721259,38.223925]},"properties":{"name":"Αβεξ","band":4,"modes":"bus","arr":["118"],"off":[0,-0.8]}},{"type":"Feature","geometry":{"type":"Point","coordinates":[21.721259,38.223925]},"properties":{"line":"118","mode":"bus","color":"#0059a9","colorDark":"#00294f","band":4,"off":[0,1.1]}},{"type":"Feature","geometry":{"type":"Point","coordinates":[21.736761,38.251276]},"properties":{"name":"Σταθμός Υπεραστικών","band":4,"modes":"bus","arr":["118"],"off":[0,-0.8]}},{"type":"Feature","geometry":{"type":"Point","coordinates":[21.736761,38.251276]},"properties":{"line":"118","mode":"bus","color":"#0059a9","colorDark":"#00294f","band":4,"off":[0,1.1]}},{"type":"Feature","geometry":{"type":"Point","coordinates":[21.761482,38.2648]},"properties":{"name":"Τέρμα Αρέθα","band":4,"modes":"bus","arr":["201","202"],"off":[0,-0.8]}},{"type":"Feature","geometry":{"type":"Point","coordinates":[21.761482,38.2648]},"properties":{"line":"201","mode":"bus","color":"#0059a9","colorDark":"#00294f","band":4,"off":[-1.7,1.1]}},{"type":"Feature","geometry":{"type":"Point","coordinates":[21.761482,38.2648]},"properties":{"line":"202","mode":"bus","color":"#0059a9","colorDark":"#00294f","band":4,"off":[1.7,1.1]}},{"type":"Feature","geometry":{"type":"Point","coordinates":[21.745419,38.219056]},"properties":{"name":"Αφετηρία Ταραμπούρα (ΤΕΙ)","band":4,"modes":"bus","arr":["201","202","503"],"off":[0,-0.8]}},{"type":"Feature","geometry":{"type":"Point","coordinates":[21.745419,38.219056]},"properties":{"line":"201","mode":"bus","color":"#0059a9","colorDark":"#00294f","band":4,"off":[-3.4,1.1]}},{"type":"Feature","geometry":{"type":"Point","coordinates":[21.745419,38.219056]},"properties":{"line":"202","mode":"bus","color":"#0059a9","colorDark":"#00294f","band":4,"off":[0,1.1]}},{"type":"Feature","geometry":{"type":"Point","coordinates":[21.745419,38.219056]},"properties":{"line":"503","mode":"bus","color":"#0059a9","colorDark":"#00294f","band":4,"off":[3.4,1.1]}},{"type":"Feature","geometry":{"type":"Point","coordinates":[21.736947,38.218512]},"properties":{"name":"Αφετηρία Ζαρουχλέικα","band":4,"modes":"bus","arr":["301","302","303"],"off":[0,-0.8]}},{"type":"Feature","geometry":{"type":"Point","coordinates":[21.736947,38.218512]},"properties":{"line":"301","mode":"bus","color":"#0059a9","colorDark":"#00294f","band":4,"off":[-3.4,1.1]}},{"type":"Feature","geometry":{"type":"Point","coordinates":[21.736947,38.218512]},"properties":{"line":"302","mode":"bus","color":"#0059a9","colorDark":"#00294f","band":4,"off":[0,1.1]}},{"type":"Feature","geometry":{"type":"Point","coordinates":[21.736947,38.218512]},"properties":{"line":"303","mode":"bus","color":"#0059a9","colorDark":"#00294f","band":4,"off":[3.4,1.1]}},{"type":"Feature","geometry":{"type":"Point","coordinates":[21.668425,38.166262]},"properties":{"name":"Ι.Ν. Ευαγγελίστριας","band":4,"modes":"bus","arr":["202","503"],"off":[0,-0.8]}},{"type":"Feature","geometry":{"type":"Point","coordinates":[21.668425,38.166262]},"properties":{"name":"Εκκλησία Ευαγγελιστρια","band":4,"modes":"bus","arr":["202","503"],"off":[0,-3]}},{"type":"Feature","geometry":{"type":"Point","coordinates":[21.668425,38.166262]},"properties":{"line":"202","mode":"bus","color":"#0059a9","colorDark":"#00294f","band":4,"off":[-1.7,1.1]}},{"type":"Feature","geometry":{"type":"Point","coordinates":[21.668425,38.166262]},"properties":{"line":"503","mode":"bus","color":"#0059a9","colorDark":"#00294f","band":4,"off":[1.7,1.1]}},{"type":"Feature","geometry":{"type":"Point","coordinates":[21.750116,38.264566]},"properties":{"name":"Τέρμα - Θερμοπυλών","band":4,"modes":"bus","arr":["301","302","303"],"off":[0,-0.8]}},{"type":"Feature","geometry":{"type":"Point","coordinates":[21.750116,38.264566]},"properties":{"line":"301","mode":"bus","color":"#0059a9","colorDark":"#00294f","band":4,"off":[-3.4,1.1]}},{"type":"Feature","geometry":{"type":"Point","coordinates":[21.750116,38.264566]},"properties":{"line":"302","mode":"bus","color":"#0059a9","colorDark":"#00294f","band":4,"off":[0,1.1]}},{"type":"Feature","geometry":{"type":"Point","coordinates":[21.750116,38.264566]},"properties":{"line":"303","mode":"bus","color":"#0059a9","colorDark":"#00294f","band":4,"off":[3.4,1.1]}},{"type":"Feature","geometry":{"type":"Point","coordinates":[21.748679,38.264447]},"properties":{"name":"Τυρταίου","band":4,"modes":"bus","arr":["303"],"off":[0,-0.8]}},{"type":"Feature","geometry":{"type":"Point","coordinates":[21.748679,38.264447]},"properties":{"line":"303","mode":"bus","color":"#0059a9","colorDark":"#00294f","band":4,"off":[0,1.1]}},{"type":"Feature","geometry":{"type":"Point","coordinates":[21.738851,38.247384]},"properties":{"name":"Κολοκοτρώνη - Αφετηρία 4","band":4,"modes":"bus","arr":["401","402"],"off":[0,-0.8]}},{"type":"Feature","geometry":{"type":"Point","coordinates":[21.738851,38.247384]},"properties":{"line":"401","mode":"bus","color":"#0059a9","colorDark":"#00294f","band":4,"off":[-1.7,1.1]}},{"type":"Feature","geometry":{"type":"Point","coordinates":[21.738851,38.247384]},"properties":{"line":"402","mode":"bus","color":"#0059a9","colorDark":"#00294f","band":4,"off":[1.7,1.1]}},{"type":"Feature","geometry":{"type":"Point","coordinates":[21.761832,38.240081]},"properties":{"name":"Τέρμα Αρόης","band":4,"modes":"bus","arr":["401","402"],"off":[0,-0.8]}},{"type":"Feature","geometry":{"type":"Point","coordinates":[21.761832,38.240081]},"properties":{"line":"401","mode":"bus","color":"#0059a9","colorDark":"#00294f","band":4,"off":[-1.7,1.1]}},{"type":"Feature","geometry":{"type":"Point","coordinates":[21.761832,38.240081]},"properties":{"line":"402","mode":"bus","color":"#0059a9","colorDark":"#00294f","band":4,"off":[1.7,1.1]}},{"type":"Feature","geometry":{"type":"Point","coordinates":[21.631418,38.154053]},"properties":{"name":"Τέρμα","band":4,"modes":"bus","arr":["501","503"],"off":[0,-0.8]}},{"type":"Feature","geometry":{"type":"Point","coordinates":[21.631418,38.154053]},"properties":{"line":"501","mode":"bus","color":"#0059a9","colorDark":"#00294f","band":4,"off":[-1.7,1.1]}},{"type":"Feature","geometry":{"type":"Point","coordinates":[21.631418,38.154053]},"properties":{"line":"503","mode":"bus","color":"#0059a9","colorDark":"#00294f","band":4,"off":[1.7,1.1]}},{"type":"Feature","geometry":{"type":"Point","coordinates":[21.736019,38.246754]},"properties":{"name":"Ερμού","band":4,"modes":"bus","arr":["601","609"],"off":[0,-0.8]}},{"type":"Feature","geometry":{"type":"Point","coordinates":[21.736019,38.246754]},"properties":{"line":"601","mode":"bus","color":"#0059a9","colorDark":"#00294f","band":4,"off":[-1.7,1.1]}},{"type":"Feature","geometry":{"type":"Point","coordinates":[21.736019,38.246754]},"properties":{"line":"609","mode":"bus","color":"#0059a9","colorDark":"#00294f","band":4,"off":[1.7,1.1]}},{"type":"Feature","geometry":{"type":"Point","coordinates":[21.795043,38.296477]},"properties":{"name":"Τέρμα Νοσοκομείο","band":4,"modes":"bus","arr":["601","602","609","610","901","902"],"off":[0,-0.8]}},{"type":"Feature","geometry":{"type":"Point","coordinates":[21.795043,38.296477]},"properties":{"name":"Πανεπιστημιακό Νοσοκομείο Πατρών","band":4,"modes":"bus","arr":["601","602","609","610","901","902"],"off":[0,-1.9]}},{"type":"Feature","geometry":{"type":"Point","coordinates":[21.795043,38.296477]},"properties":{"line":"601","mode":"bus","color":"#0059a9","colorDark":"#00294f","band":4,"off":[-6.8,1.1]}},{"type":"Feature","geometry":{"type":"Point","coordinates":[21.795043,38.296477]},"properties":{"line":"602","mode":"bus","color":"#0059a9","colorDark":"#00294f","band":4,"off":[-3.4,1.1]}},{"type":"Feature","geometry":{"type":"Point","coordinates":[21.795043,38.296477]},"properties":{"line":"609","mode":"bus","color":"#0059a9","colorDark":"#00294f","band":4,"off":[0,1.1]}},{"type":"Feature","geometry":{"type":"Point","coordinates":[21.795043,38.296477]},"properties":{"line":"610","mode":"bus","color":"#0059a9","colorDark":"#00294f","band":4,"off":[3.4,1.1]}},{"type":"Feature","geometry":{"type":"Point","coordinates":[21.795043,38.296477]},"properties":{"line":"901","mode":"bus","color":"#0059a9","colorDark":"#00294f","band":4,"off":[6.8,1.1]}},{"type":"Feature","geometry":{"type":"Point","coordinates":[21.795043,38.296477]},"properties":{"line":"902","mode":"bus","color":"#0059a9","colorDark":"#00294f","band":4,"off":[0,3.1]}},{"type":"Feature","geometry":{"type":"Point","coordinates":[21.728046,38.236754]},"properties":{"name":"Αρχιεπισκόπου Κυρίλλου","band":4,"modes":"bus","arr":["602"],"off":[0,-0.8]}},{"type":"Feature","geometry":{"type":"Point","coordinates":[21.728046,38.236754]},"properties":{"line":"602","mode":"bus","color":"#0059a9","colorDark":"#00294f","band":4,"off":[0,1.1]}},{"type":"Feature","geometry":{"type":"Point","coordinates":[21.787823,38.257853]},"properties":{"name":"Μάρκου Μπότσαρη","band":4,"modes":"bus","arr":["607","609"],"off":[0,-0.8]}},{"type":"Feature","geometry":{"type":"Point","coordinates":[21.787823,38.257853]},"properties":{"line":"607","mode":"bus","color":"#0059a9","colorDark":"#00294f","band":4,"off":[-1.7,1.1]}},{"type":"Feature","geometry":{"type":"Point","coordinates":[21.787823,38.257853]},"properties":{"line":"609","mode":"bus","color":"#0059a9","colorDark":"#00294f","band":4,"off":[1.7,1.1]}},{"type":"Feature","geometry":{"type":"Point","coordinates":[21.835332,38.271459]},"properties":{"name":"Καστρίτσι - Τέρμα","band":4,"modes":"bus","arr":["608","609"],"off":[0,-0.8]}},{"type":"Feature","geometry":{"type":"Point","coordinates":[21.835332,38.271459]},"properties":{"line":"608","mode":"bus","color":"#0059a9","colorDark":"#00294f","band":4,"off":[-1.7,1.1]}},{"type":"Feature","geometry":{"type":"Point","coordinates":[21.835332,38.271459]},"properties":{"line":"609","mode":"bus","color":"#0059a9","colorDark":"#00294f","band":4,"off":[1.7,1.1]}},{"type":"Feature","geometry":{"type":"Point","coordinates":[21.736806,38.252765]},"properties":{"name":"Αφετηρία Οθ. Αμαλίας & Καρολου","band":4,"modes":"bus","arr":["609","902"],"off":[0,-0.8]}},{"type":"Feature","geometry":{"type":"Point","coordinates":[21.736806,38.252765]},"properties":{"line":"609","mode":"bus","color":"#0059a9","colorDark":"#00294f","band":4,"off":[-1.7,1.1]}},{"type":"Feature","geometry":{"type":"Point","coordinates":[21.736806,38.252765]},"properties":{"line":"902","mode":"bus","color":"#0059a9","colorDark":"#00294f","band":4,"off":[1.7,1.1]}},{"type":"Feature","geometry":{"type":"Point","coordinates":[21.727152,38.236806]},"properties":{"name":"Αρχιεπισκόπου Κυρίλλου Τέρμα","band":4,"modes":"bus","arr":["610"],"off":[0,-0.8]}},{"type":"Feature","geometry":{"type":"Point","coordinates":[21.727152,38.236806]},"properties":{"line":"610","mode":"bus","color":"#0059a9","colorDark":"#00294f","band":4,"off":[0,1.1]}},{"type":"Feature","geometry":{"type":"Point","coordinates":[21.762639,38.210483]},"properties":{"name":"Πάρκινγκ Περιβόλα","band":4,"modes":"bus","arr":["701","702"],"off":[0,-0.8]}},{"type":"Feature","geometry":{"type":"Point","coordinates":[21.762639,38.210483]},"properties":{"name":"Αφετηρία Πάρκινγκ Περιβόλα","band":4,"modes":"bus","arr":["701","702"],"off":[0,-1.9]}},{"type":"Feature","geometry":{"type":"Point","coordinates":[21.762639,38.210483]},"properties":{"line":"701","mode":"bus","color":"#0059a9","colorDark":"#00294f","band":4,"off":[-1.7,1.1]}},{"type":"Feature","geometry":{"type":"Point","coordinates":[21.762639,38.210483]},"properties":{"line":"702","mode":"bus","color":"#0059a9","colorDark":"#00294f","band":4,"off":[1.7,1.1]}},{"type":"Feature","geometry":{"type":"Point","coordinates":[21.736396,38.246448]},"properties":{"name":"Ερμού-Κανακάρη","band":4,"modes":"bus","arr":["701","702"],"off":[0,-0.8]}},{"type":"Feature","geometry":{"type":"Point","coordinates":[21.736396,38.246448]},"properties":{"line":"701","mode":"bus","color":"#0059a9","colorDark":"#00294f","band":4,"off":[-1.7,1.1]}},{"type":"Feature","geometry":{"type":"Point","coordinates":[21.736396,38.246448]},"properties":{"line":"702","mode":"bus","color":"#0059a9","colorDark":"#00294f","band":4,"off":[1.7,1.1]}},{"type":"Feature","geometry":{"type":"Point","coordinates":[21.762162,38.208484]},"properties":{"name":"Κόμβος CARREFOUR","band":4,"modes":"bus","arr":["702"],"off":[0,-0.8]}},{"type":"Feature","geometry":{"type":"Point","coordinates":[21.762162,38.208484]},"properties":{"line":"702","mode":"bus","color":"#0059a9","colorDark":"#00294f","band":4,"off":[0,1.1]}},{"type":"Feature","geometry":{"type":"Point","coordinates":[21.731958,38.19352]},"properties":{"name":"Κεφαλόβρυσου","band":4,"modes":"bus","arr":["804"],"off":[0,-0.8]}},{"type":"Feature","geometry":{"type":"Point","coordinates":[21.731958,38.19352]},"properties":{"line":"804","mode":"bus","color":"#0059a9","colorDark":"#00294f","band":4,"off":[0,1.1]}},{"type":"Feature","geometry":{"type":"Point","coordinates":[21.71261,38.19325]},"properties":{"name":"Εργατικές Κατοικίες 3","band":4,"modes":"bus","arr":["801","804"],"off":[0,-0.8]}},{"type":"Feature","geometry":{"type":"Point","coordinates":[21.71261,38.19325]},"properties":{"name":"Εργατικές Κατοικίες 1","band":4,"modes":"bus","arr":["801","804"],"off":[0,-3]}},{"type":"Feature","geometry":{"type":"Point","coordinates":[21.71261,38.19325]},"properties":{"line":"801","mode":"bus","color":"#0059a9","colorDark":"#00294f","band":4,"off":[-1.7,1.1]}},{"type":"Feature","geometry":{"type":"Point","coordinates":[21.71261,38.19325]},"properties":{"line":"804","mode":"bus","color":"#0059a9","colorDark":"#00294f","band":4,"off":[1.7,1.1]}},{"type":"Feature","geometry":{"type":"Point","coordinates":[21.73221,38.161697]},"properties":{"name":"Καλλιθέα - Τέρμα","band":4,"modes":"bus","arr":["803","804"],"off":[0,-0.8]}},{"type":"Feature","geometry":{"type":"Point","coordinates":[21.73221,38.161697]},"properties":{"line":"803","mode":"bus","color":"#0059a9","colorDark":"#00294f","band":4,"off":[-1.7,1.1]}},{"type":"Feature","geometry":{"type":"Point","coordinates":[21.73221,38.161697]},"properties":{"line":"804","mode":"bus","color":"#0059a9","colorDark":"#00294f","band":4,"off":[1.7,1.1]}}]}