{"type":"FeatureCollection","features":[{"type":"Feature","geometry":{"type":"LineString","coordinates":[[21.75401,38.280485],[21.753841,38.280397],[21.753828,38.28041],[21.753818,38.280418],[21.753787,38.280441],[21.753764,38.280456],[21.753738,38.280472],[21.753675,38.280506],[21.753608,38.28054],[21.753556,38.280565],[21.753518,38.280581],[21.753472,38.280599],[21.753419,38.280616],[21.753359,38.280633],[21.75329,38.280649],[21.753225,38.280662],[21.753144,38.280675],[21.75304,38.280687],[21.752952,38.280696],[21.752877,38.280702],[21.752784,38.280704],[21.752681,38.280704],[21.752579,38.280709],[21.752491,38.280716],[21.752232,38.280736],[21.75204,38.280753],[21.751888,38.280768],[21.751715,38.280791],[21.751607,38.280807],[21.751524,38.280826],[21.751365,38.280863],[21.751145,38.280915],[21.750919,38.280967],[21.750833,38.280989],[21.75072,38.281022],[21.750617,38.281054],[21.750434,38.281116],[21.75028,38.28117],[21.749785,38.281354],[21.749485,38.281463],[21.749235,38.281557],[21.749085,38.281607],[21.749085,38.281607],[21.748939,38.281655],[21.748849,38.281686],[21.748755,38.281714],[21.748423,38.281821],[21.748079,38.281927],[21.7479,38.281981],[21.747794,38.282008],[21.747716,38.282026],[21.747642,38.282039],[21.747553,38.282049],[21.747484,38.282052],[21.747426,38.282052],[21.747368,38.282046],[21.747305,38.282038],[21.747224,38.282022],[21.74707,38.281986],[21.746969,38.281956],[21.746825,38.28191],[21.746726,38.281873],[21.746617,38.281821],[21.746517,38.281764],[21.746415,38.281697],[21.746336,38.281637],[21.74627,38.281568],[21.74619,38.281471],[21.746115,38.281376],[21.746017,38.281244],[21.74594,38.281138],[21.745864,38.281024],[21.745729,38.280808],[21.745633,38.280646],[21.745597,38.280581],[21.745573,38.280528],[21.745551,38.280472],[21.745536,38.280414],[21.74551,38.280304],[21.745491,38.280205],[21.745468,38.280057],[21.745431,38.279781],[21.745371,38.279217],[21.745344,38.278837],[21.74531,38.278342],[21.745298,38.278152],[21.745271,38.277799],[21.745271,38.277799],[21.745264,38.277702],[21.745254,38.277586],[21.745224,38.277356],[21.745217,38.277325],[21.74521,38.277301],[21.74519,38.27723],[21.745102,38.276973],[21.745039,38.276933],[21.744933,38.276813],[21.744903,38.27678],[21.744287,38.276029],[21.744026,38.275712],[21.743898,38.275541],[21.743737,38.275316],[21.743373,38.274754],[21.743258,38.274577],[21.743184,38.274467],[21.743137,38.2744],[21.743091,38.27434],[21.743034,38.274272],[21.742909,38.274138],[21.742837,38.274065],[21.742837,38.274065],[21.742785,38.274011],[21.742622,38.273864],[21.742483,38.273747],[21.741897,38.273252],[21.741783,38.273157],[21.741696,38.273073],[21.741613,38.272984],[21.741524,38.272873],[21.74151,38.272855],[21.741411,38.272714],[21.741527,38.272665],[21.741694,38.272592],[21.741819,38.272536],[21.741906,38.272498],[21.742041,38.272434],[21.742228,38.272341],[21.742372,38.272267],[21.742372,38.272267],[21.742599,38.272151],[21.742733,38.272083],[21.742833,38.272031],[21.742957,38.271964],[21.743055,38.271909],[21.743162,38.271847],[21.743523,38.271626],[21.743815,38.271441],[21.743892,38.271393],[21.743943,38.271363],[21.743943,38.271363],[21.744145,38.271245],[21.744298,38.271153],[21.744707,38.2709],[21.745231,38.270584],[21.745361,38.270504],[21.745461,38.270443],[21.745461,38.270443],[21.745661,38.270321],[21.745853,38.270206],[21.745881,38.270142],[21.745956,38.270077],[21.745998,38.270053],[21.746061,38.270014],[21.746193,38.269947],[21.746236,38.269921],[21.746304,38.269886],[21.746403,38.269836],[21.74671,38.269689],[21.746777,38.269652],[21.746806,38.269634],[21.746843,38.269609],[21.746888,38.269571],[21.746923,38.269544],[21.746956,38.269519],[21.74698,38.269502],[21.747149,38.269391],[21.74721,38.269352],[21.74724,38.269334],[21.74724,38.269334],[21.747263,38.269321],[21.74729,38.269306],[21.747317,38.269294],[21.747349,38.269282],[21.747386,38.269269],[21.747622,38.269194],[21.748224,38.269028],[21.748501,38.268954],[21.748862,38.268859],[21.749014,38.26881],[21.749059,38.268792],[21.749127,38.268745],[21.749166,38.268708],[21.748849,38.268301],[21.748849,38.268301],[21.748766,38.268194],[21.748673,38.268037],[21.748371,38.267555],[21.748115,38.267198],[21.748115,38.267198],[21.748087,38.26716],[21.748021,38.267075],[21.747943,38.266992],[21.747884,38.266936],[21.747793,38.266859],[21.747728,38.266811],[21.747696,38.266787],[21.747573,38.266706],[21.747363,38.266565],[21.747223,38.266474],[21.747162,38.266435],[21.74711,38.266397],[21.747018,38.266318],[21.746964,38.266265],[21.746831,38.266108],[21.746781,38.26604],[21.746721,38.26594],[21.746713,38.265926],[21.746713,38.265926],[21.746664,38.265837],[21.746487,38.265476],[21.746306,38.265124],[21.746203,38.264989],[21.746163,38.264937],[21.745725,38.264578],[21.745691,38.264552],[21.745388,38.264323],[21.745171,38.264177],[21.744897,38.263991],[21.744762,38.263889],[21.744762,38.263889],[21.744655,38.263808],[21.744292,38.26352],[21.744253,38.263488],[21.744057,38.263336],[21.743963,38.263261],[21.743923,38.26323],[21.743883,38.263192],[21.74387,38.263175],[21.743859,38.263156],[21.743848,38.263133],[21.743839,38.263108],[21.743828,38.263076],[21.743757,38.262852],[21.7437,38.262665],[21.743681,38.262592],[21.743661,38.262493],[21.743637,38.262371],[21.743596,38.262088],[21.743585,38.262031],[21.743566,38.261951],[21.74355,38.261893],[21.743546,38.261886],[21.743482,38.261768],[21.743482,38.261768],[21.743415,38.261647],[21.743313,38.26144],[21.74319,38.261194],[21.743112,38.26104],[21.743042,38.26089],[21.742868,38.260495],[21.742738,38.260168],[21.742738,38.260168],[21.742635,38.259911],[21.74243,38.259406],[21.742335,38.259174],[21.742203,38.258849],[21.742097,38.258601],[21.742097,38.258601],[21.742044,38.258478],[21.741952,38.258261],[21.741719,38.257718],[21.741484,38.25713],[21.741344,38.256795],[21.741344,38.256795],[21.741242,38.256553],[21.741008,38.255993],[21.740803,38.2555],[21.740765,38.255404],[21.74072,38.255286],[21.740674,38.255174],[21.740674,38.255174],[21.740645,38.255106],[21.740519,38.254803],[21.740376,38.254467],[21.740267,38.254214],[21.740243,38.253889],[21.740224,38.25348],[21.740224,38.25348],[21.740222,38.253447],[21.740215,38.253278],[21.740212,38.253151],[21.740213,38.252929],[21.740224,38.252618],[21.740233,38.252413],[21.740233,38.252413],[21.740244,38.252176],[21.740258,38.251733],[21.740612,38.251676],[21.740681,38.251664],[21.741262,38.25156],[21.741253,38.251541],[21.741241,38.251515],[21.741232,38.251495],[21.741216,38.251468],[21.741208,38.251458],[21.741197,38.251448],[21.741183,38.251436],[21.740809,38.251142],[21.740385,38.250809],[21.740288,38.250734],[21.740288,38.250734],[21.740245,38.250701],[21.739914,38.250445],[21.739668,38.250255],[21.739162,38.249866],[21.7389,38.249666],[21.738546,38.249389],[21.738546,38.249389],[21.737446,38.248534],[21.737136,38.248292],[21.736808,38.248038],[21.736808,38.248038],[21.736415,38.247733],[21.735674,38.247157],[21.735174,38.246768],[21.735154,38.246756],[21.735127,38.246742],[21.735093,38.246728],[21.735051,38.246717],[21.734997,38.246718],[21.734952,38.246739],[21.73487,38.246793],[21.734822,38.246807],[21.734783,38.246805],[21.734729,38.246789],[21.73459,38.246692],[21.734499,38.246621],[21.734409,38.24655],[21.734409,38.24655],[21.734397,38.246541],[21.734384,38.246511],[21.734382,38.246478],[21.734384,38.24645],[21.734397,38.24642],[21.734504,38.24633],[21.734508,38.246307],[21.734505,38.246284],[21.734501,38.246265],[21.73449,38.246246],[21.73447,38.246231],[21.734409,38.246184],[21.734177,38.245994],[21.733933,38.245798],[21.733521,38.245481],[21.73317,38.245199],[21.73307,38.245121],[21.732987,38.245056],[21.732987,38.245056],[21.732799,38.244909],[21.73258,38.244737],[21.732278,38.244502],[21.733124,38.243789],[21.733447,38.243517],[21.733637,38.243356],[21.733638,38.243356],[21.733748,38.243263],[21.73402,38.243034],[21.734283,38.242817],[21.734396,38.242746],[21.734459,38.242712],[21.734698,38.242624],[21.735266,38.242393],[21.735937,38.242136],[21.735937,38.242136],[21.736157,38.242052],[21.736892,38.241776],[21.737535,38.241533],[21.738192,38.241272],[21.738715,38.241069],[21.738768,38.241048],[21.738991,38.240961],[21.739142,38.240903],[21.739142,38.240903],[21.739253,38.24086],[21.739295,38.240845],[21.739733,38.240681],[21.741192,38.240118],[21.741609,38.239953],[21.741609,38.239953],[21.741659,38.239933],[21.741825,38.239868],[21.741915,38.239832],[21.742039,38.23978],[21.742145,38.239735],[21.74223,38.239693],[21.742467,38.239578],[21.742705,38.239451],[21.743026,38.239275],[21.743094,38.239236],[21.74357,38.23897],[21.743771,38.238999],[21.74389,38.239011],[21.74389,38.239011],[21.744972,38.239121],[21.745108,38.239134],[21.745225,38.239142],[21.745244,38.239273],[21.745244,38.239273],[21.745249,38.239307],[21.745257,38.239355],[21.745321,38.239596],[21.745331,38.239656],[21.745366,38.23987],[21.745373,38.239898],[21.745386,38.23993],[21.745461,38.240117],[21.745466,38.240142],[21.745467,38.240159],[21.745465,38.240174],[21.745461,38.24019],[21.745454,38.24021],[21.745447,38.240225],[21.745591,38.240252],[21.745657,38.240264],[21.745657,38.240264],[21.746144,38.240352],[21.746218,38.240374],[21.746449,38.240252],[21.746502,38.240223],[21.746619,38.240148],[21.746647,38.240134],[21.746833,38.24005],[21.747193,38.239896],[21.748004,38.239552],[21.748004,38.239552],[21.748163,38.239485],[21.749561,38.238881],[21.750389,38.238526],[21.750581,38.238441],[21.750644,38.238408],[21.750687,38.238381],[21.750724,38.238357],[21.750745,38.238337],[21.750771,38.2383],[21.750799,38.238255],[21.750946,38.238031],[21.751223,38.237575],[21.751326,38.237403],[21.751326,38.237403],[21.751223,38.237575],[21.750946,38.238031],[21.750799,38.238255],[21.750771,38.2383],[21.750745,38.238337],[21.750724,38.238357],[21.750687,38.238381],[21.750644,38.238408],[21.750581,38.238441],[21.750389,38.238526],[21.749668,38.238835],[21.749668,38.238835],[21.750389,38.238526],[21.750581,38.238441],[21.750644,38.238408],[21.750687,38.238381],[21.750724,38.238357],[21.750745,38.238337],[21.750771,38.2383],[21.750799,38.238255],[21.750946,38.238031],[21.751223,38.237575],[21.751454,38.237189],[21.751674,38.236845],[21.751958,38.236403],[21.752108,38.236174],[21.752223,38.235995],[21.752287,38.235886],[21.752344,38.235771],[21.752522,38.235382],[21.752522,38.235382],[21.752561,38.235297],[21.752591,38.235237],[21.752621,38.235187],[21.752658,38.235142],[21.752701,38.235103],[21.752807,38.23502],[21.753124,38.23478],[21.753398,38.234566],[21.753594,38.234418],[21.753891,38.234191],[21.754075,38.234075],[21.754173,38.234019],[21.75428,38.233955],[21.754363,38.233908],[21.75441,38.233882],[21.754523,38.233819],[21.754682,38.23373],[21.754682,38.23373],[21.755013,38.233552],[21.755363,38.23336],[21.755759,38.233143],[21.756082,38.232952],[21.756451,38.232705],[21.756636,38.232566],[21.756811,38.232412],[21.756904,38.232325],[21.756904,38.232325],[21.757044,38.232172],[21.757302,38.23188],[21.757404,38.231767],[21.757531,38.231644],[21.757593,38.231582],[21.757656,38.231531],[21.757724,38.23148],[21.757772,38.231448],[21.757816,38.231406],[21.75785,38.231368],[21.757884,38.231321],[21.757919,38.231268],[21.757968,38.231191],[21.758032,38.231055],[21.758153,38.23078],[21.758153,38.23078],[21.758161,38.230762],[21.758212,38.230658],[21.758232,38.230619],[21.758254,38.230581],[21.758269,38.230557],[21.75831,38.230504],[21.758341,38.230473],[21.75837,38.230448],[21.758403,38.230425],[21.758444,38.230398],[21.758474,38.230382],[21.758553,38.23035],[21.758594,38.230337],[21.758632,38.230326],[21.75868,38.230317],[21.758732,38.230308],[21.758779,38.230301],[21.758841,38.230294],[21.758911,38.230288],[21.759008,38.230281],[21.759085,38.230277],[21.759173,38.230275],[21.759264,38.230275],[21.759351,38.230272],[21.759425,38.230268],[21.759493,38.230262],[21.759547,38.230255],[21.759608,38.230246],[21.759651,38.230238],[21.759693,38.230228],[21.759733,38.230217],[21.759765,38.230206],[21.759806,38.230191],[21.759854,38.230168],[21.759891,38.230148],[21.759938,38.230122],[21.760075,38.230042],[21.76024,38.229947],[21.760516,38.229789],[21.760756,38.229651],[21.760853,38.229592],[21.760933,38.229542],[21.760963,38.229519],[21.760995,38.229494],[21.760997,38.229492],[21.761024,38.229465],[21.761039,38.229449],[21.761062,38.22942],[21.761087,38.229386],[21.76111,38.229349],[21.761133,38.229302],[21.761144,38.229274],[21.761159,38.229233],[21.76118,38.229173],[21.761194,38.229136],[21.761206,38.229107],[21.761214,38.229089],[21.76122,38.229077],[21.761228,38.229065],[21.761237,38.229051],[21.761282,38.228989],[21.761304,38.228962],[21.761333,38.228931],[21.761361,38.228904],[21.761382,38.228886],[21.761422,38.228854],[21.76146,38.228823],[21.761486,38.228801],[21.761509,38.22878],[21.761526,38.228761],[21.76156,38.228721],[21.761575,38.228699],[21.761595,38.228665],[21.761623,38.228609],[21.761651,38.228547],[21.761679,38.22848],[21.761702,38.228421],[21.761715,38.228384],[21.761724,38.228353],[21.761739,38.228298],[21.761753,38.228244],[21.761769,38.228163],[21.761784,38.228063],[21.761797,38.227938],[21.761948,38.227929],[21.762091,38.227917],[21.76207,38.227808],[21.76207,38.227808],[21.762055,38.227728],[21.762049,38.227702],[21.76204,38.22767],[21.76203,38.227639],[21.762018,38.227607],[21.761997,38.227554],[21.76197,38.227491],[21.761952,38.227445],[21.761939,38.227413],[21.761929,38.227385],[21.76192,38.227354],[21.761913,38.227319],[21.761904,38.227268],[21.761887,38.227182],[21.761871,38.227088],[21.761858,38.226999],[21.761855,38.226937],[21.761853,38.226867],[21.761853,38.226867],[21.761858,38.226801],[21.761867,38.226742],[21.761884,38.226671],[21.761901,38.226625],[21.761915,38.226594],[21.761935,38.226562],[21.761952,38.226537],[21.761977,38.226507],[21.762009,38.226475],[21.762077,38.226411],[21.762095,38.226389],[21.762108,38.22637],[21.762115,38.226353],[21.762119,38.226337],[21.76212,38.226316],[21.762118,38.226282],[21.762111,38.226228],[21.7621,38.226156],[21.762087,38.22608],[21.762076,38.226014],[21.762066,38.225965],[21.762052,38.225903],[21.762043,38.225849],[21.762045,38.225819],[21.762045,38.225819],[21.762047,38.225801],[21.762053,38.225786],[21.762068,38.225769],[21.762002,38.225762],[21.761899,38.225742],[21.76176,38.225712],[21.761565,38.225675],[21.76137,38.225637],[21.761254,38.225617],[21.761181,38.225607],[21.761141,38.225602],[21.761046,38.225591],[21.76092,38.225584],[21.760803,38.225579],[21.760639,38.225577],[21.760461,38.225574],[21.760328,38.225572],[21.759885,38.22557],[21.759768,38.225573],[21.759768,38.225573],[21.759726,38.225574],[21.759534,38.22558],[21.759379,38.225595],[21.7592,38.225596],[21.758194,38.225599],[21.758196,38.22567],[21.758196,38.22567],[21.758194,38.225599],[21.7592,38.225596],[21.759379,38.225595],[21.759534,38.22558],[21.759612,38.225578],[21.759612,38.225578],[21.759726,38.225574],[21.759885,38.22557],[21.760328,38.225572],[21.760461,38.225574],[21.760639,38.225577],[21.760803,38.225579],[21.76092,38.225584],[21.761046,38.225591],[21.761141,38.225602],[21.761181,38.225607],[21.761254,38.225617],[21.76137,38.225637],[21.761565,38.225675],[21.76176,38.225712],[21.761899,38.225742],[21.762002,38.225762],[21.762068,38.225769],[21.762146,38.225771],[21.76217,38.22577],[21.76217,38.22577],[21.762228,38.225769],[21.762359,38.22576],[21.762561,38.225744],[21.762771,38.225721],[21.762917,38.225711],[21.763006,38.225709],[21.763081,38.225708],[21.763149,38.225711],[21.763208,38.225714],[21.763258,38.225718],[21.763346,38.225723],[21.763346,38.225723],[21.763461,38.225728],[21.763592,38.225733],[21.763768,38.22574],[21.764016,38.225753],[21.764085,38.225753],[21.764178,38.225746],[21.764323,38.225721],[21.764462,38.225696],[21.76455,38.225687],[21.764719,38.225681],[21.765212,38.22567],[21.765702,38.225671],[21.76587,38.225673],[21.76603,38.22568],[21.766046,38.225681],[21.76619,38.225704],[21.766164,38.225763],[21.766064,38.225946]]},"properties":{"line":"101","dir":"0","mode":"bus"}},{"type":"Feature","geometry":{"type":"LineString","coordinates":[[21.753861,38.280384],[21.753773,38.280461],[21.753674,38.280513],[21.753492,38.280598],[21.753315,38.280649],[21.753022,38.280691],[21.752785,38.2807],[21.752565,38.280708],[21.752224,38.280737],[21.751822,38.280773],[21.751509,38.280825],[21.751047,38.280943],[21.750687,38.281032],[21.749082,38.281601],[21.748281,38.281865],[21.747736,38.282027],[21.747431,38.282053],[21.747,38.281974],[21.746634,38.281837],[21.746322,38.281638],[21.746032,38.281278],[21.745764,38.28087],[21.745654,38.28069],[21.745555,38.280494],[21.745498,38.280267],[21.745438,38.27986],[21.745392,38.279374],[21.745347,38.278924],[21.745325,38.278582],[21.745297,38.278179],[21.745278,38.277927],[21.745259,38.277675],[21.745228,38.277422],[21.745194,38.277243],[21.745138,38.277081],[21.745101,38.276996],[21.745033,38.276936],[21.744756,38.276621],[21.744317,38.276087],[21.743941,38.275613],[21.74363,38.275162],[21.743266,38.27459],[21.743051,38.274313],[21.742815,38.274061],[21.742391,38.273683],[21.741928,38.273298],[21.741605,38.272972],[21.74141,38.272713],[21.742379,38.272265],[21.743178,38.271831],[21.743567,38.271589],[21.743982,38.271325],[21.744758,38.270854],[21.745496,38.270412],[21.745697,38.270282],[21.745803,38.270218],[21.745856,38.270152],[21.745947,38.270072],[21.746164,38.269952],[21.74639,38.269829],[21.746638,38.269709],[21.746783,38.269632],[21.746963,38.269509],[21.747121,38.269395],[21.747275,38.269301],[21.747428,38.269255],[21.747638,38.269181],[21.747909,38.269102],[21.748254,38.269012],[21.748727,38.268882],[21.74906,38.268776],[21.749162,38.268722],[21.748814,38.268273],[21.748455,38.267728],[21.748064,38.267141],[21.747884,38.266944],[21.747579,38.266711],[21.747287,38.266535],[21.747034,38.266346],[21.746833,38.266126],[21.746674,38.265871],[21.746571,38.26566],[21.746434,38.265377],[21.746258,38.265059],[21.745987,38.264791],[21.745391,38.264345],[21.744612,38.263797],[21.744115,38.263402],[21.743824,38.263095],[21.743743,38.262807],[21.743585,38.262115],[21.743458,38.261735],[21.743052,38.260942],[21.742678,38.260056],[21.742085,38.258565],[21.741312,38.256772],[21.740637,38.25513],[21.74025,38.254247],[21.740195,38.253338],[21.740247,38.252126],[21.740245,38.251751],[21.741274,38.251555],[21.740769,38.25112],[21.740254,38.25071],[21.73835,38.249232],[21.739606,38.248231],[21.738243,38.247204],[21.73704,38.246288],[21.735836,38.245372],[21.733455,38.243528],[21.733721,38.243265],[21.73411,38.242944],[21.734423,38.242707],[21.736001,38.242083],[21.739118,38.24089],[21.741622,38.239906],[21.742656,38.239437],[21.743582,38.238968],[21.744416,38.239069],[21.745196,38.239137],[21.745423,38.240189],[21.746187,38.240349],[21.746556,38.24014],[21.747783,38.239629],[21.748837,38.239174],[21.750694,38.238374],[21.750953,38.238016],[21.751254,38.237531],[21.751819,38.236614],[21.752216,38.235989],[21.752425,38.235588],[21.752602,38.235188],[21.753265,38.234658],[21.754068,38.234078],[21.75533,38.233377],[21.75609,38.232934],[21.756667,38.23255],[21.757186,38.232014],[21.757553,38.231627],[21.757908,38.231223],[21.75815,38.230718],[21.75836,38.230432],[21.7586,38.230322],[21.759021,38.230285],[21.759425,38.230266],[21.759798,38.230163],[21.760167,38.229978],[21.760965,38.229471],[21.761119,38.229284],[21.761186,38.229096],[21.761329,38.228891],[21.761508,38.228713],[21.761629,38.228481],[21.761722,38.228204],[21.761812,38.227948],[21.762073,38.227911],[21.76205,38.227726],[21.76191,38.227389],[21.761834,38.226867],[21.761874,38.226637],[21.762055,38.22643],[21.762092,38.226242],[21.762021,38.225818],[21.761345,38.22567],[21.7606,38.225588],[21.759784,38.22559],[21.759365,38.225605],[21.758552,38.225848],[21.758319,38.225934],[21.75813,38.22597],[21.758147,38.22559],[21.758578,38.225593],[21.759051,38.225594],[21.759202,38.225591],[21.759492,38.225566],[21.759686,38.225558],[21.760237,38.225558],[21.760819,38.225567],[21.761101,38.225593],[21.761527,38.22566],[21.761917,38.225748],[21.762155,38.225767],[21.762462,38.225751],[21.762867,38.225705],[21.763138,38.225701],[21.76355,38.225723],[21.7639,38.225738],[21.764167,38.225737],[21.764531,38.225678],[21.765319,38.225661],[21.766196,38.22569],[21.766043,38.225939]]},"properties":{"line":"101","dir":"1","mode":"bus"}},{"type":"Feature","geometry":{"type":"LineString","coordinates":[[21.753878,38.280367],[21.753647,38.280534],[21.753323,38.28065],[21.752962,38.2807],[21.752605,38.280704],[21.752179,38.280736],[21.751693,38.280785],[21.750849,38.280978],[21.749082,38.281601],[21.748217,38.281891],[21.74765,38.28204],[21.747367,38.282055],[21.747102,38.282],[21.746867,38.281934],[21.746659,38.281843],[21.746394,38.281692],[21.746202,38.281506],[21.746063,38.281317],[21.745828,38.280987],[21.745629,38.28067],[21.745541,38.280448],[21.74547,38.280089],[21.745381,38.279307],[21.745325,38.278533],[21.745298,38.2781],[21.745265,38.277683],[21.745199,38.277262],[21.745123,38.27703],[21.745015,38.276923],[21.744832,38.276714],[21.74399,38.275682],[21.743419,38.274851],[21.743133,38.274418],[21.742899,38.274143],[21.742676,38.273944],[21.742214,38.27354],[21.741731,38.273119],[21.741414,38.272698],[21.741889,38.272492],[21.742406,38.272231],[21.742757,38.27205],[21.743329,38.271719],[21.743977,38.27133],[21.744737,38.270869],[21.745125,38.270634],[21.745491,38.270408],[21.745759,38.270238],[21.74585,38.270166],[21.745938,38.270088],[21.746122,38.269973],[21.746348,38.269857],[21.746643,38.26971],[21.746931,38.269535],[21.747239,38.269315],[21.747828,38.269127],[21.748278,38.269011],[21.748776,38.26887],[21.748984,38.268815],[21.74916,38.268723],[21.748824,38.26829],[21.748455,38.267724],[21.748265,38.267432],[21.748086,38.26717],[21.748007,38.267072],[21.747823,38.266893],[21.747544,38.266694],[21.747296,38.266535],[21.747076,38.266376],[21.74687,38.26617],[21.746772,38.266044],[21.746674,38.265901],[21.746571,38.265687],[21.746439,38.265412],[21.746287,38.265114],[21.746131,38.264919],[21.745908,38.264729],[21.74541,38.264347],[21.74473,38.263886],[21.744437,38.263661],[21.744114,38.263389],[21.743877,38.263194],[21.743807,38.26305],[21.743633,38.262401],[21.743556,38.262055],[21.743529,38.261878],[21.743442,38.261752],[21.743065,38.260978],[21.74271,38.26017],[21.742397,38.259338],[21.742063,38.258573],[21.741693,38.257686],[21.741318,38.256781],[21.740994,38.255972],[21.740648,38.255147],[21.740502,38.254811],[21.740268,38.254289],[21.740226,38.254167],[21.740211,38.25382],[21.74019,38.253477],[21.740197,38.252945],[21.74022,38.252429],[21.740258,38.251743],[21.740744,38.251652],[21.741261,38.25156],[21.741186,38.251443],[21.740725,38.251085],[21.740243,38.250706],[21.739404,38.25006],[21.738334,38.249232],[21.738809,38.248846],[21.739328,38.248442],[21.739588,38.248229],[21.738932,38.247729],[21.738276,38.247212],[21.737066,38.246305],[21.735873,38.24538],[21.733787,38.243789],[21.733459,38.243523],[21.733652,38.243333],[21.733909,38.243116],[21.734102,38.242949],[21.734376,38.242739],[21.734668,38.242601],[21.735948,38.242104],[21.739134,38.240877],[21.741606,38.239914],[21.742095,38.239715],[21.742994,38.239245],[21.743578,38.238946],[21.743709,38.238991],[21.743915,38.239006],[21.744593,38.23908],[21.744937,38.239112],[21.745195,38.239125],[21.745228,38.239301],[21.745311,38.239749],[21.745406,38.240209],[21.745688,38.24026],[21.746199,38.240353],[21.746503,38.240193],[21.746821,38.240033],[21.747504,38.239739],[21.748481,38.239335],[21.749147,38.239045],[21.749706,38.23882],[21.750205,38.238606],[21.750498,38.238466],[21.750678,38.238372],[21.750781,38.238257],[21.750934,38.238019],[21.75137,38.238188],[21.751899,38.238359],[21.75211,38.238432],[21.752457,38.238351],[21.752792,38.238272],[21.753055,38.238199],[21.75323,38.238167],[21.753414,38.238189],[21.753544,38.238254],[21.753667,38.238418],[21.753821,38.238609],[21.753935,38.238641],[21.754072,38.238603],[21.75427,38.238529],[21.754454,38.238454],[21.754595,38.238391],[21.754724,38.238216],[21.754875,38.238049],[21.7551,38.237902],[21.755545,38.237642],[21.75599,38.23744],[21.756609,38.237154],[21.757063,38.236947],[21.75743,38.236781],[21.757854,38.236588],[21.758137,38.236487],[21.75839,38.236425],[21.758662,38.236397],[21.758916,38.236379],[21.759143,38.236311],[21.759383,38.236143],[21.759717,38.235971],[21.760212,38.23582],[21.760559,38.235715],[21.760802,38.235667],[21.760887,38.235655],[21.760972,38.235668],[21.761164,38.235765],[21.761389,38.235873],[21.761662,38.235961],[21.761863,38.235958],[21.761996,38.235889],[21.762019,38.235796],[21.762026,38.235631],[21.762045,38.235507],[21.762129,38.235383],[21.762228,38.235271],[21.762353,38.235202],[21.762533,38.235134],[21.762768,38.235054],[21.763159,38.234832],[21.763636,38.234485],[21.76381,38.234358],[21.763956,38.234282],[21.764046,38.23427],[21.764114,38.234316],[21.764113,38.234375],[21.76393,38.234481],[21.763748,38.234618],[21.763656,38.234787],[21.763637,38.234876],[21.76373,38.234937],[21.763824,38.234901],[21.763888,38.23479],[21.763989,38.234663],[21.764126,38.234574],[21.764242,38.234529],[21.764338,38.234587],[21.764332,38.234667],[21.764217,38.234769],[21.764084,38.234838],[21.764028,38.234933],[21.764092,38.235038],[21.764241,38.235048],[21.764386,38.23504],[21.764624,38.23507],[21.764942,38.235102],[21.765106,38.235101],[21.765301,38.235054],[21.765565,38.234967],[21.765852,38.234886],[21.766044,38.234825],[21.766189,38.234781],[21.766245,38.234818],[21.766139,38.2349],[21.765866,38.235038],[21.765675,38.235179],[21.765661,38.235253],[21.765798,38.235252],[21.76606,38.235189],[21.766336,38.235123],[21.766517,38.23507],[21.766731,38.234937],[21.76688,38.234884],[21.766969,38.234874],[21.767014,38.234898],[21.76705,38.234965],[21.76696,38.235058],[21.766669,38.235256],[21.76648,38.235334],[21.766289,38.235432],[21.766183,38.235493],[21.766151,38.235562],[21.766259,38.235639],[21.766334,38.235685],[21.766377,38.235778],[21.766385,38.235883],[21.766346,38.236007],[21.766295,38.236082],[21.766189,38.236183],[21.766066,38.236271],[21.765961,38.236357],[21.765912,38.236411],[21.765868,38.236515],[21.765797,38.236692],[21.765714,38.236831],[21.76556,38.236981],[21.76545,38.237085],[21.765197,38.237225],[21.764952,38.237355],[21.764803,38.237499],[21.764756,38.237622],[21.764807,38.237701],[21.764924,38.237795],[21.765019,38.237905],[21.765066,38.238037],[21.765095,38.238128],[21.76505,38.238208],[21.764867,38.238302],[21.764679,38.238337],[21.76444,38.238341],[21.764262,38.238352],[21.764103,38.238366],[21.763937,38.238423],[21.763839,38.238507],[21.763789,38.23862],[21.763743,38.238845],[21.763666,38.239038],[21.763514,38.238978]]},"properties":{"line":"102","dir":"Τέρμα Διάκου","mode":"bus"}},{"type":"Feature","geometry":{"type":"LineString","coordinates":[[21.753888,38.280363],[21.753685,38.280506],[21.75354,38.280582],[21.753264,38.280653],[21.753008,38.280685],[21.75274,38.280696],[21.752526,38.280706],[21.752336,38.28073],[21.752188,38.280737],[21.752047,38.280755],[21.751907,38.280756],[21.751696,38.280783],[21.751419,38.280842],[21.750889,38.280973],[21.750603,38.281051],[21.749082,38.281601],[21.748389,38.281823],[21.747806,38.282006],[21.747652,38.282037],[21.747445,38.28206],[21.747167,38.282011],[21.746879,38.281927],[21.746632,38.281826],[21.74637,38.281679],[21.74626,38.281555],[21.746092,38.281354],[21.745869,38.281035],[21.745704,38.280778],[21.745541,38.280456],[21.745464,38.280089],[21.745389,38.279433],[21.745324,38.278592],[21.745297,38.278133],[21.745265,38.277725],[21.745231,38.277418],[21.74516,38.277125],[21.745114,38.276996],[21.744973,38.276872],[21.744506,38.276317],[21.744138,38.275863],[21.743821,38.275438],[21.743514,38.274979],[21.743186,38.274487],[21.743001,38.274257],[21.742794,38.27404],[21.742455,38.27374],[21.742077,38.27343],[21.7417,38.27309],[21.741506,38.272852],[21.741414,38.272704],[21.742369,38.272265],[21.743205,38.27181],[21.743596,38.27157],[21.743971,38.271334],[21.745459,38.270424],[21.745743,38.270247],[21.745853,38.270162],[21.745961,38.270065],[21.746187,38.269928],[21.746413,38.269821],[21.746724,38.269675],[21.746939,38.269518],[21.747127,38.269382],[21.747348,38.269266],[21.747657,38.269169],[21.748069,38.269058],[21.748361,38.268973],[21.748759,38.268876],[21.74906,38.268781],[21.749157,38.268721],[21.748996,38.268501],[21.748824,38.268294],[21.748471,38.267717],[21.748102,38.267191],[21.747994,38.267062],[21.747833,38.266909],[21.74757,38.266706],[21.747267,38.266503],[21.747083,38.266377],[21.7469,38.2662],[21.74669,38.265909],[21.746498,38.265527],[21.746392,38.265298],[21.746293,38.265132],[21.746189,38.264978],[21.746077,38.264869],[21.745972,38.26479],[21.745597,38.264471],[21.745174,38.264185],[21.74473,38.263886],[21.744475,38.263678],[21.744101,38.263381],[21.743897,38.263211],[21.743801,38.263012],[21.743651,38.262492],[21.743576,38.262101],[21.743539,38.261914],[21.743469,38.261752],[21.743071,38.260959],[21.742716,38.260158],[21.7424,38.259357],[21.742074,38.258573],[21.741688,38.257673],[21.741329,38.256785],[21.740994,38.25597],[21.740648,38.255172],[21.740352,38.254436],[21.740241,38.25419],[21.740195,38.253468],[21.740205,38.252924],[21.740225,38.252379],[21.740256,38.251751],[21.741252,38.251559],[21.741171,38.251434],[21.740718,38.251064],[21.74028,38.250727],[21.738334,38.249219],[21.738948,38.248742],[21.739588,38.248239],[21.738921,38.24773],[21.738243,38.2472],[21.73705,38.246294],[21.735862,38.24538],[21.733787,38.243789],[21.733448,38.243535],[21.733893,38.243125],[21.734368,38.242726],[21.734932,38.242497],[21.735948,38.242095],[21.739129,38.240881],[21.741617,38.239906],[21.742224,38.23966],[21.743075,38.239205],[21.743554,38.238952],[21.743877,38.239006],[21.744601,38.239076],[21.745199,38.239134],[21.745223,38.239284],[21.745329,38.239778],[21.74541,38.240211],[21.745672,38.24026],[21.746191,38.240353],[21.746386,38.240248],[21.746975,38.239962],[21.748003,38.23954],[21.7497,38.238809],[21.750304,38.238559],[21.750549,38.238439],[21.750711,38.23835],[21.750824,38.2382],[21.750934,38.238024],[21.751467,38.23821],[21.752093,38.238421],[21.752631,38.238303],[21.753152,38.238172],[21.753312,38.23816],[21.753461,38.238202],[21.75361,38.238341],[21.753754,38.238571],[21.753912,38.238647],[21.754147,38.238572],[21.754387,38.238476],[21.754556,38.238415],[21.75471,38.238245],[21.75483,38.238106],[21.755083,38.237926],[21.755454,38.237701],[21.756137,38.237381],[21.757037,38.236964],[21.757658,38.236667],[21.758119,38.236481],[21.758451,38.236413],[21.75873,38.236404],[21.759036,38.236362],[21.759229,38.236248],[21.759426,38.236116],[21.759696,38.235983],[21.760003,38.235879],[21.760465,38.235749],[21.760723,38.235688],[21.760938,38.235662],[21.76105,38.235689],[21.761163,38.235758],[21.761447,38.235895],[21.761702,38.235967],[21.761921,38.235932],[21.762014,38.235847],[21.762028,38.235712],[21.762025,38.23556],[21.762066,38.235463],[21.762198,38.235307],[21.762311,38.235186],[21.762469,38.235156],[21.762731,38.235073],[21.763098,38.234863],[21.763636,38.234485],[21.763826,38.234346],[21.763969,38.234272],[21.764029,38.234266],[21.764089,38.234286],[21.764111,38.234356],[21.764058,38.234403],[21.763972,38.23445],[21.763817,38.234552],[21.763718,38.234666],[21.763647,38.234799],[21.763659,38.234903],[21.763773,38.23493],[21.763857,38.234838],[21.76392,38.234737],[21.764054,38.234615],[21.764147,38.23455],[21.764248,38.234543],[21.764319,38.234581],[21.764344,38.234672],[21.764223,38.234751],[21.764098,38.234837],[21.764048,38.23489],[21.76403,38.234952],[21.764125,38.235055],[21.764333,38.235048],[21.764539,38.235051],[21.764765,38.235075],[21.765056,38.2351],[21.76526,38.235058],[21.76555,38.234986],[21.765882,38.234887],[21.766113,38.234804],[21.766228,38.234788],[21.766232,38.234855],[21.765982,38.234965],[21.765809,38.235079],[21.765642,38.235216],[21.765703,38.235272],[21.766013,38.235203],[21.766355,38.235126],[21.766564,38.235041],[21.766749,38.234932],[21.76695,38.23486],[21.767034,38.234932],[21.766993,38.235026],[21.766833,38.235169],[21.766501,38.235329],[21.766271,38.235431],[21.766177,38.235502],[21.766184,38.235606],[21.766279,38.235646],[21.766354,38.235704],[21.766524,38.235647],[21.766797,38.235573],[21.767406,38.235455],[21.76762,38.235405],[21.767823,38.235376],[21.76824,38.235389],[21.768448,38.235396],[21.76912,38.235442],[21.770029,38.235555],[21.770274,38.235552],[21.770589,38.235429],[21.771082,38.235148],[21.771935,38.234656],[21.772201,38.234465],[21.772833,38.234162],[21.773197,38.234003],[21.773701,38.233801],[21.774001,38.233692],[21.774351,38.23366],[21.774938,38.23362],[21.775141,38.233608],[21.775398,38.233526],[21.775585,38.233472],[21.775681,38.233491],[21.775754,38.233517],[21.776139,38.233763],[21.77647,38.233958],[21.776262,38.233884],[21.776116,38.233797],[21.775865,38.233623],[21.775665,38.233527],[21.775549,38.233517],[21.775324,38.233596],[21.775035,38.23364],[21.774649,38.233675],[21.774247,38.233696],[21.774013,38.233728],[21.773586,38.233879],[21.773318,38.233992],[21.773013,38.23412],[21.772647,38.234277],[21.772291,38.234467],[21.772091,38.234585],[21.771605,38.234885],[21.77118,38.235148],[21.770946,38.235272],[21.770713,38.235406],[21.770409,38.235553],[21.770144,38.235584],[21.7697,38.235553],[21.769264,38.235492],[21.76867,38.235444],[21.76805,38.235413],[21.767707,38.235421],[21.767128,38.235539],[21.766694,38.235631],[21.766444,38.235703],[21.766368,38.235759],[21.766372,38.235863],[21.766367,38.235963],[21.766321,38.236043],[21.766255,38.236121],[21.766078,38.236261],[21.765957,38.236361],[21.765888,38.236444],[21.765862,38.236528],[21.765811,38.23666],[21.76571,38.23684],[21.765611,38.236926],[21.765401,38.237125],[21.765183,38.237241],[21.764967,38.237346],[21.764873,38.237416],[21.764789,38.237512],[21.764732,38.237599],[21.764774,38.237681],[21.764902,38.237776],[21.765019,38.237905],[21.765087,38.238067],[21.765068,38.238198],[21.76486,38.238297],[21.764611,38.238343],[21.764315,38.23834],[21.764108,38.238372],[21.764013,38.238393],[21.763918,38.238431],[21.763829,38.238506],[21.763779,38.238612],[21.763776,38.238715],[21.763732,38.238854],[21.763656,38.239019],[21.763514,38.238965]]},"properties":{"line":"102","dir":"Τέρμα Διάκου","mode":"bus"}},{"type":"Feature","geometry":{"type":"LineString","coordinates":[[21.753996,38.280502],[21.749082,38.281601],[21.745217,38.277801],[21.742815,38.274078],[21.743912,38.27133],[21.745427,38.270408],[21.747218,38.269311],[21.748803,38.268323],[21.748075,38.267216],[21.746674,38.265939],[21.74473,38.263915],[21.743404,38.261794],[21.742678,38.260183],[21.742042,38.258615],[21.741302,38.256806],[21.740648,38.255181],[21.740174,38.253481],[21.740182,38.252412],[21.740264,38.250753],[21.738532,38.2494],[21.738243,38.247246],[21.735857,38.245406],[21.733787,38.243789],[21.733593,38.243324],[21.735915,38.2421],[21.739118,38.240864],[21.741579,38.239906],[21.743893,38.238994],[21.74525,38.239272],[21.745672,38.240214],[21.747976,38.239511],[21.749641,38.238796],[21.750705,38.238309],[21.75554,38.237629],[21.759105,38.236252],[21.76032,38.235756],[21.762172,38.235307],[21.763024,38.233446],[21.76416,38.232275],[21.766748,38.231248],[21.771281,38.228802],[21.774154,38.22777],[21.77475,38.227342],[21.776651,38.227981],[21.781119,38.227993],[21.784247,38.228515],[21.788064,38.229145],[21.79116,38.228733],[21.801424,38.215966]]},"properties":{"line":"103","dir":"Ελεκιστρα","mode":"bus"}},{"type":"Feature","geometry":{"type":"LineString","coordinates":[[21.766064,38.225946],[21.765935,38.226183],[21.765789,38.226633],[21.765741,38.226809],[21.765722,38.22688],[21.7657,38.226978],[21.765662,38.227168],[21.76565,38.227222],[21.765603,38.227421],[21.765562,38.227602],[21.765523,38.227789],[21.765502,38.227897],[21.765489,38.227984],[21.765456,38.228242],[21.765403,38.228641],[21.765402,38.228654],[21.765402,38.228654],[21.765401,38.228665],[21.765325,38.228667],[21.765293,38.228671],[21.765256,38.228678],[21.764558,38.228852],[21.764016,38.228986],[21.763262,38.229173],[21.762575,38.229348],[21.761725,38.229567],[21.761142,38.22969],[21.761041,38.229689],[21.76098,38.229658],[21.76098,38.229658],[21.760853,38.229592],[21.760756,38.229651],[21.760516,38.229789],[21.76024,38.229947],[21.760075,38.230042],[21.759938,38.230122],[21.759891,38.230148],[21.759854,38.230168],[21.759806,38.230191],[21.759765,38.230206],[21.759733,38.230217],[21.759693,38.230228],[21.759651,38.230238],[21.759608,38.230246],[21.759547,38.230255],[21.759493,38.230262],[21.759425,38.230268],[21.759351,38.230272],[21.759264,38.230275],[21.759173,38.230275],[21.759085,38.230277],[21.759008,38.230281],[21.758911,38.230288],[21.758841,38.230294],[21.758779,38.230301],[21.758732,38.230308],[21.75868,38.230317],[21.758632,38.230326],[21.758594,38.230337],[21.758553,38.23035],[21.758474,38.230382],[21.758444,38.230398],[21.758403,38.230425],[21.75837,38.230448],[21.758341,38.230473],[21.75831,38.230504],[21.758269,38.230557],[21.758254,38.230581],[21.758232,38.230619],[21.758212,38.230658],[21.758161,38.230762],[21.758158,38.230768],[21.758032,38.231055],[21.757968,38.231191],[21.757919,38.231268],[21.757884,38.231321],[21.75785,38.231368],[21.757816,38.231406],[21.757772,38.231448],[21.757724,38.23148],[21.757656,38.231531],[21.757593,38.231582],[21.757531,38.231644],[21.757404,38.231767],[21.757302,38.23188],[21.757044,38.232172],[21.756936,38.23229],[21.756936,38.23229],[21.756904,38.232325],[21.756811,38.232412],[21.756636,38.232566],[21.756451,38.232705],[21.756082,38.232952],[21.755759,38.233143],[21.755363,38.23336],[21.755013,38.233552],[21.754691,38.233726],[21.754691,38.233726],[21.754648,38.233749],[21.754523,38.233819],[21.75441,38.233882],[21.754363,38.233908],[21.75428,38.233955],[21.754173,38.234019],[21.754075,38.234075],[21.753891,38.234191],[21.753594,38.234418],[21.753398,38.234566],[21.753124,38.23478],[21.752807,38.23502],[21.752701,38.235103],[21.752658,38.235142],[21.752621,38.235187],[21.752591,38.235237],[21.752561,38.235297],[21.752534,38.235357],[21.752534,38.235357],[21.752479,38.235476],[21.752344,38.235771],[21.752287,38.235886],[21.752223,38.235995],[21.752108,38.236174],[21.751958,38.236403],[21.751674,38.236845],[21.751454,38.237189],[21.751223,38.237575],[21.750946,38.238031],[21.750799,38.238255],[21.750771,38.2383],[21.750745,38.238337],[21.750724,38.238357],[21.750714,38.238363],[21.750714,38.238363],[21.750687,38.238381],[21.750644,38.238408],[21.750581,38.238441],[21.750389,38.238526],[21.749668,38.238835],[21.749668,38.238835],[21.749561,38.238881],[21.748163,38.239485],[21.748037,38.239539],[21.748037,38.239539],[21.747193,38.239896],[21.746833,38.24005],[21.746647,38.240134],[21.746619,38.240148],[21.746502,38.240223],[21.746449,38.240252],[21.746218,38.240374],[21.746144,38.240352],[21.745591,38.240252],[21.745447,38.240225],[21.745299,38.240199],[21.745299,38.240181],[21.745298,38.240167],[21.745291,38.240134],[21.745267,38.240032],[21.745267,38.240032],[21.745242,38.239923],[21.745248,38.239878],[21.745245,38.239833],[21.745235,38.239762],[21.745217,38.239661],[21.7452,38.239587],[21.745195,38.239567],[21.745167,38.239473],[21.745147,38.239396],[21.745128,38.239315],[21.745123,38.239282],[21.745114,38.239206],[21.745108,38.239134],[21.7451,38.239008],[21.74509,38.238856],[21.745077,38.238702],[21.745064,38.2386],[21.745053,38.238488],[21.744961,38.238466],[21.744738,38.238403],[21.744707,38.238396],[21.744676,38.238394],[21.744641,38.238396],[21.744582,38.238408],[21.74455,38.238421],[21.74392,38.238775],[21.74392,38.238775],[21.74357,38.23897],[21.743094,38.239236],[21.743026,38.239275],[21.742705,38.239451],[21.742467,38.239578],[21.74223,38.239693],[21.742145,38.239735],[21.742039,38.23978],[21.741915,38.239832],[21.741825,38.239868],[21.741659,38.239933],[21.741443,38.240018],[21.741443,38.240018],[21.741192,38.240118],[21.739733,38.240681],[21.739295,38.240845],[21.739253,38.24086],[21.738939,38.240981],[21.738939,38.240981],[21.738768,38.241048],[21.738715,38.241069],[21.738192,38.241272],[21.737535,38.241533],[21.736892,38.241776],[21.736157,38.242052],[21.735984,38.242118],[21.735984,38.242118],[21.735266,38.242393],[21.734698,38.242624],[21.734459,38.242712],[21.734396,38.242746],[21.734283,38.242817],[21.73402,38.243034],[21.733748,38.243263],[21.733745,38.243266],[21.733124,38.243789],[21.732278,38.244502],[21.731607,38.245068],[21.731568,38.2451],[21.730929,38.245639],[21.731581,38.246156],[21.731581,38.246156],[21.73183,38.246354],[21.732178,38.24663],[21.732553,38.246928],[21.732998,38.247281],[21.733187,38.24743],[21.733187,38.24743],[21.734145,38.248191],[21.735495,38.249262],[21.735677,38.249406],[21.735677,38.249406],[21.735956,38.249628],[21.736488,38.25005],[21.736828,38.25032],[21.73689,38.250369],[21.737465,38.250825],[21.737536,38.250886],[21.73768,38.251185],[21.73768,38.251185],[21.737852,38.251543],[21.737881,38.25162],[21.738057,38.252134],[21.738275,38.252965],[21.738408,38.253449],[21.738422,38.253501],[21.73847,38.25367],[21.738593,38.254065],[21.738593,38.254065],[21.738623,38.254163],[21.738759,38.25458],[21.739379,38.254431],[21.739952,38.254287],[21.740015,38.254271],[21.740267,38.254214],[21.740376,38.254467],[21.740519,38.254803],[21.740711,38.255265],[21.740711,38.255265],[21.74072,38.255286],[21.740765,38.255404],[21.740803,38.2555],[21.741008,38.255993],[21.741242,38.256553],[21.741484,38.25713],[21.741617,38.257464],[21.741617,38.257464],[21.741719,38.257718],[21.741952,38.258261],[21.742044,38.258478],[21.742203,38.258849],[21.742259,38.258986],[21.742259,38.258986],[21.742335,38.259174],[21.74243,38.259406],[21.742635,38.259911],[21.742727,38.260141],[21.742727,38.260141],[21.742868,38.260495],[21.743042,38.26089],[21.743112,38.26104],[21.74319,38.261194],[21.743319,38.261452],[21.743415,38.261647],[21.743497,38.261795],[21.743497,38.261795],[21.743546,38.261886],[21.74355,38.261893],[21.743566,38.261951],[21.743585,38.262031],[21.743596,38.262088],[21.743637,38.262371],[21.743661,38.262493],[21.743681,38.262592],[21.7437,38.262665],[21.743757,38.262852],[21.743828,38.263076],[21.743839,38.263108],[21.743848,38.263133],[21.743859,38.263156],[21.74387,38.263175],[21.743883,38.263192],[21.743923,38.26323],[21.743963,38.263261],[21.744057,38.263336],[21.744253,38.263488],[21.744292,38.26352],[21.744655,38.263808],[21.744897,38.263991],[21.745171,38.264177],[21.745203,38.264199],[21.745203,38.264199],[21.745388,38.264323],[21.745691,38.264552],[21.745725,38.264578],[21.746163,38.264937],[21.746203,38.264989],[21.746306,38.265124],[21.746487,38.265476],[21.746664,38.265837],[21.746713,38.265925],[21.746713,38.265925],[21.746721,38.26594],[21.746781,38.26604],[21.746831,38.266108],[21.746964,38.266265],[21.747018,38.266318],[21.74711,38.266397],[21.747162,38.266435],[21.747223,38.266474],[21.747363,38.266565],[21.747573,38.266706],[21.747696,38.266787],[21.747728,38.266811],[21.747793,38.266859],[21.747884,38.266936],[21.747943,38.266992],[21.748021,38.267075],[21.748087,38.26716],[21.748151,38.26725],[21.748151,38.26725],[21.748371,38.267555],[21.748673,38.268037],[21.748766,38.268194],[21.748893,38.268358],[21.748893,38.268358],[21.749166,38.268708],[21.749127,38.268745],[21.749059,38.268792],[21.749014,38.26881],[21.748862,38.268859],[21.748501,38.268954],[21.748224,38.269028],[21.747622,38.269194],[21.747386,38.269269],[21.747349,38.269282],[21.747317,38.269294],[21.74729,38.269306],[21.747263,38.269321],[21.74721,38.269352],[21.747205,38.269355],[21.747149,38.269391],[21.74698,38.269502],[21.746956,38.269519],[21.746923,38.269544],[21.746888,38.269571],[21.746843,38.269609],[21.746806,38.269634],[21.746777,38.269652],[21.74671,38.269689],[21.746403,38.269836],[21.746304,38.269886],[21.746236,38.269921],[21.746193,38.269947],[21.746061,38.270014],[21.745998,38.270053],[21.745956,38.270077],[21.745881,38.270142],[21.745853,38.270206],[21.745661,38.270321],[21.745548,38.27039],[21.745428,38.270463],[21.745428,38.270463],[21.745361,38.270504],[21.745231,38.270584],[21.744707,38.2709],[21.744298,38.271153],[21.744145,38.271245],[21.743973,38.271345],[21.743973,38.271345],[21.743892,38.271393],[21.743815,38.271441],[21.743523,38.271626],[21.743162,38.271847],[21.743055,38.271909],[21.742957,38.271964],[21.742833,38.272031],[21.742733,38.272083],[21.742599,38.272151],[21.742228,38.272341],[21.742041,38.272434],[21.741906,38.272498],[21.741819,38.272536],[21.741694,38.272592],[21.741527,38.272665],[21.741411,38.272714],[21.74151,38.272855],[21.741524,38.272873],[21.741613,38.272984],[21.741696,38.273073],[21.741783,38.273157],[21.741897,38.273252],[21.742483,38.273747],[21.742622,38.273864],[21.742785,38.274011],[21.742815,38.274042],[21.742815,38.274042],[21.742909,38.274138],[21.743034,38.274272],[21.743091,38.27434],[21.743137,38.2744],[21.743184,38.274467],[21.743258,38.274577],[21.743373,38.274754],[21.743737,38.275316],[21.743898,38.275541],[21.744026,38.275712],[21.744287,38.276029],[21.744903,38.27678],[21.744933,38.276813],[21.745039,38.276933],[21.745102,38.276973],[21.74519,38.27723],[21.74521,38.277301],[21.745217,38.277325],[21.745224,38.277356],[21.745254,38.277586],[21.745264,38.277702],[21.745269,38.277765],[21.745269,38.277765],[21.745272,38.277812],[21.745298,38.278152],[21.74531,38.278342],[21.745344,38.278837],[21.745371,38.279217],[21.745431,38.279781],[21.745468,38.280057],[21.745491,38.280205],[21.74551,38.280304],[21.745536,38.280414],[21.745551,38.280472],[21.745573,38.280528],[21.745597,38.280581],[21.745633,38.280646],[21.745729,38.280808],[21.745864,38.281024],[21.74594,38.281138],[21.746017,38.281244],[21.746115,38.281376],[21.74619,38.281471],[21.74627,38.281568],[21.746336,38.281637],[21.746415,38.281697],[21.746517,38.281764],[21.746617,38.281821],[21.746726,38.281873],[21.746825,38.28191],[21.746969,38.281956],[21.74707,38.281986],[21.747224,38.282022],[21.747305,38.282038],[21.747368,38.282046],[21.747426,38.282052],[21.747484,38.282052],[21.747553,38.282049],[21.747642,38.282039],[21.747716,38.282026],[21.747794,38.282008],[21.7479,38.281981],[21.748079,38.281927],[21.748423,38.281821],[21.748755,38.281714],[21.748849,38.281686],[21.748939,38.281655],[21.74916,38.281582],[21.74916,38.281582],[21.749235,38.281557],[21.749485,38.281463],[21.749785,38.281354],[21.75028,38.28117],[21.750434,38.281116],[21.750617,38.281054],[21.75072,38.281022],[21.750833,38.280989],[21.750919,38.280967],[21.751145,38.280915],[21.751365,38.280863],[21.751524,38.280826],[21.751607,38.280807],[21.751715,38.280791],[21.751888,38.280768],[21.75204,38.280753],[21.752232,38.280736],[21.752491,38.280716],[21.752579,38.280709],[21.752681,38.280704],[21.752784,38.280704],[21.752877,38.280702],[21.752952,38.280696],[21.75304,38.280687],[21.753144,38.280675],[21.753225,38.280662],[21.753227,38.280662],[21.75329,38.280649],[21.753359,38.280633],[21.753419,38.280616],[21.753472,38.280599],[21.753518,38.280581],[21.753556,38.280565],[21.753608,38.28054],[21.753675,38.280506],[21.753738,38.280472],[21.753764,38.280456],[21.753787,38.280441],[21.753818,38.280418],[21.753828,38.28041],[21.753841,38.280397],[21.75401,38.280485]]},"properties":{"line":"104","dir":"0","mode":"bus"}},{"type":"Feature","geometry":{"type":"LineString","coordinates":[[21.763188,38.238964],[21.762883,38.238809],[21.762316,38.238534],[21.761879,38.238346],[21.76163,38.238259],[21.761457,38.238172],[21.761254,38.238077],[21.761105,38.238008],[21.760888,38.237913],[21.760724,38.237817],[21.760562,38.237703],[21.760481,38.237651],[21.760356,38.237623],[21.760192,38.237669],[21.760015,38.237737],[21.759747,38.237838],[21.759553,38.237913],[21.759434,38.237912],[21.759325,38.237877],[21.759205,38.237774],[21.759032,38.237688],[21.758885,38.237665],[21.758685,38.237667],[21.758517,38.237685],[21.758283,38.23771],[21.758018,38.237674],[21.757737,38.237586],[21.75757,38.23762],[21.757334,38.237765],[21.757098,38.237836],[21.75638,38.237985],[21.755972,38.238015],[21.75579,38.237964],[21.755533,38.237651],[21.755014,38.237978],[21.754785,38.238154],[21.75467,38.23832],[21.754526,38.238432],[21.754071,38.238605],[21.753928,38.238669],[21.753805,38.238872],[21.75364,38.238999],[21.752974,38.239347],[21.752345,38.238565],[21.752205,38.238475],[21.750946,38.23802],[21.750714,38.238384],[21.749497,38.238898],[21.748037,38.239539],[21.746215,38.240358],[21.745316,38.240191],[21.745093,38.239019],[21.745038,38.238472],[21.744612,38.238379],[21.742487,38.239571],[21.74144,38.240013],[21.740214,38.240501],[21.738944,38.24099],[21.737451,38.241556],[21.735991,38.24213],[21.734341,38.242773],[21.733742,38.243264],[21.730919,38.245643],[21.733168,38.247419],[21.735679,38.249409],[21.737527,38.250884],[21.737981,38.251896],[21.738188,38.252609],[21.738597,38.254057],[21.738763,38.254575],[21.740264,38.25423],[21.740735,38.255259],[21.741636,38.257459],[21.742266,38.258984],[21.742728,38.260141],[21.743141,38.261046],[21.743563,38.261961],[21.743683,38.262558],[21.743872,38.263186],[21.745206,38.264196],[21.746179,38.264998],[21.746616,38.265665],[21.746847,38.266173],[21.747207,38.26647],[21.747836,38.266918],[21.748171,38.267241],[21.748502,38.267807],[21.748897,38.268356],[21.749143,38.268728],[21.747875,38.2691],[21.74723,38.269354],[21.746199,38.269928],[21.745434,38.27047],[21.744747,38.270849],[21.743975,38.271347],[21.742688,38.272104],[21.741401,38.272709],[21.742005,38.273358],[21.742845,38.274024],[21.743528,38.275018],[21.744298,38.276029],[21.745107,38.27698],[21.745288,38.277764],[21.745346,38.278734],[21.745382,38.279535],[21.745455,38.280144],[21.745558,38.280502],[21.745785,38.280898],[21.746195,38.28154],[21.746716,38.281896],[21.747286,38.282036],[21.747697,38.282029],[21.74914,38.281544],[21.750839,38.280965],[21.751551,38.280824],[21.752181,38.280727],[21.752733,38.280701],[21.753172,38.280683],[21.753589,38.280571],[21.75392,38.280317]]},"properties":{"line":"104","dir":"1","mode":"bus"}},{"type":"Feature","geometry":{"type":"LineString","coordinates":[[21.801424,38.215966],[21.80096,38.215773],[21.800636,38.215099],[21.800556,38.215244],[21.800536,38.215516],[21.800668,38.215984],[21.800942,38.216146],[21.801146,38.216612],[21.801212,38.217267],[21.801375,38.217346],[21.802624,38.217503],[21.802804,38.217649],[21.80294,38.217986],[21.802814,38.218311],[21.8024,38.218522],[21.802225,38.218709],[21.80222,38.219158],[21.802071,38.219255],[21.801504,38.219204],[21.800402,38.219575],[21.800161,38.219744],[21.799605,38.22074],[21.798641,38.220859],[21.798279,38.22115],[21.797991,38.221644],[21.797384,38.222201],[21.79736,38.22265],[21.796615,38.223164],[21.795431,38.223012],[21.794799,38.223602],[21.794649,38.223566],[21.794918,38.222957],[21.795252,38.222237],[21.795083,38.221427],[21.795024,38.22132],[21.794354,38.221357],[21.793581,38.221463],[21.793088,38.221954],[21.791918,38.222067],[21.79174,38.222143],[21.791615,38.222387],[21.791387,38.2228],[21.790995,38.223515],[21.791028,38.223909],[21.791167,38.224269],[21.791211,38.224921],[21.791641,38.225358],[21.791621,38.225591],[21.791497,38.225829],[21.791397,38.226036],[21.791488,38.226112],[21.791918,38.22613],[21.79238,38.226334],[21.793314,38.226475],[21.793349,38.226666],[21.791512,38.22742],[21.791246,38.227644],[21.791296,38.227893],[21.791267,38.228121],[21.79121,38.228823],[21.790859,38.228759],[21.789879,38.22912],[21.789649,38.228991],[21.789265,38.229013],[21.788678,38.229277],[21.788064,38.229145],[21.787135,38.229107],[21.786196,38.229018],[21.785895,38.22863],[21.785088,38.228367],[21.784247,38.228515],[21.783728,38.228663],[21.783187,38.228643],[21.78203,38.228551],[21.781733,38.228216],[21.781119,38.227993],[21.780605,38.227884],[21.780038,38.227859],[21.778978,38.227952],[21.778124,38.227818],[21.777469,38.227869],[21.776651,38.227981],[21.776225,38.227874],[21.775725,38.227615],[21.774734,38.227291],[21.774476,38.227558],[21.774154,38.22777],[21.773331,38.228205],[21.772187,38.228649],[21.771281,38.228802],[21.769565,38.229234],[21.768997,38.229522],[21.767506,38.230393],[21.767014,38.230847],[21.766812,38.231256],[21.766521,38.23143],[21.766035,38.231536],[21.765344,38.231715],[21.764166,38.232292],[21.763147,38.233198],[21.76312,38.233446],[21.763113,38.233613],[21.762623,38.234033],[21.762566,38.234231],[21.762667,38.234502],[21.762493,38.235035],[21.762188,38.235335],[21.762042,38.235588],[21.761993,38.235883],[21.761766,38.235993],[21.761248,38.2358],[21.760866,38.235667],[21.760317,38.235798],[21.759717,38.235992],[21.759127,38.236322],[21.7581,38.236502],[21.757298,38.236868],[21.755544,38.237651],[21.754698,38.238289],[21.753948,38.238662],[21.753685,38.238996],[21.75298,38.239361],[21.752482,38.238696],[21.752255,38.238499],[21.751396,38.238185],[21.750929,38.238037],[21.75073,38.238378],[21.749497,38.238898],[21.748037,38.239539],[21.746221,38.240366],[21.745488,38.240233],[21.7453,38.240193],[21.745241,38.239891],[21.74508,38.239211],[21.745037,38.238479],[21.744645,38.238371],[21.743593,38.238964],[21.742643,38.239499],[21.74144,38.240013],[21.738944,38.24099],[21.735991,38.24213],[21.73441,38.242718],[21.733742,38.243264],[21.730951,38.245639],[21.733201,38.247419],[21.735695,38.249434],[21.737526,38.250888],[21.737677,38.251183],[21.737962,38.251892],[21.738172,38.252618],[21.738613,38.254061],[21.73876,38.254583],[21.74028,38.25423],[21.740735,38.255259],[21.741636,38.257459],[21.742266,38.258984],[21.742705,38.260166],[21.743494,38.261796],[21.743872,38.263198],[21.745206,38.264196],[21.746268,38.265003],[21.746729,38.26592],[21.747013,38.266312],[21.747372,38.266551],[21.74808,38.267107],[21.748897,38.268356],[21.749176,38.268723],[21.748918,38.268846],[21.747221,38.26937],[21.746301,38.26989],[21.745434,38.27047],[21.743975,38.271347],[21.74274,38.272066],[21.741408,38.272727],[21.741621,38.272996],[21.742925,38.274154],[21.743865,38.275536],[21.744971,38.276896],[21.74523,38.277301],[21.745288,38.277764],[21.745366,38.279148],[21.745536,38.280405],[21.745998,38.281227],[21.746385,38.281692],[21.746828,38.281915],[21.747348,38.282048],[21.747616,38.282038],[21.748392,38.281835],[21.749167,38.281582],[21.750143,38.281228],[21.751129,38.280916],[21.751679,38.280791],[21.753001,38.280691],[21.753477,38.280599],[21.753888,38.280355]]},"properties":{"line":"104","dir":"1","mode":"bus"}},{"type":"Feature","geometry":{"type":"LineString","coordinates":[[21.738933,38.267708],[21.738937,38.267311],[21.738941,38.267293],[21.738955,38.267278],[21.738975,38.267269],[21.738998,38.267266],[21.739138,38.267274],[21.739372,38.26728],[21.739381,38.265806],[21.739386,38.26565],[21.739388,38.265565],[21.739393,38.265325],[21.739402,38.264966],[21.739404,38.264473],[21.739404,38.264471],[21.739397,38.263862],[21.739372,38.263496],[21.739339,38.26327],[21.739271,38.262819],[21.738785,38.259825],[21.738517,38.258509],[21.737993,38.256006],[21.737939,38.255481],[21.737735,38.25504],[21.737647,38.254888],[21.73744,38.254502],[21.737311,38.254261],[21.737279,38.254189],[21.737244,38.254103],[21.737198,38.254003],[21.737104,38.25377],[21.736926,38.253191],[21.736689,38.252354],[21.736418,38.251399],[21.736324,38.251012],[21.736279,38.250843],[21.736242,38.250707],[21.736229,38.250658],[21.736198,38.25057],[21.736153,38.250464],[21.736044,38.25029],[21.73587,38.250154],[21.735656,38.249997],[21.735515,38.24989],[21.735329,38.249747],[21.735329,38.249747],[21.734982,38.249479],[21.734717,38.249273],[21.734591,38.249167],[21.734201,38.248838],[21.733834,38.248528],[21.733045,38.247928],[21.73343,38.247623],[21.733294,38.247731],[21.733294,38.247731],[21.733045,38.247928],[21.73343,38.247623],[21.734198,38.248233],[21.735495,38.249262],[21.735677,38.249406],[21.735677,38.249406],[21.735956,38.249628],[21.736488,38.25005],[21.736828,38.25032],[21.73689,38.250369],[21.737465,38.250825],[21.737536,38.250886],[21.73768,38.251185],[21.73768,38.251185],[21.737852,38.251543],[21.737881,38.25162],[21.738057,38.252134],[21.738275,38.252965],[21.738408,38.253449],[21.738304,38.2537],[21.737879,38.25385],[21.737349,38.253998],[21.73786,38.255378],[21.738264,38.256858],[21.738407,38.257882],[21.739142,38.261741],[21.739339,38.26327],[21.739372,38.263496],[21.739397,38.263862],[21.739401,38.264241],[21.739401,38.264241],[21.739402,38.264303],[21.739404,38.264473],[21.739402,38.264966],[21.739393,38.265325],[21.739388,38.265565],[21.739386,38.26565],[21.739381,38.265806],[21.739372,38.267211]]},"properties":{"line":"111","dir":"PARKING 11","mode":"bus"}},{"type":"Feature","geometry":{"type":"LineString","coordinates":[[21.72107,38.223977],[21.720895,38.223067],[21.720524,38.221239],[21.719894,38.219309],[21.719585,38.219149],[21.719302,38.219242],[21.719158,38.219411],[21.7193,38.219783],[21.719854,38.220399],[21.720206,38.221735],[21.720618,38.223633],[21.720791,38.224431],[21.721458,38.225352],[21.721431,38.225528],[21.721163,38.225746],[21.721295,38.226121],[21.7214,38.226463],[21.721426,38.226381],[21.721398,38.226197],[21.721341,38.225969],[21.721622,38.225871],[21.721979,38.22611],[21.722855,38.228123],[21.723763,38.2306],[21.723946,38.231648],[21.724099,38.231838],[21.724202,38.231853],[21.724627,38.231843],[21.726618,38.241494],[21.726896,38.243713],[21.727094,38.243989],[21.727429,38.244009],[21.728347,38.243576],[21.728762,38.243843],[21.730247,38.245035],[21.731595,38.246145],[21.733201,38.247419],[21.735711,38.24938],[21.737036,38.250459],[21.7375,38.250822],[21.73712,38.251096],[21.736741,38.251252]]},"properties":{"line":"118","dir":"Σταθμός Υπεραστικών","mode":"bus"}},{"type":"Feature","geometry":{"type":"LineString","coordinates":[[21.761649,38.264875],[21.761468,38.264981],[21.76118,38.26508],[21.760609,38.265259],[21.75976,38.265539],[21.759325,38.265674],[21.758884,38.265814],[21.758352,38.265984],[21.757893,38.26614],[21.757514,38.266269],[21.757168,38.266392],[21.757033,38.266264],[21.756928,38.266183],[21.756807,38.266128],[21.756616,38.266037],[21.756438,38.265977],[21.756214,38.265894],[21.755955,38.265788],[21.755807,38.265711],[21.755693,38.265618],[21.75556,38.265466],[21.755376,38.265251],[21.755263,38.265106],[21.755056,38.264852],[21.754795,38.264603],[21.754625,38.264463],[21.754385,38.264253],[21.754152,38.264042],[21.753993,38.263869],[21.753902,38.263682],[21.7539,38.263483],[21.753953,38.263299],[21.754054,38.263051],[21.754132,38.262873],[21.75417,38.26267],[21.75419,38.262438],[21.75421,38.262195],[21.75422,38.262019],[21.754156,38.261839],[21.754086,38.261693],[21.754008,38.261532],[21.753894,38.261393],[21.753748,38.261334],[21.753551,38.261322],[21.753318,38.261317],[21.753105,38.261306],[21.752886,38.261266],[21.752723,38.261213],[21.752614,38.261127],[21.752479,38.261021],[21.752391,38.260947],[21.752255,38.260805],[21.752155,38.260679],[21.752034,38.260549],[21.751927,38.260438],[21.751809,38.260337],[21.751637,38.260193],[21.751509,38.26005],[21.751417,38.259911],[21.751329,38.259762],[21.751161,38.259506],[21.750917,38.259108],[21.75074,38.258884],[21.75047,38.258679],[21.75026,38.25856],[21.749886,38.258425],[21.749492,38.258281],[21.749011,38.258095],[21.748674,38.257934],[21.748441,38.257803],[21.748132,38.257696],[21.747988,38.257608],[21.747969,38.257363],[21.747885,38.257021],[21.747768,38.256757],[21.747462,38.256549],[21.747149,38.25637],[21.746853,38.256212],[21.746608,38.256125],[21.746346,38.255981],[21.746097,38.255976],[21.74544,38.256122],[21.744825,38.256276],[21.744056,38.256462],[21.743532,38.256605],[21.743281,38.256652],[21.74308,38.256212],[21.742912,38.255789],[21.742184,38.253953],[21.741926,38.253316],[21.741689,38.252703],[21.74132,38.251745],[21.741243,38.251527],[21.740743,38.251114],[21.740243,38.25071],[21.73836,38.249232],[21.738956,38.248732],[21.739576,38.248225],[21.73891,38.24771],[21.738265,38.247212],[21.737072,38.246309],[21.735857,38.245363],[21.733787,38.243789],[21.733346,38.243457],[21.73274,38.242987],[21.731975,38.242407],[21.730606,38.241358],[21.730146,38.240994],[21.729837,38.239661],[21.72932,38.237147],[21.729145,38.23606],[21.729877,38.236027],[21.730265,38.23604],[21.730653,38.236137],[21.734116,38.236966],[21.735104,38.237205],[21.735523,38.237274],[21.736211,38.237141],[21.736999,38.237013],[21.737786,38.237054],[21.73995,38.237127],[21.740051,38.235942],[21.740129,38.235248],[21.74065,38.235268],[21.741214,38.235279],[21.743582,38.235344],[21.744986,38.235392],[21.74601,38.235425],[21.74634,38.235425],[21.74653,38.234986],[21.746629,38.234738],[21.746432,38.234614],[21.744196,38.232341],[21.743244,38.231278],[21.74225,38.23035],[21.741381,38.22958],[21.741196,38.229388],[21.741075,38.229145],[21.74092,38.228659],[21.740813,38.228333],[21.740641,38.228058],[21.741231,38.227977],[21.741612,38.22786],[21.741889,38.2276],[21.741993,38.227238],[21.742422,38.22537],[21.742536,38.225001],[21.742647,38.22448],[21.742595,38.223949],[21.742543,38.223376],[21.742515,38.223041],[21.742404,38.222579],[21.741768,38.220869],[21.741485,38.219868],[21.742071,38.219701],[21.743762,38.219188],[21.744661,38.218906],[21.745239,38.21874],[21.745431,38.219063]]},"properties":{"line":"201","dir":"Αφετηρία Ταραμπούρα (ΤΕΙ)","mode":"bus"}},{"type":"Feature","geometry":{"type":"LineString","coordinates":[[21.745429,38.219053],[21.74565,38.219553],[21.745696,38.219648],[21.745719,38.219697],[21.746028,38.220339],[21.745608,38.220447],[21.745227,38.220526],[21.744827,38.2206],[21.744827,38.2206],[21.744514,38.220658],[21.744468,38.220579],[21.744116,38.219972],[21.743983,38.219727],[21.743744,38.21929],[21.743744,38.21929],[21.743698,38.219205],[21.743452,38.219282],[21.743021,38.219415],[21.74254,38.219566],[21.742204,38.219669],[21.74178,38.219798],[21.741747,38.219806],[21.741518,38.219854],[21.741646,38.220312],[21.74165,38.220325],[21.74165,38.220325],[21.741683,38.220446],[21.741739,38.220608],[21.741796,38.220794],[21.741948,38.221245],[21.741992,38.221378],[21.7421,38.221685],[21.742185,38.221942],[21.742232,38.222074],[21.742284,38.222221],[21.742378,38.222489],[21.742466,38.222749],[21.742486,38.222827],[21.7425,38.222889],[21.742514,38.222967],[21.742533,38.223103],[21.742552,38.223262],[21.742583,38.223613],[21.742583,38.223613],[21.742601,38.223824],[21.742632,38.224177],[21.742664,38.224509],[21.742667,38.224551],[21.742568,38.224965],[21.742485,38.225316],[21.742462,38.225423],[21.742462,38.225423],[21.742436,38.225545],[21.742426,38.225593],[21.742416,38.225638],[21.742338,38.225978],[21.742307,38.226118],[21.742148,38.226831],[21.742122,38.226951],[21.742046,38.22727],[21.742046,38.22727],[21.741975,38.227566],[21.741948,38.227618],[21.741918,38.227661],[21.741885,38.227692],[21.741738,38.227812],[21.741649,38.227873],[21.741125,38.228235],[21.74106,38.228275],[21.741013,38.228315],[21.740946,38.228381],[21.740991,38.228679],[21.741009,38.228752],[21.741041,38.228867],[21.741041,38.228867],[21.741068,38.228964],[21.741111,38.229033],[21.741193,38.229197],[21.741229,38.229266],[21.741269,38.229351],[21.741314,38.229427],[21.741455,38.229578],[21.7415,38.229662],[21.741779,38.229912],[21.741786,38.229923],[21.741842,38.22997],[21.742001,38.230113],[21.742157,38.230253],[21.742374,38.230449],[21.742438,38.230506],[21.742438,38.230506],[21.742486,38.230549],[21.742568,38.230624],[21.742771,38.230806],[21.742856,38.230885],[21.743059,38.231069],[21.74312,38.231127],[21.743169,38.231177],[21.743263,38.23128],[21.743487,38.231537],[21.743723,38.231809],[21.744017,38.232132],[21.744059,38.232181],[21.744081,38.232206],[21.744171,38.232303],[21.744171,38.232303],[21.744338,38.232483],[21.744707,38.232884],[21.744817,38.232998],[21.744982,38.233165],[21.745014,38.233198],[21.745638,38.233804],[21.746036,38.234215],[21.746211,38.234412],[21.74623,38.234434],[21.746271,38.234476],[21.746316,38.23452],[21.746372,38.234564],[21.746532,38.234686],[21.746579,38.234713],[21.746658,38.234748],[21.746815,38.234798],[21.746792,38.23485],[21.746579,38.235309],[21.746579,38.235309],[21.746531,38.235411],[21.746277,38.235947],[21.746251,38.236001],[21.746159,38.236196],[21.745997,38.236538],[21.745949,38.236529],[21.745839,38.236514],[21.745193,38.236464],[21.744478,38.236419],[21.743986,38.236391],[21.743986,38.236391],[21.743484,38.236363],[21.742394,38.236299],[21.741926,38.236273],[21.741926,38.236273],[21.741672,38.236259],[21.7409,38.236211],[21.740017,38.236163],[21.739974,38.236459],[21.739974,38.236459],[21.739951,38.236619],[21.739935,38.237137],[21.739827,38.237649],[21.739808,38.237707],[21.739808,38.237707],[21.739756,38.237867],[21.739648,38.238134],[21.739181,38.238079],[21.738986,38.238067],[21.73861,38.238035],[21.73861,38.238035],[21.738549,38.23803],[21.737979,38.23801],[21.737674,38.238008],[21.737653,38.238012],[21.737465,38.237777],[21.737465,38.237777],[21.737351,38.237635],[21.736972,38.237168],[21.736942,38.237146],[21.736924,38.237139],[21.736636,38.237095],[21.736293,38.237137],[21.736191,38.237153],[21.736191,38.237153],[21.736052,38.237176],[21.735745,38.237226],[21.735486,38.23728],[21.735116,38.237176],[21.734628,38.237059],[21.734312,38.23699],[21.733795,38.236869],[21.733631,38.236827],[21.733631,38.236827],[21.732775,38.236609],[21.732304,38.236499],[21.731713,38.236381],[21.731322,38.236289],[21.730666,38.236133],[21.730212,38.236026],[21.730261,38.236257],[21.730261,38.236257],[21.730304,38.23646],[21.730363,38.236775],[21.730466,38.237294],[21.73057,38.237864],[21.730686,38.238458],[21.730696,38.238512],[21.730696,38.238512],[21.730855,38.239329],[21.730996,38.239964],[21.73114,38.240575],[21.730794,38.240614],[21.730794,38.240614],[21.730072,38.240694],[21.729374,38.240778],[21.728979,38.240824],[21.728953,38.240862],[21.728939,38.240889],[21.728935,38.240923],[21.728946,38.240967],[21.729293,38.241237],[21.729293,38.241237],[21.729542,38.241431],[21.729972,38.241768],[21.73034,38.242063],[21.730643,38.242309],[21.730767,38.242404],[21.731208,38.242729],[21.731642,38.243078],[21.731927,38.243299],[21.731927,38.243299],[21.73208,38.243417],[21.732494,38.24373],[21.733369,38.244419],[21.733759,38.24471],[21.733895,38.244814],[21.733895,38.244814],[21.734125,38.24499],[21.734471,38.245263],[21.73453,38.245309],[21.734795,38.245508],[21.735047,38.245698],[21.735101,38.245739],[21.735109,38.245744],[21.735123,38.245751],[21.735139,38.245757],[21.735156,38.245761],[21.735177,38.245764],[21.735213,38.245766],[21.735225,38.245766],[21.735242,38.245764],[21.735253,38.245762],[21.735258,38.24576],[21.735347,38.245698],[21.735418,38.245679],[21.735489,38.245692],[21.735675,38.245827],[21.73576,38.245886],[21.73576,38.245886],[21.735797,38.245912],[21.735813,38.245947],[21.735811,38.24598],[21.735793,38.246043],[21.735758,38.246111],[21.735725,38.246176],[21.735725,38.246216],[21.73575,38.246247],[21.735758,38.246254],[21.736179,38.246591],[21.736199,38.246608],[21.737009,38.247251],[21.737513,38.247632],[21.737513,38.247632],[21.73805,38.248039],[21.738952,38.248744],[21.739319,38.24903],[21.739319,38.24903],[21.739504,38.249174],[21.739757,38.249377],[21.740273,38.249758],[21.74054,38.249973],[21.740835,38.250199],[21.740835,38.250199],[21.741004,38.250328],[21.741418,38.250649],[21.741834,38.25098],[21.742214,38.251282],[21.742365,38.251397],[21.742536,38.251492],[21.742757,38.251671],[21.742757,38.251671],[21.74288,38.25177],[21.742996,38.251865],[21.743081,38.251929],[21.74317,38.251998],[21.743381,38.252178],[21.743505,38.252334],[21.743633,38.252493],[21.744089,38.253008],[21.744089,38.253008],[21.744267,38.253208],[21.744554,38.253521],[21.744694,38.253702],[21.744764,38.253785],[21.744864,38.253904],[21.745329,38.254445],[21.745419,38.254556],[21.745631,38.254803],[21.745732,38.254932],[21.745893,38.255133],[21.745958,38.255211],[21.745958,38.255211],[21.74601,38.255274],[21.746352,38.255687],[21.746437,38.255778],[21.746525,38.255801],[21.746602,38.255797],[21.746705,38.255762],[21.746848,38.255668],[21.746961,38.255604],[21.747023,38.255587],[21.747068,38.255576],[21.747103,38.255571],[21.747154,38.255567],[21.747178,38.255567],[21.747207,38.255569],[21.747239,38.255574],[21.747267,38.255579],[21.747288,38.255585],[21.747316,38.255598],[21.747345,38.255615],[21.747364,38.255627],[21.747384,38.255641],[21.747408,38.255661],[21.747435,38.255687],[21.747459,38.255712],[21.747488,38.25574],[21.747511,38.255755],[21.747553,38.255861],[21.747588,38.25595],[21.747679,38.256198],[21.747703,38.256262],[21.747754,38.256395],[21.747838,38.256597],[21.747879,38.256672],[21.747895,38.256695],[21.747928,38.256734],[21.74796,38.256773],[21.747983,38.256807],[21.747991,38.256822],[21.74802,38.256882],[21.748055,38.256968],[21.748084,38.257044],[21.748099,38.257099],[21.74812,38.257187],[21.748137,38.257286],[21.748138,38.257303],[21.748138,38.257303],[21.74814,38.257344],[21.748144,38.257395],[21.748145,38.25745],[21.748142,38.257519],[21.748159,38.257544],[21.748173,38.257562],[21.748189,38.257579],[21.748207,38.257596],[21.748242,38.257627],[21.74828,38.257658],[21.748331,38.2577],[21.748375,38.257737],[21.748422,38.257774],[21.748487,38.257817],[21.748543,38.257851],[21.748733,38.257965],[21.748795,38.258003],[21.74885,38.258031],[21.748916,38.258061],[21.749178,38.258165],[21.749435,38.258258],[21.749868,38.258416],[21.750256,38.258557],[21.750269,38.258564],[21.750318,38.258589],[21.75042,38.258649],[21.750493,38.258697],[21.750597,38.258773],[21.750631,38.258803],[21.750631,38.258803],[21.750741,38.258901],[21.750845,38.259014],[21.750921,38.259111],[21.751026,38.259281],[21.751137,38.259469],[21.751548,38.260092],[21.751645,38.260195],[21.751742,38.260284],[21.751867,38.260376],[21.752026,38.260517],[21.752159,38.260679],[21.752395,38.260957],[21.7524,38.260961],[21.752662,38.261166],[21.752789,38.261235],[21.752984,38.261271],[21.753178,38.261308],[21.753316,38.261311],[21.753549,38.261314],[21.753613,38.261315],[21.753665,38.261318],[21.753712,38.261325],[21.753769,38.261337],[21.753807,38.261349],[21.753832,38.26136],[21.753832,38.26136],[21.753853,38.261371],[21.753874,38.261386],[21.753891,38.261403],[21.753921,38.261432],[21.753964,38.261485],[21.753996,38.261527],[21.754029,38.261576],[21.754062,38.261633],[21.754106,38.261717],[21.754153,38.261816],[21.754188,38.261893],[21.754203,38.261936],[21.754212,38.261969],[21.754219,38.262003],[21.754225,38.262071],[21.754227,38.262135],[21.754225,38.262203],[21.754217,38.262313],[21.754204,38.262453],[21.754189,38.262588],[21.754176,38.262693],[21.754167,38.262751],[21.754158,38.262795],[21.754143,38.262845],[21.754128,38.262893],[21.754107,38.262952],[21.754089,38.262997],[21.754061,38.263059],[21.753989,38.263226],[21.753943,38.263334],[21.753936,38.263355],[21.753917,38.263434],[21.753912,38.263479],[21.753907,38.263535],[21.753908,38.263584],[21.753914,38.263647],[21.753927,38.263703],[21.753953,38.263771],[21.753984,38.263829],[21.754011,38.26387],[21.754048,38.263918],[21.754085,38.263959],[21.754138,38.264012],[21.754191,38.264058],[21.754468,38.264297],[21.754561,38.264376],[21.75483,38.264622],[21.75483,38.264622],[21.7549,38.264686],[21.755075,38.264867],[21.75512,38.264918],[21.755166,38.264972],[21.755273,38.265105],[21.755428,38.265291],[21.755549,38.265439],[21.755719,38.265628],[21.755748,38.265656],[21.755783,38.265685],[21.755822,38.265713],[21.755868,38.265738],[21.755924,38.265765],[21.756004,38.265798],[21.756093,38.265835],[21.756189,38.265872],[21.756283,38.265907],[21.756366,38.265936],[21.75658,38.266009],[21.756662,38.265943],[21.756716,38.2659],[21.756733,38.265887],[21.756769,38.265866],[21.756769,38.265866],[21.756994,38.265752],[21.75737,38.265589],[21.757583,38.265495],[21.757703,38.265443],[21.758023,38.265303],[21.758098,38.265272],[21.75819,38.265235],[21.758288,38.265194],[21.75838,38.265154],[21.758449,38.265122],[21.758543,38.265079],[21.758948,38.264874],[21.758948,38.264874],[21.759018,38.264839],[21.759144,38.264785],[21.75981,38.264515],[21.760133,38.264385],[21.760133,38.264385],[21.760209,38.264354],[21.760296,38.26431],[21.760354,38.26434],[21.760432,38.264375],[21.760507,38.264406],[21.760844,38.264548],[21.760983,38.264603],[21.761296,38.264732],[21.761383,38.264765],[21.761482,38.2648]]},"properties":{"line":"202","dir":"0","mode":"bus"}},{"type":"Feature","geometry":{"type":"LineString","coordinates":[[21.745453,38.219046],[21.744822,38.220583],[21.743718,38.219299],[21.741685,38.220319],[21.742601,38.223612],[21.742475,38.225425],[21.742062,38.227272],[21.733794,38.228319],[21.733263,38.227094],[21.731706,38.226045],[21.731073,38.22402],[21.730466,38.222343],[21.732651,38.222309],[21.735022,38.221251],[21.737258,38.220706],[21.736968,38.218505],[21.729814,38.210895],[21.725403,38.20555],[21.717487,38.209436],[21.71509,38.210482],[21.711404,38.207591],[21.709146,38.204797],[21.705884,38.203363],[21.702872,38.202342],[21.700205,38.200347],[21.698046,38.198756],[21.696556,38.196819],[21.694464,38.19443],[21.693022,38.193288],[21.691422,38.191662],[21.690453,38.190126],[21.689442,38.188936],[21.687573,38.187175],[21.682053,38.185952],[21.680256,38.185896],[21.678125,38.183594],[21.677505,38.181444],[21.677689,38.178854],[21.677356,38.176755],[21.676931,38.175175],[21.676182,38.173712],[21.675175,38.171731],[21.673538,38.169567],[21.671365,38.167615],[21.668428,38.166214]]},"properties":{"line":"202","dir":"1","mode":"bus"}},{"type":"Feature","geometry":{"type":"LineString","coordinates":[[21.750141,38.264552],[21.750351,38.264456],[21.750187,38.264211],[21.749961,38.263751],[21.749734,38.263279],[21.74923,38.262239],[21.749031,38.261829],[21.748688,38.26123],[21.748482,38.260788],[21.748428,38.260559],[21.748385,38.260415],[21.748266,38.26023],[21.7481,38.259964],[21.747979,38.259772],[21.747859,38.259825],[21.74716,38.260078],[21.746918,38.260171],[21.746448,38.259198],[21.746187,38.258708],[21.745936,38.258208],[21.745081,38.256436],[21.744983,38.256218],[21.744173,38.25642],[21.743287,38.256641],[21.742906,38.255759],[21.742545,38.254848],[21.742189,38.253949],[21.741706,38.252703],[21.741259,38.251559],[21.741179,38.251434],[21.741035,38.251316],[21.74065,38.251026],[21.740264,38.250727],[21.739398,38.250051],[21.738339,38.249228],[21.73879,38.248873],[21.73959,38.248232],[21.738922,38.247726],[21.73826,38.247221],[21.737058,38.246301],[21.735862,38.245385],[21.733787,38.243789],[21.732566,38.242841],[21.731494,38.242013],[21.730583,38.241316],[21.730148,38.241006],[21.730065,38.240691],[21.72893,38.240824],[21.727857,38.240937],[21.727804,38.240649],[21.727626,38.239584],[21.727436,38.238503],[21.727269,38.237534],[21.727085,38.236539],[21.726814,38.234113],[21.726748,38.233426],[21.72731,38.233387],[21.727867,38.233338],[21.729022,38.233257],[21.72975,38.233204],[21.729977,38.233211],[21.730194,38.233251],[21.731796,38.233594],[21.733276,38.233899],[21.733682,38.234031],[21.734486,38.234367],[21.735164,38.23468],[21.7358,38.235061],[21.736243,38.235312],[21.736722,38.235084],[21.737469,38.234784],[21.737465,38.234553],[21.737442,38.234361],[21.737392,38.234198],[21.736785,38.233243],[21.736402,38.232554],[21.736194,38.232252],[21.735986,38.231966],[21.735523,38.231229],[21.735265,38.230822],[21.73505,38.230352],[21.734813,38.229892],[21.734684,38.22967],[21.734572,38.229488],[21.734419,38.229283],[21.734235,38.229092],[21.734073,38.22895],[21.733955,38.228807],[21.733866,38.228553],[21.73381,38.22829],[21.733783,38.228096],[21.733743,38.227902],[21.733664,38.227759],[21.733263,38.227094],[21.733198,38.226961],[21.733085,38.226853],[21.732894,38.226765],[21.732638,38.226696],[21.732446,38.226653],[21.732285,38.226564],[21.73206,38.226406],[21.731706,38.226045],[21.731529,38.225703],[21.731376,38.225369],[21.731278,38.225028],[21.731211,38.224723],[21.731143,38.224435],[21.731092,38.224278],[21.731095,38.224113],[21.731102,38.223907],[21.731106,38.223673],[21.731049,38.223594],[21.7308,38.223597],[21.730692,38.223568],[21.73059,38.223398],[21.730399,38.223027],[21.730207,38.222715],[21.730154,38.222649],[21.730246,38.222509],[21.730334,38.22243],[21.730498,38.22236],[21.730711,38.222318],[21.731005,38.22228],[21.731324,38.222252],[21.731644,38.222268],[21.732002,38.222305],[21.732332,38.222341],[21.732678,38.222317],[21.732986,38.222223],[21.733296,38.22212],[21.733628,38.222027],[21.73381,38.221972],[21.73396,38.221915],[21.734127,38.221794],[21.734258,38.221691],[21.734479,38.221518],[21.734638,38.221401],[21.73483,38.221301],[21.735022,38.221251],[21.735245,38.22121],[21.735635,38.221139],[21.736028,38.221053],[21.736482,38.220939],[21.736929,38.220822],[21.737301,38.220727],[21.737741,38.220619],[21.73737,38.219693],[21.737156,38.219065],[21.737019,38.218721],[21.736973,38.218596]]},"properties":{"line":"301","dir":"Αφετηρία Ζαρουχλέικα","mode":"bus"}},{"type":"Feature","geometry":{"type":"LineString","coordinates":[[21.736962,38.218544],[21.736948,38.218514],[21.736933,38.218485],[21.736922,38.218463],[21.736882,38.218393],[21.736872,38.21838],[21.736848,38.218345],[21.736831,38.218323],[21.736801,38.218283],[21.736696,38.21815],[21.736612,38.218043],[21.73653,38.217936],[21.736459,38.217843],[21.736327,38.217671],[21.736248,38.217566],[21.736118,38.217385],[21.736118,38.217385],[21.73601,38.21723],[21.735897,38.217075],[21.735816,38.216962],[21.735762,38.216888],[21.735792,38.216919],[21.735501,38.216389],[21.734965,38.215811],[21.734139,38.215093],[21.733046,38.214669],[21.732318,38.213668],[21.7318,38.213557],[21.731603,38.21337],[21.731171,38.213026],[21.731163,38.213016],[21.731163,38.213016],[21.731007,38.212808],[21.730917,38.212569],[21.730761,38.212262],[21.730662,38.212081],[21.730537,38.211854],[21.730506,38.211803],[21.730368,38.21158],[21.73033,38.211534],[21.730268,38.211446],[21.730195,38.211352],[21.729968,38.211026],[21.729854,38.210884],[21.729854,38.210884],[21.729848,38.210876],[21.729739,38.210753],[21.729494,38.210538],[21.729362,38.210424],[21.72932,38.210381],[21.729291,38.210349],[21.729254,38.210296],[21.729151,38.210104],[21.729006,38.209842],[21.728866,38.209604],[21.728732,38.209356],[21.728696,38.209279],[21.728659,38.209167],[21.728607,38.209054],[21.728577,38.20901],[21.728537,38.208971],[21.728491,38.208929],[21.728453,38.208876],[21.728306,38.208623],[21.728147,38.20826],[21.728044,38.208233],[21.727987,38.20822],[21.727726,38.208153],[21.727568,38.208104],[21.727391,38.208029],[21.727381,38.208025],[21.727273,38.207967],[21.727178,38.207897],[21.727155,38.207719],[21.727155,38.207627],[21.727166,38.207529],[21.727196,38.207382],[21.72722,38.207283],[21.727254,38.207195],[21.727272,38.207133],[21.727279,38.207084],[21.727281,38.207037],[21.727275,38.206995],[21.727263,38.206947],[21.727227,38.206847],[21.727182,38.206735],[21.72713,38.206618],[21.727102,38.206571],[21.727043,38.206497],[21.726989,38.206438],[21.726937,38.206385],[21.726937,38.206385],[21.7269,38.206347],[21.727627,38.20616],[21.727676,38.206143],[21.727727,38.206117],[21.727747,38.206101],[21.727762,38.206082],[21.72777,38.206062],[21.727779,38.206024],[21.727785,38.205975],[21.727791,38.205943],[21.727801,38.205909],[21.727818,38.205907],[21.727846,38.205906],[21.727876,38.205908],[21.727901,38.20591],[21.727906,38.20591],[21.727941,38.205915],[21.728026,38.205926],[21.728388,38.205962],[21.728478,38.205974],[21.728591,38.205983],[21.728692,38.205987],[21.728847,38.20598],[21.728878,38.205972],[21.728979,38.205949],[21.729085,38.20592],[21.729135,38.205907],[21.729333,38.205844],[21.729357,38.205832],[21.72944,38.205826],[21.729531,38.205825],[21.729627,38.205826],[21.729722,38.205832],[21.729773,38.205843],[21.729805,38.205853],[21.729833,38.205867],[21.729855,38.205883],[21.729894,38.205915],[21.729958,38.205964],[21.730077,38.206051],[21.730096,38.206062],[21.730149,38.206094],[21.730188,38.206114],[21.730224,38.20613],[21.730259,38.206142],[21.730294,38.20615],[21.730327,38.206156],[21.730378,38.206162],[21.730526,38.206177],[21.730526,38.206177],[21.730378,38.206162],[21.730327,38.206156],[21.730294,38.20615],[21.730259,38.206142],[21.730224,38.20613],[21.730188,38.206114],[21.730149,38.206094],[21.730096,38.206062],[21.730077,38.206051],[21.729958,38.205964],[21.729894,38.205915],[21.729855,38.205883],[21.729833,38.205867],[21.729805,38.205853],[21.729773,38.205843],[21.729722,38.205832],[21.729627,38.205826],[21.729531,38.205825],[21.72944,38.205826],[21.729357,38.205832],[21.729333,38.205844],[21.729135,38.205907],[21.729085,38.20592],[21.728979,38.205949],[21.728878,38.205972],[21.728847,38.20598],[21.728692,38.205987],[21.728591,38.205983],[21.728478,38.205974],[21.728388,38.205962],[21.728026,38.205926],[21.727941,38.205915],[21.727906,38.20591],[21.727901,38.20591],[21.727876,38.205908],[21.727846,38.205906],[21.727818,38.205907],[21.727801,38.205909],[21.727791,38.205943],[21.727785,38.205975],[21.727779,38.206024],[21.72777,38.206062],[21.727762,38.206082],[21.727747,38.206101],[21.727727,38.206117],[21.727676,38.206143],[21.727627,38.20616],[21.7269,38.206347],[21.726822,38.206263],[21.726747,38.206183],[21.726607,38.206037],[21.726466,38.205889],[21.726344,38.20577],[21.72619,38.205628],[21.725962,38.205427],[21.725839,38.205423],[21.725707,38.205439],[21.725607,38.205455],[21.725561,38.205467],[21.725502,38.205484],[21.725476,38.205494],[21.725476,38.205494],[21.725374,38.205538],[21.725219,38.205612],[21.725121,38.205657],[21.725072,38.20568],[21.724746,38.205847],[21.724603,38.205923],[21.724529,38.205967],[21.724479,38.205996],[21.724345,38.20608],[21.724284,38.206124],[21.724203,38.206186],[21.723995,38.206351],[21.723938,38.206392],[21.723866,38.206441],[21.723789,38.206491],[21.72374,38.206519],[21.723626,38.206577],[21.723607,38.206587],[21.723457,38.206655],[21.723353,38.206707],[21.723272,38.206756],[21.723203,38.2068],[21.72319,38.206809],[21.723186,38.206812],[21.723167,38.206825],[21.723135,38.206853],[21.723061,38.206915],[21.722999,38.206969],[21.72291,38.207036],[21.722855,38.207075],[21.722834,38.207089],[21.722805,38.207106],[21.722722,38.20716],[21.72269,38.20718],[21.722606,38.20724],[21.722555,38.207279],[21.722494,38.207328],[21.72243,38.207383],[21.722371,38.207434],[21.722322,38.207469],[21.722256,38.207496],[21.722192,38.207515],[21.722052,38.207545],[21.721871,38.207576],[21.721795,38.207592],[21.721706,38.207613],[21.721574,38.207642],[21.721376,38.207685],[21.721319,38.207699],[21.721206,38.207726],[21.72108,38.207763],[21.721011,38.20779],[21.72092,38.207823],[21.720823,38.207855],[21.720823,38.207855],[21.720808,38.20786],[21.720721,38.207885],[21.720561,38.20793],[21.720464,38.207961],[21.720379,38.20799],[21.720307,38.208015],[21.720252,38.208035],[21.720098,38.20809],[21.71995,38.208146],[21.719797,38.20822],[21.719665,38.208298],[21.719642,38.208313],[21.719591,38.208347],[21.719517,38.208395],[21.719417,38.208465],[21.719251,38.208582],[21.719215,38.208606],[21.71916,38.208641],[21.719073,38.208698],[21.718964,38.208766],[21.718811,38.208856],[21.718338,38.209125],[21.718224,38.209191],[21.718113,38.209257],[21.717871,38.209405],[21.717836,38.209423],[21.717811,38.209435],[21.717788,38.209445],[21.717753,38.209456],[21.717731,38.20946],[21.717706,38.209464],[21.71768,38.209465],[21.717661,38.209466],[21.717631,38.209466],[21.717594,38.209464],[21.717559,38.20946],[21.717499,38.209451],[21.717483,38.209448],[21.717483,38.209448],[21.71744,38.209439],[21.717129,38.209368],[21.717092,38.209361],[21.717076,38.209359],[21.717063,38.209359],[21.717039,38.20936],[21.717009,38.209362],[21.716976,38.209365],[21.716953,38.209369],[21.716903,38.20938],[21.716872,38.209388],[21.716852,38.209395],[21.716829,38.209407],[21.716809,38.20942],[21.716758,38.20946],[21.71662,38.209572],[21.716735,38.209659],[21.716766,38.209688],[21.717024,38.209927],[21.71704,38.209942],[21.717113,38.210009],[21.717207,38.210111],[21.7174,38.210319],[21.71749,38.210415],[21.717544,38.210475],[21.717687,38.210633],[21.717892,38.210858],[21.718069,38.211075],[21.718181,38.211221],[21.718443,38.211609],[21.718654,38.211904],[21.718691,38.21196],[21.718854,38.212213],[21.71942,38.212032],[21.720888,38.211007],[21.721669,38.210556],[21.722145,38.210086],[21.722415,38.209969],[21.723956,38.209548],[21.724372,38.210628],[21.724455,38.210754],[21.724645,38.210796],[21.724856,38.210805],[21.725241,38.212537],[21.726591,38.212179],[21.726941,38.212096],[21.72704,38.212076],[21.727389,38.212005],[21.72748,38.211987],[21.727999,38.211894],[21.728421,38.211821],[21.72912,38.211716],[21.729617,38.211641],[21.730206,38.211553],[21.73033,38.211534],[21.730368,38.21158],[21.730506,38.211803],[21.730537,38.211854],[21.730662,38.212081],[21.730761,38.212262],[21.730917,38.212569],[21.731007,38.212808],[21.731158,38.213009],[21.731158,38.213009],[21.731691,38.213582],[21.732241,38.213705],[21.732598,38.214157],[21.732968,38.214689],[21.734074,38.215137],[21.734857,38.215808],[21.735377,38.216295],[21.73565,38.216793],[21.735816,38.216962],[21.735897,38.217075],[21.73601,38.21723],[21.736118,38.217385],[21.736248,38.217566],[21.736327,38.217671],[21.736459,38.217843],[21.73653,38.217936],[21.736612,38.218043],[21.736696,38.21815],[21.736801,38.218283],[21.736831,38.218323],[21.736848,38.218345],[21.736872,38.21838],[21.736882,38.218393],[21.736922,38.218463],[21.736933,38.218485],[21.736948,38.218514],[21.736962,38.218544]]},"properties":{"line":"302","dir":"0","mode":"bus"}},{"type":"Feature","geometry":{"type":"LineString","coordinates":[[21.750098,38.264539],[21.749724,38.2633],[21.748672,38.261251],[21.747859,38.259825],[21.745914,38.258251],[21.74506,38.25647],[21.74288,38.255805],[21.742152,38.253996],[21.741625,38.252779],[21.740264,38.250753],[21.738532,38.2494],[21.738243,38.247246],[21.735857,38.245406],[21.733787,38.243789],[21.727794,38.240662],[21.727404,38.238536],[21.72708,38.23659],[21.726793,38.23413],[21.72784,38.233296],[21.730178,38.233209],[21.733399,38.233903],[21.735837,38.235023],[21.737147,38.234865],[21.736774,38.233268],[21.735986,38.231966],[21.735039,38.230382],[21.733794,38.228319],[21.733263,38.227094],[21.731706,38.226045],[21.731073,38.22402],[21.730466,38.222343],[21.732651,38.222309],[21.735022,38.221251],[21.737258,38.220706],[21.736112,38.217404],[21.735511,38.21656],[21.731244,38.213013],[21.729814,38.210895],[21.727387,38.208035],[21.726923,38.206393],[21.730532,38.20614],[21.725403,38.20555],[21.723183,38.206809],[21.720907,38.207771],[21.717487,38.209436],[21.718841,38.2122],[21.719826,38.2117],[21.722009,38.210201],[21.731158,38.212978],[21.735605,38.216543],[21.736968,38.218505]]},"properties":{"line":"302","dir":"1","mode":"bus"}},{"type":"Feature","geometry":{"type":"LineString","coordinates":[[21.750109,38.264556],[21.750345,38.264467],[21.750142,38.264119],[21.749938,38.263692],[21.74974,38.263279],[21.749216,38.262172],[21.748955,38.261695],[21.748688,38.26123],[21.748536,38.260894],[21.748412,38.260511],[21.748318,38.260298],[21.748131,38.259998],[21.747984,38.259775],[21.747859,38.259825],[21.747128,38.260099],[21.746923,38.260169],[21.746446,38.259176],[21.746202,38.258692],[21.745925,38.258196],[21.744985,38.256221],[21.743299,38.256641],[21.742901,38.255755],[21.742532,38.254825],[21.742189,38.253932],[21.741923,38.253271],[21.741679,38.252648],[21.74132,38.251709],[21.741254,38.251534],[21.741171,38.251434],[21.740992,38.251291],[21.740291,38.250727],[21.738339,38.249228],[21.739064,38.248646],[21.739582,38.248241],[21.738918,38.247718],[21.738254,38.247212],[21.737061,38.246305],[21.735862,38.24538],[21.733787,38.243789],[21.732529,38.242799],[21.731148,38.24173],[21.730297,38.241108],[21.730124,38.24096],[21.730081,38.240712],[21.728991,38.240822],[21.727856,38.240927],[21.727783,38.240552],[21.727447,38.238461],[21.727112,38.236531],[21.726995,38.235747],[21.726825,38.234079],[21.726753,38.233426],[21.727851,38.23333],[21.729744,38.233198],[21.730009,38.233208],[21.730253,38.233268],[21.731493,38.233544],[21.732436,38.233707],[21.733378,38.23392],[21.734607,38.234421],[21.735805,38.235031],[21.736256,38.235323],[21.737448,38.234806],[21.737487,38.2345],[21.737372,38.234129],[21.736796,38.233243],[21.736423,38.232554],[21.735986,38.231966],[21.735502,38.231191],[21.73505,38.230348],[21.734711,38.229688],[21.734455,38.229303],[21.734199,38.229037],[21.733975,38.228838],[21.733879,38.228579],[21.733826,38.228285],[21.733705,38.227824],[21.733263,38.227094],[21.73316,38.226907],[21.732862,38.226746],[21.732542,38.226673],[21.732296,38.226578],[21.732012,38.226371],[21.731706,38.226045],[21.731368,38.225378],[21.731073,38.22402],[21.731102,38.223755],[21.731063,38.223597],[21.730829,38.223602],[21.730658,38.223538],[21.730551,38.223311],[21.730369,38.222979],[21.730203,38.222687],[21.730302,38.222507],[21.730373,38.222404],[21.73053,38.222352],[21.73114,38.22228],[21.731895,38.22232],[21.732651,38.222309],[21.733171,38.222193],[21.733807,38.221975],[21.734104,38.221841],[21.734359,38.22163],[21.734626,38.221432],[21.735022,38.221251],[21.735647,38.221139],[21.736442,38.220956],[21.737258,38.220731],[21.737746,38.2206],[21.736968,38.218505]]},"properties":{"line":"302","dir":"1","mode":"bus"}},{"type":"Feature","geometry":{"type":"LineString","coordinates":[[21.736962,38.218544],[21.736968,38.218556],[21.737001,38.218629],[21.73704,38.218717],[21.737096,38.218869],[21.73723,38.219267],[21.737372,38.219664],[21.737428,38.219818],[21.737552,38.220135],[21.737606,38.220275],[21.737623,38.220321],[21.737745,38.220629],[21.737681,38.220646],[21.737579,38.22067],[21.73742,38.22071],[21.73725,38.220748],[21.73725,38.220748],[21.737166,38.220767],[21.736962,38.220816],[21.736785,38.220862],[21.736555,38.220923],[21.736264,38.220999],[21.736155,38.221028],[21.735888,38.221093],[21.735822,38.221108],[21.735702,38.22113],[21.735526,38.221164],[21.735078,38.221249],[21.735007,38.22126],[21.734943,38.221277],[21.734917,38.221285],[21.734917,38.221285],[21.734877,38.221296],[21.734843,38.221308],[21.734771,38.221339],[21.734716,38.22137],[21.734657,38.221408],[21.734599,38.221447],[21.734462,38.221544],[21.73408,38.221842],[21.73397,38.221922],[21.733518,38.222065],[21.733179,38.222172],[21.732914,38.222256],[21.732755,38.222307],[21.732714,38.222315],[21.732714,38.222315],[21.732689,38.22232],[21.732662,38.222326],[21.732609,38.222336],[21.732571,38.222339],[21.732519,38.222344],[21.732469,38.222347],[21.732416,38.222347],[21.732352,38.222346],[21.732308,38.222342],[21.732012,38.222312],[21.731647,38.222281],[21.731497,38.222272],[21.731259,38.222264],[21.730839,38.222317],[21.730498,38.222371],[21.730429,38.222393],[21.730404,38.222406],[21.730404,38.222406],[21.730374,38.222421],[21.73031,38.222472],[21.730295,38.22249],[21.730177,38.222641],[21.730622,38.22346],[21.730675,38.223556],[21.730729,38.223585],[21.730802,38.223594],[21.731053,38.223569],[21.731084,38.223586],[21.731112,38.223642],[21.731116,38.22385],[21.731117,38.223952],[21.731117,38.223952],[21.731119,38.224147],[21.731097,38.224323],[21.731243,38.224706],[21.731305,38.224976],[21.731343,38.22512],[21.731386,38.225272],[21.731482,38.225535],[21.731556,38.225663],[21.73168,38.225896],[21.731771,38.226066],[21.731771,38.226066],[21.73185,38.226214],[21.732069,38.226401],[21.732147,38.226467],[21.732425,38.22666],[21.732646,38.226691],[21.732735,38.2267],[21.733139,38.226855],[21.733219,38.226985],[21.733308,38.227137],[21.733308,38.227137],[21.733514,38.227488],[21.733717,38.227838],[21.733725,38.227854],[21.733733,38.227871],[21.733744,38.227899],[21.733754,38.227927],[21.73376,38.22795],[21.733769,38.227988],[21.733806,38.228177],[21.733839,38.22837],[21.733844,38.228395],[21.733844,38.228395],[21.733859,38.228463],[21.733899,38.228633],[21.733928,38.228725],[21.73397,38.228807],[21.733989,38.228837],[21.734006,38.228863],[21.734024,38.228884],[21.734056,38.228917],[21.734081,38.228936],[21.734105,38.228956],[21.734264,38.229086],[21.734305,38.229119],[21.734337,38.229146],[21.734371,38.229177],[21.734419,38.229227],[21.734475,38.229287],[21.734527,38.229347],[21.734563,38.229397],[21.734606,38.229458],[21.734863,38.229905],[21.734903,38.229979],[21.734939,38.230054],[21.734965,38.230114],[21.735027,38.23026],[21.735141,38.230527],[21.735179,38.230613],[21.735239,38.230735],[21.735239,38.230735],[21.73531,38.23088],[21.735336,38.230929],[21.735363,38.230971],[21.735448,38.231105],[21.735603,38.231326],[21.735796,38.231234],[21.735858,38.231344],[21.735901,38.231418],[21.73593,38.231481],[21.735934,38.231492],[21.735934,38.231492],[21.735956,38.231562],[21.735987,38.231663],[21.735992,38.231676],[21.736001,38.231725],[21.736,38.231784],[21.735991,38.231845],[21.73601,38.231893],[21.736037,38.231947],[21.736103,38.232057],[21.736144,38.23212],[21.736176,38.232166],[21.736218,38.232227],[21.736298,38.232356],[21.736346,38.232435],[21.736415,38.232552],[21.736476,38.232661],[21.73653,38.232756],[21.736798,38.233267],[21.736798,38.233267],[21.736823,38.233314],[21.736906,38.233457],[21.736946,38.233521],[21.737021,38.233634],[21.737347,38.234106],[21.737425,38.234235],[21.737443,38.234296],[21.737456,38.234408],[21.737479,38.234615],[21.737497,38.234781],[21.737521,38.235012],[21.737532,38.235168],[21.737533,38.235193],[21.737531,38.235323],[21.737529,38.235368],[21.737517,38.235574],[21.737503,38.23571],[21.737494,38.235746],[21.73748,38.235793],[21.737463,38.235844],[21.737451,38.235875],[21.737425,38.235927],[21.737407,38.235962],[21.737055,38.235768],[21.737002,38.235739],[21.737002,38.235739],[21.736245,38.235319],[21.73572,38.235013],[21.735487,38.23487],[21.735212,38.234717],[21.735136,38.234682],[21.735071,38.234651],[21.735071,38.234651],[21.734729,38.234487],[21.734508,38.23438],[21.734431,38.234345],[21.734359,38.234312],[21.734239,38.23426],[21.733604,38.233995],[21.733596,38.233992],[21.733447,38.233953],[21.732679,38.23377],[21.731723,38.233577],[21.731148,38.233455],[21.730522,38.233331],[21.730072,38.233233],[21.72997,38.233215],[21.729932,38.23321],[21.729892,38.233207],[21.729854,38.233205],[21.729721,38.23321],[21.729522,38.233226],[21.729522,38.233226],[21.729294,38.233244],[21.728956,38.233265],[21.72827,38.233315],[21.727672,38.233364],[21.727688,38.233534],[21.727697,38.233632],[21.727697,38.233632],[21.727755,38.2343],[21.727804,38.234782],[21.727828,38.234985],[21.727879,38.235478],[21.727902,38.235712],[21.727932,38.235934],[21.727947,38.236083],[21.727972,38.23627],[21.727974,38.236282],[21.727974,38.236282],[21.728011,38.236552],[21.72809,38.237014],[21.72828,38.238137],[21.728391,38.238723],[21.728403,38.238785],[21.728403,38.238785],[21.72856,38.239582],[21.728673,38.240247],[21.728777,38.240848],[21.728822,38.240878],[21.728946,38.240967],[21.729293,38.241237],[21.729293,38.241237],[21.729542,38.241431],[21.729972,38.241768],[21.73034,38.242063],[21.730643,38.242309],[21.730767,38.242404],[21.731208,38.242729],[21.731642,38.243078],[21.731927,38.243299],[21.731927,38.243299],[21.73208,38.243417],[21.732494,38.24373],[21.733369,38.244419],[21.733759,38.24471],[21.733895,38.244814],[21.733895,38.244814],[21.734125,38.24499],[21.734471,38.245263],[21.73453,38.245309],[21.734795,38.245508],[21.735047,38.245698],[21.735101,38.245739],[21.735109,38.245744],[21.735123,38.245751],[21.735139,38.245757],[21.735156,38.245761],[21.735177,38.245764],[21.735213,38.245766],[21.735225,38.245766],[21.735242,38.245764],[21.735253,38.245762],[21.735258,38.24576],[21.735347,38.245698],[21.735418,38.245679],[21.735489,38.245692],[21.735675,38.245827],[21.73576,38.245886],[21.73576,38.245886],[21.735797,38.245912],[21.735813,38.245947],[21.735811,38.24598],[21.735793,38.246043],[21.735758,38.246111],[21.735725,38.246176],[21.735725,38.246216],[21.73575,38.246247],[21.735758,38.246254],[21.736179,38.246591],[21.736199,38.246608],[21.737009,38.247251],[21.737513,38.247632],[21.737513,38.247632],[21.73805,38.248039],[21.738952,38.248744],[21.739319,38.24903],[21.739319,38.24903],[21.739504,38.249174],[21.739757,38.249377],[21.740273,38.249758],[21.74054,38.249973],[21.740835,38.250199],[21.740835,38.250199],[21.741004,38.250328],[21.741418,38.250649],[21.741834,38.25098],[21.742214,38.251282],[21.742365,38.251397],[21.742536,38.251492],[21.742757,38.251671],[21.742757,38.251671],[21.74288,38.25177],[21.742996,38.251865],[21.743081,38.251929],[21.74317,38.251998],[21.743381,38.252178],[21.743505,38.252334],[21.743633,38.252493],[21.744089,38.253008],[21.744089,38.253008],[21.744267,38.253208],[21.744554,38.253521],[21.744694,38.253702],[21.744764,38.253785],[21.744864,38.253904],[21.745329,38.254445],[21.745419,38.254556],[21.745631,38.254803],[21.745732,38.254932],[21.745893,38.255133],[21.745958,38.255211],[21.745958,38.255211],[21.74601,38.255274],[21.746352,38.255687],[21.746437,38.255778],[21.746525,38.255801],[21.746602,38.255797],[21.746705,38.255762],[21.746848,38.255668],[21.746961,38.255604],[21.747023,38.255587],[21.747068,38.255576],[21.747103,38.255571],[21.747154,38.255567],[21.747178,38.255567],[21.747207,38.255569],[21.747239,38.255574],[21.747267,38.255579],[21.747288,38.255585],[21.747316,38.255598],[21.747345,38.255615],[21.747364,38.255627],[21.747384,38.255641],[21.747408,38.255661],[21.747435,38.255687],[21.747459,38.255712],[21.747488,38.25574],[21.747511,38.255755],[21.747553,38.255861],[21.747588,38.25595],[21.747679,38.256198],[21.747703,38.256262],[21.747754,38.256395],[21.747838,38.256597],[21.747879,38.256672],[21.747895,38.256695],[21.747928,38.256734],[21.74796,38.256773],[21.747983,38.256807],[21.747991,38.256822],[21.74802,38.256882],[21.748055,38.256968],[21.748084,38.257044],[21.748099,38.257099],[21.74812,38.257187],[21.748137,38.257286],[21.748138,38.257303],[21.748138,38.257303],[21.74814,38.257344],[21.748144,38.257395],[21.748145,38.25745],[21.748142,38.257519],[21.748159,38.257544],[21.748173,38.257562],[21.748189,38.257579],[21.748207,38.257596],[21.748242,38.257627],[21.74828,38.257658],[21.748331,38.2577],[21.748375,38.257737],[21.748422,38.257774],[21.748487,38.257817],[21.748543,38.257851],[21.748733,38.257965],[21.748795,38.258003],[21.74885,38.258031],[21.748916,38.258061],[21.749178,38.258165],[21.749435,38.258258],[21.749868,38.258416],[21.750256,38.258557],[21.750269,38.258564],[21.750318,38.258589],[21.75042,38.258649],[21.750493,38.258697],[21.750597,38.258773],[21.750631,38.258803],[21.750631,38.258803],[21.750741,38.258901],[21.750845,38.259014],[21.750921,38.259111],[21.751026,38.259281],[21.751137,38.259469],[21.751548,38.260092],[21.751645,38.260195],[21.751742,38.260284],[21.751867,38.260376],[21.752026,38.260517],[21.752159,38.260679],[21.751049,38.26125],[21.751049,38.26125],[21.750932,38.26131],[21.750273,38.261653],[21.75016,38.261715],[21.750063,38.261768],[21.749929,38.261842],[21.749747,38.261946],[21.749619,38.26201],[21.749521,38.262056],[21.749435,38.262093],[21.749355,38.262123],[21.749291,38.262144],[21.749217,38.262167],[21.749118,38.262196],[21.748915,38.262255],[21.74856,38.262355],[21.748088,38.262485],[21.747422,38.262659],[21.747459,38.262722],[21.747499,38.262784],[21.747518,38.262811],[21.747518,38.262811],[21.747532,38.262831],[21.747615,38.262939],[21.748016,38.263491],[21.748298,38.263963],[21.748666,38.264453],[21.748666,38.264453],[21.748732,38.264541],[21.74908,38.265017],[21.749699,38.264741],[21.749999,38.264613],[21.750115,38.264564]]},"properties":{"line":"303","dir":"0","mode":"bus"}},{"type":"Feature","geometry":{"type":"LineString","coordinates":[[21.736961,38.218516],[21.737738,38.22064],[21.734931,38.221315],[21.734673,38.221418],[21.733975,38.221934],[21.732718,38.222326],[21.732509,38.222362],[21.731434,38.222296],[21.731144,38.222293],[21.730402,38.222399],[21.730184,38.222665],[21.73073,38.223566],[21.731105,38.223582],[21.731136,38.223952],[21.731139,38.22434],[21.731366,38.225213],[21.731543,38.225641],[21.73178,38.226082],[21.732092,38.226416],[21.73242,38.226613],[21.732991,38.226775],[21.733348,38.227122],[21.733682,38.227748],[21.733876,38.228391],[21.733992,38.228846],[21.734576,38.229419],[21.735268,38.230726],[21.735608,38.231323],[21.735772,38.231255],[21.73598,38.231483],[21.736073,38.231931],[21.736832,38.233256],[21.737466,38.23426],[21.737563,38.235419],[21.737424,38.235978],[21.737005,38.235736],[21.735063,38.234662],[21.7336,38.234001],[21.731555,38.23356],[21.729906,38.233226],[21.729522,38.233229],[21.728407,38.233312],[21.727694,38.233374],[21.727721,38.233631],[21.727994,38.23628],[21.728415,38.238784],[21.728811,38.240829],[21.729324,38.241213],[21.731963,38.24327],[21.733927,38.244788],[21.735145,38.245766],[21.735454,38.245669],[21.735773,38.245875],[21.735819,38.245935],[21.735739,38.246239],[21.737538,38.247612],[21.739335,38.249017],[21.740857,38.250181],[21.742781,38.251657],[21.743423,38.252192],[21.744107,38.252998],[21.745994,38.255242],[21.746449,38.25575],[21.746634,38.255794],[21.747037,38.25555],[21.747389,38.255618],[21.747823,38.256502],[21.748128,38.257303],[21.748161,38.257567],[21.748838,38.257985],[21.750673,38.258774],[21.751528,38.260029],[21.752191,38.260673],[21.751063,38.261267],[21.749314,38.26215],[21.747035,38.262777],[21.745391,38.263225],[21.744338,38.263534],[21.745206,38.264196],[21.746189,38.264924],[21.746745,38.265945],[21.747071,38.266367],[21.748001,38.266995],[21.749083,38.268576],[21.74919,38.268723],[21.748803,38.268868],[21.747708,38.269172],[21.747295,38.269315],[21.746788,38.269682],[21.7461,38.270013],[21.745117,38.270701],[21.744037,38.271313],[21.742767,38.272087],[21.741421,38.272727],[21.742074,38.273389],[21.742889,38.274092],[21.743249,38.274525],[21.744092,38.275784],[21.74513,38.276988],[21.7453,38.277974],[21.745514,38.280315],[21.745793,38.2809],[21.74634,38.281648],[21.746667,38.281841],[21.747394,38.282059],[21.747693,38.282028],[21.749007,38.28163],[21.750321,38.281164],[21.750932,38.280952],[21.751667,38.280783],[21.752522,38.280699],[21.753025,38.28069]]},"properties":{"line":"303","dir":"1","mode":"bus"}},{"type":"Feature","geometry":{"type":"LineString","coordinates":[[21.736968,38.218505],[21.737198,38.220762],[21.734931,38.221315],[21.732718,38.222326],[21.730391,38.22239],[21.731136,38.223952],[21.731786,38.226061],[21.733348,38.227122],[21.733876,38.228391],[21.735268,38.230726],[21.73598,38.231483],[21.736832,38.233256],[21.737005,38.235736],[21.735063,38.234662],[21.7336,38.234001],[21.729522,38.233229],[21.727721,38.233631],[21.727994,38.23628],[21.728415,38.238784],[21.729324,38.241213],[21.731963,38.24327],[21.733927,38.244788],[21.735773,38.245875],[21.737538,38.247612],[21.739335,38.249017],[21.740857,38.250181],[21.742787,38.251648],[21.744107,38.252998],[21.745988,38.255196],[21.748128,38.257303],[21.750673,38.258774],[21.751063,38.261267],[21.747542,38.262801],[21.748694,38.26444]]},"properties":{"line":"303","dir":"1","mode":"bus"}},{"type":"Feature","geometry":{"type":"LineString","coordinates":[[21.738851,38.247384],[21.738675,38.247528],[21.738275,38.247221],[21.738275,38.247221],[21.738252,38.247203],[21.737642,38.246744],[21.737817,38.246602],[21.737817,38.246602],[21.738236,38.246263],[21.738676,38.245908],[21.738957,38.245681],[21.738995,38.245651],[21.739108,38.245556],[21.739117,38.245478],[21.739118,38.245425],[21.739114,38.245357],[21.739105,38.2453],[21.739093,38.24525],[21.739063,38.245154],[21.739027,38.245045],[21.738976,38.244907],[21.738947,38.244847],[21.738874,38.244716],[21.738831,38.244645],[21.738766,38.244551],[21.738694,38.24445],[21.738626,38.244369],[21.738564,38.2443],[21.738521,38.24426],[21.738476,38.24422],[21.738433,38.244185],[21.738379,38.244144],[21.7383,38.244088],[21.738032,38.243914],[21.738019,38.243906],[21.737976,38.243879],[21.737914,38.243855],[21.737775,38.243812],[21.737228,38.243649],[21.736807,38.243523],[21.737009,38.243403],[21.737452,38.243219],[21.737673,38.243125],[21.737711,38.243109],[21.738173,38.242913],[21.738173,38.242913],[21.738391,38.242821],[21.739112,38.242515],[21.740323,38.242002],[21.740323,38.242002],[21.741286,38.241594],[21.741985,38.241297],[21.742702,38.240993],[21.743139,38.240808],[21.743139,38.240808],[21.743247,38.240762],[21.743838,38.240511],[21.744125,38.24039],[21.744439,38.240257],[21.744829,38.240091],[21.744859,38.240106],[21.744917,38.240127],[21.745299,38.240199],[21.745447,38.240225],[21.745591,38.240252],[21.746018,38.240329],[21.746018,38.240329],[21.746144,38.240352],[21.746218,38.240374],[21.746346,38.24046],[21.746389,38.240483],[21.746424,38.240498],[21.746786,38.240619],[21.747031,38.240728],[21.747296,38.240909],[21.747362,38.240969],[21.74743,38.241046],[21.747505,38.241087],[21.747648,38.241169],[21.74773,38.241245],[21.747812,38.241285],[21.747976,38.241371],[21.748317,38.241548],[21.748431,38.241606],[21.748543,38.241658],[21.748567,38.241669],[21.748567,38.241669],[21.748669,38.241715],[21.748783,38.241765],[21.748911,38.241815],[21.749041,38.241863],[21.749411,38.241994],[21.749691,38.242096],[21.749771,38.242123],[21.749914,38.242172],[21.75003,38.242213],[21.750129,38.242249],[21.750144,38.242254],[21.750198,38.242276],[21.750302,38.242326],[21.750392,38.242378],[21.75047,38.242428],[21.750714,38.242608],[21.750747,38.24263],[21.750821,38.242671],[21.750851,38.242682],[21.750954,38.242713],[21.751034,38.242732],[21.751259,38.24278],[21.751595,38.242841],[21.751925,38.242914],[21.752186,38.242966],[21.752345,38.243],[21.752426,38.243016],[21.752509,38.243028],[21.752583,38.24303],[21.752656,38.243029],[21.752811,38.243021],[21.753663,38.242972],[21.75402,38.242949],[21.75427,38.242934],[21.754241,38.24288],[21.75422,38.242855],[21.754175,38.24281],[21.754102,38.242749],[21.754066,38.242722],[21.753965,38.242657],[21.753908,38.242624],[21.753859,38.242599],[21.753765,38.24253],[21.753637,38.242416],[21.753534,38.242279],[21.753534,38.242279],[21.7535,38.242234],[21.753474,38.242106],[21.754183,38.242048],[21.754566,38.242031],[21.754828,38.24203],[21.755106,38.242047],[21.755301,38.242067],[21.755353,38.242075],[21.755396,38.242087],[21.755439,38.242105],[21.755534,38.242152],[21.755534,38.242152],[21.755572,38.242176],[21.756047,38.24258],[21.756098,38.242627],[21.75621,38.242722],[21.756293,38.242799],[21.756371,38.242874],[21.756445,38.242952],[21.7565,38.243016],[21.756586,38.243132],[21.756762,38.243395],[21.756804,38.243468],[21.756848,38.24348],[21.756864,38.243484],[21.756883,38.243487],[21.756901,38.243489],[21.756938,38.243489],[21.756964,38.243486],[21.757024,38.243478],[21.757028,38.243477],[21.757173,38.243455],[21.75732,38.243431],[21.757551,38.243371],[21.757707,38.243329],[21.757753,38.243316],[21.757824,38.243292],[21.757865,38.243277],[21.757977,38.243231],[21.758038,38.243207],[21.75813,38.24317],[21.758197,38.243145],[21.758283,38.243115],[21.758493,38.243047],[21.758549,38.243026],[21.758572,38.243017],[21.758594,38.243005],[21.7586,38.243002],[21.758615,38.242992],[21.758615,38.242992],[21.758639,38.242973],[21.758685,38.242929],[21.758758,38.242852],[21.758787,38.242826],[21.758813,38.242804],[21.758847,38.242782],[21.75888,38.242764],[21.758918,38.242746],[21.758961,38.242731],[21.759184,38.24267],[21.759199,38.242664],[21.759229,38.24265],[21.759266,38.242629],[21.759308,38.242601],[21.759367,38.242561],[21.759531,38.242434],[21.759686,38.24232],[21.759796,38.242245],[21.759851,38.242212],[21.759899,38.242186],[21.759917,38.242178],[21.759943,38.242169],[21.759967,38.242165],[21.759994,38.242163],[21.760024,38.242163],[21.760051,38.242165],[21.760151,38.24218],[21.7602,38.242187],[21.76024,38.242191],[21.76028,38.242192],[21.760316,38.242192],[21.760331,38.242191],[21.760344,38.242189],[21.760359,38.242184],[21.760376,38.242177],[21.760385,38.242171],[21.760392,38.242165],[21.760397,38.242159],[21.760401,38.242152],[21.760405,38.242142],[21.760412,38.242119],[21.760415,38.242107],[21.760422,38.242054],[21.760423,38.242042],[21.760423,38.242023],[21.760417,38.241954],[21.760357,38.241584],[21.760357,38.241584],[21.760353,38.241558],[21.760316,38.241433],[21.76028,38.241368],[21.760217,38.241299],[21.759996,38.241204],[21.759809,38.241153],[21.759794,38.241146],[21.759784,38.241138],[21.759777,38.241131],[21.759771,38.24112],[21.759767,38.241109],[21.759765,38.241087],[21.759766,38.241076],[21.759772,38.241055],[21.75978,38.241036],[21.75979,38.241021],[21.759811,38.240996],[21.759937,38.240858],[21.759988,38.240803],[21.760022,38.240767],[21.760044,38.240744],[21.760071,38.240721],[21.760114,38.240686],[21.760162,38.24065],[21.760162,38.24065],[21.760219,38.240611],[21.760321,38.240557],[21.760487,38.240477],[21.760623,38.24042],[21.760752,38.240368],[21.760827,38.240337],[21.760882,38.240309],[21.760952,38.240266],[21.761,38.240234],[21.761117,38.240144],[21.761202,38.240079],[21.761259,38.240037],[21.761293,38.240018],[21.761335,38.240001],[21.761374,38.239991],[21.761414,38.239984],[21.761452,38.23998],[21.761505,38.239977],[21.761554,38.239979],[21.761607,38.239982],[21.761641,38.239987],[21.761665,38.239992],[21.761693,38.24],[21.761722,38.240013],[21.761782,38.240049],[21.761832,38.240082]]},"properties":{"line":"401","dir":"Τέρμα Αρόης","mode":"bus"}},{"type":"Feature","geometry":{"type":"LineString","coordinates":[[21.761832,38.240082],[21.761782,38.240049],[21.761722,38.240013],[21.761693,38.24],[21.761665,38.239992],[21.761641,38.239987],[21.761607,38.239982],[21.761554,38.239979],[21.761505,38.239977],[21.761452,38.23998],[21.761414,38.239984],[21.761374,38.239991],[21.761335,38.240001],[21.761293,38.240018],[21.761259,38.240037],[21.761202,38.240079],[21.761117,38.240144],[21.761,38.240234],[21.760952,38.240266],[21.760882,38.240309],[21.760827,38.240337],[21.760752,38.240368],[21.760623,38.24042],[21.760487,38.240477],[21.760321,38.240557],[21.760219,38.240611],[21.760162,38.24065],[21.760153,38.240657],[21.760153,38.240657],[21.760114,38.240686],[21.760071,38.240721],[21.760044,38.240744],[21.760022,38.240767],[21.759988,38.240803],[21.759937,38.240858],[21.759811,38.240996],[21.75979,38.241021],[21.75978,38.241036],[21.759772,38.241055],[21.759766,38.241076],[21.759765,38.241087],[21.759767,38.241109],[21.759771,38.24112],[21.759777,38.241131],[21.759784,38.241138],[21.759794,38.241146],[21.759809,38.241153],[21.759996,38.241204],[21.760217,38.241299],[21.76028,38.241368],[21.760316,38.241433],[21.760353,38.241558],[21.760366,38.241636],[21.760366,38.241636],[21.760417,38.241954],[21.760423,38.242023],[21.760423,38.242042],[21.760422,38.242054],[21.760415,38.242107],[21.760412,38.242119],[21.760405,38.242142],[21.760401,38.242152],[21.760397,38.242159],[21.760392,38.242165],[21.760385,38.242171],[21.760376,38.242177],[21.760359,38.242184],[21.760344,38.242189],[21.760331,38.242191],[21.760316,38.242192],[21.76028,38.242192],[21.76024,38.242191],[21.7602,38.242187],[21.760151,38.24218],[21.760051,38.242165],[21.760024,38.242163],[21.759994,38.242163],[21.759967,38.242165],[21.759943,38.242169],[21.759917,38.242178],[21.759899,38.242186],[21.759851,38.242212],[21.759796,38.242245],[21.759686,38.24232],[21.759531,38.242434],[21.759367,38.242561],[21.759308,38.242601],[21.759266,38.242629],[21.759229,38.24265],[21.759199,38.242664],[21.759184,38.24267],[21.758961,38.242731],[21.758918,38.242746],[21.75888,38.242764],[21.758847,38.242782],[21.758813,38.242804],[21.758787,38.242826],[21.758758,38.242852],[21.758685,38.242929],[21.75866,38.242953],[21.75866,38.242953],[21.758639,38.242973],[21.758615,38.242992],[21.7586,38.243002],[21.758594,38.243005],[21.758572,38.243017],[21.758549,38.243026],[21.758493,38.243047],[21.758283,38.243115],[21.758197,38.243145],[21.75813,38.24317],[21.758038,38.243207],[21.757977,38.243231],[21.757865,38.243277],[21.757824,38.243292],[21.757753,38.243316],[21.757707,38.243329],[21.757551,38.243371],[21.75732,38.243431],[21.757173,38.243455],[21.757028,38.243477],[21.75702,38.243478],[21.756964,38.243486],[21.756938,38.243489],[21.756901,38.243489],[21.756883,38.243487],[21.756864,38.243484],[21.756848,38.24348],[21.756804,38.243468],[21.756783,38.243465],[21.756757,38.243463],[21.756711,38.243461],[21.756645,38.24346],[21.756542,38.243458],[21.756463,38.243457],[21.756361,38.243456],[21.756214,38.243456],[21.756205,38.243412],[21.756194,38.243388],[21.756177,38.243365],[21.756161,38.243351],[21.755937,38.243247],[21.755731,38.243219],[21.755646,38.243215],[21.755538,38.243213],[21.755441,38.243218],[21.755334,38.243228],[21.754871,38.243292],[21.754552,38.243356],[21.75438,38.243401],[21.754294,38.243428],[21.754109,38.24349],[21.754071,38.243501],[21.754017,38.243515],[21.753946,38.243532],[21.753875,38.243546],[21.753829,38.243556],[21.753787,38.24356],[21.753787,38.24356],[21.75377,38.243562],[21.752937,38.243632],[21.752874,38.243635],[21.752818,38.243636],[21.752737,38.243639],[21.752683,38.243638],[21.752497,38.243783],[21.752497,38.243783],[21.752234,38.243988],[21.751742,38.244347],[21.751382,38.244611],[21.751382,38.244611],[21.75125,38.244708],[21.75079,38.244339],[21.750319,38.243953],[21.749975,38.24368],[21.749697,38.24344],[21.749696,38.243439],[21.74961,38.24337],[21.749541,38.243323],[21.749462,38.243276],[21.749347,38.243211],[21.749123,38.24309],[21.748719,38.24288],[21.748304,38.242663],[21.748128,38.242595],[21.748088,38.242588],[21.748049,38.24259],[21.747983,38.242611],[21.747932,38.24262],[21.747885,38.242616],[21.747842,38.242599],[21.747804,38.242558],[21.747785,38.24252],[21.747785,38.24252],[21.747749,38.242451],[21.747732,38.242366],[21.747702,38.242239],[21.747678,38.242141],[21.747665,38.242093],[21.747653,38.242061],[21.747636,38.24203],[21.747615,38.241997],[21.747588,38.24197],[21.747565,38.241958],[21.747512,38.241951],[21.747465,38.241952],[21.747431,38.241954],[21.747386,38.24196],[21.74731,38.24198],[21.747269,38.241989],[21.747238,38.241991],[21.747205,38.241985],[21.747165,38.241974],[21.74714,38.241952],[21.747123,38.241931],[21.74711,38.2419],[21.747103,38.241866],[21.747097,38.241799],[21.747093,38.24171],[21.747092,38.241642],[21.747099,38.241522],[21.747109,38.241364],[21.747107,38.241301],[21.747093,38.241111],[21.747177,38.241096],[21.747233,38.241076],[21.747362,38.240969],[21.747296,38.240909],[21.747031,38.240728],[21.746786,38.240619],[21.746424,38.240498],[21.746389,38.240483],[21.746346,38.24046],[21.746218,38.240374],[21.746144,38.240352],[21.745591,38.240252],[21.745447,38.240225],[21.745299,38.240199],[21.745229,38.240186],[21.745229,38.240186],[21.744917,38.240127],[21.744859,38.240106],[21.744829,38.240091],[21.744439,38.240257],[21.744125,38.24039],[21.743838,38.240511],[21.743247,38.240762],[21.74294,38.240892],[21.74294,38.240892],[21.741985,38.241297],[21.741286,38.241594],[21.740625,38.241874],[21.740305,38.24201],[21.740305,38.24201],[21.739825,38.242213],[21.739112,38.242515],[21.738391,38.242821],[21.737673,38.243125],[21.737724,38.243466],[21.737724,38.243466],[21.737775,38.243812],[21.737914,38.243855],[21.737976,38.243879],[21.738019,38.243906],[21.738032,38.243914],[21.7383,38.244088],[21.738379,38.244144],[21.738433,38.244185],[21.738476,38.24422],[21.738521,38.24426],[21.738564,38.2443],[21.738626,38.244369],[21.738694,38.24445],[21.738766,38.244551],[21.738831,38.244645],[21.738874,38.244716],[21.738947,38.244847],[21.738976,38.244907],[21.739027,38.245045],[21.739063,38.245154],[21.739093,38.24525],[21.739105,38.2453],[21.739114,38.245357],[21.739118,38.245425],[21.739117,38.245478],[21.739108,38.245556],[21.738995,38.245651],[21.738957,38.245681],[21.738676,38.245908],[21.738591,38.245977],[21.738591,38.245977],[21.738236,38.246263],[21.738841,38.24672],[21.739267,38.247045],[21.738851,38.247384]]},"properties":{"line":"402","dir":"Κολοκοτρώνη - Αφετηρία 4","mode":"bus"}},{"type":"Feature","geometry":{"type":"LineString","coordinates":[[21.735329,38.249747],[21.734982,38.249479],[21.734717,38.249273],[21.734591,38.249167],[21.734201,38.248838],[21.733834,38.248528],[21.733651,38.248402],[21.733468,38.248248],[21.73335,38.248148],[21.733217,38.248031],[21.733024,38.247896],[21.732893,38.247788],[21.732819,38.247741],[21.732729,38.247674],[21.732659,38.247618],[21.732577,38.247558],[21.732498,38.247496],[21.732427,38.247438],[21.732345,38.247388],[21.732268,38.247311],[21.732183,38.247254],[21.732106,38.247197],[21.732025,38.247139],[21.731945,38.247071],[21.731865,38.247013],[21.731764,38.24695],[21.731662,38.246904],[21.731586,38.246874],[21.731487,38.24684],[21.731405,38.246811],[21.731316,38.246774],[21.731227,38.246736],[21.731124,38.246692],[21.731032,38.246661],[21.730943,38.246634],[21.730853,38.246589],[21.730762,38.246549],[21.730651,38.246501],[21.730563,38.246454],[21.730476,38.246403],[21.730398,38.246354],[21.730313,38.246303],[21.73023,38.246248],[21.730313,38.246166],[21.730428,38.246059],[21.730659,38.245856],[21.730938,38.245617],[21.731459,38.245205],[21.732278,38.244502],[21.731897,38.244217],[21.731651,38.244032],[21.731634,38.244019],[21.731634,38.244019],[21.731474,38.2439],[21.731044,38.243567],[21.730605,38.243226],[21.730045,38.242792],[21.729998,38.242755],[21.729963,38.242728],[21.729963,38.242728],[21.729352,38.242252],[21.728922,38.241909],[21.727938,38.241151],[21.727918,38.241118],[21.727904,38.241081],[21.727894,38.241047],[21.727883,38.241005],[21.727872,38.240944],[21.72758,38.240977],[21.727372,38.241],[21.727285,38.241009],[21.727243,38.241013],[21.726508,38.241096],[21.726352,38.241114],[21.726298,38.240861],[21.726298,38.240861],[21.725976,38.239337],[21.725922,38.239078],[21.725904,38.239001],[21.725891,38.238939],[21.725702,38.237977],[21.725702,38.237977],[21.725351,38.236189],[21.725055,38.234793],[21.72482,38.233564],[21.724738,38.23315],[21.724738,38.23315],[21.724699,38.232951],[21.724519,38.232068],[21.7245,38.231969],[21.724472,38.231856],[21.724433,38.23165],[21.724392,38.231466],[21.724338,38.231242],[21.724264,38.23097],[21.724162,38.230627],[21.723914,38.229725],[21.723776,38.229262],[21.723776,38.229262],[21.723772,38.229247],[21.723669,38.228925],[21.723584,38.228667],[21.723487,38.228398],[21.723309,38.227973],[21.723073,38.227412],[21.722827,38.226835],[21.722697,38.226552],[21.722689,38.226536],[21.722689,38.226536],[21.722581,38.22631],[21.722484,38.226118],[21.722412,38.225985],[21.722352,38.225889],[21.722284,38.22579],[21.722188,38.225672],[21.722166,38.225647],[21.72211,38.22558],[21.721942,38.225386],[21.721616,38.224997],[21.721547,38.224911],[21.721479,38.224823],[21.721431,38.224759],[21.721342,38.224628],[21.721323,38.224595],[21.721304,38.224563],[21.721265,38.224469],[21.721228,38.224382],[21.721199,38.224306],[21.721178,38.224239],[21.721162,38.224182],[21.721108,38.223947],[21.721071,38.22377],[21.720971,38.223322],[21.720874,38.222851],[21.720793,38.222467],[21.720735,38.222201],[21.720661,38.221901],[21.720661,38.221901],[21.720543,38.221439],[21.720457,38.221113],[21.72038,38.220826],[21.72029,38.220476],[21.720158,38.219984],[21.720078,38.219723],[21.719963,38.219391],[21.719866,38.219085],[21.719768,38.218783],[21.719626,38.218331],[21.719566,38.218127],[21.719483,38.217847],[21.71942,38.217627],[21.719354,38.217412],[21.719278,38.217183],[21.719216,38.217004],[21.719168,38.216887],[21.719123,38.216784],[21.718926,38.216327],[21.718926,38.216327],[21.7189,38.216267],[21.718839,38.216138],[21.71879,38.216046],[21.718612,38.215734],[21.718213,38.215001],[21.718174,38.214925],[21.718148,38.214876],[21.71807,38.21472],[21.717997,38.214577],[21.717972,38.214521],[21.717944,38.214457],[21.717887,38.214331],[21.717723,38.213948],[21.717723,38.213948],[21.717667,38.213812],[21.717529,38.213523],[21.717372,38.2132],[21.717358,38.213174],[21.717245,38.212962],[21.717227,38.212929],[21.717134,38.212761],[21.717097,38.212689],[21.717049,38.212598],[21.716886,38.212302],[21.716856,38.212245],[21.716693,38.211932],[21.716672,38.211891],[21.716633,38.211826],[21.716633,38.211826],[21.716615,38.211796],[21.716532,38.211667],[21.716467,38.21157],[21.716389,38.21146],[21.71626,38.211298],[21.716194,38.211227],[21.715969,38.211016],[21.715817,38.210883],[21.715742,38.210825],[21.715613,38.210736],[21.715404,38.21062],[21.715106,38.210463],[21.715106,38.210463],[21.714847,38.210326],[21.71446,38.21013],[21.714411,38.210102],[21.714177,38.209969],[21.713104,38.209274],[21.712953,38.209169],[21.712812,38.209072],[21.712562,38.208893],[21.712529,38.208869],[21.712385,38.208748],[21.712233,38.208605],[21.712065,38.208429],[21.711927,38.20828],[21.711873,38.208216],[21.711745,38.208051],[21.711674,38.207948],[21.711601,38.207839],[21.71151,38.207701],[21.711433,38.20758],[21.711433,38.20758],[21.711169,38.207163],[21.710761,38.206502],[21.710693,38.206406],[21.710547,38.206199],[21.710349,38.205935],[21.710177,38.205726],[21.709602,38.205153],[21.709166,38.204783],[21.709166,38.204783],[21.709021,38.20466],[21.708881,38.20458],[21.708658,38.204479],[21.708437,38.20438],[21.706246,38.203467],[21.705912,38.203345],[21.705896,38.20334],[21.705896,38.20334],[21.705697,38.203276],[21.704519,38.20307],[21.704058,38.202966],[21.703793,38.202875],[21.703567,38.202776],[21.703381,38.202672],[21.703158,38.20252],[21.702986,38.202402],[21.702887,38.202329],[21.702887,38.202329],[21.702742,38.202223],[21.702505,38.202035],[21.702189,38.201763],[21.701633,38.201351],[21.701203,38.201036],[21.700669,38.200637],[21.700292,38.200364],[21.700292,38.200364],[21.699951,38.200117],[21.699249,38.19961],[21.69907,38.199481],[21.698927,38.199384],[21.698549,38.199109],[21.698262,38.198877],[21.698205,38.198827],[21.698122,38.198748],[21.6981,38.198725],[21.6981,38.198725],[21.698011,38.19863],[21.69797,38.198581],[21.697912,38.198509],[21.697528,38.198024],[21.697225,38.197648],[21.696936,38.197284],[21.696686,38.196967],[21.696569,38.196813],[21.696569,38.196813],[21.696439,38.196642],[21.696188,38.196298],[21.695793,38.195768],[21.695639,38.195567],[21.695524,38.195416],[21.695396,38.195242],[21.695255,38.195058],[21.695112,38.194891],[21.694858,38.194703],[21.694482,38.194416],[21.694482,38.194416],[21.69431,38.194283],[21.694046,38.194069],[21.693374,38.193525],[21.693125,38.193323],[21.693052,38.193265],[21.693052,38.193265],[21.692147,38.192542],[21.691981,38.192396],[21.691974,38.192387],[21.691827,38.192209],[21.691594,38.191897],[21.69153,38.19181],[21.691458,38.191696],[21.691435,38.191657],[21.691435,38.191657],[21.691302,38.191438],[21.691068,38.191032],[21.690912,38.190753],[21.69075,38.190461],[21.690632,38.190289],[21.690521,38.190144],[21.69049,38.190107],[21.69049,38.190107],[21.690437,38.190044],[21.690276,38.189859],[21.690191,38.189746],[21.690142,38.189652],[21.689915,38.189527],[21.689692,38.189291],[21.689403,38.188935],[21.689403,38.188935],[21.689297,38.188805],[21.689183,38.188662],[21.688859,38.188252],[21.688701,38.188058],[21.688549,38.187883],[21.688386,38.187732],[21.688262,38.187632],[21.688076,38.187495],[21.68787,38.187346],[21.68779,38.187295],[21.687705,38.187245],[21.687536,38.187162],[21.687536,38.187162],[21.687503,38.187146],[21.687322,38.187072],[21.687179,38.187021],[21.687149,38.187011],[21.686985,38.186958],[21.686795,38.186894],[21.68654,38.186812],[21.686391,38.18676],[21.686194,38.186689],[21.686069,38.186642],[21.685932,38.186596],[21.68576,38.186548],[21.685493,38.18648],[21.685114,38.186389],[21.684838,38.186326],[21.684415,38.186234],[21.684168,38.186185],[21.683961,38.186148],[21.683813,38.186124],[21.683614,38.186101],[21.683271,38.186064],[21.682773,38.186004],[21.682577,38.185988],[21.682327,38.18598],[21.682104,38.185981],[21.68203,38.185982],[21.68203,38.185982],[21.681935,38.185984],[21.681619,38.185986],[21.681341,38.185972],[21.681192,38.185961],[21.680918,38.185942],[21.680578,38.185925],[21.680365,38.185906],[21.680259,38.185887],[21.680259,38.185887],[21.68024,38.185884],[21.680148,38.185855],[21.680014,38.1858],[21.679731,38.185666],[21.679531,38.185553],[21.679334,38.185404],[21.679108,38.185185],[21.678943,38.18499],[21.678808,38.184791],[21.678691,38.18459],[21.678547,38.184299],[21.678324,38.183882],[21.678163,38.183612],[21.678163,38.183612],[21.678096,38.1835],[21.67796,38.183278],[21.677706,38.182927],[21.677549,38.182689],[21.677477,38.182532],[21.677461,38.182443],[21.677448,38.182374],[21.677437,38.182235],[21.677455,38.181984],[21.677498,38.181764],[21.677525,38.181633],[21.677525,38.181427],[21.677525,38.181421],[21.677498,38.18122],[21.677496,38.181105],[21.677512,38.181009],[21.677552,38.180918],[21.677645,38.180792],[21.677733,38.180656],[21.677808,38.180525],[21.67783,38.18042],[21.677851,38.180253],[21.677849,38.180116],[21.677824,38.179932],[21.677778,38.179619],[21.677731,38.179259],[21.677658,38.178843],[21.677658,38.178843],[21.677654,38.178821],[21.677534,38.178109],[21.677479,38.177841],[21.677458,38.177693],[21.677446,38.177491],[21.677447,38.177214],[21.677447,38.177041],[21.677424,38.176909],[21.677392,38.176786],[21.677387,38.176772],[21.677387,38.176772],[21.677347,38.176665],[21.677276,38.17649],[21.677121,38.175947],[21.676986,38.17541],[21.676934,38.17524],[21.676909,38.175181],[21.676909,38.175181],[21.676855,38.175055],[21.676724,38.174761],[21.676549,38.174382],[21.676355,38.173959],[21.676232,38.173723],[21.676232,38.173723],[21.676115,38.173498],[21.675931,38.173138],[21.675697,38.172654],[21.675487,38.172282],[21.675258,38.171921],[21.675138,38.171726],[21.675138,38.171726],[21.674987,38.171479],[21.674468,38.17066],[21.674193,38.17026],[21.673948,38.169925],[21.673677,38.169581],[21.673633,38.169535],[21.673633,38.169535],[21.673452,38.16935],[21.672336,38.16836],[21.671849,38.167961],[21.671378,38.167605],[21.671378,38.167605],[21.671336,38.167573],[21.671206,38.167488],[21.670876,38.167269],[21.670415,38.167043],[21.669033,38.166516],[21.668373,38.166291],[21.668389,38.166256],[21.668389,38.166256],[21.669162,38.164544],[21.669195,38.164488],[21.669472,38.163854],[21.669472,38.163854],[21.6695,38.16379],[21.669691,38.163396],[21.669279,38.163193],[21.668745,38.162864],[21.668572,38.162762],[21.668572,38.162762],[21.668084,38.162473],[21.667142,38.162161],[21.666809,38.162037],[21.666596,38.161959],[21.666378,38.161905],[21.666018,38.161857],[21.665371,38.16182],[21.665268,38.161814],[21.664691,38.161745],[21.664691,38.161745],[21.66466,38.161741],[21.664432,38.161693],[21.664185,38.161642],[21.663926,38.161582],[21.663905,38.161578],[21.66369,38.161533],[21.663246,38.161431],[21.66275,38.161336],[21.662712,38.161333],[21.662712,38.161333],[21.662604,38.161323],[21.662448,38.161312],[21.662234,38.161312],[21.661473,38.161288],[21.66125,38.161286],[21.660742,38.161295],[21.660216,38.161357],[21.659952,38.161385],[21.659952,38.161385],[21.659664,38.161415],[21.658959,38.161479],[21.658563,38.161496],[21.658174,38.161464],[21.657843,38.161394],[21.657509,38.161297],[21.657509,38.161297],[21.657377,38.161258],[21.657237,38.161209],[21.656988,38.161196],[21.656877,38.161189],[21.656667,38.161158],[21.656341,38.161019],[21.655303,38.160596],[21.654985,38.160476],[21.654985,38.160476],[21.654233,38.160193],[21.654111,38.16015],[21.653649,38.159974],[21.653207,38.15978],[21.652306,38.159322],[21.651492,38.158917],[21.651348,38.158843],[21.650856,38.15857],[21.650856,38.15857],[21.650493,38.158368],[21.650284,38.158255],[21.649924,38.158088],[21.64878,38.157624],[21.648678,38.15758],[21.647753,38.157153],[21.647314,38.15695],[21.647314,38.15695],[21.647189,38.156892],[21.646779,38.156719],[21.646566,38.156621],[21.646328,38.156499],[21.645931,38.156334],[21.645674,38.156244],[21.645568,38.156219],[21.645544,38.156213],[21.645544,38.156213],[21.645238,38.156138],[21.645097,38.156111],[21.644568,38.155985],[21.644165,38.155869],[21.643431,38.155657],[21.642636,38.155503],[21.641513,38.155323],[21.640813,38.155279],[21.640587,38.155281],[21.640587,38.155281],[21.640084,38.155286],[21.639432,38.155326],[21.638715,38.155459],[21.63823,38.155502],[21.637766,38.155502],[21.637033,38.1555],[21.63644,38.155459],[21.635355,38.155286],[21.634423,38.155149],[21.633635,38.154988],[21.633561,38.154968],[21.633301,38.154907],[21.632975,38.154821],[21.632895,38.154799],[21.631886,38.15452],[21.631662,38.154457],[21.631463,38.154388],[21.631326,38.154333],[21.631254,38.1543],[21.631418,38.154052]]},"properties":{"line":"501","dir":"0","mode":"bus"}},{"type":"Feature","geometry":{"type":"LineString","coordinates":[[21.735324,38.249751],[21.733791,38.248532],[21.733583,38.248361],[21.733336,38.248167],[21.733151,38.248017],[21.733011,38.2479],[21.732849,38.247783],[21.73257,38.24756],[21.732146,38.247232],[21.731951,38.247066],[21.731745,38.24695],[21.731128,38.246696],[21.730686,38.246506],[21.730352,38.246327],[21.730239,38.246246],[21.731319,38.245312],[21.732289,38.244499],[21.731617,38.24402],[21.729952,38.242723],[21.728415,38.241511],[21.728066,38.241266],[21.727913,38.241118],[21.727857,38.240941],[21.726354,38.241117],[21.726278,38.240821],[21.72599,38.239382],[21.725696,38.237955],[21.725213,38.235543],[21.724726,38.233117],[21.724301,38.231136],[21.723764,38.229226],[21.723503,38.228488],[21.723242,38.227826],[21.722689,38.226535],[21.722485,38.226118],[21.722174,38.22566],[21.721831,38.225269],[21.721354,38.224672],[21.721181,38.224305],[21.721072,38.223813],[21.720867,38.222835],[21.720749,38.2223],[21.720635,38.221832],[21.72027,38.220415],[21.719861,38.219048],[21.719425,38.217643],[21.719186,38.216928],[21.718909,38.216293],[21.718288,38.215145],[21.717705,38.213896],[21.717183,38.212828],[21.716613,38.211802],[21.716326,38.211374],[21.716005,38.211062],[21.715684,38.210793],[21.715101,38.210465],[21.714158,38.209962],[21.713253,38.209378],[21.71266,38.208968],[21.712111,38.208499],[21.711752,38.20807],[21.71142,38.20757],[21.710939,38.206806],[21.710447,38.20608],[21.710154,38.205715],[21.709839,38.205392],[21.709492,38.205069],[21.709146,38.204767],[21.708958,38.204622],[21.708612,38.204456],[21.70808,38.204243],[21.707542,38.204021],[21.706713,38.203675],[21.705949,38.203363],[21.705716,38.203293],[21.704442,38.203072],[21.703988,38.202959],[21.703539,38.20277],[21.702877,38.202325],[21.701595,38.20134],[21.700281,38.200373],[21.699174,38.19957],[21.698068,38.198726],[21.696557,38.196819],[21.695612,38.195553],[21.6951,38.194896],[21.694448,38.194396],[21.693033,38.193259],[21.692029,38.192454],[21.691709,38.192071],[21.691422,38.191662],[21.690964,38.190869],[21.690714,38.190421],[21.690416,38.190033],[21.690208,38.189795],[21.690118,38.189587],[21.690142,38.189406],[21.690331,38.189216],[21.690563,38.189064],[21.690663,38.188961],[21.69072,38.188858],[21.690706,38.188715],[21.690575,38.188512],[21.690397,38.188217],[21.690249,38.187918],[21.690031,38.187378],[21.689628,38.18667],[21.689384,38.18629],[21.689166,38.185949],[21.688875,38.185431],[21.688621,38.18488],[21.688427,38.184334],[21.688232,38.183781],[21.687878,38.182883],[21.687503,38.182005],[21.687032,38.181136],[21.686914,38.180901],[21.686774,38.180708],[21.686436,38.180231],[21.686034,38.179837],[21.684821,38.178795],[21.684209,38.178244],[21.683629,38.177622],[21.682796,38.176678],[21.681941,38.175743],[21.681583,38.17526],[21.681269,38.174743],[21.680736,38.1737],[21.680396,38.17312],[21.680013,38.172608],[21.67918,38.171577],[21.678351,38.170571],[21.677431,38.169514],[21.676467,38.168499],[21.675454,38.167403],[21.675053,38.166975],[21.67463,38.166635],[21.674032,38.166252],[21.673462,38.165889],[21.673047,38.165593],[21.672241,38.164837],[21.671614,38.164332],[21.67095,38.163945],[21.6697,38.16341],[21.669117,38.163103],[21.668535,38.162745],[21.66807,38.162475],[21.666811,38.162045],[21.666406,38.161908],[21.664687,38.161754],[21.662721,38.161325],[21.661612,38.161285],[21.660768,38.161299],[21.659951,38.161385],[21.658782,38.161501],[21.658152,38.161469],[21.657489,38.161293],[21.657252,38.161229],[21.657047,38.161206],[21.656757,38.161178],[21.656241,38.160989],[21.655601,38.160727],[21.654972,38.160474],[21.653925,38.160093],[21.65291,38.159637],[21.651867,38.159105],[21.650858,38.158573],[21.650177,38.158211],[21.648745,38.15761],[21.647324,38.156959],[21.646413,38.156543],[21.645857,38.15631],[21.64451,38.155962],[21.643201,38.15561],[21.641387,38.155307],[21.640299,38.155289],[21.639287,38.155364],[21.638729,38.155463],[21.638183,38.155511],[21.637387,38.155506],[21.636569,38.155475],[21.633916,38.155056],[21.632043,38.154562],[21.631757,38.154492],[21.631439,38.154388],[21.631263,38.154287],[21.63135,38.154169]]},"properties":{"line":"501","dir":"1","mode":"bus"}},{"type":"Feature","geometry":{"type":"LineString","coordinates":[[21.735329,38.249747],[21.734982,38.249479],[21.734717,38.249273],[21.734591,38.249167],[21.73419,38.248842],[21.733834,38.248553],[21.733753,38.248486],[21.733661,38.248421],[21.733576,38.248359],[21.733491,38.248292],[21.733389,38.248212],[21.733312,38.248146],[21.733232,38.248087],[21.733164,38.248037],[21.733099,38.247981],[21.733033,38.247933],[21.732959,38.247876],[21.732873,38.247801],[21.732806,38.247746],[21.732735,38.24769],[21.73266,38.247624],[21.732578,38.247563],[21.732492,38.247501],[21.732407,38.247433],[21.732326,38.247375],[21.732253,38.247313],[21.732177,38.247254],[21.732101,38.24719],[21.732018,38.247135],[21.731952,38.247089],[21.731873,38.247023],[21.731785,38.246976],[21.731698,38.246924],[21.7316,38.246897],[21.731496,38.246844],[21.73139,38.246808],[21.731293,38.246768],[21.731176,38.246724],[21.731072,38.246677],[21.730948,38.246639],[21.730854,38.246594],[21.730742,38.246547],[21.730654,38.246492],[21.730549,38.24644],[21.730434,38.246362],[21.73031,38.246307],[21.730219,38.246249],[21.730413,38.246068],[21.732278,38.244502],[21.731897,38.244217],[21.731651,38.244032],[21.731634,38.244019],[21.731634,38.244019],[21.731474,38.2439],[21.731044,38.243567],[21.730605,38.243226],[21.730045,38.242792],[21.729998,38.242755],[21.729963,38.242728],[21.729963,38.242728],[21.729352,38.242252],[21.728922,38.241909],[21.727938,38.241151],[21.727918,38.241118],[21.727904,38.241081],[21.727894,38.241047],[21.727883,38.241005],[21.727872,38.240944],[21.72758,38.240977],[21.727372,38.241],[21.727285,38.241009],[21.727243,38.241013],[21.726508,38.241096],[21.726352,38.241114],[21.726298,38.240861],[21.726298,38.240861],[21.725976,38.239337],[21.725922,38.239078],[21.725904,38.239001],[21.725891,38.238939],[21.725702,38.237977],[21.725702,38.237977],[21.725351,38.236189],[21.725055,38.234793],[21.72482,38.233564],[21.724738,38.23315],[21.724738,38.23315],[21.724699,38.232951],[21.724519,38.232068],[21.7245,38.231969],[21.724472,38.231856],[21.724433,38.23165],[21.724392,38.231466],[21.724338,38.231242],[21.724264,38.23097],[21.724162,38.230627],[21.723914,38.229725],[21.723776,38.229262],[21.723776,38.229262],[21.723772,38.229247],[21.723669,38.228925],[21.723584,38.228667],[21.723487,38.228398],[21.723309,38.227973],[21.723073,38.227412],[21.722827,38.226835],[21.722697,38.226552],[21.722689,38.226536],[21.722689,38.226536],[21.722581,38.22631],[21.722484,38.226118],[21.722412,38.225985],[21.722352,38.225889],[21.722284,38.22579],[21.722188,38.225672],[21.722166,38.225647],[21.72211,38.22558],[21.721942,38.225386],[21.721616,38.224997],[21.721547,38.224911],[21.721479,38.224823],[21.721431,38.224759],[21.721342,38.224628],[21.721323,38.224595],[21.721304,38.224563],[21.721265,38.224469],[21.721228,38.224382],[21.721199,38.224306],[21.721178,38.224239],[21.721162,38.224182],[21.721108,38.223947],[21.721071,38.22377],[21.720971,38.223322],[21.720874,38.222851],[21.720793,38.222467],[21.720735,38.222201],[21.720661,38.221901],[21.720661,38.221901],[21.720543,38.221439],[21.720457,38.221113],[21.72038,38.220826],[21.72029,38.220476],[21.720158,38.219984],[21.720078,38.219723],[21.719963,38.219391],[21.719866,38.219085],[21.719768,38.218783],[21.719626,38.218331],[21.719566,38.218127],[21.719483,38.217847],[21.71942,38.217627],[21.719354,38.217412],[21.719278,38.217183],[21.719216,38.217004],[21.719168,38.216887],[21.719123,38.216784],[21.718926,38.216327],[21.718926,38.216327],[21.7189,38.216267],[21.718839,38.216138],[21.71879,38.216046],[21.718612,38.215734],[21.718213,38.215001],[21.718174,38.214925],[21.718148,38.214876],[21.71807,38.21472],[21.717997,38.214577],[21.717972,38.214521],[21.717944,38.214457],[21.717887,38.214331],[21.717723,38.213948],[21.717723,38.213948],[21.717667,38.213812],[21.717529,38.213523],[21.717372,38.2132],[21.717358,38.213174],[21.717245,38.212962],[21.717227,38.212929],[21.717134,38.212761],[21.717097,38.212689],[21.717049,38.212598],[21.716886,38.212302],[21.716856,38.212245],[21.716693,38.211932],[21.716672,38.211891],[21.716633,38.211826],[21.716633,38.211826],[21.716615,38.211796],[21.716532,38.211667],[21.716467,38.21157],[21.716389,38.21146],[21.71626,38.211298],[21.716194,38.211227],[21.715969,38.211016],[21.715817,38.210883],[21.715742,38.210825],[21.715613,38.210736],[21.715404,38.21062],[21.715106,38.210463],[21.715106,38.210463],[21.714847,38.210326],[21.71446,38.21013],[21.714411,38.210102],[21.714177,38.209969],[21.713104,38.209274],[21.712953,38.209169],[21.712812,38.209072],[21.712562,38.208893],[21.712529,38.208869],[21.712385,38.208748],[21.712233,38.208605],[21.712065,38.208429],[21.711927,38.20828],[21.711873,38.208216],[21.711745,38.208051],[21.711674,38.207948],[21.711601,38.207839],[21.71151,38.207701],[21.711433,38.20758],[21.711433,38.20758],[21.711169,38.207163],[21.710761,38.206502],[21.710693,38.206406],[21.710547,38.206199],[21.710349,38.205935],[21.710177,38.205726],[21.709602,38.205153],[21.709166,38.204783],[21.709166,38.204783],[21.709021,38.20466],[21.708881,38.20458],[21.708658,38.204479],[21.708437,38.20438],[21.706246,38.203467],[21.705912,38.203345],[21.705896,38.20334],[21.705896,38.20334],[21.705697,38.203276],[21.705736,38.203205],[21.705802,38.203084],[21.705882,38.202941],[21.705929,38.202868],[21.705952,38.202833],[21.706014,38.202741],[21.706014,38.202741],[21.70611,38.202601],[21.706135,38.202561],[21.706146,38.202539],[21.706179,38.202477],[21.706202,38.20244],[21.706228,38.202403],[21.706255,38.202368],[21.706298,38.202315],[21.706354,38.202249],[21.706464,38.202121],[21.70653,38.202039],[21.706541,38.202024],[21.70655,38.202011],[21.70656,38.201994],[21.706588,38.201934],[21.706602,38.201901],[21.706624,38.201832],[21.706659,38.201739],[21.706706,38.201658],[21.706847,38.201501],[21.706966,38.201365],[21.707078,38.201263],[21.7072,38.201158],[21.707301,38.201061],[21.707389,38.200953],[21.707429,38.200889],[21.707658,38.200598],[21.707815,38.200426],[21.707962,38.200323],[21.708016,38.200282],[21.708143,38.200152],[21.708209,38.20008],[21.70843,38.199822],[21.708573,38.199646],[21.708584,38.199633],[21.708584,38.199633],[21.70867,38.199527],[21.708725,38.19945],[21.708789,38.199344],[21.708822,38.199278],[21.708979,38.198911],[21.709088,38.198688],[21.709105,38.198657],[21.709155,38.198568],[21.709435,38.198145],[21.709565,38.197932],[21.70972,38.197677],[21.709844,38.197487],[21.709999,38.197268],[21.71014,38.197063],[21.710295,38.196849],[21.710665,38.196292],[21.710801,38.196101],[21.710939,38.195909],[21.711,38.195828],[21.71105,38.195768],[21.7113,38.195497],[21.7113,38.195497],[21.711414,38.19536],[21.711647,38.195114],[21.711775,38.194794],[21.711927,38.194594],[21.71198,38.194529],[21.712024,38.194478],[21.712055,38.194443],[21.712103,38.194399],[21.712208,38.1943],[21.712392,38.194141],[21.712517,38.194028],[21.712794,38.193763],[21.712839,38.193707],[21.712865,38.193671],[21.712884,38.19364],[21.712928,38.193563],[21.712971,38.193477],[21.712971,38.193477],[21.713005,38.193408],[21.713106,38.193218],[21.713131,38.193173],[21.713216,38.193036],[21.713237,38.193008],[21.713257,38.192979],[21.713357,38.192828],[21.713411,38.192747],[21.713411,38.192747],[21.713449,38.192689],[21.713496,38.192627],[21.713525,38.192591],[21.713575,38.192536],[21.713613,38.192484],[21.713656,38.192415],[21.71379,38.192196],[21.713858,38.192089],[21.713909,38.192023],[21.713966,38.191965],[21.714054,38.191886],[21.714245,38.191758],[21.714606,38.191468],[21.714947,38.191174],[21.715096,38.191055],[21.715526,38.190615],[21.715575,38.190563],[21.715623,38.190511],[21.71566,38.190463],[21.715663,38.190459],[21.715692,38.190415],[21.715833,38.190184],[21.715948,38.190043],[21.716018,38.189977],[21.716125,38.1899],[21.716211,38.189826],[21.716228,38.189801],[21.71624,38.189776],[21.716249,38.18975],[21.716251,38.189732],[21.716249,38.18972],[21.716242,38.189708],[21.716232,38.189695],[21.716214,38.189679],[21.715214,38.18913],[21.71479,38.188895],[21.714471,38.188705],[21.714362,38.188623],[21.714303,38.188552],[21.714269,38.188489],[21.714264,38.188473],[21.714264,38.188473],[21.714248,38.188419],[21.714238,38.188369],[21.714132,38.188347],[21.713763,38.188218],[21.713486,38.188127],[21.713486,38.188127],[21.713281,38.18806],[21.712966,38.187956],[21.712856,38.187922],[21.712763,38.187893],[21.712638,38.187858],[21.712552,38.187841],[21.712448,38.187825],[21.712341,38.187818],[21.712227,38.187813],[21.712079,38.187815],[21.711947,38.187822],[21.711723,38.187841],[21.711449,38.187871],[21.71116,38.187908],[21.710989,38.187926],[21.710897,38.187933],[21.710821,38.187937],[21.710705,38.187938],[21.710582,38.187937],[21.710509,38.187936],[21.710509,38.187936],[21.710415,38.187935],[21.710262,38.18793],[21.710059,38.187914],[21.709895,38.187902],[21.709733,38.187894],[21.709571,38.187888],[21.709385,38.187882],[21.709254,38.187879],[21.709146,38.187879],[21.708451,38.187891],[21.708188,38.187896],[21.707971,38.187897],[21.707939,38.187896],[21.707939,38.187896],[21.707812,38.187894],[21.707673,38.187889],[21.707538,38.187881],[21.707395,38.18787],[21.707251,38.187857],[21.706934,38.187826],[21.706421,38.187779],[21.705869,38.187719],[21.705707,38.187702],[21.705707,38.187702],[21.705362,38.187665],[21.705128,38.187643],[21.705021,38.187632],[21.704867,38.187613],[21.704796,38.187603],[21.70469,38.187579],[21.704599,38.187555],[21.704503,38.187523],[21.704427,38.18749],[21.704328,38.187443],[21.704238,38.187395],[21.704077,38.187301],[21.703881,38.187173],[21.70372,38.187074],[21.703523,38.186959],[21.703326,38.186857],[21.703216,38.186809],[21.702992,38.186723],[21.703054,38.18668],[21.703241,38.186578],[21.703378,38.186497],[21.703463,38.186441],[21.703378,38.186159],[21.703347,38.18609],[21.703326,38.186047],[21.703294,38.185994],[21.703218,38.185893],[21.703195,38.185859],[21.703179,38.185815],[21.703169,38.185757],[21.703166,38.185692],[21.703165,38.185618],[21.703173,38.185462],[21.703173,38.185421],[21.703166,38.185375],[21.703159,38.185348],[21.703142,38.185307],[21.703101,38.185232],[21.702964,38.18501],[21.702829,38.184817],[21.702789,38.184769],[21.702759,38.184739],[21.702669,38.184661],[21.702566,38.184589],[21.702447,38.184508],[21.702329,38.184428],[21.702205,38.18435],[21.702141,38.184312],[21.702056,38.184265],[21.701926,38.184195],[21.701829,38.184143],[21.701829,38.184143],[21.701926,38.184195],[21.702056,38.184265],[21.702141,38.184312],[21.702205,38.18435],[21.702329,38.184428],[21.702447,38.184508],[21.702566,38.184589],[21.702669,38.184661],[21.702759,38.184739],[21.702789,38.184769],[21.702829,38.184817],[21.702964,38.18501],[21.703101,38.185232],[21.703142,38.185307],[21.703159,38.185348],[21.703166,38.185375],[21.703173,38.185421],[21.703173,38.185462],[21.703165,38.185618],[21.703166,38.185692],[21.703169,38.185757],[21.703179,38.185815],[21.703195,38.185859],[21.703218,38.185893],[21.703294,38.185994],[21.703326,38.186047],[21.703347,38.18609],[21.703378,38.186159],[21.703463,38.186441],[21.703378,38.186497],[21.703241,38.186578],[21.703054,38.18668],[21.703045,38.186686],[21.703045,38.186686],[21.702992,38.186723],[21.702849,38.186671],[21.702743,38.186633],[21.702743,38.186633],[21.702493,38.186543],[21.702349,38.186491],[21.702244,38.186454],[21.702154,38.186427],[21.702061,38.186403],[21.701935,38.186372],[21.701786,38.186341],[21.701636,38.186312],[21.701429,38.186278],[21.701429,38.186278],[21.701206,38.186242],[21.701025,38.186217],[21.700764,38.186183],[21.700645,38.186164],[21.700557,38.186148],[21.70046,38.186123],[21.700327,38.186085],[21.700223,38.186052],[21.70007,38.185994],[21.699816,38.185902],[21.699744,38.185873],[21.699658,38.185829],[21.699572,38.185776],[21.699483,38.185711],[21.699294,38.185567],[21.699085,38.185399],[21.698967,38.185308],[21.698891,38.185249],[21.698848,38.185219],[21.698803,38.185189],[21.698738,38.185152],[21.698731,38.185148],[21.698698,38.185132],[21.698632,38.18511],[21.698434,38.18505],[21.698321,38.185013],[21.698262,38.184988],[21.698182,38.184956],[21.698094,38.184915],[21.697977,38.184858],[21.697534,38.184618],[21.697244,38.184466],[21.697087,38.184378],[21.696354,38.183972],[21.696207,38.183894],[21.696155,38.183867],[21.696155,38.183867],[21.695931,38.183749],[21.695897,38.183796],[21.695874,38.183849],[21.695856,38.183901],[21.695836,38.183935],[21.695777,38.183987],[21.695655,38.1841],[21.695296,38.184408],[21.695009,38.18466],[21.694762,38.18488],[21.694405,38.185184],[21.694338,38.185244],[21.694338,38.185244],[21.694186,38.18538],[21.694071,38.185488],[21.693881,38.185645],[21.693568,38.185902],[21.693193,38.186247],[21.691814,38.187492],[21.691397,38.187855],[21.691397,38.187855],[21.691044,38.188162],[21.691025,38.188179],[21.690864,38.188318],[21.690739,38.188446],[21.690646,38.188592],[21.690694,38.188661],[21.690726,38.188734],[21.690728,38.188804],[21.690712,38.188885],[21.690674,38.18895],[21.690622,38.189002],[21.69045,38.189125],[21.690363,38.189195],[21.69028,38.189273],[21.690217,38.189338],[21.690147,38.189443],[21.69012,38.189508],[21.690109,38.189566],[21.690142,38.189652],[21.690191,38.189746],[21.690276,38.189859],[21.690437,38.190044],[21.690501,38.190121],[21.690501,38.190121],[21.690521,38.190144],[21.690632,38.190289],[21.69075,38.190461],[21.690912,38.190753],[21.691068,38.191032],[21.691302,38.191438],[21.691438,38.191663],[21.691438,38.191663],[21.691458,38.191696],[21.69153,38.19181],[21.691594,38.191897],[21.691827,38.192209],[21.691974,38.192387],[21.691981,38.192396],[21.692147,38.192542],[21.693074,38.193283],[21.693074,38.193283],[21.693125,38.193323],[21.693374,38.193525],[21.694046,38.194069],[21.69431,38.194283],[21.694524,38.194448],[21.694858,38.194703],[21.694995,38.194804],[21.694995,38.194804],[21.695112,38.194891],[21.695255,38.195058],[21.695396,38.195242],[21.695524,38.195416],[21.695639,38.195567],[21.695793,38.195768],[21.696188,38.196298],[21.696439,38.196642],[21.696686,38.196967],[21.696936,38.197284],[21.69708,38.197466],[21.69708,38.197466],[21.697225,38.197648],[21.697528,38.198024],[21.697912,38.198509],[21.69797,38.198581],[21.698011,38.19863],[21.698122,38.198748],[21.698205,38.198827],[21.698262,38.198877],[21.698549,38.199109],[21.69867,38.199197],[21.69867,38.199197],[21.698927,38.199384],[21.69907,38.199481],[21.699249,38.19961],[21.699951,38.200117],[21.700296,38.200367],[21.700296,38.200367],[21.700669,38.200637],[21.701203,38.201036],[21.701633,38.201351],[21.702189,38.201763],[21.702613,38.202068],[21.702793,38.202201],[21.702881,38.202265],[21.702881,38.202265],[21.702894,38.202275],[21.702971,38.202326],[21.703028,38.202361],[21.70314,38.202431],[21.703254,38.202502],[21.703364,38.202565],[21.703463,38.20262],[21.703536,38.202657],[21.703574,38.202677],[21.703646,38.202713],[21.703754,38.202764],[21.703852,38.202804],[21.703989,38.202856],[21.704063,38.202881],[21.704227,38.202922],[21.704391,38.202958],[21.704547,38.202989],[21.704722,38.203023],[21.704947,38.203064],[21.705138,38.203096],[21.70527,38.20312],[21.705482,38.203156],[21.705625,38.203181],[21.705736,38.203205],[21.7058,38.203223],[21.705938,38.203269],[21.706058,38.203317],[21.706058,38.203317],[21.706305,38.203417],[21.706783,38.203618],[21.707678,38.203993],[21.708057,38.204148],[21.708262,38.204233],[21.708488,38.204327],[21.708696,38.204417],[21.708864,38.204489],[21.708967,38.204534],[21.709079,38.204582],[21.709157,38.204629],[21.709225,38.204682],[21.709296,38.204743],[21.709296,38.204743],[21.709397,38.204831],[21.709535,38.204955],[21.709778,38.205188],[21.709913,38.205315],[21.710103,38.205504],[21.710167,38.205568],[21.710269,38.205669],[21.71036,38.205765],[21.710461,38.205881],[21.71059,38.206045],[21.710688,38.206178],[21.710888,38.206488],[21.711039,38.206728],[21.711284,38.207114],[21.711513,38.207483],[21.711534,38.207516],[21.711534,38.207516],[21.711617,38.207646],[21.711689,38.207758],[21.711736,38.207829],[21.711779,38.20789],[21.711812,38.207935],[21.711898,38.208046],[21.712014,38.208188],[21.712232,38.208431],[21.712278,38.20848],[21.71235,38.208549],[21.712437,38.208632],[21.712508,38.208698],[21.712591,38.208767],[21.712669,38.208831],[21.712746,38.208891],[21.712814,38.208946],[21.712878,38.208996],[21.713042,38.209109],[21.713237,38.209243],[21.713583,38.209485],[21.713973,38.20973],[21.714382,38.209986],[21.714594,38.210099],[21.7148,38.210215],[21.715075,38.210358],[21.715169,38.210405],[21.715169,38.210405],[21.715469,38.210556],[21.715657,38.210653],[21.715732,38.210701],[21.715818,38.210764],[21.715974,38.210897],[21.716082,38.210998],[21.716181,38.211091],[21.716252,38.211166],[21.716307,38.211225],[21.7164,38.211329],[21.716482,38.211435],[21.716555,38.211539],[21.716621,38.211646],[21.716761,38.21187],[21.71682,38.211971],[21.717016,38.21231],[21.717078,38.212423],[21.717078,38.212423],[21.717202,38.212648],[21.717399,38.213012],[21.717476,38.213162],[21.71767,38.213565],[21.717741,38.213712],[21.717854,38.21395],[21.717854,38.21395],[21.717951,38.214156],[21.717995,38.214254],[21.718013,38.214296],[21.71809,38.21446],[21.718123,38.214541],[21.718237,38.214778],[21.718255,38.214816],[21.718266,38.21484],[21.718313,38.214926],[21.718828,38.215823],[21.718903,38.215966],[21.71892,38.215998],[21.718971,38.216091],[21.719051,38.216269],[21.719051,38.216269],[21.719165,38.216521],[21.719257,38.216716],[21.719331,38.216888],[21.719385,38.217015],[21.719425,38.217121],[21.719476,38.217269],[21.719528,38.217427],[21.719593,38.217632],[21.719938,38.218745],[21.719969,38.218842],[21.720001,38.218945],[21.72005,38.2191],[21.72005,38.2191],[21.72015,38.219416],[21.720279,38.219853],[21.720334,38.220052],[21.72038,38.22022],[21.720508,38.2207],[21.720584,38.220984],[21.720584,38.220984],[21.720631,38.221161],[21.720696,38.221401],[21.720765,38.221668],[21.720855,38.222029],[21.720909,38.222261],[21.720951,38.222449],[21.721016,38.22277],[21.721058,38.222986],[21.721259,38.223925],[21.721259,38.223925],[21.721299,38.22411],[21.721327,38.224216],[21.721348,38.224289],[21.721369,38.224352],[21.721407,38.224441],[21.721447,38.224519],[21.721493,38.2246],[21.721535,38.224663],[21.721588,38.224741],[21.721659,38.224834],[21.72178,38.22498],[21.722032,38.225271],[21.722155,38.225412],[21.722244,38.225516],[21.7223,38.225583],[21.722433,38.225769],[21.722479,38.225835],[21.722525,38.225903],[21.722562,38.225963],[21.722632,38.226092],[21.722733,38.226289],[21.722757,38.226343],[21.722847,38.226534],[21.722927,38.226702],[21.722992,38.22683],[21.723012,38.226878],[21.723012,38.226878],[21.723411,38.227833],[21.723609,38.228325],[21.72367,38.228487],[21.723702,38.228584],[21.723766,38.228793],[21.7238,38.2289],[21.723896,38.229179],[21.723953,38.229368],[21.724044,38.229688],[21.724201,38.230236],[21.724219,38.230294],[21.724219,38.230294],[21.724366,38.230757],[21.724427,38.230974],[21.724514,38.231286],[21.724541,38.231399],[21.724589,38.231623],[21.724614,38.231763],[21.724629,38.231838],[21.724647,38.231925],[21.724671,38.232052],[21.724682,38.232102],[21.724761,38.232475],[21.724803,38.232675],[21.724973,38.233553],[21.72508,38.234109],[21.72508,38.234109],[21.72515,38.234471],[21.725233,38.234874],[21.725271,38.235061],[21.72545,38.235886],[21.725513,38.236182],[21.725535,38.236296],[21.725535,38.236296],[21.725894,38.238188],[21.725941,38.238429],[21.725995,38.238693],[21.725995,38.238693],[21.726034,38.238883],[21.726041,38.238924],[21.726052,38.238985],[21.726184,38.239624],[21.726236,38.239865],[21.726384,38.240531],[21.726468,38.240912],[21.726508,38.241096],[21.726531,38.241199],[21.726556,38.241324],[21.726578,38.241463],[21.726583,38.241497],[21.726583,38.241497],[21.726611,38.241702],[21.726641,38.241956],[21.72671,38.242447],[21.726733,38.242642],[21.72678,38.243006],[21.726801,38.243153],[21.72685,38.24351],[21.726866,38.243613],[21.726878,38.243688],[21.726889,38.243731],[21.726901,38.243764],[21.726915,38.243797],[21.726934,38.243828],[21.726979,38.243882],[21.72704,38.243936],[21.727102,38.243972],[21.72717,38.243998],[21.727203,38.244007],[21.727223,38.244012],[21.727268,38.244019],[21.727286,38.244022],[21.727337,38.244026],[21.727402,38.244024],[21.727448,38.244016],[21.727453,38.244015],[21.727508,38.243998],[21.727565,38.243975],[21.727642,38.243938],[21.727703,38.243907],[21.727878,38.243815],[21.728352,38.243565],[21.728729,38.243868],[21.728729,38.243868],[21.728853,38.243968],[21.729265,38.244299],[21.729436,38.244437],[21.72962,38.244585],[21.729709,38.244657],[21.730123,38.24499],[21.730212,38.245062],[21.730212,38.245062],[21.730861,38.245584],[21.730929,38.245639],[21.731581,38.246156],[21.731581,38.246156],[21.73183,38.246354],[21.732178,38.24663],[21.732553,38.246928],[21.732998,38.247281],[21.733187,38.24743],[21.733187,38.24743],[21.734145,38.248191],[21.735495,38.249262],[21.735677,38.249406],[21.735677,38.249406],[21.735956,38.249628],[21.736488,38.25005],[21.736828,38.25032],[21.73689,38.250369],[21.737465,38.250825],[21.737536,38.250886],[21.73768,38.251185],[21.73768,38.251185],[21.737852,38.251543],[21.737881,38.25162],[21.738057,38.252134],[21.738275,38.252965],[21.738337,38.253189]]},"properties":{"line":"502","dir":"Αγ. Διονύσιος - Επίκεντρο","mode":"bus"}},{"type":"Feature","geometry":{"type":"LineString","coordinates":[[21.735329,38.249747],[21.734982,38.249479],[21.734717,38.249273],[21.734591,38.249167],[21.734201,38.248838],[21.733914,38.248616],[21.733758,38.24849],[21.733682,38.248429],[21.733608,38.24838],[21.73355,38.248326],[21.733458,38.248259],[21.733376,38.248192],[21.733296,38.248133],[21.733228,38.248079],[21.733164,38.248027],[21.733092,38.247971],[21.733029,38.247918],[21.73298,38.247872],[21.732924,38.247826],[21.732874,38.247783],[21.73281,38.247734],[21.73275,38.247694],[21.732701,38.247653],[21.732616,38.247594],[21.732541,38.247539],[21.732478,38.247477],[21.732413,38.247426],[21.732342,38.247375],[21.73227,38.24732],[21.732172,38.247249],[21.732083,38.247175],[21.731967,38.247077],[21.731875,38.247021],[21.731778,38.246956],[21.731651,38.246903],[21.731534,38.246867],[21.731422,38.246819],[21.731321,38.246774],[21.731196,38.246727],[21.731076,38.246681],[21.730865,38.24659],[21.730721,38.246522],[21.730595,38.246459],[21.73049,38.246402],[21.73038,38.246341],[21.730214,38.246244],[21.730299,38.246169],[21.730745,38.245799],[21.732278,38.244502],[21.731897,38.244217],[21.731651,38.244032],[21.731634,38.244019],[21.731634,38.244019],[21.731474,38.2439],[21.731044,38.243567],[21.730605,38.243226],[21.730045,38.242792],[21.729998,38.242755],[21.729963,38.242728],[21.729963,38.242728],[21.729352,38.242252],[21.728922,38.241909],[21.727938,38.241151],[21.727918,38.241118],[21.727904,38.241081],[21.727894,38.241047],[21.727883,38.241005],[21.727872,38.240944],[21.72758,38.240977],[21.727372,38.241],[21.727285,38.241009],[21.727243,38.241013],[21.726508,38.241096],[21.726352,38.241114],[21.726298,38.240861],[21.726298,38.240861],[21.725976,38.239337],[21.725922,38.239078],[21.725904,38.239001],[21.725891,38.238939],[21.725702,38.237977],[21.725702,38.237977],[21.725351,38.236189],[21.725055,38.234793],[21.72482,38.233564],[21.724738,38.23315],[21.724738,38.23315],[21.724699,38.232951],[21.724519,38.232068],[21.7245,38.231969],[21.724472,38.231856],[21.724433,38.23165],[21.724392,38.231466],[21.724338,38.231242],[21.724264,38.23097],[21.724162,38.230627],[21.723914,38.229725],[21.723776,38.229262],[21.723776,38.229262],[21.723772,38.229247],[21.723669,38.228925],[21.723584,38.228667],[21.723487,38.228398],[21.723309,38.227973],[21.723073,38.227412],[21.722827,38.226835],[21.722697,38.226552],[21.722689,38.226536],[21.722689,38.226536],[21.722581,38.22631],[21.722484,38.226118],[21.722412,38.225985],[21.722352,38.225889],[21.722284,38.22579],[21.722188,38.225672],[21.722166,38.225647],[21.72211,38.22558],[21.721942,38.225386],[21.721616,38.224997],[21.721547,38.224911],[21.721479,38.224823],[21.721431,38.224759],[21.721342,38.224628],[21.721323,38.224595],[21.721304,38.224563],[21.721265,38.224469],[21.721228,38.224382],[21.721199,38.224306],[21.721178,38.224239],[21.721162,38.224182],[21.721108,38.223947],[21.721071,38.22377],[21.720971,38.223322],[21.720874,38.222851],[21.720793,38.222467],[21.720735,38.222201],[21.720661,38.221901],[21.720661,38.221901],[21.720543,38.221439],[21.720457,38.221113],[21.72038,38.220826],[21.72029,38.220476],[21.720158,38.219984],[21.720078,38.219723],[21.719963,38.219391],[21.719866,38.219085],[21.719768,38.218783],[21.719626,38.218331],[21.719566,38.218127],[21.719483,38.217847],[21.71942,38.217627],[21.719354,38.217412],[21.719278,38.217183],[21.719216,38.217004],[21.719168,38.216887],[21.719123,38.216784],[21.718926,38.216327],[21.718926,38.216327],[21.7189,38.216267],[21.718839,38.216138],[21.71879,38.216046],[21.718612,38.215734],[21.718213,38.215001],[21.718174,38.214925],[21.718148,38.214876],[21.71807,38.21472],[21.717997,38.214577],[21.717972,38.214521],[21.717944,38.214457],[21.717887,38.214331],[21.717723,38.213948],[21.717723,38.213948],[21.717667,38.213812],[21.717529,38.213523],[21.717372,38.2132],[21.717358,38.213174],[21.717245,38.212962],[21.717227,38.212929],[21.717134,38.212761],[21.717097,38.212689],[21.717049,38.212598],[21.716886,38.212302],[21.716856,38.212245],[21.716693,38.211932],[21.716672,38.211891],[21.716633,38.211826],[21.716633,38.211826],[21.716615,38.211796],[21.716532,38.211667],[21.716467,38.21157],[21.716389,38.21146],[21.71626,38.211298],[21.716194,38.211227],[21.715969,38.211016],[21.715817,38.210883],[21.715742,38.210825],[21.715613,38.210736],[21.715404,38.21062],[21.715106,38.210463],[21.715106,38.210463],[21.714847,38.210326],[21.71446,38.21013],[21.714411,38.210102],[21.714177,38.209969],[21.713104,38.209274],[21.712953,38.209169],[21.712812,38.209072],[21.712562,38.208893],[21.712529,38.208869],[21.712385,38.208748],[21.712233,38.208605],[21.712065,38.208429],[21.711927,38.20828],[21.711873,38.208216],[21.711745,38.208051],[21.711674,38.207948],[21.711601,38.207839],[21.71151,38.207701],[21.711433,38.20758],[21.711433,38.20758],[21.711169,38.207163],[21.710761,38.206502],[21.710693,38.206406],[21.710547,38.206199],[21.710349,38.205935],[21.710177,38.205726],[21.709602,38.205153],[21.709166,38.204783],[21.709166,38.204783],[21.709021,38.20466],[21.708881,38.20458],[21.708658,38.204479],[21.708437,38.20438],[21.706246,38.203467],[21.705912,38.203345],[21.705896,38.20334],[21.705896,38.20334],[21.705697,38.203276],[21.704519,38.20307],[21.704058,38.202966],[21.703793,38.202875],[21.703567,38.202776],[21.703381,38.202672],[21.703158,38.20252],[21.702986,38.202402],[21.702887,38.202329],[21.702887,38.202329],[21.702742,38.202223],[21.702505,38.202035],[21.702189,38.201763],[21.701633,38.201351],[21.701203,38.201036],[21.700669,38.200637],[21.700292,38.200364],[21.700292,38.200364],[21.699951,38.200117],[21.699249,38.19961],[21.69907,38.199481],[21.698927,38.199384],[21.698549,38.199109],[21.698262,38.198877],[21.698205,38.198827],[21.698122,38.198748],[21.6981,38.198725],[21.6981,38.198725],[21.698011,38.19863],[21.69797,38.198581],[21.697912,38.198509],[21.697528,38.198024],[21.697225,38.197648],[21.696936,38.197284],[21.696686,38.196967],[21.696569,38.196813],[21.696569,38.196813],[21.696439,38.196642],[21.696188,38.196298],[21.695793,38.195768],[21.695639,38.195567],[21.695524,38.195416],[21.695396,38.195242],[21.695255,38.195058],[21.695112,38.194891],[21.694858,38.194703],[21.694482,38.194416],[21.694482,38.194416],[21.69431,38.194283],[21.694046,38.194069],[21.693374,38.193525],[21.693125,38.193323],[21.693052,38.193265],[21.693052,38.193265],[21.692147,38.192542],[21.691981,38.192396],[21.691974,38.192387],[21.691827,38.192209],[21.691594,38.191897],[21.69153,38.19181],[21.691458,38.191696],[21.691435,38.191657],[21.691435,38.191657],[21.691302,38.191438],[21.691068,38.191032],[21.690912,38.190753],[21.69075,38.190461],[21.690632,38.190289],[21.690521,38.190144],[21.69049,38.190107],[21.69049,38.190107],[21.690437,38.190044],[21.690276,38.189859],[21.690191,38.189746],[21.690142,38.189652],[21.690109,38.189566],[21.69012,38.189508],[21.690147,38.189443],[21.690217,38.189338],[21.69028,38.189273],[21.690363,38.189195],[21.69045,38.189125],[21.690622,38.189002],[21.690674,38.18895],[21.690712,38.188885],[21.690728,38.188804],[21.690726,38.188734],[21.690694,38.188661],[21.690646,38.188592],[21.690552,38.18846],[21.690493,38.188368],[21.69043,38.188265],[21.690365,38.188146],[21.690305,38.188024],[21.69024,38.187875],[21.690099,38.187541],[21.690016,38.187356],[21.689941,38.187199],[21.689855,38.187038],[21.689797,38.186933],[21.689719,38.186803],[21.689543,38.186533],[21.689201,38.185992],[21.689192,38.185976],[21.689192,38.185976],[21.688987,38.185624],[21.68883,38.185327],[21.688706,38.185064],[21.688584,38.184759],[21.688447,38.184387],[21.688356,38.184106],[21.688246,38.183809],[21.688246,38.183809],[21.688114,38.183452],[21.687832,38.182762],[21.687805,38.182695],[21.687634,38.182285],[21.687494,38.181987],[21.687304,38.181616],[21.687148,38.181333],[21.687047,38.18117],[21.686908,38.18096],[21.686762,38.180757],[21.686627,38.180531],[21.686719,38.180461],[21.687468,38.180941],[21.687753,38.181095],[21.688276,38.181365],[21.688561,38.181526],[21.688859,38.181698],[21.689123,38.181857],[21.689368,38.182007],[21.689577,38.182127],[21.689773,38.182229],[21.689968,38.182317],[21.690211,38.182413],[21.690242,38.182421],[21.690242,38.182421],[21.690385,38.182459],[21.690758,38.182546],[21.690971,38.182591],[21.691669,38.18273],[21.69204,38.182802],[21.69303,38.183003],[21.693353,38.183067],[21.693671,38.183131],[21.693811,38.18316],[21.693946,38.183182],[21.694119,38.183203],[21.694273,38.183218],[21.694405,38.183233],[21.694575,38.18325],[21.694762,38.183276],[21.694882,38.183299],[21.695077,38.183345],[21.695244,38.183394],[21.695339,38.183432],[21.69549,38.183505],[21.695617,38.183575],[21.695733,38.183638],[21.695931,38.183749],[21.696207,38.183894],[21.696354,38.183972],[21.697087,38.184378],[21.697244,38.184466],[21.697534,38.184618],[21.697977,38.184858],[21.698094,38.184915],[21.698182,38.184956],[21.698262,38.184988],[21.698321,38.185013],[21.698434,38.18505],[21.698632,38.18511],[21.698698,38.185132],[21.698731,38.185148],[21.698738,38.185152],[21.698803,38.185189],[21.698848,38.185219],[21.698891,38.185249],[21.698967,38.185308],[21.699085,38.185399],[21.699294,38.185567],[21.699483,38.185711],[21.699572,38.185776],[21.699658,38.185829],[21.699744,38.185873],[21.699816,38.185902],[21.70007,38.185994],[21.700223,38.186052],[21.700327,38.186085],[21.70046,38.186123],[21.700557,38.186148],[21.700645,38.186164],[21.700764,38.186183],[21.701025,38.186217],[21.701206,38.186242],[21.701426,38.186278],[21.701426,38.186278],[21.701636,38.186312],[21.701786,38.186341],[21.701935,38.186372],[21.702061,38.186403],[21.702154,38.186427],[21.702244,38.186454],[21.702349,38.186491],[21.702493,38.186543],[21.702743,38.186633],[21.702743,38.186633],[21.702849,38.186671],[21.702992,38.186723],[21.702992,38.186723],[21.703216,38.186809],[21.703326,38.186857],[21.703523,38.186959],[21.70372,38.187074],[21.703881,38.187173],[21.704077,38.187301],[21.704238,38.187395],[21.704328,38.187443],[21.704427,38.18749],[21.704503,38.187523],[21.704599,38.187555],[21.70469,38.187579],[21.704796,38.187603],[21.704867,38.187613],[21.705021,38.187632],[21.705128,38.187643],[21.705362,38.187665],[21.705474,38.187677],[21.705474,38.187677],[21.705869,38.187719],[21.706421,38.187779],[21.706934,38.187826],[21.707251,38.187857],[21.707395,38.18787],[21.707538,38.187881],[21.707673,38.187889],[21.707812,38.187894],[21.707851,38.187895],[21.707851,38.187895],[21.707971,38.187897],[21.708188,38.187896],[21.708451,38.187891],[21.709146,38.187879],[21.709254,38.187879],[21.709385,38.187882],[21.709571,38.187888],[21.709733,38.187894],[21.709895,38.187902],[21.710059,38.187914],[21.710262,38.18793],[21.710415,38.187935],[21.710532,38.187936],[21.710532,38.187936],[21.710582,38.187937],[21.710705,38.187938],[21.710821,38.187937],[21.710897,38.187933],[21.710989,38.187926],[21.71116,38.187908],[21.711449,38.187871],[21.711723,38.187841],[21.711947,38.187822],[21.712079,38.187815],[21.712227,38.187813],[21.712341,38.187818],[21.712448,38.187825],[21.712552,38.187841],[21.712638,38.187858],[21.712763,38.187893],[21.712856,38.187922],[21.712966,38.187956],[21.713281,38.18806],[21.713517,38.188137],[21.713517,38.188137],[21.713763,38.188218],[21.714132,38.188347],[21.714238,38.188369],[21.714238,38.188369],[21.714248,38.188419],[21.714269,38.188489],[21.714303,38.188552],[21.714362,38.188623],[21.714471,38.188705],[21.71479,38.188895],[21.715214,38.18913],[21.716214,38.189679],[21.716232,38.189695],[21.716242,38.189708],[21.716249,38.18972],[21.716251,38.189732],[21.716249,38.18975],[21.71624,38.189776],[21.716228,38.189801],[21.716211,38.189826],[21.716125,38.1899],[21.716018,38.189977],[21.715948,38.190043],[21.715833,38.190184],[21.715692,38.190415],[21.71566,38.190463],[21.715623,38.190511],[21.715575,38.190563],[21.715526,38.190615],[21.715096,38.191055],[21.714947,38.191174],[21.714606,38.191468],[21.714245,38.191758],[21.714054,38.191886],[21.713966,38.191965],[21.713909,38.192023],[21.713858,38.192089],[21.71379,38.192196],[21.713656,38.192415],[21.713613,38.192484],[21.713575,38.192536],[21.713525,38.192591],[21.713496,38.192627],[21.713449,38.192689],[21.713419,38.192735],[21.713419,38.192735],[21.713357,38.192828],[21.713257,38.192979],[21.713237,38.193008],[21.713216,38.193036],[21.713131,38.193173],[21.713106,38.193218],[21.713005,38.193408],[21.712928,38.193563],[21.712884,38.19364],[21.712865,38.193671],[21.712839,38.193707],[21.712794,38.193763],[21.712517,38.194028],[21.712392,38.194141],[21.712208,38.1943],[21.712103,38.194399],[21.712055,38.194443],[21.712024,38.194478],[21.71198,38.194529],[21.711927,38.194594],[21.711775,38.194794],[21.711647,38.195114],[21.711414,38.19536],[21.7113,38.195497],[21.7113,38.195497],[21.71105,38.195768],[21.711,38.195828],[21.710939,38.195909],[21.710801,38.196101],[21.710665,38.196292],[21.710295,38.196849],[21.71014,38.197063],[21.709999,38.197268],[21.709844,38.197487],[21.70972,38.197677],[21.709565,38.197932],[21.709435,38.198145],[21.709155,38.198568],[21.709105,38.198657],[21.709088,38.198688],[21.708979,38.198911],[21.708822,38.199278],[21.708789,38.199344],[21.708725,38.19945],[21.70867,38.199527],[21.708583,38.199633],[21.708583,38.199633],[21.708573,38.199646],[21.70843,38.199822],[21.708209,38.20008],[21.708143,38.200152],[21.708016,38.200282],[21.707962,38.200323],[21.707815,38.200426],[21.707658,38.200598],[21.707429,38.200889],[21.707389,38.200953],[21.707301,38.201061],[21.7072,38.201158],[21.707078,38.201263],[21.706966,38.201365],[21.706847,38.201501],[21.706706,38.201658],[21.706659,38.201739],[21.706624,38.201832],[21.706602,38.201901],[21.706588,38.201934],[21.70656,38.201994],[21.70655,38.202011],[21.706541,38.202024],[21.70653,38.202039],[21.706464,38.202121],[21.706354,38.202249],[21.706298,38.202315],[21.706255,38.202368],[21.706228,38.202403],[21.706202,38.20244],[21.706179,38.202477],[21.706146,38.202539],[21.706135,38.202561],[21.70611,38.202601],[21.70601,38.202748],[21.70601,38.202748],[21.705952,38.202833],[21.705929,38.202868],[21.705882,38.202941],[21.705802,38.203084],[21.705736,38.203205],[21.7058,38.203223],[21.705938,38.203269],[21.706058,38.203317],[21.706058,38.203317],[21.706305,38.203417],[21.706783,38.203618],[21.707678,38.203993],[21.708057,38.204148],[21.708262,38.204233],[21.708488,38.204327],[21.708696,38.204417],[21.708864,38.204489],[21.708967,38.204534],[21.709079,38.204582],[21.709157,38.204629],[21.709225,38.204682],[21.709296,38.204743],[21.709296,38.204743],[21.709397,38.204831],[21.709535,38.204955],[21.709778,38.205188],[21.709913,38.205315],[21.710103,38.205504],[21.710167,38.205568],[21.710269,38.205669],[21.71036,38.205765],[21.710461,38.205881],[21.71059,38.206045],[21.710688,38.206178],[21.710888,38.206488],[21.711039,38.206728],[21.711284,38.207114],[21.711513,38.207483],[21.711534,38.207516],[21.711534,38.207516],[21.711617,38.207646],[21.711689,38.207758],[21.711736,38.207829],[21.711779,38.20789],[21.711812,38.207935],[21.711898,38.208046],[21.712014,38.208188],[21.712232,38.208431],[21.712278,38.20848],[21.71235,38.208549],[21.712437,38.208632],[21.712508,38.208698],[21.712591,38.208767],[21.712669,38.208831],[21.712746,38.208891],[21.712814,38.208946],[21.712878,38.208996],[21.713042,38.209109],[21.713237,38.209243],[21.713583,38.209485],[21.713973,38.20973],[21.714382,38.209986],[21.714594,38.210099],[21.7148,38.210215],[21.715075,38.210358],[21.715169,38.210405],[21.715169,38.210405],[21.715469,38.210556],[21.715657,38.210653],[21.715732,38.210701],[21.715818,38.210764],[21.715974,38.210897],[21.716082,38.210998],[21.716181,38.211091],[21.716252,38.211166],[21.716307,38.211225],[21.7164,38.211329],[21.716482,38.211435],[21.716555,38.211539],[21.716621,38.211646],[21.716761,38.21187],[21.71682,38.211971],[21.717016,38.21231],[21.717078,38.212423],[21.717078,38.212423],[21.717202,38.212648],[21.717399,38.213012],[21.717476,38.213162],[21.71767,38.213565],[21.717741,38.213712],[21.717854,38.21395],[21.717854,38.21395],[21.717951,38.214156],[21.717995,38.214254],[21.718013,38.214296],[21.71809,38.21446],[21.718123,38.214541],[21.718237,38.214778],[21.718255,38.214816],[21.718266,38.21484],[21.718313,38.214926],[21.718828,38.215823],[21.718903,38.215966],[21.71892,38.215998],[21.718971,38.216091],[21.719051,38.216269],[21.719051,38.216269],[21.719165,38.216521],[21.719257,38.216716],[21.719331,38.216888],[21.719385,38.217015],[21.719425,38.217121],[21.719476,38.217269],[21.719528,38.217427],[21.719593,38.217632],[21.719938,38.218745],[21.719969,38.218842],[21.720001,38.218945],[21.72005,38.2191],[21.72005,38.2191],[21.72015,38.219416],[21.720279,38.219853],[21.720334,38.220052],[21.72038,38.22022],[21.720508,38.2207],[21.720584,38.220984],[21.720584,38.220984],[21.720631,38.221161],[21.720696,38.221401],[21.720765,38.221668],[21.720855,38.222029],[21.720909,38.222261],[21.720951,38.222449],[21.721016,38.22277],[21.721058,38.222986],[21.721259,38.223925],[21.721259,38.223925],[21.721299,38.22411],[21.721327,38.224216],[21.721348,38.224289],[21.721369,38.224352],[21.721407,38.224441],[21.721447,38.224519],[21.721493,38.2246],[21.721535,38.224663],[21.721588,38.224741],[21.721659,38.224834],[21.72178,38.22498],[21.722032,38.225271],[21.722155,38.225412],[21.722244,38.225516],[21.7223,38.225583],[21.722433,38.225769],[21.722479,38.225835],[21.722525,38.225903],[21.722562,38.225963],[21.722632,38.226092],[21.722733,38.226289],[21.722757,38.226343],[21.722847,38.226534],[21.722927,38.226702],[21.722992,38.22683],[21.723012,38.226878],[21.723012,38.226878],[21.723411,38.227833],[21.723609,38.228325],[21.72367,38.228487],[21.723702,38.228584],[21.723766,38.228793],[21.7238,38.2289],[21.723896,38.229179],[21.723953,38.229368],[21.724044,38.229688],[21.724201,38.230236],[21.724219,38.230294],[21.724219,38.230294],[21.724366,38.230757],[21.724427,38.230974],[21.724514,38.231286],[21.724541,38.231399],[21.724589,38.231623],[21.724614,38.231763],[21.724629,38.231838],[21.724647,38.231925],[21.724671,38.232052],[21.724682,38.232102],[21.724761,38.232475],[21.724803,38.232675],[21.724973,38.233553],[21.72508,38.234109],[21.72508,38.234109],[21.72515,38.234471],[21.725233,38.234874],[21.725271,38.235061],[21.72545,38.235886],[21.725513,38.236182],[21.725535,38.236296],[21.725535,38.236296],[21.725894,38.238188],[21.725941,38.238429],[21.725995,38.238693],[21.725995,38.238693],[21.726034,38.238883],[21.726041,38.238924],[21.726052,38.238985],[21.726184,38.239624],[21.726236,38.239865],[21.726384,38.240531],[21.726468,38.240912],[21.726508,38.241096],[21.726531,38.241199],[21.726556,38.241324],[21.726578,38.241463],[21.726583,38.241497],[21.726583,38.241497],[21.726611,38.241702],[21.726641,38.241956],[21.72671,38.242447],[21.726733,38.242642],[21.72678,38.243006],[21.726801,38.243153],[21.72685,38.24351],[21.726866,38.243613],[21.726878,38.243688],[21.726889,38.243731],[21.726901,38.243764],[21.726915,38.243797],[21.726934,38.243828],[21.726979,38.243882],[21.72704,38.243936],[21.727102,38.243972],[21.72717,38.243998],[21.727203,38.244007],[21.727223,38.244012],[21.727268,38.244019],[21.727286,38.244022],[21.727337,38.244026],[21.727402,38.244024],[21.727448,38.244016],[21.727453,38.244015],[21.727508,38.243998],[21.727565,38.243975],[21.727642,38.243938],[21.727703,38.243907],[21.727878,38.243815],[21.728352,38.243565],[21.728729,38.243868],[21.728729,38.243868],[21.728853,38.243968],[21.729265,38.244299],[21.729436,38.244437],[21.72962,38.244585],[21.729709,38.244657],[21.730123,38.24499],[21.730212,38.245062],[21.730212,38.245062],[21.730861,38.245584],[21.730929,38.245639],[21.731581,38.246156],[21.731581,38.246156],[21.73183,38.246354],[21.732178,38.24663],[21.732553,38.246928],[21.732998,38.247281],[21.733187,38.24743],[21.733187,38.24743],[21.734145,38.248191],[21.735495,38.249262],[21.735677,38.249406],[21.735677,38.249406],[21.735956,38.249628],[21.736488,38.25005],[21.736828,38.25032],[21.73689,38.250369],[21.737465,38.250825],[21.737536,38.250886],[21.73768,38.251185],[21.73768,38.251185],[21.737852,38.251543],[21.737881,38.25162],[21.738057,38.252134],[21.738275,38.252965],[21.738337,38.253189]]},"properties":{"line":"502","dir":"Αγ. Διονύσιος - Επίκεντρο","mode":"bus"}},{"type":"Feature","geometry":{"type":"LineString","coordinates":[[21.735329,38.249747],[21.734982,38.249479],[21.734717,38.249273],[21.734591,38.249167],[21.734201,38.248838],[21.733818,38.248541],[21.733704,38.24846],[21.733618,38.248391],[21.733527,38.248317],[21.733416,38.248225],[21.73333,38.248153],[21.733253,38.248087],[21.733173,38.248028],[21.733094,38.247969],[21.733019,38.247909],[21.732942,38.247853],[21.732868,38.247787],[21.732792,38.247721],[21.73272,38.247666],[21.732649,38.247623],[21.732585,38.247565],[21.732519,38.247513],[21.732449,38.247463],[21.732391,38.247412],[21.732321,38.247358],[21.732253,38.247304],[21.732172,38.247237],[21.732085,38.247173],[21.731991,38.247101],[21.731904,38.247038],[21.731745,38.246947],[21.731511,38.246841],[21.731393,38.246802],[21.731252,38.246741],[21.731072,38.246676],[21.73095,38.246623],[21.730805,38.246562],[21.730667,38.246492],[21.730552,38.246441],[21.730438,38.246373],[21.730339,38.24632],[21.730217,38.246248],[21.730295,38.246172],[21.730382,38.24609],[21.730552,38.245953],[21.730691,38.245823],[21.73083,38.245705],[21.731067,38.245512],[21.732278,38.244502],[21.731897,38.244217],[21.731651,38.244032],[21.731634,38.244019],[21.731634,38.244019],[21.731474,38.2439],[21.731044,38.243567],[21.730605,38.243226],[21.730045,38.242792],[21.729998,38.242755],[21.729963,38.242728],[21.729963,38.242728],[21.729352,38.242252],[21.728922,38.241909],[21.727938,38.241151],[21.727918,38.241118],[21.727904,38.241081],[21.727894,38.241047],[21.727883,38.241005],[21.727872,38.240944],[21.72758,38.240977],[21.727372,38.241],[21.727285,38.241009],[21.727243,38.241013],[21.726508,38.241096],[21.726352,38.241114],[21.726298,38.240861],[21.726298,38.240861],[21.725976,38.239337],[21.725922,38.239078],[21.725904,38.239001],[21.725891,38.238939],[21.725702,38.237977],[21.725702,38.237977],[21.725351,38.236189],[21.725055,38.234793],[21.72482,38.233564],[21.724738,38.23315],[21.724738,38.23315],[21.724699,38.232951],[21.724519,38.232068],[21.7245,38.231969],[21.724472,38.231856],[21.724433,38.23165],[21.724392,38.231466],[21.724338,38.231242],[21.724264,38.23097],[21.724162,38.230627],[21.723914,38.229725],[21.723776,38.229262],[21.723776,38.229262],[21.723772,38.229247],[21.723669,38.228925],[21.723584,38.228667],[21.723487,38.228398],[21.723309,38.227973],[21.723073,38.227412],[21.722827,38.226835],[21.722697,38.226552],[21.722689,38.226536],[21.722689,38.226536],[21.722581,38.22631],[21.722484,38.226118],[21.722412,38.225985],[21.722352,38.225889],[21.722284,38.22579],[21.722188,38.225672],[21.722166,38.225647],[21.72211,38.22558],[21.721942,38.225386],[21.721616,38.224997],[21.721547,38.224911],[21.721479,38.224823],[21.721431,38.224759],[21.721342,38.224628],[21.721323,38.224595],[21.721304,38.224563],[21.721265,38.224469],[21.721228,38.224382],[21.721199,38.224306],[21.721178,38.224239],[21.721162,38.224182],[21.721108,38.223947],[21.721071,38.22377],[21.720971,38.223322],[21.720874,38.222851],[21.720793,38.222467],[21.720735,38.222201],[21.720661,38.221901],[21.720661,38.221901],[21.720543,38.221439],[21.720457,38.221113],[21.72038,38.220826],[21.72029,38.220476],[21.720158,38.219984],[21.720078,38.219723],[21.719963,38.219391],[21.719866,38.219085],[21.719768,38.218783],[21.719626,38.218331],[21.719566,38.218127],[21.719483,38.217847],[21.71942,38.217627],[21.719354,38.217412],[21.719278,38.217183],[21.719216,38.217004],[21.719168,38.216887],[21.719123,38.216784],[21.718926,38.216327],[21.718926,38.216327],[21.7189,38.216267],[21.718839,38.216138],[21.71879,38.216046],[21.718612,38.215734],[21.718213,38.215001],[21.718174,38.214925],[21.718148,38.214876],[21.71807,38.21472],[21.717997,38.214577],[21.717972,38.214521],[21.717944,38.214457],[21.717887,38.214331],[21.717723,38.213948],[21.717723,38.213948],[21.717667,38.213812],[21.717529,38.213523],[21.717372,38.2132],[21.717358,38.213174],[21.717245,38.212962],[21.717227,38.212929],[21.717134,38.212761],[21.717097,38.212689],[21.717049,38.212598],[21.716886,38.212302],[21.716856,38.212245],[21.716693,38.211932],[21.716672,38.211891],[21.716633,38.211826],[21.716633,38.211826],[21.716615,38.211796],[21.716532,38.211667],[21.716467,38.21157],[21.716389,38.21146],[21.71626,38.211298],[21.716194,38.211227],[21.715969,38.211016],[21.715817,38.210883],[21.715742,38.210825],[21.715613,38.210736],[21.715404,38.21062],[21.715106,38.210463],[21.715106,38.210463],[21.714847,38.210326],[21.71446,38.21013],[21.714411,38.210102],[21.714177,38.209969],[21.713104,38.209274],[21.712953,38.209169],[21.712812,38.209072],[21.712562,38.208893],[21.712529,38.208869],[21.712385,38.208748],[21.712233,38.208605],[21.712065,38.208429],[21.711927,38.20828],[21.711873,38.208216],[21.711745,38.208051],[21.711674,38.207948],[21.711601,38.207839],[21.71151,38.207701],[21.711433,38.20758],[21.711433,38.20758],[21.711169,38.207163],[21.710761,38.206502],[21.710693,38.206406],[21.710547,38.206199],[21.710349,38.205935],[21.710177,38.205726],[21.709602,38.205153],[21.709166,38.204783],[21.709166,38.204783],[21.709021,38.20466],[21.708881,38.20458],[21.708658,38.204479],[21.708437,38.20438],[21.706246,38.203467],[21.705912,38.203345],[21.705896,38.20334],[21.705896,38.20334],[21.705697,38.203276],[21.704519,38.20307],[21.704058,38.202966],[21.703793,38.202875],[21.703567,38.202776],[21.703381,38.202672],[21.703158,38.20252],[21.702986,38.202402],[21.702887,38.202329],[21.702887,38.202329],[21.702742,38.202223],[21.702505,38.202035],[21.702189,38.201763],[21.701633,38.201351],[21.701203,38.201036],[21.700669,38.200637],[21.700292,38.200364],[21.700292,38.200364],[21.699951,38.200117],[21.699249,38.19961],[21.69907,38.199481],[21.698927,38.199384],[21.698549,38.199109],[21.698262,38.198877],[21.698205,38.198827],[21.698122,38.198748],[21.6981,38.198725],[21.6981,38.198725],[21.698011,38.19863],[21.69797,38.198581],[21.697912,38.198509],[21.697528,38.198024],[21.697225,38.197648],[21.696936,38.197284],[21.696686,38.196967],[21.696569,38.196813],[21.696569,38.196813],[21.696439,38.196642],[21.696188,38.196298],[21.695793,38.195768],[21.695639,38.195567],[21.695524,38.195416],[21.695396,38.195242],[21.695255,38.195058],[21.695112,38.194891],[21.694858,38.194703],[21.694482,38.194416],[21.694482,38.194416],[21.69431,38.194283],[21.694046,38.194069],[21.693374,38.193525],[21.693125,38.193323],[21.693052,38.193265],[21.693052,38.193265],[21.692147,38.192542],[21.691981,38.192396],[21.691974,38.192387],[21.691827,38.192209],[21.691594,38.191897],[21.69153,38.19181],[21.691458,38.191696],[21.691435,38.191657],[21.691435,38.191657],[21.691302,38.191438],[21.691068,38.191032],[21.690912,38.190753],[21.69075,38.190461],[21.690632,38.190289],[21.690521,38.190144],[21.69049,38.190107],[21.69049,38.190107],[21.690437,38.190044],[21.690276,38.189859],[21.690191,38.189746],[21.690142,38.189652],[21.690109,38.189566],[21.69012,38.189508],[21.690147,38.189443],[21.690217,38.189338],[21.69028,38.189273],[21.690363,38.189195],[21.69045,38.189125],[21.690622,38.189002],[21.690674,38.18895],[21.690712,38.188885],[21.690728,38.188804],[21.690726,38.188734],[21.690694,38.188661],[21.690646,38.188592],[21.690552,38.18846],[21.690493,38.188368],[21.69043,38.188265],[21.690365,38.188146],[21.690305,38.188024],[21.69024,38.187875],[21.690099,38.187541],[21.690016,38.187356],[21.689941,38.187199],[21.689855,38.187038],[21.689797,38.186933],[21.689719,38.186803],[21.689543,38.186533],[21.689201,38.185992],[21.689192,38.185976],[21.689192,38.185976],[21.688987,38.185624],[21.68883,38.185327],[21.688706,38.185064],[21.688584,38.184759],[21.688447,38.184387],[21.688356,38.184106],[21.688246,38.183809],[21.688246,38.183809],[21.688114,38.183452],[21.687832,38.182762],[21.687805,38.182695],[21.687634,38.182285],[21.687494,38.181987],[21.687304,38.181616],[21.687148,38.181333],[21.687047,38.18117],[21.686908,38.18096],[21.686762,38.180757],[21.686627,38.180531],[21.686719,38.180461],[21.687468,38.180941],[21.687753,38.181095],[21.688276,38.181365],[21.688561,38.181526],[21.688859,38.181698],[21.689123,38.181857],[21.689368,38.182007],[21.689577,38.182127],[21.689773,38.182229],[21.689968,38.182317],[21.690211,38.182413],[21.690242,38.182421],[21.690242,38.182421],[21.690385,38.182459],[21.690758,38.182546],[21.690971,38.182591],[21.691669,38.18273],[21.69204,38.182802],[21.69303,38.183003],[21.693353,38.183067],[21.693671,38.183131],[21.693811,38.18316],[21.693946,38.183182],[21.694119,38.183203],[21.694273,38.183218],[21.694405,38.183233],[21.694575,38.18325],[21.694762,38.183276],[21.694882,38.183299],[21.695077,38.183345],[21.695244,38.183394],[21.695339,38.183432],[21.69549,38.183505],[21.695617,38.183575],[21.695733,38.183638],[21.695931,38.183749],[21.696157,38.183868],[21.696157,38.183868],[21.696207,38.183894],[21.696354,38.183972],[21.697087,38.184378],[21.697244,38.184466],[21.697534,38.184618],[21.697977,38.184858],[21.698094,38.184915],[21.698182,38.184956],[21.698262,38.184988],[21.698321,38.185013],[21.698434,38.18505],[21.698632,38.18511],[21.698698,38.185132],[21.698731,38.185148],[21.698738,38.185152],[21.698803,38.185189],[21.698848,38.185219],[21.698891,38.185249],[21.698967,38.185308],[21.699085,38.185399],[21.699294,38.185567],[21.699483,38.185711],[21.699572,38.185776],[21.699658,38.185829],[21.699744,38.185873],[21.699816,38.185902],[21.70007,38.185994],[21.700223,38.186052],[21.700327,38.186085],[21.70046,38.186123],[21.700557,38.186148],[21.700645,38.186164],[21.700764,38.186183],[21.701025,38.186217],[21.701206,38.186242],[21.701426,38.186278],[21.701426,38.186278],[21.701636,38.186312],[21.701786,38.186341],[21.701935,38.186372],[21.702061,38.186403],[21.702154,38.186427],[21.702244,38.186454],[21.702349,38.186491],[21.702493,38.186543],[21.702743,38.186633],[21.702743,38.186633],[21.702849,38.186671],[21.702992,38.186723],[21.703054,38.18668],[21.703241,38.186578],[21.703378,38.186497],[21.703463,38.186441],[21.703378,38.186159],[21.703347,38.18609],[21.703326,38.186047],[21.703294,38.185994],[21.703218,38.185893],[21.703195,38.185859],[21.703179,38.185815],[21.703169,38.185757],[21.703166,38.185692],[21.703165,38.185618],[21.703173,38.185462],[21.703173,38.185421],[21.703166,38.185375],[21.703159,38.185348],[21.703142,38.185307],[21.703101,38.185232],[21.702964,38.18501],[21.702829,38.184817],[21.702789,38.184769],[21.702759,38.184739],[21.702669,38.184661],[21.702566,38.184589],[21.702447,38.184508],[21.702329,38.184428],[21.702205,38.18435],[21.702141,38.184312],[21.702056,38.184265],[21.701926,38.184195],[21.701829,38.184143],[21.701829,38.184143],[21.701926,38.184195],[21.702056,38.184265],[21.702141,38.184312],[21.702205,38.18435],[21.702329,38.184428],[21.702447,38.184508],[21.702566,38.184589],[21.702669,38.184661],[21.702759,38.184739],[21.702789,38.184769],[21.702829,38.184817],[21.702964,38.18501],[21.703101,38.185232],[21.703142,38.185307],[21.703159,38.185348],[21.703166,38.185375],[21.703173,38.185421],[21.703173,38.185462],[21.703165,38.185618],[21.703166,38.185692],[21.703169,38.185757],[21.703179,38.185815],[21.703195,38.185859],[21.703218,38.185893],[21.703294,38.185994],[21.703326,38.186047],[21.703347,38.18609],[21.703378,38.186159],[21.703463,38.186441],[21.703378,38.186497],[21.703241,38.186578],[21.703054,38.18668],[21.703045,38.186686],[21.703045,38.186686],[21.702992,38.186723],[21.702849,38.186671],[21.702493,38.186543],[21.702349,38.186491],[21.702244,38.186454],[21.702154,38.186427],[21.702061,38.186403],[21.701935,38.186372],[21.701786,38.186341],[21.701636,38.186312],[21.701429,38.186278],[21.701429,38.186278],[21.701206,38.186242],[21.701025,38.186217],[21.700764,38.186183],[21.700645,38.186164],[21.700557,38.186148],[21.70046,38.186123],[21.700327,38.186085],[21.700223,38.186052],[21.70007,38.185994],[21.699816,38.185902],[21.699744,38.185873],[21.699658,38.185829],[21.699572,38.185776],[21.699483,38.185711],[21.699294,38.185567],[21.699085,38.185399],[21.698967,38.185308],[21.698891,38.185249],[21.698848,38.185219],[21.698803,38.185189],[21.698738,38.185152],[21.698698,38.185132],[21.698632,38.18511],[21.698434,38.18505],[21.698321,38.185013],[21.698262,38.184988],[21.698182,38.184956],[21.698094,38.184915],[21.697977,38.184858],[21.697534,38.184618],[21.697244,38.184466],[21.697087,38.184378],[21.696354,38.183972],[21.696207,38.183894],[21.696155,38.183867],[21.696155,38.183867],[21.695931,38.183749],[21.695897,38.183796],[21.695874,38.183849],[21.695856,38.183901],[21.695836,38.183935],[21.695777,38.183987],[21.695655,38.1841],[21.695296,38.184408],[21.695009,38.18466],[21.694762,38.18488],[21.694405,38.185184],[21.694338,38.185244],[21.694338,38.185244],[21.694186,38.18538],[21.694071,38.185488],[21.693881,38.185645],[21.693568,38.185902],[21.693193,38.186247],[21.691814,38.187492],[21.691397,38.187855],[21.691397,38.187855],[21.691044,38.188162],[21.691025,38.188179],[21.690864,38.188318],[21.690739,38.188446],[21.690646,38.188592],[21.690694,38.188661],[21.690726,38.188734],[21.690728,38.188804],[21.690712,38.188885],[21.690674,38.18895],[21.690622,38.189002],[21.69045,38.189125],[21.690363,38.189195],[21.69028,38.189273],[21.690217,38.189338],[21.690147,38.189443],[21.69012,38.189508],[21.690109,38.189566],[21.690142,38.189652],[21.690191,38.189746],[21.690276,38.189859],[21.690437,38.190044],[21.690501,38.190121],[21.690501,38.190121],[21.690521,38.190144],[21.690632,38.190289],[21.69075,38.190461],[21.690912,38.190753],[21.691068,38.191032],[21.691302,38.191438],[21.691438,38.191663],[21.691438,38.191663],[21.691458,38.191696],[21.69153,38.19181],[21.691594,38.191897],[21.691827,38.192209],[21.691974,38.192387],[21.691981,38.192396],[21.692147,38.192542],[21.693074,38.193283],[21.693074,38.193283],[21.693125,38.193323],[21.693374,38.193525],[21.694046,38.194069],[21.69431,38.194283],[21.694524,38.194448],[21.694858,38.194703],[21.694995,38.194804],[21.694995,38.194804],[21.695112,38.194891],[21.695255,38.195058],[21.695396,38.195242],[21.695524,38.195416],[21.695639,38.195567],[21.695793,38.195768],[21.696188,38.196298],[21.696439,38.196642],[21.696686,38.196967],[21.696936,38.197284],[21.69708,38.197466],[21.69708,38.197466],[21.697225,38.197648],[21.697528,38.198024],[21.697912,38.198509],[21.69797,38.198581],[21.698011,38.19863],[21.698122,38.198748],[21.698205,38.198827],[21.698262,38.198877],[21.698549,38.199109],[21.69867,38.199197],[21.69867,38.199197],[21.698927,38.199384],[21.69907,38.199481],[21.699249,38.19961],[21.699951,38.200117],[21.700296,38.200367],[21.700296,38.200367],[21.700669,38.200637],[21.701203,38.201036],[21.701633,38.201351],[21.702189,38.201763],[21.702613,38.202068],[21.702793,38.202201],[21.702881,38.202265],[21.702881,38.202265],[21.702894,38.202275],[21.702971,38.202326],[21.703028,38.202361],[21.70314,38.202431],[21.703254,38.202502],[21.703364,38.202565],[21.703463,38.20262],[21.703536,38.202657],[21.703574,38.202677],[21.703646,38.202713],[21.703754,38.202764],[21.703852,38.202804],[21.703989,38.202856],[21.704063,38.202881],[21.704227,38.202922],[21.704391,38.202958],[21.704547,38.202989],[21.704722,38.203023],[21.704947,38.203064],[21.705138,38.203096],[21.70527,38.20312],[21.705482,38.203156],[21.705625,38.203181],[21.705736,38.203205],[21.7058,38.203223],[21.705938,38.203269],[21.706058,38.203317],[21.706058,38.203317],[21.706305,38.203417],[21.706783,38.203618],[21.707678,38.203993],[21.708057,38.204148],[21.708262,38.204233],[21.708488,38.204327],[21.708696,38.204417],[21.708864,38.204489],[21.708967,38.204534],[21.709079,38.204582],[21.709157,38.204629],[21.709225,38.204682],[21.709296,38.204743],[21.709296,38.204743],[21.709397,38.204831],[21.709535,38.204955],[21.709778,38.205188],[21.709913,38.205315],[21.710103,38.205504],[21.710167,38.205568],[21.710269,38.205669],[21.71036,38.205765],[21.710461,38.205881],[21.71059,38.206045],[21.710688,38.206178],[21.710888,38.206488],[21.711039,38.206728],[21.711284,38.207114],[21.711513,38.207483],[21.711534,38.207516],[21.711534,38.207516],[21.711617,38.207646],[21.711689,38.207758],[21.711736,38.207829],[21.711779,38.20789],[21.711812,38.207935],[21.711898,38.208046],[21.712014,38.208188],[21.712232,38.208431],[21.712278,38.20848],[21.71235,38.208549],[21.712437,38.208632],[21.712508,38.208698],[21.712591,38.208767],[21.712669,38.208831],[21.712746,38.208891],[21.712814,38.208946],[21.712878,38.208996],[21.713042,38.209109],[21.713237,38.209243],[21.713583,38.209485],[21.713973,38.20973],[21.714382,38.209986],[21.714594,38.210099],[21.7148,38.210215],[21.715075,38.210358],[21.715169,38.210405],[21.715169,38.210405],[21.715469,38.210556],[21.715657,38.210653],[21.715732,38.210701],[21.715818,38.210764],[21.715974,38.210897],[21.716082,38.210998],[21.716181,38.211091],[21.716252,38.211166],[21.716307,38.211225],[21.7164,38.211329],[21.716482,38.211435],[21.716555,38.211539],[21.716621,38.211646],[21.716761,38.21187],[21.71682,38.211971],[21.717016,38.21231],[21.717078,38.212423],[21.717078,38.212423],[21.717202,38.212648],[21.717399,38.213012],[21.717476,38.213162],[21.71767,38.213565],[21.717741,38.213712],[21.717951,38.214156],[21.717995,38.214254],[21.718013,38.214296],[21.71809,38.21446],[21.718123,38.214541],[21.718237,38.214778],[21.718255,38.214816],[21.718266,38.21484],[21.718313,38.214926],[21.718828,38.215823],[21.718903,38.215966],[21.71892,38.215998],[21.718971,38.216091],[21.719051,38.216269],[21.719051,38.216269],[21.719165,38.216521],[21.719257,38.216716],[21.719331,38.216888],[21.719385,38.217015],[21.719425,38.217121],[21.719476,38.217269],[21.719528,38.217427],[21.719593,38.217632],[21.719938,38.218745],[21.719969,38.218842],[21.720001,38.218945],[21.72005,38.2191],[21.72005,38.2191],[21.72015,38.219416],[21.720279,38.219853],[21.720334,38.220052],[21.72038,38.22022],[21.720508,38.2207],[21.720584,38.220984],[21.720584,38.220984],[21.720631,38.221161],[21.720696,38.221401],[21.720765,38.221668],[21.720855,38.222029],[21.720909,38.222261],[21.720951,38.222449],[21.721016,38.22277],[21.721058,38.222986],[21.721259,38.223925],[21.721259,38.223925],[21.721299,38.22411],[21.721327,38.224216],[21.721348,38.224289],[21.721369,38.224352],[21.721407,38.224441],[21.721447,38.224519],[21.721493,38.2246],[21.721535,38.224663],[21.721588,38.224741],[21.721659,38.224834],[21.72178,38.22498],[21.722032,38.225271],[21.722155,38.225412],[21.722244,38.225516],[21.7223,38.225583],[21.722433,38.225769],[21.722479,38.225835],[21.722525,38.225903],[21.722562,38.225963],[21.722632,38.226092],[21.722733,38.226289],[21.722757,38.226343],[21.722847,38.226534],[21.722927,38.226702],[21.722992,38.22683],[21.723012,38.226878],[21.723012,38.226878],[21.723411,38.227833],[21.723609,38.228325],[21.72367,38.228487],[21.723702,38.228584],[21.723766,38.228793],[21.7238,38.2289],[21.723896,38.229179],[21.723953,38.229368],[21.724044,38.229688],[21.724201,38.230236],[21.724219,38.230294],[21.724219,38.230294],[21.724366,38.230757],[21.724427,38.230974],[21.724514,38.231286],[21.724541,38.231399],[21.724589,38.231623],[21.724614,38.231763],[21.724629,38.231838],[21.724647,38.231925],[21.724671,38.232052],[21.724682,38.232102],[21.724761,38.232475],[21.724803,38.232675],[21.724973,38.233553],[21.72508,38.234109],[21.72508,38.234109],[21.72515,38.234471],[21.725233,38.234874],[21.725271,38.235061],[21.72545,38.235886],[21.725513,38.236182],[21.725535,38.236296],[21.725535,38.236296],[21.725894,38.238188],[21.725941,38.238429],[21.725995,38.238693],[21.725995,38.238693],[21.726034,38.238883],[21.726041,38.238924],[21.726052,38.238985],[21.726184,38.239624],[21.726236,38.239865],[21.726384,38.240531],[21.726468,38.240912],[21.726508,38.241096],[21.726531,38.241199],[21.726556,38.241324],[21.726578,38.241463],[21.726583,38.241497],[21.726583,38.241497],[21.726611,38.241702],[21.726641,38.241956],[21.72671,38.242447],[21.726733,38.242642],[21.72678,38.243006],[21.726801,38.243153],[21.72685,38.24351],[21.726866,38.243613],[21.726878,38.243688],[21.726889,38.243731],[21.726901,38.243764],[21.726915,38.243797],[21.726934,38.243828],[21.726979,38.243882],[21.72704,38.243936],[21.727102,38.243972],[21.72717,38.243998],[21.727203,38.244007],[21.727223,38.244012],[21.727268,38.244019],[21.727286,38.244022],[21.727337,38.244026],[21.727402,38.244024],[21.727448,38.244016],[21.727453,38.244015],[21.727508,38.243998],[21.727565,38.243975],[21.727642,38.243938],[21.727703,38.243907],[21.727878,38.243815],[21.728352,38.243565],[21.728729,38.243868],[21.728729,38.243868],[21.728853,38.243968],[21.729265,38.244299],[21.729436,38.244437],[21.72962,38.244585],[21.729709,38.244657],[21.730123,38.24499],[21.730212,38.245062],[21.730212,38.245062],[21.730861,38.245584],[21.730929,38.245639],[21.731581,38.246156],[21.731581,38.246156],[21.73183,38.246354],[21.732178,38.24663],[21.732553,38.246928],[21.732998,38.247281],[21.733187,38.24743],[21.733187,38.24743],[21.734145,38.248191],[21.735495,38.249262],[21.735677,38.249406],[21.735677,38.249406],[21.735956,38.249628],[21.736488,38.25005],[21.736828,38.25032],[21.73689,38.250369],[21.737465,38.250825],[21.737536,38.250886],[21.737852,38.251543],[21.737881,38.25162],[21.738057,38.252134],[21.738275,38.252965],[21.738337,38.253189]]},"properties":{"line":"502","dir":"Αγ. Διονύσιος - Επίκεντρο","mode":"bus"}},{"type":"Feature","geometry":{"type":"LineString","coordinates":[[21.631418,38.154052],[21.631254,38.1543],[21.631326,38.154333],[21.631463,38.154388],[21.631662,38.154457],[21.631886,38.15452],[21.632895,38.154799],[21.632975,38.154821],[21.633301,38.154907],[21.633561,38.154968],[21.633635,38.154988],[21.634423,38.155149],[21.635355,38.155286],[21.6355,38.155309],[21.6355,38.155309],[21.63644,38.155459],[21.637033,38.1555],[21.637766,38.155502],[21.63823,38.155502],[21.638715,38.155459],[21.639432,38.155326],[21.640084,38.155286],[21.640526,38.155282],[21.640526,38.155282],[21.640813,38.155279],[21.641513,38.155323],[21.642636,38.155503],[21.643431,38.155657],[21.644165,38.155869],[21.644568,38.155985],[21.645097,38.156111],[21.645238,38.156138],[21.645531,38.15621],[21.645531,38.15621],[21.645568,38.156219],[21.645674,38.156244],[21.645931,38.156334],[21.646328,38.156499],[21.646566,38.156621],[21.646779,38.156719],[21.647189,38.156892],[21.647341,38.156962],[21.647341,38.156962],[21.647753,38.157153],[21.648678,38.15758],[21.64878,38.157624],[21.649924,38.158088],[21.650185,38.158209],[21.650185,38.158209],[21.650284,38.158255],[21.650493,38.158368],[21.651348,38.158843],[21.651492,38.158917],[21.652306,38.159322],[21.653207,38.15978],[21.653649,38.159974],[21.654111,38.16015],[21.654233,38.160193],[21.655119,38.160527],[21.655119,38.160527],[21.655303,38.160596],[21.656341,38.161019],[21.656667,38.161158],[21.656877,38.161189],[21.656988,38.161196],[21.657237,38.161209],[21.657377,38.161258],[21.657592,38.161321],[21.657592,38.161321],[21.657843,38.161394],[21.658174,38.161464],[21.658563,38.161496],[21.658959,38.161479],[21.659664,38.161415],[21.65995,38.161385],[21.65995,38.161385],[21.660216,38.161357],[21.660742,38.161295],[21.66125,38.161286],[21.661473,38.161288],[21.662234,38.161312],[21.662448,38.161312],[21.662604,38.161323],[21.662712,38.161333],[21.662712,38.161333],[21.66275,38.161336],[21.663246,38.161431],[21.66369,38.161533],[21.663905,38.161578],[21.663926,38.161582],[21.664185,38.161642],[21.664432,38.161693],[21.66466,38.161741],[21.66469,38.161745],[21.66469,38.161745],[21.665268,38.161814],[21.665371,38.16182],[21.666018,38.161857],[21.666378,38.161905],[21.666596,38.161959],[21.666809,38.162037],[21.667142,38.162161],[21.668084,38.162473],[21.668572,38.162762],[21.668572,38.162762],[21.668745,38.162864],[21.669279,38.163193],[21.669691,38.163396],[21.6695,38.16379],[21.669473,38.163852],[21.669473,38.163852],[21.669195,38.164488],[21.669162,38.164544],[21.668373,38.166291],[21.668426,38.166309],[21.668426,38.166309],[21.669033,38.166516],[21.670415,38.167043],[21.670876,38.167269],[21.671206,38.167488],[21.671336,38.167573],[21.671849,38.167961],[21.672336,38.16836],[21.673452,38.16935],[21.673633,38.169535],[21.673633,38.169535],[21.673677,38.169581],[21.673948,38.169925],[21.674193,38.17026],[21.674468,38.17066],[21.674987,38.171479],[21.675135,38.17172],[21.675135,38.17172],[21.675258,38.171921],[21.675487,38.172282],[21.675697,38.172654],[21.675931,38.173138],[21.676115,38.173498],[21.676232,38.173723],[21.676232,38.173723],[21.676355,38.173959],[21.676549,38.174382],[21.676724,38.174761],[21.676783,38.174893],[21.676783,38.174893],[21.676855,38.175055],[21.676934,38.17524],[21.676986,38.17541],[21.677121,38.175947],[21.677276,38.17649],[21.677347,38.176665],[21.677387,38.176772],[21.677387,38.176772],[21.677392,38.176786],[21.677424,38.176909],[21.677447,38.177041],[21.677447,38.177214],[21.677446,38.177491],[21.677458,38.177693],[21.677479,38.177841],[21.677534,38.178109],[21.677658,38.178845],[21.677658,38.178845],[21.677731,38.179259],[21.677778,38.179619],[21.677824,38.179932],[21.677849,38.180116],[21.677851,38.180253],[21.67783,38.18042],[21.677808,38.180525],[21.677733,38.180656],[21.677645,38.180792],[21.677552,38.180918],[21.677512,38.181009],[21.677496,38.181105],[21.677498,38.18122],[21.677524,38.181417],[21.677525,38.181421],[21.677525,38.181633],[21.677498,38.181764],[21.677455,38.181984],[21.677437,38.182235],[21.677448,38.182374],[21.677461,38.182443],[21.677477,38.182532],[21.677549,38.182689],[21.677706,38.182927],[21.67796,38.183278],[21.678096,38.1835],[21.678165,38.183615],[21.678165,38.183615],[21.678324,38.183882],[21.678547,38.184299],[21.678691,38.18459],[21.678808,38.184791],[21.678943,38.18499],[21.679108,38.185185],[21.679334,38.185404],[21.679531,38.185553],[21.679731,38.185666],[21.679927,38.185759],[21.679927,38.185759],[21.680014,38.1858],[21.680148,38.185855],[21.68024,38.185884],[21.680365,38.185906],[21.680578,38.185925],[21.680918,38.185942],[21.681192,38.185961],[21.681341,38.185972],[21.681619,38.185986],[21.681935,38.185984],[21.682026,38.185982],[21.682026,38.185982],[21.682104,38.185981],[21.682327,38.18598],[21.682577,38.185988],[21.682773,38.186004],[21.683271,38.186064],[21.683614,38.186101],[21.683813,38.186124],[21.683961,38.186148],[21.684168,38.186185],[21.684415,38.186234],[21.684838,38.186326],[21.685114,38.186389],[21.685493,38.18648],[21.68576,38.186548],[21.685932,38.186596],[21.686069,38.186642],[21.686194,38.186689],[21.686391,38.18676],[21.68654,38.186812],[21.686795,38.186894],[21.686985,38.186958],[21.687149,38.187011],[21.687179,38.187021],[21.687322,38.187072],[21.687503,38.187146],[21.687536,38.187162],[21.687536,38.187162],[21.687705,38.187245],[21.68779,38.187295],[21.68787,38.187346],[21.688076,38.187495],[21.688262,38.187632],[21.688386,38.187732],[21.688549,38.187883],[21.688701,38.188058],[21.688859,38.188252],[21.689183,38.188662],[21.689297,38.188805],[21.689404,38.188936],[21.689404,38.188936],[21.689692,38.189291],[21.689915,38.189527],[21.690142,38.189652],[21.690191,38.189746],[21.690276,38.189859],[21.690437,38.190044],[21.690501,38.190121],[21.690501,38.190121],[21.690521,38.190144],[21.690632,38.190289],[21.69075,38.190461],[21.690912,38.190753],[21.691068,38.191032],[21.691302,38.191438],[21.691438,38.191663],[21.691438,38.191663],[21.691458,38.191696],[21.69153,38.19181],[21.691594,38.191897],[21.691827,38.192209],[21.691974,38.192387],[21.691981,38.192396],[21.692147,38.192542],[21.693074,38.193283],[21.693074,38.193283],[21.693125,38.193323],[21.693374,38.193525],[21.694046,38.194069],[21.69431,38.194283],[21.694524,38.194448],[21.694858,38.194703],[21.694995,38.194804],[21.694995,38.194804],[21.695112,38.194891],[21.695255,38.195058],[21.695396,38.195242],[21.695524,38.195416],[21.695639,38.195567],[21.695793,38.195768],[21.696188,38.196298],[21.696439,38.196642],[21.696686,38.196967],[21.696936,38.197284],[21.69708,38.197466],[21.69708,38.197466],[21.697225,38.197648],[21.697528,38.198024],[21.697912,38.198509],[21.69797,38.198581],[21.698011,38.19863],[21.698122,38.198748],[21.698205,38.198827],[21.698262,38.198877],[21.698549,38.199109],[21.69867,38.199197],[21.69867,38.199197],[21.698927,38.199384],[21.69907,38.199481],[21.699249,38.19961],[21.699951,38.200117],[21.700296,38.200367],[21.700296,38.200367],[21.700669,38.200637],[21.701203,38.201036],[21.701633,38.201351],[21.702189,38.201763],[21.702613,38.202068],[21.702793,38.202201],[21.702881,38.202265],[21.702881,38.202265],[21.702894,38.202275],[21.702971,38.202326],[21.703028,38.202361],[21.70314,38.202431],[21.703254,38.202502],[21.703364,38.202565],[21.703463,38.20262],[21.703536,38.202657],[21.703574,38.202677],[21.703646,38.202713],[21.703754,38.202764],[21.703852,38.202804],[21.703989,38.202856],[21.704063,38.202881],[21.704227,38.202922],[21.704391,38.202958],[21.704547,38.202989],[21.704722,38.203023],[21.704947,38.203064],[21.705138,38.203096],[21.70527,38.20312],[21.705482,38.203156],[21.705625,38.203181],[21.705736,38.203205],[21.7058,38.203223],[21.705938,38.203269],[21.706058,38.203317],[21.706058,38.203317],[21.706305,38.203417],[21.706783,38.203618],[21.707678,38.203993],[21.708057,38.204148],[21.708262,38.204233],[21.708488,38.204327],[21.708696,38.204417],[21.708864,38.204489],[21.708967,38.204534],[21.709079,38.204582],[21.709157,38.204629],[21.709225,38.204682],[21.709296,38.204743],[21.709296,38.204743],[21.709397,38.204831],[21.709535,38.204955],[21.709778,38.205188],[21.709913,38.205315],[21.710103,38.205504],[21.710167,38.205568],[21.710269,38.205669],[21.71036,38.205765],[21.710461,38.205881],[21.71059,38.206045],[21.710688,38.206178],[21.710888,38.206488],[21.711039,38.206728],[21.711284,38.207114],[21.711513,38.207483],[21.711534,38.207516],[21.711534,38.207516],[21.711617,38.207646],[21.711689,38.207758],[21.711736,38.207829],[21.711779,38.20789],[21.711812,38.207935],[21.711898,38.208046],[21.712014,38.208188],[21.712232,38.208431],[21.712278,38.20848],[21.71235,38.208549],[21.712437,38.208632],[21.712508,38.208698],[21.712591,38.208767],[21.712669,38.208831],[21.712746,38.208891],[21.712814,38.208946],[21.712878,38.208996],[21.713042,38.209109],[21.713237,38.209243],[21.713583,38.209485],[21.713973,38.20973],[21.714382,38.209986],[21.714594,38.210099],[21.7148,38.210215],[21.715075,38.210358],[21.715169,38.210405],[21.715169,38.210405],[21.715469,38.210556],[21.715657,38.210653],[21.715732,38.210701],[21.715818,38.210764],[21.715974,38.210897],[21.716082,38.210998],[21.716181,38.211091],[21.716252,38.211166],[21.716307,38.211225],[21.7164,38.211329],[21.716482,38.211435],[21.716555,38.211539],[21.716621,38.211646],[21.716761,38.21187],[21.71682,38.211971],[21.717016,38.21231],[21.717078,38.212423],[21.717078,38.212423],[21.717202,38.212648],[21.717399,38.213012],[21.717476,38.213162],[21.71767,38.213565],[21.717741,38.213712],[21.717854,38.21395],[21.717854,38.21395],[21.717951,38.214156],[21.717995,38.214254],[21.718013,38.214296],[21.71809,38.21446],[21.718123,38.214541],[21.718237,38.214778],[21.718255,38.214816],[21.718266,38.21484],[21.718313,38.214926],[21.718828,38.215823],[21.718903,38.215966],[21.71892,38.215998],[21.718971,38.216091],[21.719051,38.216269],[21.719051,38.216269],[21.719165,38.216521],[21.719257,38.216716],[21.719331,38.216888],[21.719385,38.217015],[21.719425,38.217121],[21.719476,38.217269],[21.719528,38.217427],[21.719593,38.217632],[21.719938,38.218745],[21.719969,38.218842],[21.720001,38.218945],[21.72005,38.2191],[21.72005,38.2191],[21.72015,38.219416],[21.720279,38.219853],[21.720334,38.220052],[21.72038,38.22022],[21.720508,38.2207],[21.720584,38.220984],[21.720584,38.220984],[21.720631,38.221161],[21.720696,38.221401],[21.720765,38.221668],[21.720855,38.222029],[21.720909,38.222261],[21.720951,38.222449],[21.721016,38.22277],[21.721058,38.222986],[21.721259,38.223925],[21.721259,38.223925],[21.721299,38.22411],[21.721327,38.224216],[21.721348,38.224289],[21.721369,38.224352],[21.721407,38.224441],[21.721447,38.224519],[21.721493,38.2246],[21.721535,38.224663],[21.721588,38.224741],[21.721659,38.224834],[21.72178,38.22498],[21.722032,38.225271],[21.722155,38.225412],[21.722244,38.225516],[21.7223,38.225583],[21.722433,38.225769],[21.722479,38.225835],[21.722525,38.225903],[21.722562,38.225963],[21.722632,38.226092],[21.722733,38.226289],[21.722757,38.226343],[21.722847,38.226534],[21.722927,38.226702],[21.722992,38.22683],[21.723012,38.226878],[21.723012,38.226878],[21.723411,38.227833],[21.723609,38.228325],[21.72367,38.228487],[21.723702,38.228584],[21.723766,38.228793],[21.7238,38.2289],[21.723896,38.229179],[21.723953,38.229368],[21.724044,38.229688],[21.724201,38.230236],[21.724219,38.230294],[21.724219,38.230294],[21.724366,38.230757],[21.724427,38.230974],[21.724514,38.231286],[21.724541,38.231399],[21.724589,38.231623],[21.724614,38.231763],[21.724629,38.231838],[21.724647,38.231925],[21.724671,38.232052],[21.724682,38.232102],[21.724761,38.232475],[21.724803,38.232675],[21.724973,38.233553],[21.72508,38.234109],[21.72508,38.234109],[21.72515,38.234471],[21.725233,38.234874],[21.725271,38.235061],[21.72545,38.235886],[21.725513,38.236182],[21.725535,38.236296],[21.725535,38.236296],[21.725894,38.238188],[21.725941,38.238429],[21.725995,38.238693],[21.725995,38.238693],[21.726034,38.238883],[21.726041,38.238924],[21.726052,38.238985],[21.726184,38.239624],[21.726236,38.239865],[21.726384,38.240531],[21.726468,38.240912],[21.726508,38.241096],[21.726531,38.241199],[21.726556,38.241324],[21.726578,38.241463],[21.726583,38.241497],[21.726583,38.241497],[21.726611,38.241702],[21.726641,38.241956],[21.72671,38.242447],[21.726733,38.242642],[21.72678,38.243006],[21.726801,38.243153],[21.72685,38.24351],[21.726866,38.243613],[21.726878,38.243688],[21.726889,38.243731],[21.726901,38.243764],[21.726915,38.243797],[21.726934,38.243828],[21.726979,38.243882],[21.72704,38.243936],[21.727102,38.243972],[21.72717,38.243998],[21.727203,38.244007],[21.727223,38.244012],[21.727268,38.244019],[21.727286,38.244022],[21.727337,38.244026],[21.727402,38.244024],[21.727448,38.244016],[21.727453,38.244015],[21.727508,38.243998],[21.727565,38.243975],[21.727642,38.243938],[21.727703,38.243907],[21.727878,38.243815],[21.728352,38.243565],[21.728729,38.243868],[21.728729,38.243868],[21.728853,38.243968],[21.729265,38.244299],[21.729436,38.244437],[21.72962,38.244585],[21.729709,38.244657],[21.730123,38.24499],[21.730212,38.245062],[21.730212,38.245062],[21.730861,38.245584],[21.730929,38.245639],[21.731581,38.246156],[21.731581,38.246156],[21.73183,38.246354],[21.732178,38.24663],[21.732553,38.246928],[21.732998,38.247281],[21.733187,38.24743],[21.733187,38.24743],[21.734145,38.248191],[21.735495,38.249262],[21.735677,38.249406],[21.735677,38.249406],[21.735956,38.249628],[21.736488,38.25005],[21.736828,38.25032],[21.73689,38.250369],[21.737465,38.250825],[21.737536,38.250886],[21.73768,38.251185],[21.73768,38.251185],[21.737852,38.251543],[21.737881,38.25162],[21.738057,38.252134],[21.738275,38.252965],[21.738337,38.253189]]},"properties":{"line":"503","dir":"0","mode":"bus"}},{"type":"Feature","geometry":{"type":"LineString","coordinates":[[21.63139,38.154041],[21.631282,38.154296],[21.633298,38.154889],[21.635507,38.155281],[21.63673,38.155436],[21.637952,38.155472],[21.640526,38.155259],[21.643025,38.155532],[21.645545,38.156176],[21.647361,38.156935],[21.650204,38.158183],[21.652649,38.15945],[21.655137,38.160497],[21.656697,38.161138],[21.657614,38.161274],[21.658468,38.16149],[21.659944,38.161351],[21.66133,38.161228],[21.662716,38.161308],[21.664702,38.161684],[21.666545,38.16194],[21.668581,38.162753],[21.67094,38.163868],[21.673511,38.165903],[21.675202,38.167065],[21.67647,38.168461],[21.678401,38.170558],[21.679658,38.172084],[21.680786,38.173729],[21.68204,38.175856],[21.683723,38.177679],[21.685552,38.179389],[21.687081,38.181149],[21.688276,38.18381],[21.689211,38.185968],[21.690761,38.188807],[21.690123,38.189403],[21.690134,38.189666],[21.690522,38.19011],[21.691487,38.191645],[21.692204,38.192567],[21.693092,38.193269],[21.695025,38.194779],[21.697119,38.197447],[21.697883,38.19844],[21.698711,38.199163],[21.700322,38.200345],[21.702901,38.202248],[21.703562,38.20263],[21.704244,38.202893],[21.70608,38.203284],[21.709345,38.204708],[21.710623,38.206044],[21.711579,38.207498],[21.712252,38.208385],[21.713162,38.209171],[21.715195,38.210373],[21.716419,38.211317],[21.717106,38.212413],[21.717885,38.213941],[21.719076,38.216262],[21.720624,38.220977],[21.721274,38.223923],[21.723036,38.226872],[21.724257,38.230287],[21.725121,38.234104],[21.725579,38.236291],[21.726038,38.238688],[21.726618,38.241494],[21.726907,38.243848],[21.727362,38.244006],[21.728384,38.243529],[21.728762,38.243843],[21.730247,38.245035],[21.731595,38.246145],[21.733201,38.247419],[21.735711,38.24938],[21.736893,38.250332],[21.737462,38.250757],[21.737688,38.251183],[21.738313,38.253193]]},"properties":{"line":"503","dir":"1","mode":"bus"}},{"type":"Feature","geometry":{"type":"LineString","coordinates":[[21.668455,38.166283],[21.673538,38.169567],[21.675085,38.171691],[21.676182,38.173712],[21.676767,38.174897],[21.677356,38.176755],[21.67763,38.178814],[21.677456,38.181402],[21.678215,38.183659],[21.679921,38.185767],[21.681979,38.185992],[21.687451,38.187171],[21.689381,38.188921],[21.690522,38.19011],[21.691487,38.191645],[21.693092,38.193269],[21.695025,38.194779],[21.697119,38.197447],[21.698711,38.199163],[21.700382,38.200342],[21.702901,38.202248],[21.70608,38.203284],[21.709345,38.204708],[21.711579,38.207498],[21.715195,38.210373],[21.731158,38.212978],[21.736968,38.218505],[21.737198,38.220762],[21.734931,38.221315],[21.732718,38.222326],[21.730391,38.22239],[21.731136,38.223952],[21.731786,38.226061],[21.733348,38.227122],[21.733876,38.228391],[21.741993,38.227238],[21.742422,38.22537],[21.742522,38.223469],[21.741628,38.220397],[21.742028,38.219676],[21.745453,38.219046]]},"properties":{"line":"503","dir":"1","mode":"bus"}},{"type":"Feature","geometry":{"type":"LineString","coordinates":[[21.73602,38.246754],[21.736138,38.246658],[21.736199,38.246608],[21.737009,38.247251],[21.737513,38.247632],[21.737513,38.247632],[21.73805,38.248039],[21.738952,38.248744],[21.739319,38.24903],[21.739319,38.24903],[21.739504,38.249174],[21.739757,38.249377],[21.740273,38.249758],[21.74054,38.249973],[21.740835,38.250199],[21.740835,38.250199],[21.741004,38.250328],[21.741418,38.250649],[21.741834,38.25098],[21.742214,38.251282],[21.742365,38.251397],[21.742536,38.251492],[21.742757,38.251671],[21.742757,38.251671],[21.74288,38.25177],[21.742996,38.251865],[21.743081,38.251929],[21.74317,38.251998],[21.743381,38.252178],[21.743505,38.252334],[21.743633,38.252493],[21.744089,38.253008],[21.744089,38.253008],[21.744267,38.253208],[21.744554,38.253521],[21.744694,38.253702],[21.744764,38.253785],[21.744864,38.253904],[21.745329,38.254445],[21.745419,38.254556],[21.745631,38.254803],[21.745732,38.254932],[21.745893,38.255133],[21.745958,38.255211],[21.745958,38.255211],[21.74601,38.255274],[21.746352,38.255687],[21.746437,38.255778],[21.746525,38.255801],[21.746602,38.255797],[21.746705,38.255762],[21.746848,38.255668],[21.746961,38.255604],[21.747023,38.255587],[21.747068,38.255576],[21.747103,38.255571],[21.747154,38.255567],[21.747178,38.255567],[21.747207,38.255569],[21.747239,38.255574],[21.747267,38.255579],[21.747288,38.255585],[21.747316,38.255598],[21.747345,38.255615],[21.747364,38.255627],[21.747384,38.255641],[21.747408,38.255661],[21.747435,38.255687],[21.747459,38.255712],[21.747488,38.25574],[21.747511,38.255755],[21.747553,38.255861],[21.747588,38.25595],[21.747679,38.256198],[21.747703,38.256262],[21.747754,38.256395],[21.747838,38.256597],[21.747879,38.256672],[21.747895,38.256695],[21.747928,38.256734],[21.74796,38.256773],[21.747983,38.256807],[21.747991,38.256822],[21.74802,38.256882],[21.748055,38.256968],[21.748084,38.257044],[21.748099,38.257099],[21.74812,38.257187],[21.748137,38.257286],[21.748138,38.257303],[21.748138,38.257303],[21.74814,38.257344],[21.748144,38.257395],[21.748145,38.25745],[21.748142,38.257519],[21.748159,38.257544],[21.748173,38.257562],[21.748189,38.257579],[21.748207,38.257596],[21.748242,38.257627],[21.74828,38.257658],[21.748331,38.2577],[21.748375,38.257737],[21.748422,38.257774],[21.748487,38.257817],[21.748543,38.257851],[21.748733,38.257965],[21.748795,38.258003],[21.74885,38.258031],[21.748916,38.258061],[21.749178,38.258165],[21.749435,38.258258],[21.749868,38.258416],[21.750256,38.258557],[21.750269,38.258564],[21.750318,38.258589],[21.75042,38.258649],[21.750493,38.258697],[21.750597,38.258773],[21.750631,38.258803],[21.750631,38.258803],[21.750741,38.258901],[21.750845,38.259014],[21.750921,38.259111],[21.751026,38.259281],[21.751137,38.259469],[21.751548,38.260092],[21.751645,38.260195],[21.751742,38.260284],[21.751867,38.260376],[21.752026,38.260517],[21.752159,38.260679],[21.752395,38.260957],[21.7524,38.260961],[21.752662,38.261166],[21.752789,38.261235],[21.752984,38.261271],[21.753178,38.261308],[21.753316,38.261311],[21.753549,38.261314],[21.753613,38.261315],[21.753665,38.261318],[21.753712,38.261325],[21.753769,38.261337],[21.753807,38.261349],[21.753832,38.26136],[21.753832,38.26136],[21.753853,38.261371],[21.753874,38.261386],[21.753891,38.261403],[21.753921,38.261432],[21.753964,38.261485],[21.753996,38.261527],[21.754029,38.261576],[21.754062,38.261633],[21.754106,38.261717],[21.754153,38.261816],[21.754188,38.261893],[21.754203,38.261936],[21.754212,38.261969],[21.754219,38.262003],[21.754225,38.262071],[21.754227,38.262135],[21.754225,38.262203],[21.754217,38.262313],[21.754204,38.262453],[21.754189,38.262588],[21.754176,38.262693],[21.754167,38.262751],[21.754158,38.262795],[21.754143,38.262845],[21.754128,38.262893],[21.754107,38.262952],[21.754089,38.262997],[21.754061,38.263059],[21.753989,38.263226],[21.753943,38.263334],[21.753936,38.263355],[21.753917,38.263434],[21.753912,38.263479],[21.753907,38.263535],[21.753908,38.263584],[21.753914,38.263647],[21.753927,38.263703],[21.753953,38.263771],[21.753984,38.263829],[21.754011,38.26387],[21.754048,38.263918],[21.754085,38.263959],[21.754138,38.264012],[21.754191,38.264058],[21.754468,38.264297],[21.754561,38.264376],[21.75483,38.264622],[21.75483,38.264622],[21.7549,38.264686],[21.755075,38.264867],[21.75512,38.264918],[21.755166,38.264972],[21.755273,38.265105],[21.755428,38.265291],[21.755549,38.265439],[21.755719,38.265628],[21.755748,38.265656],[21.755783,38.265685],[21.755822,38.265713],[21.755868,38.265738],[21.755924,38.265765],[21.756004,38.265798],[21.756093,38.265835],[21.756189,38.265872],[21.756283,38.265907],[21.756366,38.265936],[21.75658,38.266009],[21.756587,38.266011],[21.756646,38.266033],[21.756713,38.266061],[21.756743,38.266075],[21.756743,38.266075],[21.75679,38.266097],[21.756841,38.266122],[21.756896,38.266154],[21.756935,38.266186],[21.756974,38.266213],[21.757025,38.266254],[21.757076,38.266298],[21.757154,38.266371],[21.757304,38.26654],[21.757459,38.266729],[21.757582,38.266894],[21.757594,38.266913],[21.757594,38.266913],[21.757667,38.267028],[21.757711,38.267116],[21.757752,38.267212],[21.757779,38.267298],[21.757808,38.267403],[21.757831,38.267504],[21.757905,38.267918],[21.75792,38.268],[21.757984,38.268302],[21.758045,38.268572],[21.758084,38.268732],[21.758113,38.268846],[21.758285,38.269468],[21.758285,38.269468],[21.758314,38.269574],[21.758441,38.270016],[21.758569,38.270458],[21.758628,38.270667],[21.758644,38.270727],[21.758666,38.270788],[21.758685,38.270838],[21.758698,38.270867],[21.758734,38.270939],[21.758735,38.27094],[21.758856,38.271138],[21.759156,38.27161],[21.759321,38.271874],[21.759379,38.271966],[21.759476,38.272121],[21.759589,38.272292],[21.759742,38.272527],[21.759897,38.272769],[21.760057,38.273017],[21.760109,38.273085],[21.760109,38.273085],[21.760131,38.273113],[21.760193,38.273183],[21.760241,38.273231],[21.760319,38.273303],[21.760398,38.273375],[21.760614,38.273557],[21.761688,38.274434],[21.76194,38.274641],[21.762182,38.274841],[21.762267,38.274911],[21.762267,38.274911],[21.762492,38.275097],[21.762587,38.275174],[21.762632,38.27521],[21.76271,38.275271],[21.762792,38.275336],[21.76288,38.275402],[21.762946,38.275452],[21.763065,38.275549],[21.763197,38.275657],[21.763649,38.276033],[21.763835,38.276188],[21.764089,38.276404],[21.764273,38.276563],[21.764493,38.276751],[21.764643,38.276885],[21.764643,38.276885],[21.7649,38.277116],[21.765043,38.277235],[21.765103,38.277289],[21.765136,38.27732],[21.765202,38.277387],[21.765296,38.277479],[21.76541,38.277587],[21.765492,38.277664],[21.76554,38.27771],[21.765646,38.277807],[21.765646,38.277807],[21.765669,38.277829],[21.765728,38.277886],[21.766075,38.278229],[21.766234,38.278392],[21.766339,38.278492],[21.766413,38.278559],[21.766486,38.278626],[21.766546,38.278682],[21.766581,38.27871],[21.766631,38.278746],[21.76668,38.278782],[21.766739,38.278821],[21.766835,38.278884],[21.767022,38.27901],[21.767098,38.27906],[21.767098,38.27906],[21.767151,38.279095],[21.767214,38.279139],[21.767258,38.279172],[21.767308,38.279215],[21.767353,38.279257],[21.767392,38.279293],[21.767494,38.279389],[21.767591,38.27948],[21.767758,38.279629],[21.767961,38.279803],[21.768062,38.279885],[21.768153,38.279961],[21.768236,38.280028],[21.768327,38.280094],[21.76843,38.280169],[21.768555,38.280258],[21.768763,38.280404],[21.768794,38.280425],[21.768794,38.280425],[21.768899,38.280495],[21.769033,38.280589],[21.769184,38.28069],[21.769558,38.280944],[21.769605,38.280978],[21.769927,38.281212],[21.77003,38.281281],[21.770115,38.281339],[21.770217,38.281409],[21.770311,38.281471],[21.770651,38.281693],[21.770707,38.281714],[21.770747,38.281731],[21.770769,38.281744],[21.770799,38.281762],[21.770868,38.281804],[21.770961,38.281865],[21.77101,38.281903],[21.77106,38.281943],[21.771161,38.282027],[21.771218,38.282087],[21.771474,38.282352],[21.771709,38.282743],[21.771981,38.283212],[21.772343,38.283756],[21.772904,38.284534],[21.773028,38.284685],[21.773828,38.285715],[21.774091,38.286052],[21.774228,38.286172],[21.774289,38.286209],[21.774342,38.286229],[21.774414,38.286241],[21.774425,38.286242],[21.77453,38.286249],[21.77459,38.28623],[21.774656,38.28621],[21.774725,38.286191],[21.774841,38.286161],[21.774841,38.286161],[21.774904,38.286148],[21.774987,38.286139],[21.775012,38.286131],[21.775154,38.286087],[21.775282,38.286043],[21.775395,38.286002],[21.775486,38.285966],[21.775595,38.28592],[21.775696,38.285876],[21.775835,38.28581],[21.775959,38.285752],[21.776177,38.285645],[21.776844,38.285311],[21.7769,38.285287],[21.776941,38.285271],[21.776976,38.285261],[21.777,38.285255],[21.777023,38.285251],[21.777043,38.285249],[21.777075,38.285249],[21.777106,38.28525],[21.777138,38.285253],[21.777171,38.285259],[21.777194,38.285264],[21.777216,38.28527],[21.77724,38.28528],[21.777269,38.285293],[21.777294,38.285305],[21.777322,38.285321],[21.777362,38.285346],[21.777377,38.285359],[21.777391,38.285374],[21.777403,38.28539],[21.777421,38.285415],[21.777438,38.285444],[21.777456,38.285477],[21.777676,38.285936],[21.777709,38.286001],[21.777739,38.286053],[21.777813,38.286092],[21.777892,38.286157],[21.777974,38.286231],[21.778199,38.286099],[21.778372,38.285997],[21.778658,38.28584],[21.778946,38.28571],[21.779324,38.285562],[21.78321,38.28442],[21.783272,38.284523],[21.783414,38.284742],[21.783705,38.284972],[21.78466,38.285481],[21.78508,38.285703],[21.785369,38.285852],[21.785501,38.285922],[21.785625,38.285988],[21.785925,38.286147],[21.786041,38.286209],[21.786041,38.286209],[21.78613,38.286256],[21.7865,38.286461],[21.786683,38.286561],[21.78677,38.286608],[21.78685,38.286651],[21.78731,38.286884],[21.787428,38.286946],[21.7873,38.2871],[21.78697,38.287494],[21.786864,38.287614],[21.786598,38.287916],[21.786564,38.287955],[21.786564,38.287955],[21.786449,38.288086],[21.785939,38.288665],[21.785927,38.288679],[21.785858,38.288758],[21.785408,38.289258],[21.78535,38.289323],[21.784958,38.289802],[21.784958,38.289802],[21.784581,38.290264],[21.784592,38.29028],[21.784601,38.290297],[21.784607,38.290315],[21.78461,38.290333],[21.78461,38.290339],[21.784644,38.290366],[21.784681,38.290392],[21.784715,38.290415],[21.784751,38.290437],[21.785523,38.290873],[21.786396,38.291382],[21.786535,38.291458],[21.786581,38.291446],[21.786629,38.291444],[21.786677,38.291452],[21.78672,38.291469],[21.78676,38.291499],[21.786787,38.291537],[21.786799,38.29158],[21.786793,38.291624],[21.786927,38.291696],[21.786983,38.291727],[21.786983,38.291727],[21.789517,38.293113],[21.789646,38.293183],[21.789692,38.293173],[21.789744,38.29317],[21.789796,38.293179],[21.789839,38.293194],[21.789873,38.293215],[21.789898,38.293246],[21.789914,38.293279],[21.789922,38.293312],[21.789923,38.29334],[21.790043,38.29341],[21.790517,38.293673],[21.790517,38.293673],[21.790966,38.293921],[21.791892,38.294445],[21.791892,38.294445],[21.792158,38.294595],[21.792418,38.294748],[21.792675,38.294904],[21.793109,38.295171],[21.794189,38.295852],[21.794734,38.296192],[21.795099,38.296411]]},"properties":{"line":"601","dir":"Πανεπιστημιακό Νοσοκομείο Πατρών","mode":"bus"}},{"type":"Feature","geometry":{"type":"LineString","coordinates":[[21.73602,38.246754],[21.736138,38.246658],[21.736201,38.246606],[21.737021,38.247241],[21.737519,38.247627],[21.737519,38.247627],[21.73805,38.248039],[21.738947,38.24874],[21.739319,38.24903],[21.739319,38.24903],[21.739504,38.249174],[21.739762,38.249373],[21.740272,38.249767],[21.74054,38.249973],[21.740835,38.250199],[21.740835,38.250199],[21.741004,38.250328],[21.741418,38.250649],[21.741827,38.250974],[21.742352,38.251368],[21.742754,38.251674],[21.742754,38.251674],[21.74288,38.25177],[21.742967,38.251842],[21.743081,38.251929],[21.74317,38.251998],[21.743337,38.25214],[21.74351,38.25234],[21.743629,38.252477],[21.744091,38.253007],[21.744091,38.253007],[21.744242,38.25318],[21.744554,38.253521],[21.744694,38.253702],[21.744764,38.253785],[21.744864,38.253904],[21.745319,38.254449],[21.745409,38.254556],[21.745619,38.254807],[21.745694,38.254897],[21.745892,38.255133],[21.745958,38.255212],[21.745958,38.255212],[21.74601,38.255274],[21.746352,38.255687],[21.746382,38.255719],[21.746404,38.255737],[21.746437,38.255759],[21.74646,38.255768],[21.746503,38.255777],[21.74654,38.255781],[21.74658,38.25578],[21.74661,38.255777],[21.746641,38.255768],[21.746701,38.255745],[21.746955,38.255585],[21.746981,38.255573],[21.746998,38.255566],[21.747023,38.25556],[21.747048,38.255555],[21.747078,38.25555],[21.747121,38.255549],[21.747172,38.255551],[21.747215,38.255557],[21.747247,38.255563],[21.747273,38.255572],[21.7473,38.255586],[21.747326,38.255602],[21.747345,38.255615],[21.74737,38.255637],[21.747396,38.255664],[21.747415,38.255684],[21.747433,38.255708],[21.747463,38.255756],[21.747479,38.255786],[21.74751,38.255873],[21.747543,38.25596],[21.747609,38.256111],[21.747658,38.256202],[21.747693,38.256271],[21.747748,38.256391],[21.747845,38.256584],[21.747877,38.256644],[21.747899,38.25668],[21.747919,38.256711],[21.74796,38.256773],[21.747986,38.256843],[21.748022,38.256929],[21.74806,38.257035],[21.748087,38.257116],[21.748102,38.257172],[21.748115,38.257252],[21.748121,38.257304],[21.748121,38.257304],[21.748126,38.257346],[21.74813,38.257402],[21.748134,38.257469],[21.748139,38.257516],[21.748159,38.257544],[21.748173,38.257562],[21.748189,38.257582],[21.748207,38.257602],[21.748226,38.257621],[21.748257,38.257649],[21.748291,38.257677],[21.748361,38.257726],[21.748417,38.257763],[21.748512,38.257818],[21.748553,38.25784],[21.748747,38.257956],[21.748816,38.257994],[21.74888,38.258022],[21.748942,38.258052],[21.749177,38.258148],[21.749341,38.258224],[21.749435,38.258258],[21.749868,38.258416],[21.750256,38.258557],[21.750269,38.258564],[21.750318,38.258589],[21.75042,38.258649],[21.750493,38.258697],[21.750597,38.258773],[21.750631,38.258803],[21.750631,38.258803],[21.750741,38.258901],[21.750845,38.259014],[21.750921,38.259111],[21.751026,38.259281],[21.751137,38.259469],[21.751394,38.259863],[21.751496,38.260019],[21.751548,38.260092],[21.751645,38.260195],[21.751742,38.260284],[21.751867,38.260376],[21.752026,38.260517],[21.752159,38.260679],[21.752395,38.260957],[21.7524,38.260961],[21.752662,38.261166],[21.752789,38.261235],[21.752984,38.261271],[21.753178,38.261308],[21.753316,38.261311],[21.753549,38.261314],[21.753613,38.261315],[21.753665,38.261318],[21.753712,38.261325],[21.753769,38.261337],[21.753807,38.261349],[21.753832,38.26136],[21.753832,38.26136],[21.753853,38.261371],[21.753874,38.261386],[21.753891,38.261403],[21.753921,38.261432],[21.753964,38.261485],[21.753996,38.261527],[21.754029,38.261576],[21.754062,38.261633],[21.754106,38.261717],[21.754153,38.261816],[21.754188,38.261893],[21.754203,38.261936],[21.754212,38.261969],[21.754219,38.262003],[21.754225,38.262071],[21.754227,38.262135],[21.754225,38.262203],[21.754217,38.262313],[21.754204,38.262453],[21.754189,38.262588],[21.754176,38.262693],[21.754167,38.262751],[21.754158,38.262795],[21.754143,38.262845],[21.754128,38.262893],[21.754107,38.262952],[21.754089,38.262997],[21.754061,38.263059],[21.753989,38.263226],[21.753943,38.263334],[21.753936,38.263355],[21.753917,38.263434],[21.753912,38.263479],[21.753907,38.263535],[21.753908,38.263584],[21.753914,38.263647],[21.753927,38.263703],[21.753953,38.263771],[21.753984,38.263829],[21.754011,38.26387],[21.754048,38.263918],[21.754072,38.263946],[21.754138,38.264012],[21.754191,38.264058],[21.754468,38.264297],[21.754561,38.264376],[21.75483,38.264622],[21.75483,38.264622],[21.7549,38.264686],[21.755075,38.264867],[21.75512,38.264918],[21.755166,38.264972],[21.755273,38.265105],[21.755428,38.265291],[21.755549,38.265439],[21.755719,38.265628],[21.755748,38.265656],[21.755783,38.265685],[21.755822,38.265713],[21.755868,38.265738],[21.755924,38.265765],[21.756004,38.265798],[21.756093,38.265835],[21.756189,38.265872],[21.756283,38.265907],[21.756366,38.265936],[21.75658,38.266009],[21.756587,38.266011],[21.756646,38.266033],[21.756713,38.266061],[21.756743,38.266075],[21.756743,38.266075],[21.75679,38.266097],[21.756841,38.266122],[21.756896,38.266154],[21.756935,38.266186],[21.756974,38.266213],[21.757025,38.266254],[21.757076,38.266298],[21.757154,38.266371],[21.757304,38.26654],[21.757459,38.266729],[21.757582,38.266894],[21.757594,38.266913],[21.757594,38.266913],[21.757667,38.267028],[21.757711,38.267116],[21.757752,38.267212],[21.757779,38.267298],[21.757808,38.267403],[21.757831,38.267504],[21.757905,38.267918],[21.75792,38.268],[21.757984,38.268302],[21.758045,38.268572],[21.758084,38.268732],[21.758113,38.268846],[21.758285,38.269468],[21.758285,38.269468],[21.758314,38.269574],[21.758441,38.270016],[21.758569,38.270458],[21.758628,38.270667],[21.758644,38.270727],[21.758666,38.270788],[21.758685,38.270838],[21.758698,38.270867],[21.758734,38.270939],[21.758735,38.27094],[21.758856,38.271138],[21.759156,38.27161],[21.759398,38.271997],[21.759476,38.272121],[21.759589,38.272292],[21.760057,38.273017],[21.760109,38.273085],[21.760109,38.273085],[21.760131,38.273113],[21.760193,38.273183],[21.760241,38.273231],[21.760319,38.273303],[21.760398,38.273375],[21.760614,38.273557],[21.761688,38.274434],[21.76194,38.274641],[21.762182,38.274841],[21.762267,38.274911],[21.762267,38.274911],[21.762492,38.275097],[21.762587,38.275174],[21.762632,38.27521],[21.76271,38.275271],[21.762792,38.275336],[21.76288,38.275402],[21.762946,38.275452],[21.763065,38.275549],[21.763197,38.275657],[21.763655,38.276037],[21.763835,38.276188],[21.764089,38.276404],[21.764273,38.276563],[21.764493,38.276751],[21.764643,38.276885],[21.764643,38.276885],[21.7649,38.277116],[21.765043,38.277235],[21.765103,38.277289],[21.765136,38.27732],[21.765202,38.277387],[21.765296,38.277479],[21.76541,38.277587],[21.765492,38.277664],[21.76554,38.27771],[21.765646,38.277807],[21.765646,38.277807],[21.765669,38.277829],[21.765728,38.277886],[21.766075,38.278229],[21.766234,38.278392],[21.766339,38.278492],[21.766413,38.278559],[21.766486,38.278626],[21.766546,38.278682],[21.766581,38.27871],[21.766631,38.278746],[21.76668,38.278782],[21.766739,38.278821],[21.766835,38.278884],[21.767022,38.27901],[21.767098,38.27906],[21.767098,38.27906],[21.767151,38.279095],[21.767214,38.279139],[21.767258,38.279172],[21.767308,38.279215],[21.767353,38.279257],[21.767392,38.279293],[21.767494,38.279389],[21.767591,38.27948],[21.767758,38.279629],[21.767961,38.279803],[21.768062,38.279885],[21.768153,38.279961],[21.768236,38.280028],[21.768327,38.280094],[21.76843,38.280169],[21.768555,38.280258],[21.768763,38.280404],[21.768794,38.280425],[21.768794,38.280425],[21.768899,38.280495],[21.769033,38.280589],[21.769184,38.28069],[21.769558,38.280944],[21.769605,38.280978],[21.769927,38.281212],[21.77003,38.281281],[21.770115,38.281339],[21.770217,38.281409],[21.770311,38.281471],[21.770651,38.281693],[21.770707,38.281714],[21.770747,38.281731],[21.770769,38.281744],[21.770799,38.281762],[21.770868,38.281804],[21.770961,38.281865],[21.770971,38.281872],[21.77106,38.281943],[21.771161,38.282027],[21.771218,38.282087],[21.771274,38.282151],[21.771274,38.282151],[21.771297,38.282177],[21.771353,38.282245],[21.771464,38.282398],[21.771528,38.282493],[21.771566,38.28255],[21.771655,38.282694],[21.771743,38.282837],[21.771981,38.283212],[21.772343,38.283756],[21.772582,38.28409],[21.772769,38.284348],[21.772769,38.284348],[21.772904,38.284534],[21.773028,38.284685],[21.773828,38.285715],[21.774091,38.286052],[21.774228,38.286172],[21.774289,38.286209],[21.774342,38.286229],[21.774414,38.286241],[21.774425,38.286242],[21.77453,38.286249],[21.77459,38.28623],[21.774656,38.28621],[21.774725,38.286191],[21.774841,38.286161],[21.774841,38.286161],[21.774904,38.286148],[21.774987,38.286139],[21.775012,38.286131],[21.775154,38.286087],[21.775282,38.286043],[21.775395,38.286002],[21.775486,38.285966],[21.775595,38.28592],[21.775696,38.285876],[21.775835,38.28581],[21.775959,38.285752],[21.776177,38.285645],[21.776844,38.285311],[21.7769,38.285287],[21.776941,38.285271],[21.776976,38.285261],[21.777,38.285255],[21.777023,38.285251],[21.777043,38.285249],[21.777075,38.285249],[21.777106,38.28525],[21.777138,38.285253],[21.777171,38.285259],[21.777194,38.285264],[21.777216,38.28527],[21.77724,38.28528],[21.777269,38.285293],[21.777294,38.285305],[21.777322,38.285321],[21.777362,38.285346],[21.777377,38.285359],[21.777391,38.285374],[21.777403,38.28539],[21.777421,38.285415],[21.777438,38.285444],[21.777456,38.285477],[21.777676,38.285936],[21.777709,38.286001],[21.777739,38.286053],[21.777813,38.286092],[21.777892,38.286157],[21.777974,38.286231],[21.778199,38.286099],[21.778372,38.285997],[21.778658,38.28584],[21.778946,38.28571],[21.779324,38.285562],[21.78321,38.28442],[21.783272,38.284523],[21.783414,38.284742],[21.783705,38.284972],[21.78466,38.285481],[21.78508,38.285703],[21.785369,38.285852],[21.785501,38.285922],[21.785625,38.285988],[21.785925,38.286147],[21.786041,38.286209],[21.786041,38.286209],[21.78613,38.286256],[21.7865,38.286461],[21.786683,38.286561],[21.78677,38.286608],[21.78685,38.286651],[21.78731,38.286884],[21.787428,38.286946],[21.7873,38.2871],[21.78697,38.287494],[21.786864,38.287614],[21.786598,38.287916],[21.786564,38.287955],[21.786564,38.287955],[21.786449,38.288086],[21.785939,38.288665],[21.785927,38.288679],[21.785858,38.288758],[21.785408,38.289258],[21.78535,38.289323],[21.784958,38.289802],[21.784958,38.289802],[21.784581,38.290264],[21.784592,38.29028],[21.784601,38.290297],[21.784607,38.290315],[21.78461,38.290333],[21.78461,38.290339],[21.784644,38.290366],[21.784681,38.290392],[21.784715,38.290415],[21.784751,38.290437],[21.785523,38.290873],[21.786396,38.291382],[21.786535,38.291458],[21.786581,38.291446],[21.786629,38.291444],[21.786677,38.291452],[21.78672,38.291469],[21.78676,38.291499],[21.786787,38.291537],[21.786799,38.29158],[21.786793,38.291624],[21.786927,38.291696],[21.786983,38.291727],[21.786983,38.291727],[21.789517,38.293113],[21.789646,38.293183],[21.789692,38.293173],[21.789744,38.29317],[21.789796,38.293179],[21.789839,38.293194],[21.789873,38.293215],[21.789898,38.293246],[21.789914,38.293279],[21.789922,38.293312],[21.789923,38.29334],[21.790043,38.29341],[21.790517,38.293673],[21.790517,38.293673],[21.790966,38.293921],[21.791892,38.294445],[21.791892,38.294445],[21.792158,38.294595],[21.792418,38.294748],[21.792675,38.294904],[21.793109,38.295171],[21.794189,38.295852],[21.794734,38.296192],[21.794842,38.296259],[21.795026,38.296372]]},"properties":{"line":"601","dir":"Πανεπιστημιακό Νοσοκομείο Πατρών","mode":"bus"}},{"type":"Feature","geometry":{"type":"LineString","coordinates":[[21.73602,38.246754],[21.736138,38.246658],[21.736201,38.246606],[21.737021,38.247241],[21.737519,38.247627],[21.737519,38.247627],[21.73805,38.248039],[21.738947,38.24874],[21.739319,38.24903],[21.739319,38.24903],[21.739504,38.249174],[21.739762,38.249373],[21.740272,38.249767],[21.74054,38.249973],[21.740835,38.250199],[21.740835,38.250199],[21.741004,38.250328],[21.741418,38.250649],[21.741827,38.250974],[21.742352,38.251368],[21.742754,38.251674],[21.742754,38.251674],[21.74288,38.25177],[21.742967,38.251842],[21.743081,38.251929],[21.74317,38.251998],[21.743337,38.25214],[21.74351,38.25234],[21.743629,38.252477],[21.744091,38.253007],[21.744091,38.253007],[21.744242,38.25318],[21.744554,38.253521],[21.744694,38.253702],[21.744764,38.253785],[21.744864,38.253904],[21.745319,38.254449],[21.745409,38.254556],[21.745619,38.254807],[21.745694,38.254897],[21.745892,38.255133],[21.745958,38.255212],[21.745958,38.255212],[21.74601,38.255274],[21.746352,38.255687],[21.746382,38.255719],[21.746404,38.255737],[21.746437,38.255759],[21.74646,38.255768],[21.746503,38.255777],[21.74654,38.255781],[21.74658,38.25578],[21.74661,38.255777],[21.746641,38.255768],[21.746701,38.255745],[21.746955,38.255585],[21.746981,38.255573],[21.746998,38.255566],[21.747023,38.25556],[21.747048,38.255555],[21.747078,38.25555],[21.747121,38.255549],[21.747172,38.255551],[21.747215,38.255557],[21.747247,38.255563],[21.747273,38.255572],[21.7473,38.255586],[21.747326,38.255602],[21.747345,38.255615],[21.74737,38.255637],[21.747396,38.255664],[21.747415,38.255684],[21.747433,38.255708],[21.747463,38.255756],[21.747479,38.255786],[21.74751,38.255873],[21.747543,38.25596],[21.747609,38.256111],[21.747658,38.256202],[21.747693,38.256271],[21.747748,38.256391],[21.747845,38.256584],[21.747877,38.256644],[21.747899,38.25668],[21.747919,38.256711],[21.74796,38.256773],[21.747986,38.256843],[21.748022,38.256929],[21.74806,38.257035],[21.748087,38.257116],[21.748102,38.257172],[21.748115,38.257252],[21.748121,38.257304],[21.748121,38.257304],[21.748126,38.257346],[21.74813,38.257402],[21.748134,38.257469],[21.748139,38.257516],[21.748159,38.257544],[21.748173,38.257562],[21.748189,38.257582],[21.748207,38.257602],[21.748226,38.257621],[21.748257,38.257649],[21.748291,38.257677],[21.748361,38.257726],[21.748417,38.257763],[21.748512,38.257818],[21.748553,38.25784],[21.748747,38.257956],[21.748816,38.257994],[21.74888,38.258022],[21.748942,38.258052],[21.749177,38.258148],[21.749341,38.258224],[21.749435,38.258258],[21.749868,38.258416],[21.750256,38.258557],[21.750269,38.258564],[21.750318,38.258589],[21.75042,38.258649],[21.750493,38.258697],[21.750597,38.258773],[21.750631,38.258803],[21.750631,38.258803],[21.750741,38.258901],[21.750845,38.259014],[21.750921,38.259111],[21.751026,38.259281],[21.751137,38.259469],[21.751394,38.259863],[21.751496,38.260019],[21.751548,38.260092],[21.751645,38.260195],[21.751742,38.260284],[21.751867,38.260376],[21.752026,38.260517],[21.752159,38.260679],[21.752395,38.260957],[21.7524,38.260961],[21.752662,38.261166],[21.752789,38.261235],[21.752984,38.261271],[21.753178,38.261308],[21.753316,38.261311],[21.753549,38.261314],[21.753613,38.261315],[21.753665,38.261318],[21.753712,38.261325],[21.753769,38.261337],[21.753807,38.261349],[21.753832,38.26136],[21.753832,38.26136],[21.753853,38.261371],[21.753874,38.261386],[21.753891,38.261403],[21.753921,38.261432],[21.753964,38.261485],[21.753996,38.261527],[21.754029,38.261576],[21.754062,38.261633],[21.754106,38.261717],[21.754153,38.261816],[21.754188,38.261893],[21.754203,38.261936],[21.754212,38.261969],[21.754219,38.262003],[21.754225,38.262071],[21.754227,38.262135],[21.754225,38.262203],[21.754217,38.262313],[21.754204,38.262453],[21.754189,38.262588],[21.754176,38.262693],[21.754167,38.262751],[21.754158,38.262795],[21.754143,38.262845],[21.754128,38.262893],[21.754107,38.262952],[21.754089,38.262997],[21.754061,38.263059],[21.753989,38.263226],[21.753943,38.263334],[21.753936,38.263355],[21.753917,38.263434],[21.753912,38.263479],[21.753907,38.263535],[21.753908,38.263584],[21.753914,38.263647],[21.753927,38.263703],[21.753953,38.263771],[21.753984,38.263829],[21.754011,38.26387],[21.754048,38.263918],[21.754072,38.263946],[21.754138,38.264012],[21.754191,38.264058],[21.754468,38.264297],[21.754561,38.264376],[21.75483,38.264622],[21.75483,38.264622],[21.7549,38.264686],[21.755075,38.264867],[21.75512,38.264918],[21.755166,38.264972],[21.755273,38.265105],[21.755428,38.265291],[21.755549,38.265439],[21.755719,38.265628],[21.755748,38.265656],[21.755783,38.265685],[21.755822,38.265713],[21.755868,38.265738],[21.755924,38.265765],[21.756004,38.265798],[21.756093,38.265835],[21.756189,38.265872],[21.756283,38.265907],[21.756366,38.265936],[21.75658,38.266009],[21.756587,38.266011],[21.756646,38.266033],[21.756713,38.266061],[21.756743,38.266075],[21.756743,38.266075],[21.75679,38.266097],[21.756841,38.266122],[21.756896,38.266154],[21.756935,38.266186],[21.756974,38.266213],[21.757025,38.266254],[21.757076,38.266298],[21.757154,38.266371],[21.757304,38.26654],[21.757459,38.266729],[21.757582,38.266894],[21.757594,38.266913],[21.757594,38.266913],[21.757667,38.267028],[21.757711,38.267116],[21.757752,38.267212],[21.757779,38.267298],[21.757808,38.267403],[21.757831,38.267504],[21.757905,38.267918],[21.75792,38.268],[21.757984,38.268302],[21.758045,38.268572],[21.758084,38.268732],[21.758113,38.268846],[21.758285,38.269468],[21.758285,38.269468],[21.758314,38.269574],[21.758441,38.270016],[21.758569,38.270458],[21.758628,38.270667],[21.758644,38.270727],[21.758666,38.270788],[21.758685,38.270838],[21.758698,38.270867],[21.758734,38.270939],[21.758735,38.27094],[21.758856,38.271138],[21.759156,38.27161],[21.759398,38.271997],[21.759476,38.272121],[21.759589,38.272292],[21.760057,38.273017],[21.760109,38.273085],[21.760109,38.273085],[21.760131,38.273113],[21.760193,38.273183],[21.760241,38.273231],[21.760319,38.273303],[21.760398,38.273375],[21.760614,38.273557],[21.761688,38.274434],[21.76194,38.274641],[21.762182,38.274841],[21.762267,38.274911],[21.762267,38.274911],[21.762492,38.275097],[21.762587,38.275174],[21.762632,38.27521],[21.76271,38.275271],[21.762792,38.275336],[21.76288,38.275402],[21.762946,38.275452],[21.763065,38.275549],[21.763197,38.275657],[21.763655,38.276037],[21.763835,38.276188],[21.764089,38.276404],[21.764273,38.276563],[21.764493,38.276751],[21.764643,38.276885],[21.764643,38.276885],[21.7649,38.277116],[21.765043,38.277235],[21.765103,38.277289],[21.765136,38.27732],[21.765202,38.277387],[21.765296,38.277479],[21.76541,38.277587],[21.765492,38.277664],[21.76554,38.27771],[21.765646,38.277807],[21.765646,38.277807],[21.765669,38.277829],[21.765728,38.277886],[21.766075,38.278229],[21.766234,38.278392],[21.766339,38.278492],[21.766413,38.278559],[21.766486,38.278626],[21.766546,38.278682],[21.766581,38.27871],[21.766631,38.278746],[21.76668,38.278782],[21.766739,38.278821],[21.766835,38.278884],[21.767022,38.27901],[21.767098,38.27906],[21.767098,38.27906],[21.767151,38.279095],[21.767214,38.279139],[21.767258,38.279172],[21.767308,38.279215],[21.767353,38.279257],[21.767392,38.279293],[21.767494,38.279389],[21.767591,38.27948],[21.767758,38.279629],[21.767961,38.279803],[21.768062,38.279885],[21.768153,38.279961],[21.768236,38.280028],[21.768327,38.280094],[21.76843,38.280169],[21.768555,38.280258],[21.768763,38.280404],[21.768794,38.280425],[21.768794,38.280425],[21.768899,38.280495],[21.769033,38.280589],[21.769184,38.28069],[21.769558,38.280944],[21.769605,38.280978],[21.769927,38.281212],[21.77003,38.281281],[21.770115,38.281339],[21.770217,38.281409],[21.770311,38.281471],[21.770651,38.281693],[21.770707,38.281714],[21.770747,38.281731],[21.770769,38.281744],[21.770799,38.281762],[21.770868,38.281804],[21.770961,38.281865],[21.770971,38.281872],[21.77106,38.281943],[21.771161,38.282027],[21.771218,38.282087],[21.771274,38.282151],[21.771274,38.282151],[21.771297,38.282177],[21.771353,38.282245],[21.771464,38.282398],[21.771528,38.282493],[21.771566,38.28255],[21.771655,38.282694],[21.771743,38.282837],[21.771981,38.283212],[21.772343,38.283756],[21.772582,38.28409],[21.772769,38.284348],[21.772769,38.284348],[21.772904,38.284534],[21.773028,38.284685],[21.773828,38.285715],[21.774091,38.286052],[21.774228,38.286172],[21.774289,38.286209],[21.774342,38.286229],[21.774414,38.286241],[21.774425,38.286242],[21.77453,38.286249],[21.77459,38.28623],[21.774656,38.28621],[21.774725,38.286191],[21.774841,38.286161],[21.774841,38.286161],[21.774904,38.286148],[21.774987,38.286139],[21.775012,38.286131],[21.775154,38.286087],[21.775282,38.286043],[21.775395,38.286002],[21.775486,38.285966],[21.775595,38.28592],[21.775696,38.285876],[21.775835,38.28581],[21.775959,38.285752],[21.776177,38.285645],[21.776844,38.285311],[21.7769,38.285287],[21.776941,38.285271],[21.776976,38.285261],[21.777,38.285255],[21.777023,38.285251],[21.777043,38.285249],[21.777075,38.285249],[21.777106,38.28525],[21.777138,38.285253],[21.777171,38.285259],[21.777194,38.285264],[21.777216,38.28527],[21.77724,38.28528],[21.777269,38.285293],[21.777294,38.285305],[21.777322,38.285321],[21.777362,38.285346],[21.777377,38.285359],[21.777391,38.285374],[21.777403,38.28539],[21.777421,38.285415],[21.777438,38.285444],[21.777456,38.285477],[21.777676,38.285936],[21.777709,38.286001],[21.777739,38.286053],[21.777813,38.286092],[21.777892,38.286157],[21.777974,38.286231],[21.778199,38.286099],[21.778372,38.285997],[21.778658,38.28584],[21.778946,38.28571],[21.779324,38.285562],[21.78321,38.28442],[21.783272,38.284523],[21.783414,38.284742],[21.783705,38.284972],[21.78466,38.285481],[21.78508,38.285703],[21.785369,38.285852],[21.785501,38.285922],[21.785625,38.285988],[21.785925,38.286147],[21.786041,38.286209],[21.786041,38.286209],[21.78613,38.286256],[21.7865,38.286461],[21.786683,38.286561],[21.78677,38.286608],[21.78685,38.286651],[21.78731,38.286884],[21.787428,38.286946],[21.7873,38.2871],[21.78697,38.287494],[21.786864,38.287614],[21.786598,38.287916],[21.786564,38.287955],[21.786564,38.287955],[21.786449,38.288086],[21.785939,38.288665],[21.785927,38.288679],[21.785858,38.288758],[21.785408,38.289258],[21.78535,38.289323],[21.784958,38.289802],[21.784958,38.289802],[21.784581,38.290264],[21.784592,38.29028],[21.784601,38.290297],[21.784607,38.290315],[21.78461,38.290333],[21.78461,38.290339],[21.784644,38.290366],[21.784681,38.290392],[21.784715,38.290415],[21.784751,38.290437],[21.785523,38.290873],[21.786396,38.291382],[21.786535,38.291458],[21.786581,38.291446],[21.786629,38.291444],[21.786677,38.291452],[21.78672,38.291469],[21.78676,38.291499],[21.786787,38.291537],[21.786799,38.29158],[21.786793,38.291624],[21.786927,38.291696],[21.786983,38.291727],[21.786983,38.291727],[21.789517,38.293113],[21.789646,38.293183],[21.789692,38.293173],[21.789744,38.29317],[21.789796,38.293179],[21.789839,38.293194],[21.789873,38.293215],[21.789898,38.293246],[21.789914,38.293279],[21.789922,38.293312],[21.789923,38.29334],[21.790043,38.29341],[21.790517,38.293673],[21.790517,38.293673],[21.790966,38.293921],[21.791892,38.294445],[21.791892,38.294445],[21.792158,38.294595],[21.792418,38.294748],[21.792675,38.294904],[21.793109,38.295171],[21.794189,38.295852],[21.794734,38.296192],[21.794842,38.296259],[21.795026,38.296372]]},"properties":{"line":"601","dir":"Τέρμα Νοσοκομείο","mode":"bus"}},{"type":"Feature","geometry":{"type":"LineString","coordinates":[[21.728046,38.236754],[21.72828,38.238137],[21.728391,38.238723],[21.728403,38.238785],[21.728403,38.238785],[21.72856,38.239582],[21.728673,38.240247],[21.728777,38.240848],[21.728822,38.240878],[21.728946,38.240967],[21.729293,38.241237],[21.729293,38.241237],[21.729542,38.241431],[21.729972,38.241768],[21.73034,38.242063],[21.730643,38.242309],[21.730767,38.242404],[21.731208,38.242729],[21.731642,38.243078],[21.731927,38.243299],[21.731927,38.243299],[21.73208,38.243417],[21.732494,38.24373],[21.733369,38.244419],[21.733759,38.24471],[21.733895,38.244814],[21.733895,38.244814],[21.734125,38.24499],[21.734471,38.245263],[21.73453,38.245309],[21.734795,38.245508],[21.735047,38.245698],[21.735101,38.245739],[21.735109,38.245744],[21.735123,38.245751],[21.735139,38.245757],[21.735156,38.245761],[21.735177,38.245764],[21.735213,38.245766],[21.735225,38.245766],[21.735242,38.245764],[21.735253,38.245762],[21.735258,38.24576],[21.735347,38.245698],[21.735418,38.245679],[21.735489,38.245692],[21.735675,38.245827],[21.73576,38.245886],[21.73576,38.245886],[21.735797,38.245912],[21.735813,38.245947],[21.735811,38.24598],[21.735793,38.246043],[21.735758,38.246111],[21.735725,38.246176],[21.735725,38.246216],[21.73575,38.246247],[21.735758,38.246254],[21.736179,38.246591],[21.736199,38.246608],[21.737009,38.247251],[21.737513,38.247632],[21.737513,38.247632],[21.73805,38.248039],[21.738952,38.248744],[21.739319,38.24903],[21.739319,38.24903],[21.739504,38.249174],[21.739757,38.249377],[21.740273,38.249758],[21.74054,38.249973],[21.740835,38.250199],[21.740835,38.250199],[21.741004,38.250328],[21.741418,38.250649],[21.741834,38.25098],[21.742214,38.251282],[21.742365,38.251397],[21.742536,38.251492],[21.742757,38.251671],[21.742757,38.251671],[21.74288,38.25177],[21.742996,38.251865],[21.743081,38.251929],[21.74317,38.251998],[21.743381,38.252178],[21.743505,38.252334],[21.743633,38.252493],[21.744089,38.253008],[21.744089,38.253008],[21.744267,38.253208],[21.744554,38.253521],[21.744694,38.253702],[21.744764,38.253785],[21.744864,38.253904],[21.745329,38.254445],[21.745419,38.254556],[21.745631,38.254803],[21.745732,38.254932],[21.745893,38.255133],[21.745958,38.255211],[21.745958,38.255211],[21.74601,38.255274],[21.746352,38.255687],[21.746437,38.255778],[21.746525,38.255801],[21.746602,38.255797],[21.746705,38.255762],[21.746848,38.255668],[21.746961,38.255604],[21.747023,38.255587],[21.747068,38.255576],[21.747103,38.255571],[21.747154,38.255567],[21.747178,38.255567],[21.747207,38.255569],[21.747239,38.255574],[21.747267,38.255579],[21.747288,38.255585],[21.747316,38.255598],[21.747345,38.255615],[21.747364,38.255627],[21.747384,38.255641],[21.747408,38.255661],[21.747435,38.255687],[21.747459,38.255712],[21.747488,38.25574],[21.747511,38.255755],[21.747553,38.255861],[21.747588,38.25595],[21.747679,38.256198],[21.747703,38.256262],[21.747754,38.256395],[21.747838,38.256597],[21.747879,38.256672],[21.747895,38.256695],[21.747928,38.256734],[21.74796,38.256773],[21.747983,38.256807],[21.747991,38.256822],[21.74802,38.256882],[21.748055,38.256968],[21.748084,38.257044],[21.748099,38.257099],[21.74812,38.257187],[21.748137,38.257286],[21.748138,38.257303],[21.748138,38.257303],[21.74814,38.257344],[21.748144,38.257395],[21.748145,38.25745],[21.748142,38.257519],[21.748138,38.257659],[21.74814,38.257697],[21.748136,38.257795],[21.748142,38.257887],[21.748135,38.258045],[21.748135,38.25815],[21.748142,38.258241],[21.748149,38.258326],[21.748153,38.258398],[21.748162,38.258474],[21.748169,38.258543],[21.748179,38.258612],[21.748193,38.258681],[21.74821,38.258749],[21.74823,38.258816],[21.748264,38.258909],[21.74828,38.258949],[21.74831,38.259015],[21.748343,38.259079],[21.748379,38.259142],[21.748461,38.259267],[21.748627,38.259484],[21.748678,38.25955],[21.74901,38.259991],[21.749071,38.260071],[21.749288,38.260358],[21.749386,38.260488],[21.749722,38.260941],[21.750273,38.261653],[21.751217,38.262895],[21.751479,38.263243],[21.751479,38.263243],[21.751527,38.263307],[21.751891,38.26378],[21.752203,38.264201],[21.752381,38.264434],[21.752589,38.264716],[21.752618,38.264755],[21.752866,38.265077],[21.753135,38.265443],[21.753463,38.265874],[21.753829,38.266362],[21.753906,38.266463],[21.754378,38.267079],[21.754826,38.267674],[21.754849,38.267705],[21.754941,38.267819],[21.755068,38.267989],[21.755068,38.267989],[21.755723,38.26886],[21.755965,38.269173],[21.756124,38.269378],[21.756394,38.269742],[21.756482,38.269857],[21.757105,38.270704],[21.757255,38.270893],[21.757325,38.270986],[21.757421,38.271114],[21.7578,38.271614],[21.757889,38.271733],[21.758138,38.272062],[21.758246,38.272205],[21.758451,38.272442],[21.758483,38.272478],[21.758606,38.272614],[21.758808,38.272844],[21.759027,38.273066],[21.759053,38.27309],[21.759174,38.273203],[21.75934,38.273352],[21.759899,38.273858],[21.760159,38.274097],[21.760188,38.274123],[21.761254,38.275087],[21.761491,38.275301],[21.761525,38.275333],[21.761894,38.275666],[21.762098,38.275853],[21.762165,38.275912],[21.762487,38.276199],[21.762601,38.276302],[21.762617,38.276316],[21.762945,38.276613],[21.762972,38.276638],[21.763245,38.276883],[21.763495,38.277119],[21.763655,38.277273],[21.763993,38.277577],[21.76411,38.277682],[21.764262,38.277815],[21.764562,38.278075],[21.765006,38.27848],[21.765762,38.279165],[21.765985,38.279372],[21.76658,38.27991],[21.766883,38.280187],[21.767138,38.280423],[21.767422,38.280682],[21.767706,38.280938],[21.768095,38.281273],[21.768827,38.280877],[21.76899,38.280786],[21.769057,38.280749],[21.76911,38.280721],[21.769147,38.280703],[21.769184,38.28069],[21.769558,38.280944],[21.769605,38.280978],[21.769927,38.281212],[21.77003,38.281281],[21.770115,38.281339],[21.770217,38.281409],[21.770311,38.281471],[21.770651,38.281693],[21.770707,38.281714],[21.770747,38.281731],[21.770769,38.281744],[21.770799,38.281762],[21.770868,38.281804],[21.770961,38.281865],[21.77101,38.281903],[21.77106,38.281943],[21.771161,38.282027],[21.771218,38.282087],[21.771297,38.282177],[21.771353,38.282245],[21.771464,38.282398],[21.771528,38.282493],[21.771566,38.28255],[21.771655,38.282694],[21.771743,38.282837],[21.771981,38.283212],[21.772343,38.283756],[21.772582,38.28409],[21.772904,38.284534],[21.773028,38.284685],[21.773828,38.285715],[21.774091,38.286052],[21.774228,38.286172],[21.774289,38.286209],[21.774342,38.286229],[21.774414,38.286241],[21.774425,38.286242],[21.77453,38.286249],[21.77459,38.28623],[21.774656,38.28621],[21.774725,38.286191],[21.774841,38.286161],[21.774904,38.286148],[21.774987,38.286139],[21.775012,38.286131],[21.775154,38.286087],[21.775282,38.286043],[21.775395,38.286002],[21.775486,38.285966],[21.775595,38.28592],[21.775696,38.285876],[21.775835,38.28581],[21.775959,38.285752],[21.776177,38.285645],[21.776844,38.285311],[21.7769,38.285287],[21.776941,38.285271],[21.776976,38.285261],[21.777,38.285255],[21.777023,38.285251],[21.777043,38.285249],[21.777075,38.285249],[21.777106,38.28525],[21.777138,38.285253],[21.777171,38.285259],[21.777194,38.285264],[21.777216,38.28527],[21.77724,38.28528],[21.777269,38.285293],[21.777294,38.285305],[21.777322,38.285321],[21.777362,38.285346],[21.777377,38.285359],[21.777391,38.285374],[21.777403,38.28539],[21.777421,38.285415],[21.777438,38.285444],[21.777456,38.285477],[21.777676,38.285936],[21.777709,38.286001],[21.777739,38.286053],[21.777813,38.286092],[21.777892,38.286157],[21.777974,38.286231],[21.778199,38.286099],[21.778372,38.285997],[21.778658,38.28584],[21.778946,38.28571],[21.779324,38.285562],[21.78321,38.28442],[21.783272,38.284523],[21.783414,38.284742],[21.783705,38.284972],[21.78466,38.285481],[21.78508,38.285703],[21.785369,38.285852],[21.785501,38.285922],[21.785625,38.285988],[21.785925,38.286147],[21.786041,38.286209],[21.786041,38.286209],[21.78613,38.286256],[21.7865,38.286461],[21.786683,38.286561],[21.78677,38.286608],[21.78685,38.286651],[21.78731,38.286884],[21.787428,38.286946],[21.7873,38.2871],[21.78697,38.287494],[21.786864,38.287614],[21.786598,38.287916],[21.786564,38.287955],[21.786564,38.287955],[21.786449,38.288086],[21.785939,38.288665],[21.785927,38.288679],[21.785858,38.288758],[21.785408,38.289258],[21.78535,38.289323],[21.784958,38.289802],[21.784958,38.289802],[21.784581,38.290264],[21.784592,38.29028],[21.784601,38.290297],[21.784607,38.290315],[21.78461,38.290333],[21.78461,38.290339],[21.784644,38.290366],[21.784681,38.290392],[21.784715,38.290415],[21.784751,38.290437],[21.785523,38.290873],[21.786396,38.291382],[21.786535,38.291458],[21.786581,38.291446],[21.786629,38.291444],[21.786677,38.291452],[21.78672,38.291469],[21.78676,38.291499],[21.786787,38.291537],[21.786799,38.29158],[21.786793,38.291624],[21.786927,38.291696],[21.786983,38.291727],[21.786983,38.291727],[21.789517,38.293113],[21.789646,38.293183],[21.789692,38.293173],[21.789744,38.29317],[21.789796,38.293179],[21.789839,38.293194],[21.789873,38.293215],[21.789898,38.293246],[21.789914,38.293279],[21.789922,38.293312],[21.789923,38.29334],[21.790043,38.29341],[21.790517,38.293673],[21.790517,38.293673],[21.790966,38.293921],[21.791892,38.294445],[21.791892,38.294445],[21.792158,38.294595],[21.792418,38.294748],[21.792675,38.294904],[21.793109,38.295171],[21.794189,38.295852],[21.794734,38.296192],[21.795035,38.296373]]},"properties":{"line":"602","dir":"Τέρμα Νοσοκομείο","mode":"bus"}},{"type":"Feature","geometry":{"type":"LineString","coordinates":[[21.73533,38.24973],[21.734561,38.249145],[21.733804,38.248535],[21.734927,38.247636],[21.736195,38.24661],[21.737538,38.247638],[21.738436,38.24834],[21.739335,38.249034],[21.740091,38.249629],[21.740852,38.250215],[21.741808,38.250953],[21.742297,38.251326],[21.742787,38.251686],[21.743184,38.252017],[21.743409,38.252218],[21.743613,38.252461],[21.744096,38.253006],[21.745961,38.255213],[21.746326,38.255664],[21.746411,38.255743],[21.746497,38.255771],[21.746642,38.255766],[21.74687,38.255637],[21.747069,38.255548],[21.747266,38.255566],[21.747407,38.255668],[21.747531,38.255872],[21.747783,38.256439],[21.747961,38.256774],[21.74806,38.257013],[21.748128,38.257303],[21.748156,38.257529],[21.748358,38.257718],[21.748614,38.257867],[21.74886,38.258009],[21.749235,38.258164],[21.749584,38.258309],[21.75001,38.258462],[21.750277,38.258563],[21.750472,38.258679],[21.750668,38.258812],[21.750863,38.259015],[21.751057,38.259326],[21.751342,38.259756],[21.751579,38.260106],[21.752019,38.260495],[21.752432,38.260969],[21.752666,38.261166],[21.752831,38.261231],[21.753005,38.261272],[21.753216,38.261296],[21.753492,38.2613],[21.753775,38.261329],[21.753906,38.261402],[21.754044,38.261569],[21.754127,38.26172],[21.754213,38.261934],[21.754238,38.262029],[21.75425,38.262111],[21.75425,38.262202],[21.754235,38.262374],[21.754206,38.262695],[21.754132,38.262931],[21.754063,38.263109],[21.753975,38.263324],[21.75392,38.263536],[21.753963,38.26374],[21.754038,38.263896],[21.754343,38.264168],[21.754853,38.264617],[21.755088,38.264862],[21.755303,38.265124],[21.755544,38.265415],[21.755691,38.26559],[21.755834,38.265699],[21.756067,38.265812],[21.756575,38.265995],[21.756877,38.26612],[21.757157,38.266339],[21.757614,38.266903],[21.757745,38.26715],[21.757845,38.267464],[21.758045,38.268497],[21.758304,38.269475],[21.758748,38.270945],[21.759431,38.272027],[21.759778,38.272551],[21.760119,38.273084],[21.76037,38.273335],[21.760643,38.273574],[21.761328,38.274127],[21.762568,38.275131],[21.763601,38.27597],[21.7641,38.276398],[21.764622,38.276855],[21.765148,38.277313],[21.765685,38.277829],[21.766167,38.278308],[21.766526,38.278645],[21.767134,38.279074],[21.767336,38.279226],[21.767674,38.279533],[21.7684,38.280129],[21.769219,38.280696],[21.767002,38.281921],[21.765463,38.282813],[21.765909,38.283644],[21.766062,38.283908],[21.76595,38.283989],[21.765613,38.284323],[21.765083,38.284854],[21.764914,38.285031],[21.764508,38.285297],[21.764103,38.285527],[21.763554,38.285893],[21.763093,38.286178],[21.762838,38.286323],[21.762583,38.286501],[21.762908,38.286763],[21.763515,38.287158],[21.763974,38.287563],[21.764434,38.288001],[21.76472,38.28786],[21.765014,38.287588],[21.765461,38.287064],[21.765867,38.286802],[21.766049,38.286495],[21.766258,38.286147],[21.766882,38.285439],[21.767833,38.28711],[21.768225,38.287754],[21.768569,38.288217],[21.769186,38.288937],[21.769749,38.289638],[21.771691,38.291828],[21.773413,38.293866],[21.774832,38.294944],[21.775606,38.295635],[21.776095,38.296279],[21.775541,38.296611],[21.775457,38.296675],[21.775625,38.296838],[21.775036,38.297195],[21.774695,38.29742],[21.774622,38.297264],[21.77498,38.297003],[21.775346,38.296742],[21.77576,38.29646],[21.776034,38.2963],[21.776016,38.29622],[21.775846,38.295999],[21.775605,38.295712],[21.775372,38.295497],[21.77485,38.295054],[21.774327,38.294636],[21.773676,38.294133],[21.773289,38.293819],[21.772966,38.293471],[21.772407,38.292802],[21.771965,38.292263],[21.771001,38.29116],[21.769397,38.291897],[21.768757,38.292176],[21.768458,38.292311],[21.768057,38.291945],[21.767605,38.291492],[21.767369,38.291152],[21.767513,38.291107],[21.768525,38.290674],[21.769079,38.290433],[21.76927,38.29035],[21.769379,38.290214],[21.769494,38.290153],[21.769755,38.290036],[21.769947,38.289961],[21.769559,38.289469],[21.769273,38.289096],[21.76888,38.288652],[21.768257,38.287868],[21.767799,38.287159],[21.766766,38.285279],[21.766097,38.284066],[21.765644,38.283224],[21.765402,38.282816],[21.765825,38.282567],[21.766419,38.282214],[21.767254,38.281735],[21.769129,38.280682],[21.768167,38.279998],[21.76736,38.279306],[21.766944,38.27899],[21.766549,38.278716],[21.766041,38.278229],[21.765561,38.27776],[21.764969,38.277206],[21.764425,38.276732],[21.763725,38.276132],[21.763139,38.275642],[21.762591,38.275216],[21.761875,38.274626],[21.761221,38.274095],[21.760192,38.273222],[21.759442,38.272117],[21.75903,38.271451],[21.758644,38.270828],[21.758244,38.269441],[21.757906,38.268075],[21.757823,38.267577],[21.757728,38.267249],[21.757629,38.267034],[21.757509,38.266836],[21.757222,38.266482],[21.756934,38.266212],[21.756717,38.266082],[21.756436,38.265985],[21.756141,38.265879],[21.755871,38.265768],[21.755719,38.265657],[21.75559,38.265517],[21.755401,38.265313],[21.755216,38.265076],[21.754957,38.264776],[21.754672,38.264508],[21.754409,38.264291],[21.754174,38.264077],[21.754062,38.263982],[21.753936,38.263813],[21.753884,38.263648],[21.753885,38.263435],[21.753914,38.263306],[21.753965,38.263211],[21.754065,38.262976],[21.754131,38.262796],[21.75418,38.262436],[21.754201,38.262279],[21.754191,38.262148],[21.75418,38.26196],[21.754084,38.261719],[21.753987,38.261561],[21.75389,38.261431],[21.753815,38.261383],[21.75359,38.261338],[21.753327,38.261336],[21.753094,38.261323],[21.752822,38.26127],[21.752546,38.261117],[21.752279,38.260838],[21.752141,38.260703],[21.751278,38.261141],[21.750159,38.261739],[21.749005,38.260223],[21.748615,38.259722],[21.748324,38.259328],[21.748138,38.258964],[21.747995,38.258567],[21.747962,38.258154],[21.747973,38.257534],[21.74793,38.257161],[21.747833,38.256852],[21.747726,38.256715],[21.747543,38.256583],[21.747243,38.256433],[21.746926,38.25624],[21.746613,38.256126],[21.746402,38.256011],[21.746211,38.255957],[21.745826,38.256014],[21.74544,38.256122],[21.743462,38.256608],[21.742275,38.256917],[21.741472,38.257131],[21.741312,38.256768],[21.740659,38.255164],[21.740341,38.254428],[21.740247,38.254182],[21.740201,38.253473]]},"properties":{"line":"606","dir":"Νόρμαν","mode":"bus"}},{"type":"Feature","geometry":{"type":"LineString","coordinates":[[21.735329,38.249747],[21.734982,38.249479],[21.734717,38.249273],[21.734591,38.249167],[21.734201,38.248838],[21.733834,38.248528],[21.734198,38.248233],[21.734916,38.24765],[21.735185,38.247432],[21.735597,38.247097],[21.73602,38.246754],[21.73602,38.246754],[21.736138,38.246658],[21.736199,38.246608],[21.737009,38.247251],[21.737513,38.247632],[21.737513,38.247632],[21.73805,38.248039],[21.738952,38.248744],[21.739319,38.24903],[21.739319,38.24903],[21.739504,38.249174],[21.739757,38.249377],[21.740273,38.249758],[21.74054,38.249973],[21.740835,38.250199],[21.740835,38.250199],[21.741004,38.250328],[21.741418,38.250649],[21.741834,38.25098],[21.742214,38.251282],[21.742365,38.251397],[21.742536,38.251492],[21.742757,38.251671],[21.742757,38.251671],[21.74288,38.25177],[21.742996,38.251865],[21.743081,38.251929],[21.74317,38.251998],[21.743381,38.252178],[21.743505,38.252334],[21.743633,38.252493],[21.744089,38.253008],[21.744089,38.253008],[21.744267,38.253208],[21.744554,38.253521],[21.744694,38.253702],[21.744764,38.253785],[21.744864,38.253904],[21.745329,38.254445],[21.745419,38.254556],[21.745631,38.254803],[21.745732,38.254932],[21.745893,38.255133],[21.745958,38.255211],[21.745958,38.255211],[21.74601,38.255274],[21.746352,38.255687],[21.746437,38.255778],[21.746525,38.255801],[21.746602,38.255797],[21.746705,38.255762],[21.746848,38.255668],[21.746961,38.255604],[21.747023,38.255587],[21.747068,38.255576],[21.747103,38.255571],[21.747154,38.255567],[21.747178,38.255567],[21.747207,38.255569],[21.747239,38.255574],[21.747267,38.255579],[21.747288,38.255585],[21.747316,38.255598],[21.747345,38.255615],[21.747364,38.255627],[21.747384,38.255641],[21.747408,38.255661],[21.747435,38.255687],[21.747459,38.255712],[21.747488,38.25574],[21.747511,38.255755],[21.747553,38.255861],[21.747588,38.25595],[21.747679,38.256198],[21.747703,38.256262],[21.747754,38.256395],[21.747838,38.256597],[21.747879,38.256672],[21.747895,38.256695],[21.747928,38.256734],[21.74796,38.256773],[21.747983,38.256807],[21.747991,38.256822],[21.74802,38.256882],[21.748055,38.256968],[21.748084,38.257044],[21.748099,38.257099],[21.74812,38.257187],[21.748137,38.257286],[21.748138,38.257303],[21.748138,38.257303],[21.74814,38.257344],[21.748144,38.257395],[21.748145,38.25745],[21.748142,38.257519],[21.748159,38.257544],[21.748173,38.257562],[21.748189,38.257579],[21.748207,38.257596],[21.748242,38.257627],[21.74828,38.257658],[21.748331,38.2577],[21.748375,38.257737],[21.748422,38.257774],[21.748487,38.257817],[21.748543,38.257851],[21.748733,38.257965],[21.748795,38.258003],[21.74885,38.258031],[21.748916,38.258061],[21.749178,38.258165],[21.749435,38.258258],[21.749868,38.258416],[21.750256,38.258557],[21.750269,38.258564],[21.750318,38.258589],[21.75042,38.258649],[21.750493,38.258697],[21.750597,38.258773],[21.750631,38.258803],[21.750631,38.258803],[21.750741,38.258901],[21.750845,38.259014],[21.750921,38.259111],[21.751026,38.259281],[21.751137,38.259469],[21.751548,38.260092],[21.751645,38.260195],[21.751742,38.260284],[21.751867,38.260376],[21.752026,38.260517],[21.752159,38.260679],[21.752395,38.260957],[21.7524,38.260961],[21.752662,38.261166],[21.752789,38.261235],[21.752984,38.261271],[21.753178,38.261308],[21.753316,38.261311],[21.753549,38.261314],[21.753613,38.261315],[21.753665,38.261318],[21.753712,38.261325],[21.753769,38.261337],[21.753807,38.261349],[21.753832,38.26136],[21.753832,38.26136],[21.753853,38.261371],[21.753874,38.261386],[21.753891,38.261403],[21.753921,38.261432],[21.753964,38.261485],[21.753996,38.261527],[21.754029,38.261576],[21.754062,38.261633],[21.754106,38.261717],[21.754153,38.261816],[21.754188,38.261893],[21.754203,38.261936],[21.754212,38.261969],[21.754219,38.262003],[21.754225,38.262071],[21.754227,38.262135],[21.754225,38.262203],[21.754217,38.262313],[21.754204,38.262453],[21.754189,38.262588],[21.754176,38.262693],[21.754167,38.262751],[21.754158,38.262795],[21.754143,38.262845],[21.754128,38.262893],[21.754107,38.262952],[21.754089,38.262997],[21.754061,38.263059],[21.753989,38.263226],[21.753943,38.263334],[21.753936,38.263355],[21.753917,38.263434],[21.753912,38.263479],[21.753907,38.263535],[21.753908,38.263584],[21.753914,38.263647],[21.753927,38.263703],[21.753953,38.263771],[21.753984,38.263829],[21.754011,38.26387],[21.754048,38.263918],[21.754085,38.263959],[21.754138,38.264012],[21.754191,38.264058],[21.754468,38.264297],[21.754561,38.264376],[21.75483,38.264622],[21.75483,38.264622],[21.7549,38.264686],[21.755075,38.264867],[21.75512,38.264918],[21.755166,38.264972],[21.755273,38.265105],[21.755428,38.265291],[21.755549,38.265439],[21.755719,38.265628],[21.755748,38.265656],[21.755783,38.265685],[21.755822,38.265713],[21.755868,38.265738],[21.755924,38.265765],[21.756004,38.265798],[21.756093,38.265835],[21.756189,38.265872],[21.756283,38.265907],[21.756366,38.265936],[21.75658,38.266009],[21.756662,38.265943],[21.756716,38.2659],[21.756733,38.265887],[21.756769,38.265866],[21.756769,38.265866],[21.756994,38.265752],[21.75737,38.265589],[21.757583,38.265495],[21.757703,38.265443],[21.758023,38.265303],[21.758098,38.265272],[21.75819,38.265235],[21.758288,38.265194],[21.75838,38.265154],[21.758449,38.265122],[21.758543,38.265079],[21.758948,38.264874],[21.758948,38.264874],[21.759018,38.264839],[21.759144,38.264785],[21.75981,38.264515],[21.760133,38.264385],[21.760133,38.264385],[21.760209,38.264354],[21.760296,38.26431],[21.760266,38.264293],[21.760239,38.264274],[21.760217,38.264256],[21.760167,38.264208],[21.760098,38.264131],[21.760145,38.264117],[21.760186,38.264101],[21.76022,38.264088],[21.760253,38.264073],[21.760376,38.26401],[21.760794,38.263818],[21.760926,38.263756],[21.76102,38.263711],[21.761118,38.263662],[21.761183,38.263629],[21.761262,38.263585],[21.761318,38.263552],[21.761367,38.263521],[21.761421,38.263488],[21.761475,38.263453],[21.761623,38.26335],[21.76168,38.263307],[21.761764,38.263226],[21.761855,38.263156],[21.762193,38.262905],[21.762284,38.262841],[21.76237,38.262772],[21.762449,38.262727],[21.762557,38.262676],[21.762632,38.262636],[21.762722,38.262597],[21.762937,38.2625],[21.763052,38.262451],[21.763235,38.262393],[21.763415,38.262326],[21.763555,38.262281],[21.763692,38.262249],[21.763841,38.262219],[21.764026,38.262184],[21.764132,38.262156],[21.764198,38.262132],[21.764242,38.262117],[21.764334,38.262073],[21.764383,38.262047],[21.764405,38.262036],[21.764455,38.262003],[21.764519,38.261953],[21.764546,38.261928],[21.76457,38.261902],[21.764604,38.26186],[21.764622,38.261837],[21.764636,38.261814],[21.764658,38.261777],[21.764679,38.261739],[21.764693,38.261708],[21.764704,38.261681],[21.764719,38.261642],[21.764736,38.261597],[21.764768,38.261501],[21.764801,38.261398],[21.764839,38.261302],[21.764884,38.261201],[21.764941,38.26109],[21.764995,38.260998],[21.765063,38.260903],[21.765131,38.260825],[21.765209,38.260747],[21.76545,38.26054],[21.76566,38.260374],[21.765809,38.260256],[21.765881,38.260197],[21.765958,38.260117],[21.766012,38.260056],[21.766054,38.260004],[21.7661,38.259946],[21.766161,38.259856],[21.766248,38.259709],[21.766305,38.259605],[21.766395,38.25943],[21.766395,38.25943],[21.766463,38.259297],[21.766472,38.259275],[21.766473,38.259269],[21.766472,38.259265],[21.766452,38.259231],[21.76653,38.259195],[21.766565,38.259178],[21.766598,38.25916],[21.766624,38.259144],[21.766654,38.259121],[21.766694,38.259088],[21.76679,38.259002],[21.766837,38.258961],[21.766898,38.258904],[21.766935,38.258867],[21.766998,38.258803],[21.767043,38.258755],[21.767079,38.258714],[21.7671,38.258694],[21.767115,38.258681],[21.767146,38.258655],[21.767182,38.258626],[21.767242,38.258577],[21.767328,38.258512],[21.767378,38.258473],[21.767451,38.258502],[21.767499,38.258519],[21.767565,38.258546],[21.767646,38.258581],[21.767756,38.258632],[21.7679,38.25869],[21.768016,38.258737],[21.768046,38.258747],[21.768076,38.258754],[21.76812,38.258762],[21.768152,38.258763],[21.768186,38.258762],[21.768219,38.258758],[21.768257,38.258749],[21.768285,38.258739],[21.768317,38.258724],[21.768356,38.258698],[21.768671,38.258486],[21.768951,38.258278],[21.769253,38.258065],[21.769376,38.257977],[21.76958,38.257844],[21.769709,38.257759],[21.769725,38.257751],[21.769744,38.257743],[21.769758,38.25774],[21.769774,38.257741],[21.769774,38.257741],[21.769808,38.257745],[21.769834,38.257759],[21.769849,38.257778],[21.769854,38.257793],[21.769856,38.25782],[21.769855,38.257844],[21.769846,38.257877],[21.769831,38.257919],[21.769772,38.258053],[21.769667,38.258312],[21.769598,38.25849],[21.769568,38.258578],[21.769552,38.258643],[21.769538,38.258711],[21.769525,38.258762],[21.769509,38.258803],[21.769479,38.258846],[21.769447,38.25888],[21.769404,38.258914],[21.769358,38.258951],[21.769318,38.258985],[21.7693,38.259002],[21.769289,38.259016],[21.769283,38.259031],[21.769277,38.259053],[21.769273,38.259071],[21.769274,38.259087],[21.769278,38.259107],[21.769285,38.259132],[21.769309,38.259195],[21.769315,38.259219],[21.769321,38.259262],[21.769326,38.259348],[21.769331,38.259446],[21.769334,38.259501],[21.769341,38.259552],[21.769348,38.259587],[21.769356,38.259611],[21.769365,38.259632],[21.769381,38.259659],[21.7694,38.259689],[21.769437,38.259746],[21.769474,38.259801],[21.769499,38.259824],[21.769523,38.259844],[21.769533,38.259853],[21.769554,38.259866],[21.769576,38.259876],[21.769588,38.259882],[21.769598,38.259885],[21.76964,38.259886],[21.769654,38.259885],[21.769666,38.259883],[21.769679,38.259879],[21.76969,38.259873],[21.769697,38.259866],[21.769704,38.259853],[21.769723,38.259816],[21.769738,38.25977],[21.769749,38.259718],[21.769777,38.259637],[21.769814,38.25956],[21.769814,38.25956],[21.769863,38.259457],[21.769891,38.259406],[21.769913,38.259369],[21.769938,38.259333],[21.769974,38.259283],[21.76999,38.259268],[21.770008,38.259254],[21.77003,38.259243],[21.770071,38.259227],[21.770114,38.259214],[21.77015,38.259209],[21.770191,38.259208],[21.770286,38.259212],[21.770349,38.259217],[21.770384,38.259221],[21.770414,38.259228],[21.77046,38.259241],[21.770512,38.259259],[21.770598,38.259298],[21.7708,38.259376],[21.770833,38.259388],[21.770868,38.259397],[21.770915,38.259406],[21.771024,38.259429],[21.771127,38.25945],[21.771196,38.259457],[21.771252,38.259464],[21.771252,38.259464],[21.771312,38.259472],[21.771462,38.259497],[21.771542,38.259503],[21.771609,38.259507],[21.771637,38.259508],[21.771665,38.259506],[21.771693,38.259503],[21.771732,38.259497],[21.771772,38.259488],[21.771852,38.259475],[21.77198,38.259442],[21.772154,38.259389],[21.772237,38.259364],[21.772286,38.259354],[21.772458,38.25934],[21.772708,38.259343],[21.773877,38.259363],[21.774063,38.259332],[21.774706,38.259169],[21.774867,38.259147],[21.774934,38.259147],[21.774991,38.259145],[21.775056,38.259146],[21.77514,38.259149],[21.775539,38.259171],[21.775539,38.259171],[21.77568,38.259179],[21.775793,38.259186],[21.775906,38.259196],[21.775986,38.259205],[21.77601,38.259209],[21.776046,38.259218],[21.776076,38.259227],[21.776108,38.259239],[21.776134,38.25925],[21.776157,38.259261],[21.776175,38.259273],[21.77626,38.259324],[21.776325,38.259362],[21.776344,38.259372],[21.776362,38.259379],[21.776382,38.259387],[21.7764,38.259392],[21.776447,38.259398],[21.776473,38.259398],[21.7765,38.259396],[21.776526,38.25939],[21.776567,38.259371],[21.77668,38.259299],[21.776747,38.259255],[21.776803,38.259224],[21.77686,38.259196],[21.776944,38.259157],[21.777097,38.25909],[21.777258,38.259022],[21.777517,38.258912],[21.777611,38.258869],[21.777687,38.258833],[21.777843,38.258754],[21.77796,38.258685],[21.778129,38.258584],[21.778252,38.258505],[21.778369,38.258424],[21.778575,38.258268],[21.778722,38.258135],[21.778841,38.258034],[21.778918,38.257972],[21.778978,38.257919],[21.779053,38.257875],[21.779131,38.257832],[21.779197,38.257807],[21.779331,38.25779],[21.779571,38.257783],[21.780071,38.257804],[21.780163,38.257801],[21.780163,38.257801],[21.780205,38.257799],[21.780369,38.257765],[21.780719,38.257724],[21.780966,38.257704],[21.781276,38.257707],[21.781558,38.257743],[21.781749,38.257766],[21.781896,38.257771],[21.782068,38.257749],[21.782861,38.257484],[21.783046,38.25746],[21.783046,38.25746],[21.783085,38.257455],[21.783595,38.257444],[21.783809,38.257439],[21.783961,38.257428],[21.784061,38.257402],[21.784691,38.257202],[21.785566,38.257093],[21.785605,38.257101],[21.786056,38.257227],[21.786829,38.257218],[21.787358,38.257261],[21.787761,38.257291],[21.787875,38.25738],[21.787887,38.257604],[21.787823,38.257854]]},"properties":{"line":"607","dir":"Μάρκου Μπότσαρη","mode":"bus"}},{"type":"Feature","geometry":{"type":"LineString","coordinates":[[21.735324,38.249751],[21.733815,38.248551],[21.736158,38.24661],[21.737538,38.247612],[21.739335,38.249017],[21.740857,38.250181],[21.742787,38.251648],[21.744107,38.252998],[21.745988,38.255196],[21.746446,38.255719],[21.747105,38.255533],[21.747509,38.255753],[21.748128,38.257303],[21.748145,38.257685],[21.750673,38.258774],[21.751724,38.260287],[21.752729,38.261211],[21.75395,38.261386],[21.754251,38.262197],[21.753865,38.263672],[21.754262,38.264182],[21.754874,38.264592],[21.755835,38.265733],[21.756775,38.266033],[21.757619,38.266903],[21.75832,38.269462],[21.758715,38.270911],[21.760167,38.273181],[21.762542,38.275165],[21.764682,38.276858],[21.765664,38.277795],[21.767121,38.279038],[21.768755,38.280406],[21.771107,38.282013],[21.772815,38.284328],[21.775045,38.287323],[21.778371,38.289579],[21.780077,38.290706],[21.781437,38.289906],[21.783011,38.289375],[21.784349,38.2902],[21.78483,38.289712],[21.788385,38.285643],[21.789331,38.284522],[21.789472,38.283625],[21.790615,38.282276],[21.78972,38.281785],[21.787761,38.280571],[21.788388,38.27934],[21.788534,38.278962],[21.791899,38.277422],[21.792505,38.276818],[21.793476,38.275507],[21.793729,38.275585],[21.793383,38.27677],[21.793414,38.277455],[21.793612,38.276938],[21.794097,38.276015],[21.794726,38.275696],[21.795019,38.275057],[21.795455,38.274863],[21.795962,38.274817],[21.796556,38.274291],[21.797122,38.274382],[21.798274,38.274319],[21.798603,38.273916],[21.799465,38.273749],[21.799574,38.273075],[21.800723,38.27284],[21.801722,38.273295],[21.80268,38.273978],[21.803835,38.275221],[21.803962,38.275581],[21.80439,38.275306],[21.805978,38.27367],[21.807072,38.273829],[21.808198,38.27379],[21.80874,38.27415],[21.809011,38.273883],[21.810011,38.273465],[21.810272,38.273135],[21.811314,38.273273],[21.812876,38.274091],[21.815256,38.273717],[21.816263,38.273438],[21.817142,38.27259],[21.817732,38.272571],[21.817978,38.272737],[21.818736,38.273576],[21.821497,38.274197],[21.822015,38.274529],[21.822684,38.275165],[21.823127,38.275177],[21.82292,38.274459],[21.824429,38.275004],[21.825234,38.275046],[21.825889,38.274936],[21.82597,38.274761],[21.825063,38.274368],[21.824559,38.273816],[21.823819,38.27377],[21.824393,38.273485],[21.825002,38.273537],[21.825628,38.274034],[21.826778,38.274081],[21.827225,38.273531],[21.827941,38.273189],[21.827435,38.272982],[21.826819,38.273107],[21.826522,38.27343],[21.826159,38.273221],[21.827672,38.272131],[21.827764,38.271788],[21.828979,38.271945],[21.82978,38.271982],[21.83013,38.271782],[21.830634,38.271438],[21.831938,38.271494],[21.832226,38.271836],[21.832128,38.272431],[21.832717,38.272428],[21.832464,38.272797],[21.832734,38.272805],[21.83352,38.272206],[21.833915,38.271944],[21.833361,38.271745],[21.834264,38.271536],[21.834802,38.271306],[21.835318,38.271479]]},"properties":{"line":"608","dir":"Καστρίτσι - Τέρμα","mode":"bus"}},{"type":"Feature","geometry":{"type":"LineString","coordinates":[[21.795054,38.296589],[21.794722,38.296377],[21.794615,38.296311],[21.793263,38.295465],[21.792617,38.295068],[21.792356,38.29491],[21.792036,38.29472],[21.7918,38.294584],[21.7918,38.294584],[21.791168,38.294218],[21.790441,38.293816],[21.790198,38.293682],[21.790198,38.293682],[21.789928,38.293532],[21.789814,38.293469],[21.789763,38.29348],[21.789701,38.29348],[21.789638,38.293464],[21.789588,38.293437],[21.789556,38.293407],[21.789539,38.293379],[21.789531,38.293345],[21.789528,38.293301],[21.78941,38.293234],[21.786887,38.291843],[21.786887,38.291843],[21.786672,38.291725],[21.786615,38.291732],[21.786558,38.291724],[21.786525,38.291711],[21.786506,38.291704],[21.786466,38.291671],[21.78644,38.29163],[21.786432,38.291585],[21.786295,38.291507],[21.784634,38.290567],[21.784474,38.290495],[21.78446,38.290499],[21.784434,38.290503],[21.784407,38.290504],[21.78438,38.290502],[21.784354,38.290497],[21.784329,38.29049],[21.784306,38.29048],[21.784284,38.290468],[21.784264,38.290454],[21.784247,38.290438],[21.784233,38.29042],[21.784223,38.2904],[21.784215,38.29038],[21.784211,38.290359],[21.784211,38.290338],[21.784212,38.290334],[21.784214,38.290318],[21.784221,38.290297],[21.784231,38.290278],[21.784244,38.29026],[21.784259,38.290245],[21.784275,38.290232],[21.784293,38.29022],[21.784313,38.29021],[21.784334,38.290202],[21.78434,38.2902],[21.784356,38.290196],[21.784379,38.290192],[21.784402,38.29019],[21.784426,38.29019],[21.784449,38.290193],[21.784472,38.290197],[21.784592,38.290051],[21.784615,38.290022],[21.784858,38.289726],[21.784858,38.289726],[21.785234,38.289267],[21.785292,38.289201],[21.785765,38.288673],[21.785808,38.288622],[21.78622,38.288125],[21.78664,38.287649],[21.786988,38.287241],[21.787167,38.287039],[21.78731,38.286884],[21.78685,38.286651],[21.78677,38.286608],[21.786683,38.286561],[21.7865,38.286461],[21.78613,38.286256],[21.786031,38.286203],[21.786031,38.286203],[21.785925,38.286147],[21.786133,38.285905],[21.786839,38.285076],[21.786877,38.285057],[21.787317,38.285296],[21.787321,38.285298],[21.787406,38.285344],[21.787807,38.285562],[21.787722,38.285649],[21.786914,38.286583],[21.78685,38.286651],[21.78731,38.286884],[21.787428,38.286946],[21.7873,38.2871],[21.78697,38.287494],[21.786864,38.287614],[21.786598,38.287916],[21.786449,38.288086],[21.785939,38.288665],[21.785927,38.288679],[21.785858,38.288758],[21.785408,38.289258],[21.78535,38.289323],[21.784958,38.289802],[21.784958,38.289802],[21.784581,38.290264],[21.784592,38.29028],[21.784601,38.290297],[21.784607,38.290315],[21.78461,38.290333],[21.78461,38.290339],[21.784611,38.290352],[21.784609,38.29037],[21.784604,38.290388],[21.784596,38.290406],[21.784585,38.290425],[21.78457,38.290442],[21.784552,38.290458],[21.784532,38.290472],[21.784504,38.290486],[21.784486,38.290492],[21.784474,38.290495],[21.78446,38.290499],[21.784434,38.290503],[21.784407,38.290504],[21.78438,38.290502],[21.784354,38.290497],[21.784329,38.29049],[21.784306,38.29048],[21.784284,38.290468],[21.784264,38.290454],[21.784247,38.290438],[21.784233,38.29042],[21.784223,38.2904],[21.784215,38.29038],[21.784211,38.290359],[21.784211,38.290338],[21.784212,38.290334],[21.78405,38.290239],[21.783913,38.290157],[21.783672,38.290015],[21.7833,38.289781],[21.782882,38.289455],[21.782658,38.289503],[21.782386,38.289579],[21.782367,38.289585],[21.782367,38.289585],[21.782095,38.289666],[21.781872,38.289728],[21.7817,38.289782],[21.781613,38.289821],[21.781441,38.289913],[21.781359,38.289963],[21.781278,38.290007],[21.781068,38.290128],[21.780844,38.290256],[21.780646,38.290362],[21.780488,38.290451],[21.780354,38.290525],[21.780275,38.29057],[21.780275,38.29057],[21.780041,38.290704],[21.779948,38.290758],[21.779863,38.290711],[21.779669,38.290597],[21.7795,38.290497],[21.779329,38.290391],[21.77915,38.290276],[21.778935,38.290129],[21.778616,38.289897],[21.778206,38.289595],[21.777783,38.289278],[21.777577,38.289129],[21.777398,38.289017],[21.777174,38.288893],[21.776935,38.288765],[21.776612,38.288595],[21.776545,38.288559],[21.776449,38.288507],[21.776393,38.288474],[21.776301,38.288421],[21.776217,38.288367],[21.776139,38.288314],[21.776047,38.288252],[21.775963,38.288192],[21.775797,38.288062],[21.775736,38.288009],[21.775724,38.287999],[21.775724,38.287999],[21.775617,38.287905],[21.775413,38.287728],[21.775133,38.287487],[21.77494,38.287311],[21.774813,38.287176],[21.774706,38.287056],[21.774509,38.286824],[21.774231,38.286452],[21.774179,38.286385],[21.773607,38.285615],[21.773161,38.285044],[21.772741,38.284489],[21.772631,38.284347],[21.772631,38.284347],[21.77256,38.284256],[21.772453,38.284115],[21.772232,38.283809],[21.771892,38.283324],[21.771662,38.282969],[21.771557,38.282784],[21.771534,38.28274],[21.771502,38.282682],[21.771452,38.2826],[21.771413,38.282542],[21.771359,38.282452],[21.771273,38.282316],[21.771231,38.282255],[21.771115,38.282116],[21.771057,38.282054],[21.770996,38.281995],[21.770913,38.28192],[21.770825,38.281845],[21.770795,38.281823],[21.77075,38.281787],[21.770721,38.281765],[21.77069,38.28174],[21.770671,38.28172],[21.770651,38.281693],[21.770596,38.281657],[21.770596,38.281657],[21.770311,38.281471],[21.770217,38.281409],[21.770115,38.281339],[21.77003,38.281281],[21.769927,38.281212],[21.769605,38.280978],[21.769558,38.280944],[21.769184,38.28069],[21.769033,38.280589],[21.768899,38.280495],[21.768793,38.280424],[21.768793,38.280424],[21.768763,38.280404],[21.768555,38.280258],[21.76843,38.280169],[21.768327,38.280094],[21.768236,38.280028],[21.768153,38.279961],[21.768062,38.279885],[21.767961,38.279803],[21.767758,38.279629],[21.767591,38.27948],[21.767494,38.279389],[21.767392,38.279293],[21.767353,38.279257],[21.767308,38.279215],[21.767305,38.279212],[21.767258,38.279172],[21.767214,38.279139],[21.767151,38.279095],[21.767022,38.27901],[21.766835,38.278884],[21.766739,38.278821],[21.76668,38.278782],[21.766631,38.278746],[21.766581,38.27871],[21.766546,38.278682],[21.766486,38.278626],[21.766413,38.278559],[21.766339,38.278492],[21.766234,38.278392],[21.766075,38.278229],[21.765728,38.277886],[21.765678,38.277837],[21.765678,38.277837],[21.765669,38.277829],[21.76554,38.27771],[21.765492,38.277664],[21.76541,38.277587],[21.765296,38.277479],[21.765202,38.277387],[21.765136,38.27732],[21.765103,38.277289],[21.765043,38.277235],[21.7649,38.277116],[21.764643,38.276885],[21.764643,38.276885],[21.764493,38.276751],[21.764273,38.276563],[21.764089,38.276404],[21.763835,38.276188],[21.763649,38.276033],[21.763197,38.275657],[21.763065,38.275549],[21.762946,38.275452],[21.76288,38.275402],[21.762792,38.275336],[21.76271,38.275271],[21.762632,38.27521],[21.762587,38.275174],[21.762559,38.275152],[21.762559,38.275152],[21.762492,38.275097],[21.762267,38.274911],[21.762267,38.274911],[21.762182,38.274841],[21.76194,38.274641],[21.761688,38.274434],[21.760614,38.273557],[21.760398,38.273375],[21.760319,38.273303],[21.760241,38.273231],[21.760193,38.273183],[21.760131,38.273113],[21.760057,38.273017],[21.759897,38.272769],[21.759742,38.272527],[21.759589,38.272292],[21.759476,38.272121],[21.759379,38.271966],[21.759321,38.271874],[21.759156,38.27161],[21.758856,38.271138],[21.758735,38.27094],[21.758698,38.270867],[21.758685,38.270838],[21.758666,38.270788],[21.758664,38.270782],[21.758644,38.270727],[21.758628,38.270667],[21.758569,38.270458],[21.758441,38.270016],[21.758314,38.269574],[21.758289,38.269484],[21.758289,38.269484],[21.758206,38.269182],[21.758113,38.268846],[21.758084,38.268732],[21.758045,38.268572],[21.757984,38.268302],[21.75792,38.268],[21.757905,38.267918],[21.757831,38.267504],[21.757808,38.267403],[21.757779,38.267298],[21.757752,38.267212],[21.757711,38.267116],[21.757667,38.267028],[21.757582,38.266894],[21.757483,38.266761],[21.757483,38.266761],[21.757459,38.266729],[21.757304,38.26654],[21.757154,38.266371],[21.757076,38.266298],[21.757025,38.266254],[21.756974,38.266213],[21.756935,38.266186],[21.756896,38.266154],[21.756896,38.266154],[21.756841,38.266122],[21.75679,38.266097],[21.756713,38.266061],[21.756646,38.266033],[21.756587,38.266011],[21.75658,38.266009],[21.756366,38.265936],[21.756283,38.265907],[21.756189,38.265872],[21.756093,38.265835],[21.756004,38.265798],[21.755924,38.265765],[21.755868,38.265738],[21.755822,38.265713],[21.755783,38.265685],[21.755748,38.265656],[21.755719,38.265628],[21.755549,38.265439],[21.755428,38.265291],[21.755273,38.265105],[21.755166,38.264972],[21.75512,38.264918],[21.755075,38.264867],[21.7549,38.264686],[21.754811,38.264604],[21.754811,38.264604],[21.754561,38.264376],[21.754468,38.264297],[21.754191,38.264058],[21.754138,38.264012],[21.754085,38.263959],[21.754048,38.263918],[21.754011,38.26387],[21.753984,38.263829],[21.753953,38.263771],[21.753927,38.263703],[21.753914,38.263647],[21.753908,38.263584],[21.753907,38.263535],[21.753912,38.263479],[21.753917,38.263434],[21.753936,38.263355],[21.753943,38.263334],[21.753989,38.263226],[21.754061,38.263059],[21.754089,38.262997],[21.754107,38.262952],[21.754128,38.262893],[21.754143,38.262845],[21.754158,38.262795],[21.754167,38.262751],[21.754176,38.262693],[21.754189,38.262588],[21.754204,38.262453],[21.754217,38.262313],[21.754225,38.262203],[21.754227,38.262135],[21.754225,38.262071],[21.754219,38.262003],[21.754212,38.261969],[21.754203,38.261936],[21.754188,38.261893],[21.754153,38.261816],[21.754106,38.261717],[21.754062,38.261633],[21.754029,38.261576],[21.753996,38.261527],[21.753964,38.261485],[21.753921,38.261432],[21.753891,38.261403],[21.753874,38.261386],[21.753853,38.261371],[21.753832,38.26136],[21.753807,38.261349],[21.753769,38.261337],[21.753747,38.261332],[21.753747,38.261332],[21.753712,38.261325],[21.753665,38.261318],[21.753613,38.261315],[21.753549,38.261314],[21.753316,38.261311],[21.753178,38.261308],[21.752984,38.261271],[21.752789,38.261235],[21.752662,38.261166],[21.752395,38.260957],[21.752159,38.260679],[21.751049,38.26125],[21.751049,38.26125],[21.750932,38.26131],[21.750273,38.261653],[21.75016,38.261715],[21.749873,38.26133],[21.749873,38.26133],[21.749824,38.261264],[21.749604,38.261005],[21.74953,38.260919],[21.74942,38.260774],[21.748894,38.260072],[21.748656,38.259763],[21.748542,38.259603],[21.748495,38.259539],[21.748344,38.259303],[21.748313,38.259246],[21.74827,38.259172],[21.748232,38.259099],[21.748192,38.259014],[21.748162,38.258944],[21.748119,38.258845],[21.748096,38.258781],[21.748072,38.258703],[21.748057,38.258634],[21.748044,38.258565],[21.748044,38.258565],[21.748041,38.258548],[21.748028,38.258461],[21.74802,38.258402],[21.748011,38.258325],[21.748007,38.258247],[21.748005,38.258151],[21.748003,38.258036],[21.748001,38.257937],[21.748003,38.257791],[21.748009,38.257653],[21.748011,38.257568],[21.74801,38.257439],[21.748005,38.257351],[21.747994,38.25727],[21.747978,38.257184],[21.747954,38.257099],[21.747924,38.25702],[21.747891,38.256947],[21.747863,38.256891],[21.74784,38.256846],[21.747811,38.256797],[21.747789,38.256771],[21.747764,38.256744],[21.747726,38.256712],[21.74769,38.256684],[21.74765,38.256657],[21.747589,38.256618],[21.747448,38.256537],[21.747229,38.256416],[21.747106,38.256353],[21.746857,38.256208],[21.746827,38.256186],[21.74676,38.256163],[21.746721,38.256148],[21.746673,38.256123],[21.746588,38.256077],[21.746498,38.256029],[21.746418,38.255992],[21.746382,38.255978],[21.746351,38.255969],[21.74632,38.255963],[21.746282,38.255958],[21.746244,38.255956],[21.746193,38.255956],[21.746125,38.25596],[21.746041,38.25597],[21.745703,38.256063],[21.745444,38.256132],[21.745444,38.256132],[21.745004,38.256249],[21.74478,38.256297],[21.744708,38.256315],[21.744518,38.256359],[21.74429,38.256418],[21.743634,38.256593],[21.743305,38.256673],[21.741469,38.257103],[21.741136,38.256309],[21.740852,38.25564],[21.740546,38.254895],[21.740437,38.254626],[21.740291,38.254275],[21.740204,38.253859],[21.740205,38.2534],[21.740205,38.253286],[21.739466,38.253443],[21.738897,38.253569],[21.738391,38.253685],[21.737903,38.253814],[21.737524,38.253898],[21.737261,38.253949],[21.737174,38.253957],[21.737122,38.253828],[21.737057,38.253638],[21.736914,38.253197],[21.736764,38.25266],[21.736573,38.251959],[21.736546,38.251861],[21.736516,38.251739],[21.736469,38.251597],[21.736426,38.251437],[21.736372,38.251252],[21.736313,38.251012],[21.736265,38.250836],[21.736213,38.250656],[21.736154,38.250491],[21.736056,38.250342],[21.735987,38.250243],[21.735853,38.250118],[21.735681,38.249996],[21.735499,38.249857],[21.735312,38.249712],[21.735032,38.249512],[21.73478,38.249319],[21.7345,38.249106],[21.734022,38.248707],[21.733817,38.248549],[21.735597,38.247097],[21.73602,38.246754]]},"properties":{"line":"609","dir":"0","mode":"bus"}},{"type":"Feature","geometry":{"type":"LineString","coordinates":[[21.835339,38.271454],[21.834983,38.271376],[21.834854,38.271362],[21.834698,38.271372],[21.834475,38.271469],[21.834278,38.27156],[21.834088,38.27161],[21.833918,38.271643],[21.833747,38.271656],[21.833619,38.271662],[21.833501,38.271669],[21.833415,38.271723],[21.833415,38.271805],[21.833474,38.271871],[21.833617,38.271925],[21.83379,38.27191],[21.83386,38.271924],[21.833919,38.271953],[21.833882,38.272034],[21.833734,38.272125],[21.833409,38.272296],[21.833079,38.272464],[21.832915,38.272597],[21.832773,38.272739],[21.832655,38.272806],[21.832552,38.27278],[21.832506,38.272704],[21.832564,38.272616],[21.832657,38.272521],[21.832682,38.272452],[21.832604,38.27241],[21.832462,38.272409],[21.832322,38.272447],[21.832209,38.272424],[21.832104,38.272353],[21.832105,38.272255],[21.83216,38.272114],[21.832177,38.271937],[21.832197,38.271756],[21.832158,38.271649],[21.832074,38.271578],[21.831925,38.271505],[21.831674,38.27146],[21.831435,38.271471],[21.831209,38.271519],[21.831026,38.271505],[21.830827,38.271485],[21.830626,38.271497],[21.830482,38.271536],[21.830287,38.271661],[21.830082,38.271799],[21.829894,38.271923],[21.829784,38.271977],[21.82953,38.271974],[21.829291,38.271964],[21.828897,38.271938],[21.828593,38.271934],[21.828404,38.271919],[21.828225,38.271891],[21.828119,38.271839],[21.827997,38.271798],[21.827871,38.271807],[21.82777,38.271858],[21.827693,38.271993],[21.827623,38.272128],[21.827539,38.272237],[21.827395,38.272355],[21.827157,38.272524],[21.827011,38.272663],[21.826831,38.272821],[21.826623,38.273005],[21.826406,38.273122],[21.826282,38.273185],[21.826221,38.27323],[21.826214,38.273284],[21.826266,38.273367],[21.826421,38.273379],[21.826579,38.273356],[21.826706,38.27326],[21.826845,38.273132],[21.826978,38.272996],[21.827169,38.272945],[21.827307,38.272947],[21.827457,38.272953],[21.827698,38.273023],[21.82785,38.273102],[21.82791,38.273217],[21.827844,38.273296],[21.827666,38.273322],[21.827518,38.273323],[21.827435,38.273346],[21.827336,38.273429],[21.827243,38.273553],[21.827086,38.273712],[21.826928,38.273897],[21.826773,38.274048],[21.826615,38.274074],[21.826247,38.274061],[21.825886,38.274042],[21.825678,38.274037],[21.825531,38.274004],[21.825383,38.273862],[21.825175,38.273677],[21.825056,38.273599],[21.824915,38.273555],[21.824742,38.27352],[21.824591,38.273493],[21.824436,38.273497],[21.824159,38.273596],[21.823967,38.273666],[21.82392,38.273739],[21.824008,38.273788],[21.824246,38.273758],[21.824472,38.273773],[21.824588,38.273824],[21.824693,38.273909],[21.824872,38.274108],[21.825063,38.274368],[21.825255,38.27454],[21.825555,38.274681],[21.825807,38.274747],[21.825928,38.27481],[21.825913,38.2749],[21.825616,38.274958],[21.825076,38.275033],[21.824758,38.275045],[21.824622,38.275031],[21.824507,38.275001],[21.824167,38.274886],[21.823724,38.274736],[21.823368,38.274593],[21.823163,38.274518],[21.822997,38.274484],[21.822931,38.274501],[21.822886,38.274552],[21.822923,38.274657],[21.823043,38.274908],[21.823127,38.275086],[21.823064,38.275177],[21.822872,38.275189],[21.822685,38.275136],[21.8225,38.275008],[21.822322,38.274847],[21.822163,38.274674],[21.821938,38.274457],[21.82181,38.274336],[21.821569,38.274221],[21.820832,38.274029],[21.819955,38.273815],[21.819524,38.273739],[21.81925,38.273686],[21.818941,38.273634],[21.818728,38.273566],[21.818583,38.273464],[21.818388,38.273241],[21.818285,38.273133],[21.818215,38.272999],[21.818096,38.27281],[21.817941,38.272682],[21.817771,38.272593],[21.817558,38.27257],[21.817323,38.272613],[21.817114,38.272672],[21.816997,38.272714],[21.816881,38.272815],[21.816743,38.272963],[21.816566,38.273133],[21.816439,38.273262],[21.816312,38.273375],[21.816072,38.273491],[21.815512,38.273684],[21.814969,38.27378],[21.81443,38.273879],[21.813913,38.273979],[21.813387,38.274008],[21.813217,38.274036],[21.813038,38.274098],[21.812836,38.274097],[21.812419,38.273873],[21.812159,38.273715],[21.8119,38.273582],[21.811693,38.273484],[21.811343,38.273342],[21.810916,38.273199],[21.810643,38.273124],[21.810426,38.273128],[21.810319,38.273144],[21.810211,38.273194],[21.810098,38.273294],[21.809944,38.273499],[21.809723,38.27364],[21.809532,38.273761],[21.809302,38.273826],[21.809139,38.273862],[21.808969,38.273938],[21.808828,38.274104],[21.808709,38.27414],[21.808633,38.274118],[21.808558,38.274062],[21.80845,38.273959],[21.808322,38.273866],[21.808182,38.273815],[21.808029,38.273788],[21.807876,38.273802],[21.807407,38.273817],[21.807065,38.273824],[21.806851,38.273816],[21.806636,38.273773],[21.806374,38.273718],[21.80613,38.273686],[21.805992,38.273704],[21.805832,38.273844],[21.805591,38.274107],[21.805307,38.274383],[21.804959,38.274741],[21.804484,38.275198],[21.804151,38.275527],[21.803979,38.27557],[21.803892,38.275502],[21.803882,38.27533],[21.803839,38.275202],[21.803662,38.275015],[21.803375,38.274737],[21.803011,38.274379],[21.802722,38.274044],[21.802438,38.2738],[21.802194,38.273611],[21.801772,38.273323],[21.801572,38.27319],[21.801373,38.273099],[21.80097,38.272932],[21.800618,38.27287],[21.800243,38.272919],[21.799992,38.272973],[21.79974,38.273031],[21.7996,38.273097],[21.799531,38.273185],[21.799528,38.273313],[21.799543,38.273491],[21.799534,38.273668],[21.799454,38.273761],[21.799302,38.273786],[21.798985,38.273854],[21.798702,38.2739],[21.798621,38.273926],[21.79854,38.273978],[21.798421,38.274164],[21.798297,38.274304],[21.798178,38.274343],[21.798058,38.27434],[21.79774,38.274337],[21.797466,38.274327],[21.797224,38.274377],[21.796991,38.274355],[21.796777,38.274313],[21.796644,38.274315],[21.796513,38.274364],[21.796174,38.27469],[21.795983,38.274828],[21.795748,38.274875],[21.795453,38.274899],[21.795284,38.274916],[21.795141,38.274962],[21.795037,38.275056],[21.794926,38.275293],[21.79479,38.275559],[21.794685,38.275713],[21.794557,38.275802],[21.794343,38.275893],[21.794187,38.275964],[21.794031,38.276171],[21.793917,38.276353],[21.793642,38.276792],[21.793569,38.277024],[21.793549,38.277341],[21.793549,38.27748],[21.793447,38.277517],[21.793403,38.277484],[21.793391,38.277425],[21.793379,38.277241],[21.793357,38.277022],[21.79334,38.276841],[21.793348,38.27665],[21.793395,38.276491],[21.79345,38.276289],[21.793494,38.276045],[21.793602,38.275805],[21.793683,38.275601],[21.793691,38.275535],[21.793656,38.275495],[21.793549,38.275475],[21.793452,38.275516],[21.793297,38.27573],[21.793021,38.276119],[21.792906,38.276276],[21.792802,38.27644],[21.792505,38.276917],[21.792286,38.277171],[21.791992,38.277416],[21.791526,38.277649],[21.791071,38.277831],[21.790655,38.278017],[21.790008,38.278303],[21.78918,38.278707],[21.788739,38.278918],[21.788532,38.27912],[21.788474,38.279337],[21.788437,38.279478],[21.788352,38.279668],[21.787915,38.280339],[21.78775,38.280599],[21.78972,38.281785],[21.790657,38.282339],[21.789934,38.283146],[21.789622,38.283512],[21.789511,38.283764],[21.789465,38.284007],[21.789446,38.28441],[21.789399,38.284649],[21.786594,38.287971],[21.784413,38.290513],[21.784261,38.290466],[21.784131,38.290308],[21.783412,38.28985],[21.782999,38.289562],[21.782771,38.289468],[21.782328,38.289594],[21.781726,38.289786],[21.779945,38.290753],[21.778904,38.290109],[21.777864,38.289348],[21.777569,38.289127],[21.777274,38.288957],[21.776485,38.28853],[21.77608,38.288279],[21.775707,38.287994],[21.775447,38.287777],[21.774668,38.287033],[21.773651,38.285685],[21.772618,38.284323],[21.771646,38.282949],[21.771348,38.282451],[21.77121,38.282235],[21.770992,38.282006],[21.770706,38.281755],[21.769783,38.281116],[21.768861,38.280468],[21.768148,38.279964],[21.767296,38.279213],[21.76682,38.278876],[21.766582,38.278716],[21.7657,38.277861],[21.764704,38.276938],[21.763982,38.276308],[21.763262,38.275716],[21.762552,38.275156],[21.761805,38.274538],[21.760949,38.273841],[21.760338,38.273337],[21.760108,38.273089],[21.758644,38.270769],[21.758276,38.269479],[21.757938,38.268069],[21.75779,38.26736],[21.757652,38.266993],[21.757449,38.266718],[21.757147,38.266364],[21.756985,38.266216],[21.756807,38.266115],[21.756609,38.266012],[21.756391,38.265942],[21.756065,38.265835],[21.755805,38.265705],[21.755542,38.265426],[21.755184,38.264991],[21.754795,38.264615],[21.75433,38.26419],[21.754071,38.263964],[21.753915,38.263687],[21.753917,38.263422],[21.754052,38.263075],[21.754163,38.262775],[21.754202,38.26241],[21.754222,38.262093],[21.754172,38.261859],[21.754051,38.261615],[21.753916,38.261405],[21.753737,38.261329],[21.753416,38.261311],[21.753137,38.261293],[21.752912,38.261255],[21.752772,38.261231],[21.752606,38.261119],[21.752448,38.261008],[21.752283,38.260824],[21.752173,38.260683],[21.751239,38.261152],[21.750155,38.261728],[21.749865,38.261334],[21.748863,38.260012],[21.748415,38.259422],[21.748186,38.259031],[21.747995,38.258546],[21.747971,38.258206],[21.747968,38.257882],[21.747959,38.257352],[21.747912,38.257074],[21.747862,38.256889],[21.747778,38.256758],[21.747596,38.256622],[21.747344,38.256473],[21.747004,38.256273],[21.746523,38.256071],[21.746357,38.255983],[21.746205,38.255947],[21.745822,38.256018],[21.74544,38.256122],[21.744559,38.256323],[21.743677,38.256557],[21.7425,38.256846],[21.741477,38.257125],[21.741329,38.256789],[21.740653,38.255155],[21.740341,38.254411],[21.740231,38.25419],[21.740201,38.253443],[21.740201,38.253272],[21.738959,38.253561],[21.737941,38.253807],[21.737185,38.253976],[21.736974,38.253391],[21.736878,38.253073],[21.73681,38.252764]]},"properties":{"line":"609","dir":"1","mode":"bus"}},{"type":"Feature","geometry":{"type":"LineString","coordinates":[[21.787736,38.257852],[21.787869,38.25764],[21.787893,38.257399],[21.787722,38.257312],[21.787315,38.257269],[21.786801,38.257225],[21.78635,38.257214],[21.786119,38.257236],[21.785889,38.257174],[21.785701,38.257129],[21.785446,38.257107],[21.785093,38.257138],[21.784777,38.257187],[21.784405,38.257296],[21.784165,38.25738],[21.783938,38.257434],[21.783695,38.257436],[21.78336,38.257437],[21.783078,38.257455],[21.782891,38.257462],[21.782651,38.257554],[21.782276,38.257687],[21.782025,38.257754],[21.781803,38.257771],[21.781563,38.257754],[21.78126,38.257712],[21.780916,38.257707],[21.780562,38.257731],[21.780143,38.257804],[21.779855,38.257782],[21.779583,38.257779],[21.779296,38.257786],[21.779046,38.257865],[21.778792,38.258082],[21.778547,38.258283],[21.778264,38.258493],[21.777993,38.258665],[21.777536,38.258903],[21.776964,38.259156],[21.776603,38.259351],[21.77638,38.259406],[21.776193,38.25929],[21.775928,38.259182],[21.775512,38.259157],[21.775192,38.259143],[21.774893,38.259153],[21.774539,38.259209],[21.774223,38.259287],[21.773871,38.25936],[21.773438,38.259362],[21.772964,38.259355],[21.772599,38.259335],[21.772319,38.25935],[21.772008,38.259442],[21.771691,38.259496],[21.771246,38.259475],[21.770973,38.259424],[21.770729,38.259361],[21.770511,38.25927],[21.770283,38.259216],[21.770063,38.259215],[21.769909,38.259349],[21.769799,38.259567],[21.769706,38.259846],[21.769553,38.259884],[21.769422,38.259743],[21.769325,38.259529],[21.769297,38.259254],[21.769262,38.259074],[21.769384,38.258908],[21.76952,38.258792],[21.769599,38.258506],[21.769746,38.258111],[21.769851,38.257845],[21.769818,38.257763],[21.769699,38.257749],[21.769363,38.257973],[21.768932,38.2583],[21.7687,38.258468],[21.768461,38.258632],[21.768293,38.258744],[21.768113,38.258766],[21.767937,38.258709],[21.767741,38.258622],[21.767547,38.258545],[21.767396,38.258464],[21.76716,38.258626],[21.766806,38.258985],[21.766538,38.259209],[21.76632,38.259595],[21.766158,38.259881],[21.766013,38.260067],[21.765757,38.260311],[21.76548,38.260542],[21.765137,38.260818],[21.765011,38.260965],[21.764864,38.261205],[21.764748,38.261529],[21.764664,38.261817],[21.764407,38.262045],[21.763946,38.26221],[21.763544,38.262301],[21.76315,38.262413],[21.762706,38.262605],[21.762355,38.262776],[21.761665,38.263308],[21.761298,38.263574],[21.760965,38.263749],[21.760476,38.26398],[21.760103,38.264155],[21.760292,38.264309],[21.760923,38.264572],[21.761442,38.264787],[21.761648,38.26487],[21.761365,38.265012],[21.760505,38.265302],[21.759506,38.265624],[21.758577,38.265912],[21.757673,38.266199],[21.757167,38.266384],[21.756947,38.266207],[21.756751,38.266077],[21.756406,38.265961],[21.756083,38.265853],[21.755804,38.265723],[21.755321,38.265161],[21.754795,38.264615],[21.754298,38.264185],[21.753996,38.263869],[21.753899,38.263652],[21.753925,38.263367],[21.754035,38.263089],[21.754143,38.262757],[21.754208,38.262287],[21.754209,38.261968],[21.754059,38.261598],[21.753919,38.26143],[21.753737,38.261338],[21.753376,38.261302],[21.75296,38.261276],[21.752633,38.261145],[21.752363,38.260937],[21.752196,38.26074],[21.752133,38.260675],[21.750998,38.261267],[21.750142,38.261739],[21.749865,38.261334],[21.748825,38.25997],[21.748338,38.259355],[21.748115,38.258963],[21.747979,38.258572],[21.747954,38.258021],[21.747963,38.257459],[21.747828,38.25685],[21.747632,38.256663],[21.747202,38.256401],[21.746707,38.256161],[21.746299,38.255982],[21.745902,38.256018],[21.74544,38.256122],[21.743446,38.256616],[21.742213,38.256922],[21.741446,38.257138],[21.741302,38.256806],[21.740648,38.255181],[21.740325,38.254381],[21.740217,38.254075],[21.740174,38.253481],[21.740163,38.253304],[21.738913,38.253577],[21.737913,38.253815],[21.737166,38.253976],[21.736996,38.253374],[21.736805,38.252772]]},"properties":{"line":"609","dir":"1","mode":"bus"}},{"type":"Feature","geometry":{"type":"LineString","coordinates":[[21.795074,38.2966],[21.793435,38.295565],[21.791818,38.294581],[21.79012,38.293659],[21.789877,38.293519],[21.789634,38.29348],[21.789487,38.293382],[21.789435,38.293257],[21.786894,38.291836],[21.786683,38.291754],[21.786492,38.291714],[21.786386,38.291601],[21.78615,38.291443],[21.785303,38.29096],[21.784761,38.29066],[21.784544,38.290527],[21.784306,38.29051],[21.784231,38.290456],[21.784188,38.290384],[21.784246,38.290271],[21.784301,38.290198],[21.78427,38.290126],[21.7844,38.290116],[21.784514,38.290115],[21.78458,38.290036],[21.784726,38.289877],[21.784861,38.289718],[21.785307,38.289192],[21.785694,38.288742],[21.785968,38.288456],[21.786193,38.288195],[21.786515,38.287831],[21.786848,38.287442],[21.787288,38.286909],[21.786569,38.286514],[21.785925,38.286157],[21.786384,38.285603],[21.786855,38.285068],[21.787278,38.285277],[21.787808,38.285553],[21.787373,38.286055],[21.786871,38.286638],[21.787015,38.286716],[21.78732,38.286871],[21.787443,38.286953],[21.787228,38.287191],[21.787058,38.287404],[21.786808,38.287687],[21.786706,38.287806],[21.786551,38.287984],[21.785745,38.288886],[21.785342,38.28935],[21.78513,38.289599],[21.78459,38.290252],[21.784618,38.290382],[21.784524,38.290472],[21.784413,38.290492],[21.784304,38.290464],[21.784239,38.290387],[21.784152,38.290293],[21.783954,38.290188],[21.783758,38.290068],[21.783552,38.289944],[21.783332,38.289798],[21.783141,38.289662],[21.782954,38.289523],[21.78285,38.289449],[21.7826,38.289519],[21.78236,38.289581],[21.782048,38.289674],[21.781753,38.289759],[21.781458,38.28991],[21.780873,38.290235],[21.780318,38.290551],[21.779977,38.290791],[21.778923,38.290127],[21.777847,38.289338],[21.777634,38.289178],[21.777432,38.289061],[21.776527,38.288553],[21.776077,38.288282],[21.775713,38.287994],[21.775244,38.287588],[21.774818,38.287191],[21.773721,38.285768],[21.773172,38.285048],[21.772612,38.284327],[21.771579,38.282892],[21.771419,38.282854],[21.771278,38.282843],[21.771073,38.28294],[21.771004,38.282983],[21.770913,38.283043],[21.770823,38.28312],[21.770732,38.283175],[21.770547,38.2833],[21.770123,38.283592],[21.769928,38.283423],[21.769643,38.283111],[21.76938,38.282807],[21.769173,38.282577],[21.768966,38.28233],[21.768848,38.282148],[21.768692,38.281983],[21.766685,38.280171],[21.766279,38.279805],[21.765873,38.279431],[21.765433,38.279031],[21.764999,38.27864],[21.764319,38.277998],[21.763383,38.277172],[21.761059,38.27507],[21.760224,38.27431],[21.759705,38.273816],[21.759255,38.273428],[21.758823,38.273032],[21.758575,38.272777],[21.758113,38.272211],[21.756423,38.269983],[21.755637,38.26894],[21.754851,38.267931],[21.753138,38.265627],[21.752212,38.264459],[21.751328,38.263256],[21.749865,38.261334],[21.748874,38.260016],[21.748383,38.259378],[21.74816,38.258979],[21.748056,38.258763],[21.747995,38.258521],[21.747965,38.258225],[21.747968,38.257928],[21.747965,38.25751],[21.747967,38.257302],[21.74792,38.257094],[21.747874,38.256959],[21.747828,38.25684],[21.747734,38.256721],[21.74759,38.25662],[21.74739,38.256502],[21.746882,38.256228],[21.746612,38.25612],[21.746364,38.255991],[21.746149,38.255956],[21.745789,38.256022],[21.745258,38.256152],[21.743596,38.256565],[21.741489,38.25712],[21.741323,38.256764],[21.740991,38.255958],[21.740664,38.25516],[21.740296,38.254303],[21.740235,38.254158],[21.74022,38.253811],[21.740201,38.253283],[21.738862,38.253581],[21.737533,38.253903],[21.737174,38.253967],[21.736689,38.252369],[21.736377,38.251241],[21.736221,38.250618],[21.736046,38.250298],[21.735704,38.250012],[21.735319,38.249713],[21.734926,38.249413],[21.734656,38.249219],[21.733469,38.248265],[21.7329,38.247808],[21.732304,38.247347],[21.731982,38.247097],[21.731756,38.246951],[21.731488,38.24684],[21.731021,38.246658],[21.730579,38.246462],[21.730229,38.246237],[21.730553,38.245956],[21.731192,38.245416],[21.731737,38.244952],[21.732275,38.244509],[21.731941,38.244258],[21.731617,38.244007],[21.729914,38.242698],[21.729321,38.24224],[21.728729,38.241771],[21.728315,38.241453],[21.727952,38.241171],[21.727878,38.241026],[21.727815,38.240645],[21.727139,38.236807]]},"properties":{"line":"610","dir":"Αρχιεπισκόπου Κυρίλλου Τέρμα","mode":"bus"}},{"type":"Feature","geometry":{"type":"LineString","coordinates":[[21.76232,38.21053],[21.761832,38.208611],[21.75978,38.210114],[21.756913,38.213132],[21.754496,38.215563],[21.752881,38.217206],[21.75054,38.219742],[21.750209,38.22186],[21.749394,38.224103],[21.74944,38.225667],[21.749034,38.228368],[21.748323,38.230689],[21.747201,38.234001],[21.746614,38.235319],[21.745629,38.237459],[21.74392,38.238775],[21.74144,38.240013],[21.738944,38.24099],[21.735991,38.24213],[21.733742,38.243264],[21.733927,38.244788],[21.735773,38.245875],[21.736379,38.246435]]},"properties":{"line":"701","dir":"0","mode":"bus"}},{"type":"Feature","geometry":{"type":"LineString","coordinates":[[21.76232,38.21053],[21.761768,38.211985],[21.759645,38.212717],[21.756913,38.213132],[21.754496,38.215563],[21.752881,38.217206],[21.75054,38.219742],[21.750209,38.22186],[21.749394,38.224103],[21.74944,38.225667],[21.749034,38.228368],[21.748323,38.230689],[21.747201,38.234001],[21.746614,38.235319],[21.745629,38.237459],[21.743813,38.238779],[21.74144,38.240013],[21.738944,38.24099],[21.735991,38.24213],[21.733742,38.243264],[21.733927,38.244788],[21.735773,38.245875],[21.736379,38.246435]]},"properties":{"line":"701","dir":"1","mode":"bus"}},{"type":"Feature","geometry":{"type":"LineString","coordinates":[[21.76232,38.21053],[21.762012,38.209377],[21.762598,38.209281],[21.762762,38.209148],[21.762817,38.208728],[21.76255,38.208467],[21.761789,38.208569],[21.761171,38.20876],[21.760454,38.209395],[21.75978,38.210114],[21.757541,38.209781],[21.754821,38.209286],[21.754287,38.20913],[21.753945,38.209095],[21.753613,38.209861],[21.753131,38.210594],[21.752996,38.212169],[21.752953,38.213519],[21.752562,38.214652],[21.751824,38.215374],[21.751687,38.216249],[21.751199,38.216652],[21.750604,38.216953],[21.75049,38.219069],[21.750596,38.219521],[21.750209,38.22186],[21.750038,38.222552],[21.749448,38.223488],[21.749394,38.224103],[21.74944,38.225667],[21.749419,38.226436],[21.749034,38.228368],[21.748743,38.229537],[21.748323,38.230689],[21.747201,38.234001],[21.746614,38.235319],[21.745629,38.237459],[21.745332,38.238001],[21.744615,38.238432],[21.743888,38.238847],[21.742686,38.23948],[21.74144,38.240013],[21.738944,38.24099],[21.735991,38.24213],[21.73477,38.242604],[21.734213,38.242875],[21.733742,38.243264],[21.73288,38.244034],[21.733927,38.244788],[21.734818,38.245509],[21.735199,38.245759],[21.735476,38.245674],[21.735773,38.245875],[21.735797,38.246054],[21.735734,38.246253],[21.736174,38.246605],[21.736379,38.246435]]},"properties":{"line":"701","dir":"1","mode":"bus"}},{"type":"Feature","geometry":{"type":"LineString","coordinates":[[21.762426,38.210613],[21.762655,38.210572],[21.762348,38.209216],[21.762732,38.209128],[21.762793,38.209024],[21.762785,38.20879],[21.762792,38.208652],[21.762702,38.2086],[21.76267,38.208522],[21.762695,38.208436],[21.762804,38.208372],[21.762912,38.208369],[21.762979,38.208404],[21.763025,38.208448],[21.763087,38.208475],[21.764533,38.208388],[21.770076,38.207985],[21.771115,38.207935],[21.771406,38.20791],[21.771716,38.20789],[21.771716,38.20789],[21.772545,38.207827],[21.773161,38.207773],[21.773489,38.207744],[21.774017,38.207702],[21.774017,38.207702],[21.774093,38.207696],[21.774456,38.207656],[21.774534,38.207648],[21.77463,38.207632],[21.774697,38.207619],[21.774884,38.207575],[21.774988,38.207559],[21.77557,38.20744],[21.775951,38.207366],[21.7764,38.207272],[21.776655,38.207225],[21.776781,38.207201],[21.776905,38.207183],[21.777016,38.20717],[21.777342,38.207152],[21.777543,38.207134],[21.77767,38.207108],[21.777777,38.207077],[21.777844,38.207052],[21.777858,38.207046],[21.777865,38.207043],[21.77797,38.207003],[21.778044,38.206967],[21.778104,38.206939],[21.778155,38.206916],[21.778327,38.206829],[21.778356,38.206816],[21.778447,38.20678],[21.778498,38.206765],[21.778661,38.206719],[21.778718,38.206697],[21.778786,38.206669],[21.778843,38.206643],[21.778877,38.206626],[21.778906,38.206609],[21.778962,38.206574],[21.778983,38.20656],[21.779074,38.206498],[21.779074,38.206498],[21.779168,38.206435],[21.779207,38.206483],[21.779769,38.207083],[21.780047,38.207362],[21.780611,38.207954],[21.780757,38.208107],[21.780838,38.208191],[21.781019,38.208395],[21.781089,38.208475],[21.78133,38.208737],[21.781702,38.209143],[21.781702,38.209143],[21.781611,38.209182],[21.781588,38.209201],[21.781574,38.209227],[21.781578,38.209288],[21.781537,38.209303],[21.781438,38.209337],[21.781353,38.209375],[21.781095,38.209471],[21.781054,38.209484],[21.780996,38.209498],[21.780842,38.209527],[21.780658,38.209562],[21.780585,38.20957],[21.7805,38.209572],[21.780459,38.209566],[21.780432,38.209561],[21.780403,38.20956],[21.780388,38.209563],[21.780388,38.209563],[21.78036,38.209568],[21.780302,38.209583],[21.780203,38.209625],[21.780096,38.20967],[21.780022,38.209693],[21.779903,38.209727],[21.779864,38.20974],[21.779822,38.209758],[21.779765,38.209791],[21.779702,38.209838],[21.779577,38.209933],[21.779505,38.209998],[21.778982,38.210453],[21.778889,38.210527],[21.778813,38.210584],[21.778767,38.210613],[21.778722,38.21064],[21.778669,38.210662],[21.778604,38.210679],[21.778527,38.210697],[21.778457,38.210704],[21.778388,38.210707],[21.778313,38.210709],[21.778121,38.210713],[21.777941,38.210718],[21.777918,38.210719],[21.777838,38.210722],[21.777641,38.210693],[21.777604,38.210921],[21.777631,38.211121],[21.777666,38.211255],[21.78106,38.212119],[21.781813,38.212344],[21.782195,38.212453],[21.783529,38.212827],[21.784966,38.213268],[21.784822,38.213258],[21.784731,38.213231],[21.784094,38.213042],[21.783303,38.21285],[21.781786,38.212403],[21.781031,38.212185],[21.777645,38.211345],[21.776919,38.211399],[21.776786,38.211514],[21.776682,38.21157],[21.776573,38.211615],[21.776464,38.211653],[21.776355,38.211688],[21.776278,38.211713],[21.776185,38.211742],[21.775935,38.211821],[21.77572,38.211899],[21.775483,38.211995],[21.7754,38.212034],[21.775276,38.212092],[21.775154,38.212167],[21.775021,38.212254],[21.77488,38.212357],[21.774808,38.212415],[21.774668,38.212526],[21.774628,38.212559],[21.774586,38.212602],[21.774547,38.212648],[21.774497,38.212715],[21.774497,38.212715],[21.774397,38.212919],[21.774089,38.213305],[21.773759,38.21369],[21.773363,38.21403],[21.773118,38.214472],[21.772799,38.214528],[21.772264,38.213801],[21.77188,38.213326],[21.771884,38.212782],[21.7707,38.212086],[21.770594,38.212024],[21.770443,38.211936],[21.770375,38.211896],[21.770279,38.211839],[21.769848,38.211587],[21.769509,38.211388],[21.769021,38.21107],[21.768723,38.210928],[21.768489,38.210871],[21.768044,38.210966],[21.767727,38.211146],[21.76676,38.211494],[21.766115,38.211567],[21.765338,38.211695],[21.764733,38.211335],[21.764407,38.211261],[21.763661,38.211386],[21.76292,38.211503],[21.762716,38.21071]]},"properties":{"line":"702","dir":"0","mode":"bus"}},{"type":"Feature","geometry":{"type":"LineString","coordinates":[[21.736396,38.246448],[21.736814,38.246109],[21.736052,38.245524],[21.735987,38.245473],[21.735878,38.245389],[21.735878,38.245389],[21.734749,38.244518],[21.734368,38.244222],[21.733963,38.243914],[21.733794,38.243784],[21.733794,38.243784],[21.733704,38.243715],[21.733651,38.243674],[21.73351,38.243566],[21.73345,38.243519],[21.733488,38.243487],[21.733639,38.243357],[21.73364,38.243357],[21.733749,38.243264],[21.733997,38.243053],[21.734053,38.243007],[21.734244,38.242849],[21.734281,38.242816],[21.734417,38.242708],[21.734439,38.242696],[21.734465,38.242683],[21.734682,38.242597],[21.735248,38.242374],[21.735924,38.242114],[21.735924,38.242114],[21.736147,38.242028],[21.736874,38.241745],[21.737511,38.241495],[21.738176,38.241244],[21.738703,38.241052],[21.738952,38.240955],[21.739132,38.240886],[21.739132,38.240886],[21.739283,38.240828],[21.739717,38.240662],[21.740435,38.240372],[21.741195,38.240075],[21.741591,38.239925],[21.741591,38.239925],[21.741907,38.239805],[21.742016,38.239759],[21.742091,38.239727],[21.742216,38.239673],[21.742332,38.239614],[21.742446,38.239555],[21.743006,38.239247],[21.74356,38.238961],[21.743908,38.238762],[21.743908,38.238762],[21.744593,38.238372],[21.745111,38.23806],[21.745148,38.23796],[21.745163,38.237921],[21.74517,38.237908],[21.745214,38.237807],[21.745265,38.237713],[21.745481,38.237243],[21.745597,38.236995],[21.745669,38.23684],[21.745822,38.236514],[21.745864,38.236427],[21.745864,38.236427],[21.746109,38.235917],[21.746334,38.235425],[21.74648,38.235102],[21.746596,38.234858],[21.746653,38.234736],[21.746739,38.234551],[21.74685,38.234276],[21.746999,38.233908],[21.746999,38.233908],[21.747108,38.233637],[21.74725,38.233298],[21.74742,38.232894],[21.747448,38.232824],[21.747564,38.232536],[21.747627,38.232379],[21.747706,38.232184],[21.747796,38.231976],[21.747826,38.231906],[21.748049,38.231313],[21.748221,38.230842],[21.748259,38.23074],[21.748278,38.230685],[21.748278,38.230685],[21.748319,38.230572],[21.748387,38.230386],[21.748535,38.22998],[21.748597,38.229814],[21.748754,38.229402],[21.748805,38.229263],[21.748835,38.229171],[21.748866,38.229065],[21.748889,38.228967],[21.74898,38.228535],[21.749025,38.228312],[21.749109,38.22789],[21.749228,38.227282],[21.749314,38.226891],[21.749428,38.226281],[21.749418,38.226258],[21.74941,38.226236],[21.749403,38.226204],[21.749392,38.226132],[21.749326,38.225644],[21.749326,38.225644],[21.749315,38.225562],[21.749308,38.225501],[21.749304,38.225461],[21.749299,38.225382],[21.749295,38.225289],[21.749292,38.225175],[21.749294,38.224912],[21.749294,38.224524],[21.749291,38.224023],[21.749291,38.224023],[21.74929,38.223938],[21.749289,38.223626],[21.749299,38.223535],[21.74931,38.223471],[21.749325,38.223433],[21.749358,38.223369],[21.749663,38.22295],[21.749921,38.222615],[21.749955,38.222562],[21.749981,38.22251],[21.750011,38.222411],[21.750033,38.222309],[21.750053,38.222208],[21.750086,38.22205],[21.750108,38.221932],[21.750144,38.221684],[21.75015,38.221647],[21.75015,38.221647],[21.750255,38.220999],[21.750307,38.220911],[21.750322,38.22082],[21.75042,38.220172],[21.750411,38.220122],[21.75041,38.22009],[21.75041,38.220049],[21.750415,38.220003],[21.750435,38.219893],[21.750446,38.21983],[21.750448,38.219795],[21.750451,38.219765],[21.75045,38.219732],[21.750445,38.219695],[21.750438,38.219677],[21.75043,38.219664],[21.750417,38.219649],[21.750398,38.219632],[21.750383,38.21962],[21.750365,38.219611],[21.750346,38.219602],[21.750302,38.219586],[21.750265,38.219562],[21.750237,38.219531],[21.750219,38.219496],[21.750212,38.219459],[21.750215,38.219442],[21.750218,38.219421],[21.750235,38.219386],[21.750263,38.219355],[21.7503,38.219331],[21.750343,38.219314],[21.750377,38.219308],[21.750411,38.219306],[21.750446,38.21931],[21.750479,38.219318],[21.75051,38.21933],[21.750528,38.219343],[21.750562,38.21937],[21.750581,38.219396],[21.750593,38.219425],[21.750598,38.219455],[21.750594,38.219485],[21.750584,38.219514],[21.75056,38.219547],[21.750545,38.219591],[21.750536,38.219625],[21.75053,38.219669],[21.750525,38.219701],[21.750522,38.219741],[21.750521,38.219748],[21.750513,38.219834],[21.750506,38.219903],[21.750489,38.220017],[21.750485,38.220041],[21.750473,38.220083],[21.750468,38.220099],[21.750449,38.220134],[21.75042,38.220172],[21.750411,38.220122],[21.75041,38.22009],[21.75041,38.220049],[21.750415,38.220003],[21.750435,38.219893],[21.750446,38.21983],[21.750448,38.219795],[21.750451,38.219765],[21.75045,38.219732],[21.750445,38.219695],[21.750438,38.219677],[21.75043,38.219664],[21.750417,38.219649],[21.750398,38.219632],[21.750383,38.21962],[21.750365,38.219611],[21.750346,38.219602],[21.750302,38.219586],[21.750265,38.219562],[21.750237,38.219531],[21.750219,38.219496],[21.750212,38.219459],[21.750215,38.219442],[21.750218,38.219421],[21.750235,38.219386],[21.750263,38.219355],[21.7503,38.219331],[21.750343,38.219314],[21.750377,38.219308],[21.750411,38.219306],[21.750446,38.21931],[21.750479,38.219318],[21.75051,38.21933],[21.750528,38.219343],[21.750625,38.219343],[21.750655,38.219341],[21.750686,38.219334],[21.750711,38.219325],[21.75074,38.219308],[21.750773,38.219281],[21.750832,38.219226],[21.750854,38.219209],[21.750869,38.219202],[21.750869,38.219202],[21.750891,38.219192],[21.751463,38.218611],[21.751731,38.218341],[21.752388,38.217663],[21.752706,38.21734],[21.752802,38.217241],[21.752802,38.217241],[21.752986,38.217053],[21.753535,38.216497],[21.75378,38.216251],[21.754264,38.215766],[21.754487,38.215531],[21.754487,38.215531],[21.754555,38.21546],[21.755126,38.214867],[21.75517,38.214823],[21.7554,38.214587],[21.755761,38.214219],[21.756041,38.213942],[21.756253,38.213715],[21.756429,38.213521],[21.756603,38.213333],[21.75671,38.213226],[21.756824,38.213114],[21.756941,38.212994],[21.756993,38.213013],[21.757029,38.213022],[21.757077,38.213028],[21.75712,38.213031],[21.757191,38.213033],[21.757285,38.213028],[21.757456,38.213015],[21.757456,38.213015],[21.75778,38.212991],[21.758173,38.212954],[21.758275,38.212943],[21.759222,38.212831],[21.759369,38.212809],[21.759492,38.212787],[21.759622,38.212759],[21.759622,38.212759],[21.759638,38.212756],[21.759774,38.212726],[21.760013,38.212669],[21.760248,38.21261],[21.760399,38.212569],[21.760513,38.212534],[21.760616,38.212498],[21.76074,38.21245],[21.760818,38.212417],[21.760921,38.21237],[21.761036,38.212311],[21.761181,38.212235],[21.761267,38.212194],[21.761449,38.212104],[21.761545,38.212062],[21.761555,38.212058],[21.761631,38.212027],[21.761662,38.212015],[21.761991,38.211886],[21.762226,38.211797],[21.762489,38.211698],[21.762729,38.211607],[21.762772,38.211591],[21.762867,38.211556],[21.762909,38.211543],[21.762945,38.211534],[21.762895,38.211467],[21.762841,38.21126],[21.762693,38.21066],[21.762533,38.210021],[21.762376,38.209283],[21.762369,38.209202],[21.762754,38.209124],[21.7628,38.209016],[21.76277,38.208647],[21.762692,38.20859],[21.762657,38.208524],[21.762666,38.208433],[21.762745,38.208374],[21.762881,38.20837],[21.763001,38.208422],[21.76325,38.208482],[21.766333,38.20824],[21.766833,38.208214],[21.767942,38.208144],[21.769041,38.208065],[21.769452,38.208037],[21.76949,38.208034],[21.769656,38.208024],[21.769831,38.208015],[21.770116,38.208001],[21.770438,38.20799],[21.770438,38.20799],[21.77055,38.207984],[21.770643,38.207977],[21.771119,38.207938],[21.771716,38.20789],[21.771716,38.20789],[21.772545,38.207827],[21.773161,38.207773],[21.773489,38.207744],[21.774017,38.207702],[21.774017,38.207702],[21.774093,38.207696],[21.774456,38.207656],[21.774534,38.207648],[21.77463,38.207632],[21.774697,38.207619],[21.774884,38.207575],[21.774988,38.207559],[21.77557,38.20744],[21.775951,38.207366],[21.7764,38.207272],[21.776655,38.207225],[21.776781,38.207201],[21.776905,38.207183],[21.777016,38.20717],[21.777342,38.207152],[21.777543,38.207134],[21.77767,38.207108],[21.777777,38.207077],[21.777844,38.207052],[21.777858,38.207046],[21.777865,38.207043],[21.77797,38.207003],[21.778044,38.206967],[21.778104,38.206939],[21.778155,38.206916],[21.778327,38.206829],[21.778356,38.206816],[21.778447,38.20678],[21.778498,38.206765],[21.778661,38.206719],[21.778718,38.206697],[21.778786,38.206669],[21.778843,38.206643],[21.778877,38.206626],[21.778906,38.206609],[21.778962,38.206574],[21.778983,38.20656],[21.779074,38.206498],[21.779074,38.206498],[21.779168,38.206435],[21.779207,38.206483],[21.779769,38.207083],[21.780047,38.207362],[21.780611,38.207954],[21.780757,38.208107],[21.780838,38.208191],[21.781019,38.208395],[21.781089,38.208475],[21.78133,38.208737],[21.781702,38.209143],[21.781702,38.209143],[21.781611,38.209182],[21.781588,38.209201],[21.781574,38.209227],[21.781578,38.209288],[21.781537,38.209303],[21.781438,38.209337],[21.781353,38.209375],[21.781095,38.209471],[21.781054,38.209484],[21.780996,38.209498],[21.780842,38.209527],[21.780658,38.209562],[21.780585,38.20957],[21.7805,38.209572],[21.780459,38.209566],[21.780432,38.209561],[21.780403,38.20956],[21.780388,38.209563],[21.780388,38.209563],[21.78036,38.209568],[21.780302,38.209583],[21.780203,38.209625],[21.780096,38.20967],[21.780022,38.209693],[21.779903,38.209727],[21.779864,38.20974],[21.779822,38.209758],[21.779765,38.209791],[21.779702,38.209838],[21.779577,38.209933],[21.779505,38.209998],[21.778982,38.210453],[21.778889,38.210527],[21.778813,38.210584],[21.778767,38.210613],[21.778722,38.21064],[21.778669,38.210662],[21.778604,38.210679],[21.778527,38.210697],[21.778457,38.210704],[21.778388,38.210707],[21.778313,38.210709],[21.778121,38.210713],[21.777941,38.210718],[21.777918,38.210719],[21.777851,38.210723],[21.777789,38.210734],[21.777721,38.210748],[21.777686,38.210759],[21.777665,38.210767],[21.777651,38.210774],[21.77764,38.210781],[21.777632,38.210788],[21.777626,38.210795],[21.777622,38.210803],[21.777619,38.210814],[21.777616,38.21083],[21.777604,38.210921],[21.777631,38.211121],[21.777645,38.211204],[21.77766,38.21132],[21.777798,38.211349],[21.777798,38.211349],[21.778055,38.211402],[21.778149,38.211421],[21.778592,38.211525],[21.778894,38.211595],[21.779447,38.211725],[21.779847,38.211823],[21.779878,38.211831],[21.779915,38.21184],[21.780324,38.211947],[21.780324,38.211947],[21.780394,38.211965],[21.780648,38.212035],[21.78106,38.212119],[21.781813,38.212344],[21.781896,38.212368],[21.781896,38.212368],[21.782195,38.212453],[21.78351,38.212806],[21.784964,38.213273],[21.782541,38.212618],[21.781786,38.212403],[21.781031,38.212185],[21.780648,38.212035],[21.780394,38.211965],[21.780324,38.211947],[21.779915,38.21184],[21.779878,38.211831],[21.779847,38.211823],[21.779447,38.211725],[21.778894,38.211595],[21.778592,38.211525],[21.778149,38.211421],[21.778055,38.211402],[21.777789,38.211347],[21.777789,38.211347],[21.77766,38.21132],[21.776989,38.211399],[21.776786,38.211514],[21.776682,38.21157],[21.776573,38.211615],[21.776464,38.211653],[21.776355,38.211688],[21.776278,38.211713],[21.776185,38.211742],[21.775935,38.211821],[21.77572,38.211899],[21.775483,38.211995],[21.775398,38.212032],[21.775324,38.212067],[21.775276,38.212092],[21.775222,38.212123],[21.775151,38.212165],[21.775094,38.212204],[21.774949,38.21231],[21.77489,38.212356],[21.774822,38.21241],[21.774756,38.212468],[21.774706,38.21251],[21.774649,38.212557],[21.774615,38.212586],[21.774587,38.212614],[21.774569,38.212633],[21.774549,38.212657],[21.774533,38.212679],[21.774517,38.212707],[21.774508,38.212724],[21.774508,38.212724],[21.7745,38.21274],[21.77446,38.212822],[21.774407,38.212924],[21.774382,38.212966],[21.774371,38.212987],[21.774361,38.213004],[21.77435,38.21302],[21.774336,38.213037],[21.774324,38.213052],[21.774313,38.213063],[21.774296,38.213081],[21.774264,38.21311],[21.77421,38.213158],[21.774177,38.21319],[21.774148,38.213219],[21.774101,38.213269],[21.774065,38.213311],[21.774037,38.213345],[21.774016,38.213375],[21.773975,38.21336],[21.773952,38.213352],[21.773925,38.213346],[21.773894,38.213343],[21.773853,38.213342],[21.773772,38.213344],[21.773711,38.213351],[21.773615,38.213367],[21.77353,38.213382],[21.773415,38.213405],[21.773343,38.213413],[21.773274,38.213416],[21.773211,38.213413],[21.773147,38.213403],[21.773123,38.2134],[21.773048,38.21339],[21.772893,38.213371],[21.772826,38.213363],[21.772741,38.213358],[21.772462,38.213346],[21.772338,38.213342],[21.772233,38.213335],[21.772142,38.213324],[21.772043,38.213309],[21.771882,38.213283],[21.771873,38.213242],[21.771862,38.212741],[21.77178,38.212702],[21.771069,38.212301],[21.771069,38.212301],[21.771024,38.212276],[21.770858,38.21218],[21.7707,38.212086],[21.770594,38.212024],[21.770443,38.211936],[21.770375,38.211896],[21.770279,38.211839],[21.769848,38.211587],[21.769509,38.211388],[21.768845,38.210999],[21.768793,38.210968],[21.768782,38.210962],[21.768896,38.210917],[21.768896,38.210917],[21.768782,38.210962],[21.768734,38.210936],[21.768689,38.210911],[21.768659,38.210895],[21.768627,38.210885],[21.768593,38.21088],[21.76856,38.210882],[21.768533,38.210883],[21.768336,38.210906],[21.768226,38.210924],[21.768168,38.210937],[21.768126,38.210951],[21.768081,38.210968],[21.767995,38.211007],[21.767321,38.211315],[21.767235,38.21135],[21.76716,38.21138],[21.767093,38.211403],[21.767019,38.211427],[21.766922,38.211453],[21.76679,38.211488],[21.76665,38.211516],[21.766553,38.21153],[21.766381,38.21155],[21.766348,38.211554],[21.765944,38.211592],[21.765879,38.211602],[21.765808,38.211617],[21.765618,38.21167],[21.765618,38.21167],[21.765467,38.211712],[21.765384,38.211723],[21.765316,38.211697],[21.765148,38.211596],[21.764799,38.21138],[21.764652,38.211319],[21.764515,38.211299],[21.763957,38.211348],[21.762917,38.211505],[21.762864,38.211356],[21.762682,38.210576],[21.762635,38.210475],[21.762317,38.210517]]},"properties":{"line":"702","dir":"0","mode":"bus"}},{"type":"Feature","geometry":{"type":"LineString","coordinates":[[21.736396,38.246448],[21.736814,38.246109],[21.736052,38.245524],[21.735987,38.245473],[21.735878,38.245389],[21.735878,38.245389],[21.734749,38.244518],[21.734368,38.244222],[21.733963,38.243914],[21.733794,38.243784],[21.733794,38.243784],[21.733704,38.243715],[21.733651,38.243674],[21.73351,38.243566],[21.73345,38.243519],[21.733488,38.243487],[21.733639,38.243357],[21.73364,38.243357],[21.733749,38.243264],[21.733997,38.243053],[21.734053,38.243007],[21.734244,38.242849],[21.734281,38.242816],[21.734417,38.242708],[21.734439,38.242696],[21.734465,38.242683],[21.734682,38.242597],[21.735248,38.242374],[21.735924,38.242114],[21.735924,38.242114],[21.736147,38.242028],[21.736874,38.241745],[21.737511,38.241495],[21.738176,38.241244],[21.738703,38.241052],[21.738952,38.240955],[21.739132,38.240886],[21.739132,38.240886],[21.739283,38.240828],[21.739717,38.240662],[21.740435,38.240372],[21.741195,38.240075],[21.741591,38.239925],[21.741591,38.239925],[21.741907,38.239805],[21.742016,38.239759],[21.742091,38.239727],[21.742216,38.239673],[21.742332,38.239614],[21.742446,38.239555],[21.743006,38.239247],[21.74356,38.238961],[21.743908,38.238762],[21.743908,38.238762],[21.744593,38.238372],[21.745111,38.23806],[21.745148,38.23796],[21.745163,38.237921],[21.74517,38.237908],[21.745214,38.237807],[21.745265,38.237713],[21.745481,38.237243],[21.745597,38.236995],[21.745669,38.23684],[21.745822,38.236514],[21.745864,38.236427],[21.745864,38.236427],[21.746109,38.235917],[21.746334,38.235425],[21.74648,38.235102],[21.746596,38.234858],[21.746653,38.234736],[21.746739,38.234551],[21.74685,38.234276],[21.746999,38.233908],[21.746999,38.233908],[21.747108,38.233637],[21.74725,38.233298],[21.74742,38.232894],[21.747448,38.232824],[21.747564,38.232536],[21.747627,38.232379],[21.747706,38.232184],[21.747796,38.231976],[21.747826,38.231906],[21.748049,38.231313],[21.748221,38.230842],[21.748259,38.23074],[21.748278,38.230685],[21.748278,38.230685],[21.748319,38.230572],[21.748387,38.230386],[21.748535,38.22998],[21.748597,38.229814],[21.748754,38.229402],[21.748805,38.229263],[21.748835,38.229171],[21.748866,38.229065],[21.748889,38.228967],[21.74898,38.228535],[21.749025,38.228312],[21.749109,38.22789],[21.749228,38.227282],[21.749314,38.226891],[21.749428,38.226281],[21.749418,38.226258],[21.74941,38.226236],[21.749403,38.226204],[21.749392,38.226132],[21.749326,38.225644],[21.749326,38.225644],[21.749315,38.225562],[21.749308,38.225501],[21.749304,38.225461],[21.749299,38.225382],[21.749295,38.225289],[21.749292,38.225175],[21.749294,38.224912],[21.749294,38.224524],[21.749291,38.224023],[21.749291,38.224023],[21.74929,38.223938],[21.749289,38.223626],[21.749299,38.223535],[21.74931,38.223471],[21.749325,38.223433],[21.749358,38.223369],[21.749663,38.22295],[21.749921,38.222615],[21.749955,38.222562],[21.749981,38.22251],[21.750011,38.222411],[21.750033,38.222309],[21.750053,38.222208],[21.750086,38.22205],[21.750108,38.221932],[21.750144,38.221684],[21.75015,38.221647],[21.75015,38.221647],[21.750255,38.220999],[21.750307,38.220911],[21.750322,38.22082],[21.75042,38.220172],[21.750411,38.220122],[21.75041,38.22009],[21.75041,38.220049],[21.750415,38.220003],[21.750435,38.219893],[21.750446,38.21983],[21.750448,38.219795],[21.750451,38.219765],[21.75045,38.219732],[21.750445,38.219695],[21.750438,38.219677],[21.75043,38.219664],[21.750417,38.219649],[21.750398,38.219632],[21.750383,38.21962],[21.750365,38.219611],[21.750346,38.219602],[21.750302,38.219586],[21.750265,38.219562],[21.750237,38.219531],[21.750219,38.219496],[21.750212,38.219459],[21.750215,38.219442],[21.750218,38.219421],[21.750235,38.219386],[21.750263,38.219355],[21.7503,38.219331],[21.750343,38.219314],[21.750377,38.219308],[21.750411,38.219306],[21.750446,38.21931],[21.750479,38.219318],[21.75051,38.21933],[21.750528,38.219343],[21.750562,38.21937],[21.750581,38.219396],[21.750593,38.219425],[21.750598,38.219455],[21.750594,38.219485],[21.750584,38.219514],[21.75056,38.219547],[21.750545,38.219591],[21.750536,38.219625],[21.75053,38.219669],[21.750525,38.219701],[21.750522,38.219741],[21.750521,38.219748],[21.750513,38.219834],[21.750506,38.219903],[21.750489,38.220017],[21.750485,38.220041],[21.750473,38.220083],[21.750468,38.220099],[21.750449,38.220134],[21.75042,38.220172],[21.750411,38.220122],[21.75041,38.22009],[21.75041,38.220049],[21.750415,38.220003],[21.750435,38.219893],[21.750446,38.21983],[21.750448,38.219795],[21.750451,38.219765],[21.75045,38.219732],[21.750445,38.219695],[21.750438,38.219677],[21.75043,38.219664],[21.750417,38.219649],[21.750398,38.219632],[21.750383,38.21962],[21.750365,38.219611],[21.750346,38.219602],[21.750302,38.219586],[21.750265,38.219562],[21.750237,38.219531],[21.750219,38.219496],[21.750212,38.219459],[21.750215,38.219442],[21.750218,38.219421],[21.750235,38.219386],[21.750263,38.219355],[21.7503,38.219331],[21.750343,38.219314],[21.750391,38.219262],[21.750418,38.219226],[21.75044,38.21919],[21.750454,38.219162],[21.750458,38.219148],[21.75047,38.219091],[21.75047,38.219042],[21.75047,38.219042],[21.750465,38.218071],[21.750466,38.217641],[21.75047,38.217559],[21.750476,38.217443],[21.750481,38.217379],[21.750493,38.217241],[21.750505,38.217093],[21.750496,38.216958],[21.750529,38.216955],[21.750566,38.216949],[21.750596,38.216941],[21.750604,38.216939],[21.750632,38.216929],[21.750716,38.216894],[21.750898,38.216814],[21.750975,38.216782],[21.751043,38.216752],[21.751064,38.216741],[21.751086,38.216729],[21.751121,38.216703],[21.751145,38.216686],[21.751225,38.216626],[21.751306,38.21656],[21.751383,38.216503],[21.751476,38.216437],[21.751539,38.216391],[21.751582,38.216363],[21.751691,38.216295],[21.7517,38.216257],[21.751702,38.21625],[21.75171,38.216222],[21.751716,38.216181],[21.751744,38.215742],[21.751754,38.21566],[21.751762,38.215602],[21.751783,38.215546],[21.751778,38.215518],[21.751791,38.21548],[21.751808,38.215439],[21.751841,38.215382],[21.751863,38.215351],[21.751888,38.215322],[21.751949,38.215255],[21.752035,38.215168],[21.75214,38.21507],[21.752318,38.214903],[21.752377,38.214846],[21.752464,38.214753],[21.752505,38.214707],[21.752534,38.214671],[21.752553,38.214647],[21.752553,38.214647],[21.752559,38.214639],[21.752582,38.214603],[21.75265,38.214493],[21.752678,38.214441],[21.752702,38.214392],[21.752722,38.214344],[21.752743,38.214287],[21.752763,38.21423],[21.752786,38.214156],[21.752848,38.213951],[21.752896,38.213783],[21.752932,38.213667],[21.752958,38.213581],[21.752972,38.213517],[21.752972,38.213517],[21.753006,38.213366],[21.753024,38.213284],[21.75303,38.213251],[21.753035,38.213216],[21.753036,38.213182],[21.753038,38.213132],[21.753035,38.213075],[21.753031,38.213012],[21.753008,38.212729],[21.75299,38.212478],[21.752989,38.212394],[21.752995,38.212324],[21.753005,38.21222],[21.753012,38.212155],[21.753012,38.212155],[21.753094,38.211629],[21.753103,38.211524],[21.753103,38.210967],[21.753106,38.21088],[21.753111,38.210813],[21.753116,38.210772],[21.753123,38.210722],[21.753134,38.21066],[21.753151,38.210587],[21.753151,38.210587],[21.753162,38.210524],[21.753176,38.210475],[21.753187,38.210438],[21.753195,38.210405],[21.753202,38.210378],[21.75322,38.210335],[21.753235,38.210311],[21.753256,38.210283],[21.753286,38.210247],[21.75335,38.210181],[21.753383,38.210148],[21.753427,38.210105],[21.753466,38.210063],[21.753487,38.210037],[21.753528,38.209987],[21.753566,38.209935],[21.753592,38.209891],[21.753617,38.209848],[21.753635,38.209805],[21.753663,38.209753],[21.753682,38.209712],[21.753703,38.209655],[21.753761,38.209488],[21.753824,38.209325],[21.753853,38.209252],[21.753888,38.209163],[21.753899,38.209131],[21.753899,38.209131],[21.753918,38.209117],[21.753959,38.209089],[21.753973,38.209082],[21.753989,38.209077],[21.754102,38.209073],[21.754167,38.209091],[21.754262,38.209123],[21.754341,38.209153],[21.7544,38.209183],[21.754449,38.209207],[21.754505,38.209227],[21.754558,38.209244],[21.754653,38.209265],[21.754776,38.209286],[21.754975,38.209312],[21.7551,38.209333],[21.755191,38.20935],[21.755521,38.209411],[21.755913,38.209484],[21.755996,38.209499],[21.75611,38.20952],[21.756613,38.209601],[21.756765,38.209624],[21.757194,38.209688],[21.757557,38.209749],[21.757557,38.209749],[21.75765,38.209765],[21.758235,38.209867],[21.75876,38.209966],[21.75937,38.210078],[21.75957,38.210114],[21.759624,38.210125],[21.759707,38.210155],[21.759813,38.210056],[21.759813,38.210056],[21.759874,38.21],[21.759895,38.209973],[21.760275,38.209596],[21.760529,38.209326],[21.760676,38.209181],[21.760764,38.209095],[21.760822,38.209037],[21.760893,38.208965],[21.760977,38.208898],[21.76104,38.208853],[21.761116,38.208807],[21.761197,38.208765],[21.761274,38.208729],[21.76135,38.208694],[21.761424,38.208668],[21.761507,38.208642],[21.761583,38.208621],[21.761744,38.20858],[21.761898,38.208541],[21.762009,38.208515],[21.762134,38.208488],[21.762162,38.208484],[21.762162,38.208484],[21.762189,38.20848],[21.762234,38.208469],[21.762271,38.208464],[21.762336,38.20846],[21.762454,38.208449],[21.762507,38.20844],[21.762555,38.208431],[21.762602,38.208417],[21.76265,38.208403],[21.762696,38.208389],[21.762768,38.208371],[21.762809,38.208361],[21.762851,38.20836],[21.762893,38.208365],[21.762936,38.20838],[21.762972,38.208403],[21.763001,38.208433],[21.763005,38.208441],[21.763022,38.208449],[21.76305,38.208457],[21.763077,38.208461],[21.763119,38.208463],[21.763184,38.208459],[21.763287,38.208454],[21.763324,38.208457],[21.763369,38.208464],[21.763623,38.208446],[21.763988,38.208419],[21.764168,38.208405],[21.764387,38.208386],[21.764878,38.208341],[21.765296,38.208307],[21.765296,38.208307],[21.765502,38.20829],[21.765552,38.208286],[21.765665,38.208278],[21.765969,38.208259],[21.766083,38.208254],[21.766333,38.20824],[21.766833,38.208214],[21.767942,38.208144],[21.769041,38.208065],[21.769452,38.208037],[21.76949,38.208034],[21.769656,38.208024],[21.769831,38.208015],[21.770116,38.208001],[21.770438,38.20799],[21.770429,38.208079],[21.770399,38.2081],[21.770399,38.2081],[21.770429,38.208079],[21.770438,38.20799],[21.77055,38.207984],[21.770643,38.207977],[21.771119,38.207938],[21.771716,38.20789],[21.771716,38.20789],[21.772545,38.207827],[21.773161,38.207773],[21.773489,38.207744],[21.774017,38.207702],[21.774017,38.207702],[21.774093,38.207696],[21.774456,38.207656],[21.774534,38.207648],[21.77463,38.207632],[21.774697,38.207619],[21.774884,38.207575],[21.774988,38.207559],[21.77557,38.20744],[21.775951,38.207366],[21.7764,38.207272],[21.776655,38.207225],[21.776781,38.207201],[21.776905,38.207183],[21.777016,38.20717],[21.777342,38.207152],[21.777543,38.207134],[21.77767,38.207108],[21.777777,38.207077],[21.777844,38.207052],[21.777858,38.207046],[21.777865,38.207043],[21.77797,38.207003],[21.778044,38.206967],[21.778104,38.206939],[21.778155,38.206916],[21.778327,38.206829],[21.778356,38.206816],[21.778447,38.20678],[21.778498,38.206765],[21.778661,38.206719],[21.778718,38.206697],[21.778786,38.206669],[21.778843,38.206643],[21.778877,38.206626],[21.778906,38.206609],[21.778962,38.206574],[21.778983,38.20656],[21.779074,38.206498],[21.779074,38.206498],[21.779168,38.206435],[21.779207,38.206483],[21.779769,38.207083],[21.780047,38.207362],[21.780611,38.207954],[21.780757,38.208107],[21.780838,38.208191],[21.781019,38.208395],[21.781089,38.208475],[21.78133,38.208737],[21.781702,38.209143],[21.781702,38.209143],[21.781611,38.209182],[21.781588,38.209201],[21.781574,38.209227],[21.781578,38.209288],[21.781537,38.209303],[21.781438,38.209337],[21.781353,38.209375],[21.781095,38.209471],[21.781054,38.209484],[21.780996,38.209498],[21.780842,38.209527],[21.780658,38.209562],[21.780585,38.20957],[21.7805,38.209572],[21.780459,38.209566],[21.780432,38.209561],[21.780403,38.20956],[21.780388,38.209563],[21.780388,38.209563],[21.78036,38.209568],[21.780302,38.209583],[21.780203,38.209625],[21.780096,38.20967],[21.780022,38.209693],[21.779903,38.209727],[21.779864,38.20974],[21.779822,38.209758],[21.779765,38.209791],[21.779702,38.209838],[21.779577,38.209933],[21.779505,38.209998],[21.778982,38.210453],[21.778889,38.210527],[21.778813,38.210584],[21.778767,38.210613],[21.778722,38.21064],[21.778669,38.210662],[21.778604,38.210679],[21.778527,38.210697],[21.778457,38.210704],[21.778388,38.210707],[21.778313,38.210709],[21.778121,38.210713],[21.777941,38.210718],[21.777918,38.210719],[21.777851,38.210723],[21.777789,38.210734],[21.777721,38.210748],[21.777686,38.210759],[21.777665,38.210767],[21.777651,38.210774],[21.77764,38.210781],[21.777632,38.210788],[21.777626,38.210795],[21.777622,38.210803],[21.777619,38.210814],[21.777616,38.21083],[21.777604,38.210921],[21.777631,38.211121],[21.777645,38.211204],[21.77766,38.21132],[21.777798,38.211349],[21.777798,38.211349],[21.778055,38.211402],[21.778149,38.211421],[21.778592,38.211525],[21.778894,38.211595],[21.779447,38.211725],[21.779847,38.211823],[21.779878,38.211831],[21.779915,38.21184],[21.780324,38.211947],[21.780324,38.211947],[21.780394,38.211965],[21.780648,38.212035],[21.78106,38.212119],[21.781813,38.212344],[21.781896,38.212368],[21.781896,38.212368],[21.782195,38.212453],[21.783861,38.21291],[21.785003,38.21327],[21.784869,38.213259],[21.781786,38.212403],[21.781031,38.212185],[21.780648,38.212035],[21.780394,38.211965],[21.780324,38.211947],[21.779915,38.21184],[21.779878,38.211831],[21.779847,38.211823],[21.779447,38.211725],[21.778894,38.211595],[21.778592,38.211525],[21.778149,38.211421],[21.778055,38.211402],[21.777789,38.211347],[21.777789,38.211347],[21.77766,38.21132],[21.776989,38.211399],[21.776786,38.211514],[21.776682,38.21157],[21.776573,38.211615],[21.776464,38.211653],[21.776355,38.211688],[21.776278,38.211713],[21.776185,38.211742],[21.775935,38.211821],[21.77572,38.211899],[21.775483,38.211995],[21.775398,38.212032],[21.775324,38.212067],[21.775276,38.212092],[21.775222,38.212123],[21.775151,38.212165],[21.775094,38.212204],[21.774949,38.21231],[21.77489,38.212356],[21.774822,38.21241],[21.774756,38.212468],[21.774706,38.21251],[21.774649,38.212557],[21.774615,38.212586],[21.774587,38.212614],[21.774569,38.212633],[21.774549,38.212657],[21.774533,38.212679],[21.774517,38.212707],[21.774508,38.212724],[21.774508,38.212724],[21.7745,38.21274],[21.77446,38.212822],[21.774407,38.212924],[21.774382,38.212966],[21.774371,38.212987],[21.774361,38.213004],[21.77435,38.21302],[21.774336,38.213037],[21.774324,38.213052],[21.774313,38.213063],[21.774296,38.213081],[21.774264,38.21311],[21.77421,38.213158],[21.774177,38.21319],[21.774148,38.213219],[21.774101,38.213269],[21.774065,38.213311],[21.774037,38.213345],[21.774016,38.213375],[21.773975,38.21336],[21.773952,38.213352],[21.773925,38.213346],[21.773894,38.213343],[21.773853,38.213342],[21.773772,38.213344],[21.773711,38.213351],[21.773615,38.213367],[21.77353,38.213382],[21.773415,38.213405],[21.773343,38.213413],[21.773274,38.213416],[21.773211,38.213413],[21.773147,38.213403],[21.773123,38.2134],[21.773048,38.21339],[21.772893,38.213371],[21.772826,38.213363],[21.772741,38.213358],[21.772462,38.213346],[21.772338,38.213342],[21.772233,38.213335],[21.772142,38.213324],[21.772043,38.213309],[21.771882,38.213283],[21.771873,38.213242],[21.771862,38.212741],[21.77178,38.212702],[21.771069,38.212301],[21.771069,38.212301],[21.771024,38.212276],[21.770858,38.21218],[21.7707,38.212086],[21.770594,38.212024],[21.770443,38.211936],[21.770375,38.211896],[21.770279,38.211839],[21.769848,38.211587],[21.769509,38.211388],[21.768845,38.210999],[21.768793,38.210968],[21.768782,38.210962],[21.768896,38.210917],[21.768896,38.210917],[21.768782,38.210962],[21.768734,38.210936],[21.768689,38.210911],[21.768659,38.210895],[21.768627,38.210885],[21.768593,38.21088],[21.76856,38.210882],[21.768533,38.210883],[21.768336,38.210906],[21.768226,38.210924],[21.768168,38.210937],[21.768126,38.210951],[21.768081,38.210968],[21.767995,38.211007],[21.767321,38.211315],[21.767235,38.21135],[21.76716,38.21138],[21.767093,38.211403],[21.767019,38.211427],[21.766922,38.211453],[21.76679,38.211488],[21.76665,38.211516],[21.766553,38.21153],[21.766381,38.21155],[21.766348,38.211554],[21.765944,38.211592],[21.765879,38.211602],[21.765808,38.211617],[21.765618,38.21167],[21.765618,38.21167],[21.765467,38.211712],[21.765384,38.211723],[21.765316,38.211697],[21.765148,38.211596],[21.764926,38.21146],[21.764765,38.211372],[21.764683,38.21134],[21.764672,38.211336],[21.764625,38.211321],[21.764556,38.211307],[21.764497,38.211301],[21.764428,38.211299],[21.764414,38.2113],[21.764355,38.211302],[21.764282,38.21131],[21.763542,38.211431],[21.76307,38.21151],[21.76307,38.21151],[21.762993,38.211523],[21.762945,38.211534],[21.762933,38.211537],[21.762904,38.211482],[21.762886,38.211443],[21.762876,38.21142],[21.762861,38.211382],[21.762853,38.211355],[21.762682,38.210576],[21.762635,38.210475],[21.762317,38.210517]]},"properties":{"line":"702","dir":"0","mode":"bus"}},{"type":"Feature","geometry":{"type":"LineString","coordinates":[[21.736379,38.246435],[21.735857,38.245406],[21.733787,38.243789],[21.733593,38.243324],[21.735915,38.2421],[21.739118,38.240864],[21.741579,38.239906],[21.74392,38.238775],[21.745863,38.236427],[21.746972,38.233901],[21.748249,38.230679],[21.748878,38.228874],[21.749289,38.225647],[21.749264,38.224023],[21.750118,38.221644],[21.750846,38.219172],[21.75276,38.217216],[21.75446,38.215514],[21.757455,38.213003],[21.759587,38.212769],[21.761545,38.212043],[21.762553,38.210535]]},"properties":{"line":"702","dir":"1","mode":"bus"}},{"type":"Feature","geometry":{"type":"LineString","coordinates":[[21.736379,38.246435],[21.735857,38.245406],[21.733787,38.243789],[21.733593,38.243324],[21.735915,38.2421],[21.739118,38.240864],[21.741579,38.239906],[21.74392,38.238775],[21.745863,38.236427],[21.746972,38.233901],[21.748249,38.230679],[21.748878,38.228874],[21.749289,38.225647],[21.749264,38.224023],[21.750118,38.221644],[21.750846,38.219172],[21.75276,38.217216],[21.75446,38.215514],[21.757455,38.213003],[21.759587,38.212769],[21.761545,38.212043],[21.76232,38.21053],[21.762155,38.208455]]},"properties":{"line":"702","dir":"1","mode":"bus"}},{"type":"Feature","geometry":{"type":"LineString","coordinates":[[21.736379,38.246435],[21.736778,38.246097],[21.735857,38.245406],[21.734838,38.244593],[21.733787,38.243789],[21.733395,38.243515],[21.733652,38.243316],[21.734301,38.242767],[21.734396,38.242693],[21.734942,38.242467],[21.735915,38.2421],[21.739118,38.240864],[21.741579,38.239906],[21.742594,38.239446],[21.743952,38.238729],[21.745058,38.238071],[21.745863,38.236427],[21.746994,38.233884],[21.747648,38.232281],[21.74797,38.231476],[21.748249,38.230679],[21.748601,38.229742],[21.748878,38.228874],[21.749244,38.227075],[21.7494,38.226277],[21.749289,38.225647],[21.749282,38.224835],[21.749264,38.224023],[21.749273,38.223541],[21.749345,38.223377],[21.749846,38.222698],[21.749987,38.22247],[21.750118,38.221644],[21.750222,38.221074],[21.750376,38.220241],[21.750437,38.219668],[21.750342,38.219622],[21.750278,38.219582],[21.750226,38.219534],[21.750227,38.219424],[21.750309,38.219332],[21.750408,38.219306],[21.750549,38.21937],[21.750733,38.219311],[21.752798,38.217224],[21.753618,38.216388],[21.754444,38.215544],[21.755705,38.214255],[21.756924,38.212991],[21.757436,38.212997],[21.758018,38.212966],[21.759633,38.212751],[21.760146,38.212643],[21.760766,38.212443],[21.761545,38.212042],[21.762251,38.211779],[21.763063,38.211481],[21.764519,38.211299],[21.764819,38.211397],[21.765376,38.211722],[21.765605,38.211674],[21.766475,38.211552],[21.766921,38.211465],[21.767525,38.211206],[21.768161,38.21093],[21.768607,38.210893],[21.771089,38.212279],[21.771853,38.212742],[21.771876,38.213303],[21.772113,38.213645],[21.772309,38.213809],[21.772616,38.214283],[21.772837,38.214564],[21.773142,38.214462],[21.773448,38.213963],[21.773855,38.213666],[21.7741,38.213274],[21.774376,38.213022],[21.774542,38.212735],[21.77459,38.212616],[21.774949,38.212286],[21.77542,38.212021],[21.776545,38.211628],[21.777025,38.211363],[21.777413,38.211317],[21.77777,38.211313],[21.780374,38.211915],[21.781911,38.212354],[21.782585,38.212535],[21.783893,38.212929],[21.784993,38.213257],[21.784858,38.213264],[21.783028,38.212779],[21.781197,38.212244],[21.780268,38.21194],[21.777799,38.211375],[21.777677,38.211351],[21.777619,38.210817],[21.777707,38.210745],[21.778471,38.210719],[21.77872,38.210659],[21.779834,38.209754],[21.780377,38.20957],[21.780633,38.209556],[21.780955,38.209511],[21.78155,38.209315],[21.781781,38.209246],[21.780523,38.207858],[21.779153,38.206448],[21.778832,38.20666],[21.778404,38.206804],[21.777944,38.207007],[21.777529,38.207131],[21.777059,38.207154],[21.776207,38.207309],[21.774501,38.207661],[21.771713,38.207903],[21.770493,38.207991],[21.769341,38.208053],[21.767889,38.208156],[21.765295,38.208297],[21.763123,38.208484],[21.76299,38.208419],[21.762942,38.208379],[21.762852,38.208364],[21.762704,38.208398],[21.762646,38.208491],[21.762667,38.208585],[21.762786,38.208654],[21.762809,38.208952],[21.762773,38.209064],[21.762705,38.209134],[21.762347,38.209205],[21.762627,38.210476],[21.76232,38.21053]]},"properties":{"line":"702","dir":"1","mode":"bus"}},{"type":"Feature","geometry":{"type":"LineString","coordinates":[[21.762347,38.210631],[21.762705,38.210569],[21.762796,38.211062],[21.762927,38.211541],[21.763106,38.211518],[21.764244,38.211328],[21.764566,38.211308],[21.765076,38.21156],[21.765395,38.211732],[21.765618,38.211669],[21.765942,38.211595],[21.766578,38.211539],[21.767109,38.211405],[21.768047,38.21099],[21.768287,38.210912],[21.768667,38.210905],[21.769862,38.211636],[21.771089,38.212279],[21.771861,38.212756],[21.771925,38.213293],[21.772852,38.214591],[21.773161,38.214447],[21.773385,38.214017],[21.773818,38.213684],[21.774542,38.212735],[21.775044,38.212259],[21.775585,38.211954],[21.776542,38.211649],[21.77695,38.211417],[21.777606,38.211358],[21.77813,38.211402],[21.778708,38.211539],[21.779854,38.211805],[21.780401,38.211928],[21.781906,38.212345],[21.784738,38.21318],[21.784501,38.213163],[21.782505,38.212653],[21.780836,38.212132],[21.778781,38.211608],[21.777973,38.211419],[21.77767,38.211296],[21.777656,38.211046],[21.777627,38.210782],[21.778547,38.210702],[21.77881,38.210584],[21.779485,38.21002],[21.779945,38.209709],[21.780308,38.209587],[21.7805,38.209592],[21.78106,38.209507],[21.781786,38.209225],[21.780526,38.207828],[21.779158,38.206448],[21.77885,38.206658],[21.77844,38.206787],[21.777728,38.207105],[21.776968,38.207171],[21.775751,38.20738],[21.773975,38.207678],[21.771606,38.207861],[21.770284,38.20797],[21.767811,38.208125],[21.765756,38.208246],[21.764171,38.208387],[21.763218,38.208507],[21.76286,38.208641],[21.76287,38.208845],[21.763073,38.208985],[21.763175,38.209464],[21.763376,38.210533],[21.762783,38.210608],[21.762438,38.210661]]},"properties":{"line":"702","dir":"1","mode":"bus"}},{"type":"Feature","geometry":{"type":"LineString","coordinates":[[21.735329,38.249747],[21.734982,38.249479],[21.734717,38.249273],[21.734591,38.249167],[21.734201,38.248838],[21.733834,38.248528],[21.734198,38.248233],[21.734916,38.24765],[21.735185,38.247432],[21.735277,38.247357],[21.735277,38.247357],[21.735597,38.247097],[21.736138,38.246658],[21.736199,38.246608],[21.736814,38.246109],[21.736052,38.245524],[21.735878,38.245389],[21.735878,38.245389],[21.735134,38.244815],[21.73473,38.244503],[21.734348,38.244207],[21.73396,38.243912],[21.733793,38.243784],[21.733793,38.243784],[21.733651,38.243674],[21.733447,38.243517],[21.733637,38.243356],[21.733638,38.243356],[21.733748,38.243263],[21.73402,38.243034],[21.734283,38.242817],[21.734396,38.242746],[21.734459,38.242712],[21.734698,38.242624],[21.735266,38.242393],[21.735937,38.242136],[21.735937,38.242136],[21.736157,38.242052],[21.736892,38.241776],[21.737535,38.241533],[21.738192,38.241272],[21.738715,38.241069],[21.738768,38.241048],[21.738991,38.240961],[21.739142,38.240903],[21.739142,38.240903],[21.739253,38.24086],[21.739295,38.240845],[21.739733,38.240681],[21.741192,38.240118],[21.741609,38.239953],[21.741609,38.239953],[21.741659,38.239933],[21.741825,38.239868],[21.741915,38.239832],[21.742039,38.23978],[21.742145,38.239735],[21.74223,38.239693],[21.742467,38.239578],[21.742705,38.239451],[21.743026,38.239275],[21.743094,38.239236],[21.74357,38.23897],[21.743846,38.238816],[21.743846,38.238816],[21.743984,38.238739],[21.74455,38.238421],[21.744789,38.238275],[21.744977,38.238156],[21.745137,38.238055],[21.745167,38.237993],[21.745205,38.237911],[21.745211,38.2379],[21.745265,38.237786],[21.745297,38.237716],[21.745509,38.237255],[21.745617,38.237012],[21.745694,38.236838],[21.745698,38.23683],[21.745839,38.236514],[21.745879,38.236432],[21.745879,38.236432],[21.746131,38.235917],[21.746355,38.235425],[21.746463,38.235189],[21.746534,38.235024],[21.746534,38.235024],[21.746623,38.234781],[21.746036,38.234215],[21.745638,38.233804],[21.745014,38.233198],[21.744982,38.233165],[21.744817,38.232998],[21.744707,38.232884],[21.744338,38.232483],[21.744218,38.232353],[21.744218,38.232353],[21.744081,38.232206],[21.744059,38.232181],[21.744017,38.232132],[21.743723,38.231809],[21.743487,38.231537],[21.743263,38.23128],[21.743169,38.231177],[21.74312,38.231127],[21.743059,38.231069],[21.742856,38.230885],[21.742771,38.230806],[21.742568,38.230624],[21.742486,38.230549],[21.742374,38.230449],[21.742258,38.230344],[21.742258,38.230344],[21.742157,38.230253],[21.742001,38.230113],[21.741842,38.22997],[21.741786,38.229923],[21.741779,38.229912],[21.7415,38.229662],[21.741432,38.229625],[21.741411,38.229613],[21.741386,38.229595],[21.741369,38.229583],[21.741348,38.229565],[21.741301,38.229516],[21.741284,38.229496],[21.741262,38.229468],[21.741246,38.229446],[21.741214,38.229392],[21.741188,38.229343],[21.741163,38.229288],[21.741131,38.229215],[21.741113,38.229142],[21.741068,38.228964],[21.741009,38.228752],[21.740991,38.228679],[21.740987,38.228653],[21.740987,38.228653],[21.740946,38.228381],[21.740908,38.228303],[21.740692,38.228045],[21.74085,38.228015],[21.741453,38.227917],[21.741649,38.227873],[21.741738,38.227812],[21.741885,38.227692],[21.741918,38.227661],[21.741948,38.227618],[21.741975,38.227566],[21.742051,38.227247],[21.742051,38.227247],[21.742122,38.226951],[21.742148,38.226831],[21.742307,38.226118],[21.742338,38.225978],[21.742416,38.225638],[21.742426,38.225593],[21.742436,38.225545],[21.742472,38.225377],[21.742472,38.225377],[21.742485,38.225316],[21.742568,38.224965],[21.742667,38.224551],[21.742664,38.224509],[21.742632,38.224177],[21.742597,38.223778],[21.74257,38.223466],[21.74257,38.223466],[21.742552,38.223262],[21.742533,38.223103],[21.742514,38.222967],[21.7425,38.222889],[21.742486,38.222827],[21.742466,38.222749],[21.742378,38.222489],[21.742284,38.222221],[21.742232,38.222074],[21.742185,38.221942],[21.7421,38.221685],[21.741992,38.221378],[21.741948,38.221245],[21.741796,38.220794],[21.741739,38.220608],[21.741683,38.220446],[21.741668,38.22039],[21.741668,38.22039],[21.741646,38.220312],[21.741518,38.219854],[21.741381,38.21932],[21.74133,38.219108],[21.741284,38.218924],[21.741271,38.21888],[21.741185,38.21864],[21.741178,38.218617],[21.741118,38.21844],[21.741088,38.218348],[21.741052,38.218241],[21.740906,38.217799],[21.74089,38.21774],[21.740871,38.217674],[21.740832,38.21752],[21.740809,38.217426],[21.740809,38.217426],[21.740755,38.217202],[21.740685,38.216862],[21.740678,38.216807],[21.740674,38.216725],[21.740683,38.216461],[21.740769,38.215592],[21.740778,38.215462],[21.740778,38.215406],[21.740764,38.215322],[21.740746,38.215268],[21.740721,38.2152],[21.740696,38.215152],[21.740151,38.214196],[21.740017,38.213962],[21.739925,38.213757],[21.73987,38.21359],[21.739838,38.213471],[21.739737,38.213098],[21.73969,38.212936],[21.73957,38.212445],[21.73957,38.212445],[21.739499,38.212227],[21.739395,38.211841],[21.739367,38.211748],[21.739285,38.21145],[21.73918,38.211054],[21.739129,38.210894],[21.739129,38.210894],[21.739117,38.210858],[21.739109,38.210847],[21.739054,38.210767],[21.739039,38.21073],[21.73899,38.210599],[21.738954,38.210506],[21.738938,38.21046],[21.738851,38.21024],[21.738789,38.210081],[21.738742,38.209973],[21.738707,38.209874],[21.738661,38.209726],[21.738579,38.209536],[21.738442,38.209225],[21.738315,38.208938],[21.738236,38.208746],[21.738236,38.208746],[21.738193,38.208641],[21.738103,38.208423],[21.738003,38.208187],[21.737938,38.208033],[21.737844,38.207811],[21.737805,38.207714],[21.73774,38.207545],[21.737732,38.207519],[21.737679,38.207366],[21.737642,38.20725],[21.737642,38.20725],[21.737639,38.207239],[21.73761,38.20714],[21.73756,38.206951],[21.737499,38.206711],[21.737474,38.206608],[21.737396,38.206272],[21.737365,38.206159],[21.737285,38.205948],[21.737235,38.205822],[21.737167,38.205663],[21.737116,38.205557],[21.737082,38.205487],[21.737056,38.205435],[21.737022,38.205365],[21.736991,38.205307],[21.73696,38.205247],[21.736875,38.205099],[21.736875,38.205099],[21.736849,38.205052],[21.736815,38.204998],[21.736717,38.204864],[21.736561,38.204658],[21.736333,38.204365],[21.736276,38.204286],[21.736131,38.204107],[21.735968,38.203903],[21.735741,38.20363],[21.735629,38.203482],[21.735565,38.203396],[21.735538,38.203363],[21.735431,38.203262],[21.735431,38.203262],[21.735113,38.202959],[21.734198,38.202321],[21.73413,38.202271],[21.733911,38.20208],[21.733847,38.202022],[21.733795,38.201965],[21.733759,38.201905],[21.7337,38.201782],[21.733637,38.201535],[21.733615,38.201409],[21.733615,38.201409],[21.733603,38.201337],[21.733589,38.201205],[21.733538,38.200644],[21.733513,38.200442],[21.7335,38.200291],[21.733484,38.200152],[21.733471,38.20003],[21.733441,38.199731],[21.733422,38.199627],[21.733422,38.199627],[21.733405,38.199533],[21.73327,38.199061],[21.733085,38.198583],[21.732877,38.198112],[21.732775,38.197914],[21.732775,38.197914],[21.732754,38.197873],[21.732731,38.197836],[21.732506,38.19746],[21.732271,38.197103],[21.732124,38.196872],[21.731975,38.19665],[21.731879,38.196501],[21.731823,38.196411],[21.73179,38.196354],[21.731744,38.196274],[21.731717,38.196223],[21.731686,38.196153],[21.731665,38.196102],[21.731651,38.19606],[21.731639,38.196016],[21.731631,38.19597],[21.731624,38.195921],[21.731619,38.195881],[21.731615,38.195829],[21.731612,38.195771],[21.731614,38.195707],[21.731622,38.195649],[21.731684,38.195259],[21.731704,38.195144],[21.731704,38.195144],[21.731832,38.194396],[21.731916,38.193875],[21.731966,38.193446],[21.731966,38.193446],[21.731974,38.193381],[21.732026,38.193065],[21.732098,38.192636],[21.732142,38.192402],[21.732174,38.192217],[21.732213,38.191987],[21.732228,38.191884],[21.732221,38.191808],[21.732212,38.191777],[21.732194,38.191719],[21.732151,38.191633],[21.732085,38.19155],[21.731985,38.19145],[21.731858,38.191348],[21.731731,38.191256],[21.731433,38.19106],[21.73137,38.191018],[21.730951,38.190764],[21.730835,38.190693],[21.730835,38.190693],[21.730697,38.190604],[21.730609,38.190542],[21.730531,38.190483],[21.73042,38.190382],[21.73018,38.190168],[21.730051,38.190043],[21.729897,38.189885],[21.729777,38.189761],[21.729656,38.189637],[21.729567,38.189548],[21.729567,38.189548],[21.729404,38.189391],[21.729084,38.189058],[21.728947,38.188907],[21.728802,38.18875],[21.728697,38.188621],[21.728652,38.18856],[21.728652,38.18856],[21.728644,38.188549],[21.728622,38.188517],[21.728534,38.188373],[21.728384,38.188102],[21.728286,38.187888],[21.728221,38.187725],[21.728221,38.187725],[21.728196,38.187663],[21.728052,38.187696],[21.728018,38.187711],[21.727808,38.187913],[21.727678,38.188068],[21.727494,38.188298],[21.727471,38.188312],[21.727433,38.188312],[21.727333,38.188278],[21.72729,38.188266],[21.727241,38.188257],[21.72718,38.188252],[21.726981,38.188242],[21.726875,38.188227],[21.726765,38.188209],[21.726741,38.188203],[21.726707,38.188193],[21.726651,38.188171],[21.726541,38.188125],[21.726485,38.188104],[21.726399,38.188077],[21.726349,38.188065],[21.726314,38.188058],[21.726283,38.188055],[21.726246,38.188054],[21.72619,38.188057],[21.726145,38.188062],[21.725988,38.188094],[21.725799,38.18814],[21.725564,38.188208],[21.725291,38.188292],[21.725041,38.188397],[21.724909,38.188463],[21.724891,38.188475],[21.724891,38.188475],[21.724822,38.18852],[21.724678,38.188624],[21.724563,38.188727],[21.724523,38.188818],[21.724484,38.188943],[21.724427,38.189099],[21.724374,38.189245],[21.724361,38.189279],[21.724326,38.189344],[21.724268,38.18943],[21.7242,38.189518],[21.724162,38.189565],[21.724079,38.189664],[21.724052,38.189698],[21.724008,38.189758],[21.723976,38.189807],[21.723932,38.189887],[21.723897,38.189961],[21.723881,38.19],[21.723869,38.190037],[21.723865,38.19006],[21.723863,38.190079],[21.723862,38.190099],[21.723863,38.190121],[21.723868,38.190155],[21.723881,38.190202],[21.723897,38.190248],[21.723922,38.190313],[21.72394,38.190371],[21.723945,38.190404],[21.723941,38.190431],[21.723931,38.190454],[21.72393,38.190456],[21.72392,38.190479],[21.723892,38.190479],[21.723617,38.190481],[21.723495,38.190481],[21.723443,38.190478],[21.723402,38.190475],[21.723363,38.190471],[21.723229,38.190449],[21.723137,38.190427],[21.723014,38.190389],[21.722841,38.190326],[21.722639,38.190248],[21.722136,38.190033],[21.721967,38.189928],[21.721689,38.189756],[21.721329,38.189545],[21.721166,38.189444],[21.720985,38.189353],[21.720751,38.189249],[21.720751,38.189249],[21.720656,38.189207],[21.720534,38.18915],[21.720169,38.188998],[21.719949,38.188907],[21.719468,38.188717],[21.719325,38.188665],[21.719174,38.188611],[21.719023,38.188562],[21.718953,38.188542],[21.718878,38.188522],[21.718786,38.1885],[21.718668,38.188474],[21.718312,38.188401],[21.718135,38.188365],[21.718,38.188339],[21.717833,38.188308],[21.717695,38.188287],[21.717444,38.188253],[21.717165,38.188225],[21.716929,38.188209],[21.716858,38.188203],[21.716858,38.188203],[21.716714,38.188192],[21.71655,38.188184],[21.7164,38.18818],[21.71624,38.188186],[21.716095,38.188194],[21.715988,38.188204],[21.715758,38.188227],[21.715557,38.188251],[21.715199,38.188303],[21.715044,38.188324],[21.714899,38.188341],[21.714667,38.188358],[21.714487,38.18837],[21.714238,38.188369],[21.714248,38.188419],[21.714264,38.188473],[21.714264,38.188473],[21.714269,38.188489],[21.714303,38.188552],[21.714362,38.188623],[21.714471,38.188705],[21.71479,38.188895],[21.715214,38.18913],[21.716214,38.189679],[21.716232,38.189695],[21.716242,38.189708],[21.716249,38.18972],[21.716251,38.189732],[21.716249,38.18975],[21.71624,38.189776],[21.716228,38.189801],[21.716211,38.189826],[21.716125,38.1899],[21.716018,38.189977],[21.715948,38.190043],[21.715833,38.190184],[21.715692,38.190415],[21.715663,38.190459],[21.71566,38.190463],[21.715623,38.190511],[21.715575,38.190563],[21.715526,38.190615],[21.715096,38.191055],[21.714947,38.191174],[21.714606,38.191468],[21.714245,38.191758],[21.714054,38.191886],[21.713966,38.191965],[21.713909,38.192023],[21.713858,38.192089],[21.71379,38.192196],[21.713656,38.192415],[21.713613,38.192484],[21.713575,38.192536],[21.713525,38.192591],[21.713496,38.192627],[21.713449,38.192689],[21.713419,38.192735],[21.713419,38.192735],[21.713357,38.192828],[21.713257,38.192979],[21.713237,38.193008],[21.713216,38.193036],[21.713131,38.193173],[21.713106,38.193218],[21.713005,38.193408],[21.712586,38.19324]]},"properties":{"line":"801","dir":"0","mode":"bus"}},{"type":"Feature","geometry":{"type":"LineString","coordinates":[[21.735329,38.249747],[21.735329,38.249747],[21.734982,38.249479],[21.734717,38.249273],[21.734591,38.249167],[21.734201,38.248838],[21.733834,38.248528],[21.734198,38.248233],[21.734916,38.24765],[21.735185,38.247432],[21.735277,38.247357],[21.735277,38.247357],[21.735597,38.247097],[21.736138,38.246658],[21.736199,38.246608],[21.736814,38.246109],[21.736052,38.245524],[21.735878,38.245389],[21.735878,38.245389],[21.735134,38.244815],[21.73473,38.244503],[21.734348,38.244207],[21.73396,38.243912],[21.733793,38.243784],[21.733793,38.243784],[21.733651,38.243674],[21.733447,38.243517],[21.733637,38.243356],[21.733638,38.243356],[21.733748,38.243263],[21.73402,38.243034],[21.734283,38.242817],[21.734396,38.242746],[21.734459,38.242712],[21.734698,38.242624],[21.735266,38.242393],[21.735937,38.242136],[21.735937,38.242136],[21.736157,38.242052],[21.736892,38.241776],[21.737535,38.241533],[21.738192,38.241272],[21.738715,38.241069],[21.738768,38.241048],[21.738991,38.240961],[21.739142,38.240903],[21.739142,38.240903],[21.739253,38.24086],[21.739295,38.240845],[21.739733,38.240681],[21.741192,38.240118],[21.741609,38.239953],[21.741609,38.239953],[21.741659,38.239933],[21.741825,38.239868],[21.741915,38.239832],[21.742039,38.23978],[21.742145,38.239735],[21.74223,38.239693],[21.742467,38.239578],[21.742705,38.239451],[21.743026,38.239275],[21.743094,38.239236],[21.74357,38.23897],[21.74392,38.238775],[21.74392,38.238775],[21.74455,38.238421],[21.744789,38.238275],[21.744977,38.238156],[21.745137,38.238055],[21.745167,38.237993],[21.745205,38.237911],[21.745211,38.2379],[21.745265,38.237786],[21.745297,38.237716],[21.745509,38.237255],[21.745617,38.237012],[21.745694,38.236838],[21.745698,38.23683],[21.745839,38.236514],[21.746131,38.235917],[21.746355,38.235425],[21.746463,38.235189],[21.746534,38.235024],[21.746534,38.235024],[21.746656,38.234814],[21.746036,38.234215],[21.745638,38.233804],[21.745014,38.233198],[21.744982,38.233165],[21.744817,38.232998],[21.744707,38.232884],[21.744338,38.232483],[21.744218,38.232353],[21.744218,38.232353],[21.744081,38.232206],[21.744059,38.232181],[21.744017,38.232132],[21.743723,38.231809],[21.743487,38.231537],[21.743263,38.23128],[21.743169,38.231177],[21.74312,38.231127],[21.743059,38.231069],[21.742856,38.230885],[21.742771,38.230806],[21.742568,38.230624],[21.742486,38.230549],[21.742374,38.230449],[21.742258,38.230344],[21.742258,38.230344],[21.742157,38.230253],[21.742001,38.230113],[21.741842,38.22997],[21.741786,38.229923],[21.741779,38.229912],[21.7415,38.229662],[21.741432,38.229625],[21.741411,38.229613],[21.741386,38.229595],[21.741369,38.229583],[21.741348,38.229565],[21.741301,38.229516],[21.741284,38.229496],[21.741262,38.229468],[21.741246,38.229446],[21.741214,38.229392],[21.741188,38.229343],[21.741163,38.229288],[21.741131,38.229215],[21.741113,38.229142],[21.741068,38.228964],[21.741009,38.228752],[21.740991,38.228679],[21.740987,38.228653],[21.740987,38.228653],[21.740946,38.228381],[21.740908,38.228303],[21.740692,38.228045],[21.74085,38.228015],[21.741453,38.227917],[21.741649,38.227873],[21.741738,38.227812],[21.741885,38.227692],[21.741918,38.227661],[21.741948,38.227618],[21.741975,38.227566],[21.742051,38.227247],[21.742051,38.227247],[21.742122,38.226951],[21.742148,38.226831],[21.742307,38.226118],[21.742338,38.225978],[21.742416,38.225638],[21.742426,38.225593],[21.742436,38.225545],[21.742472,38.225377],[21.742472,38.225377],[21.742485,38.225316],[21.742568,38.224965],[21.742667,38.224551],[21.742664,38.224509],[21.742632,38.224177],[21.742597,38.223778],[21.74257,38.223466],[21.74257,38.223466],[21.742552,38.223262],[21.742533,38.223103],[21.742514,38.222967],[21.7425,38.222889],[21.742486,38.222827],[21.742466,38.222749],[21.742378,38.222489],[21.742284,38.222221],[21.742232,38.222074],[21.742185,38.221942],[21.7421,38.221685],[21.741992,38.221378],[21.741948,38.221245],[21.741796,38.220794],[21.741739,38.220608],[21.741683,38.220446],[21.741668,38.22039],[21.741668,38.22039],[21.741646,38.220312],[21.741518,38.219854],[21.741381,38.21932],[21.74133,38.219108],[21.741284,38.218924],[21.741271,38.21888],[21.741185,38.21864],[21.741178,38.218617],[21.741118,38.21844],[21.741088,38.218348],[21.741052,38.218241],[21.740906,38.217799],[21.74089,38.21774],[21.740871,38.217674],[21.740832,38.21752],[21.740809,38.217426],[21.740809,38.217426],[21.740755,38.217202],[21.740685,38.216862],[21.740678,38.216807],[21.740674,38.216725],[21.740683,38.216461],[21.740753,38.215751],[21.740753,38.215751],[21.740769,38.215592],[21.740778,38.215462],[21.740778,38.215406],[21.740764,38.215322],[21.740746,38.215268],[21.740721,38.2152],[21.740696,38.215152],[21.740151,38.214196],[21.740017,38.213962],[21.739925,38.213757],[21.73987,38.21359],[21.739838,38.213471],[21.739737,38.213098],[21.73969,38.212936],[21.73957,38.212445],[21.73957,38.212445],[21.739499,38.212227],[21.739395,38.211841],[21.739367,38.211748],[21.739285,38.21145],[21.73918,38.211054],[21.739129,38.210894],[21.739129,38.210894],[21.739117,38.210858],[21.739109,38.210847],[21.739054,38.210767],[21.739039,38.21073],[21.73899,38.210599],[21.738954,38.210506],[21.738938,38.21046],[21.738851,38.21024],[21.738789,38.210081],[21.738742,38.209973],[21.738707,38.209874],[21.738661,38.209726],[21.738579,38.209536],[21.738442,38.209225],[21.738315,38.208938],[21.738236,38.208746],[21.738236,38.208746],[21.738193,38.208641],[21.738103,38.208423],[21.738003,38.208187],[21.737938,38.208033],[21.737844,38.207811],[21.737805,38.207714],[21.73774,38.207545],[21.737732,38.207519],[21.737679,38.207366],[21.737642,38.20725],[21.737642,38.20725],[21.737639,38.207239],[21.73761,38.20714],[21.73756,38.206951],[21.737499,38.206711],[21.737474,38.206608],[21.737396,38.206272],[21.737365,38.206159],[21.737285,38.205948],[21.737235,38.205822],[21.737167,38.205663],[21.737116,38.205557],[21.737082,38.205487],[21.737056,38.205435],[21.737022,38.205365],[21.736991,38.205307],[21.73696,38.205247],[21.736875,38.205099],[21.736875,38.205099],[21.736849,38.205052],[21.736815,38.204998],[21.736717,38.204864],[21.736561,38.204658],[21.736333,38.204365],[21.736276,38.204286],[21.736131,38.204107],[21.735968,38.203903],[21.735741,38.20363],[21.735629,38.203482],[21.735565,38.203396],[21.735538,38.203363],[21.735431,38.203262],[21.735431,38.203262],[21.735113,38.202959],[21.734198,38.202321],[21.73413,38.202271],[21.733911,38.20208],[21.733847,38.202022],[21.733795,38.201965],[21.733759,38.201905],[21.7337,38.201782],[21.733637,38.201535],[21.733615,38.201409],[21.733615,38.201409],[21.733603,38.201337],[21.733589,38.201205],[21.733538,38.200644],[21.733513,38.200442],[21.7335,38.200291],[21.733484,38.200152],[21.733471,38.20003],[21.733441,38.199731],[21.733422,38.199627],[21.733422,38.199627],[21.733405,38.199533],[21.73327,38.199061],[21.733085,38.198583],[21.732877,38.198112],[21.732775,38.197914],[21.732775,38.197914],[21.732754,38.197873],[21.732731,38.197836],[21.732506,38.19746],[21.732271,38.197103],[21.732124,38.196872],[21.731975,38.19665],[21.731879,38.196501],[21.731823,38.196411],[21.73179,38.196354],[21.731744,38.196274],[21.731717,38.196223],[21.731686,38.196153],[21.731665,38.196102],[21.731651,38.19606],[21.731639,38.196016],[21.731631,38.19597],[21.731624,38.195921],[21.731619,38.195881],[21.731615,38.195829],[21.731612,38.195771],[21.731614,38.195707],[21.731622,38.195649],[21.731684,38.195259],[21.731704,38.195144],[21.731704,38.195144],[21.731832,38.194396],[21.731916,38.193875],[21.731966,38.193446],[21.731966,38.193446],[21.731974,38.193381],[21.732026,38.193065],[21.732098,38.192636],[21.732142,38.192402],[21.732174,38.192217],[21.732213,38.191987],[21.732228,38.191884],[21.732221,38.191808],[21.732212,38.191777],[21.732194,38.191719],[21.732151,38.191633],[21.732085,38.19155],[21.731985,38.19145],[21.731858,38.191348],[21.731731,38.191256],[21.731433,38.19106],[21.73137,38.191018],[21.730951,38.190764],[21.730835,38.190693],[21.730835,38.190693],[21.730697,38.190604],[21.730609,38.190542],[21.730531,38.190483],[21.73042,38.190382],[21.731221,38.189929],[21.731281,38.189898],[21.731411,38.18983],[21.731596,38.189748],[21.73176,38.189687],[21.73186,38.189648],[21.732017,38.18958],[21.732234,38.189487],[21.732556,38.18934],[21.732665,38.189299],[21.732747,38.189274],[21.732826,38.18928],[21.732826,38.18928],[21.732846,38.189281],[21.7329,38.189278],[21.732935,38.189273],[21.732978,38.189264],[21.733038,38.189248],[21.733175,38.189201],[21.733332,38.189141],[21.733524,38.189038],[21.733733,38.188905],[21.733811,38.188856],[21.733929,38.188783],[21.734035,38.18872],[21.734084,38.188688],[21.734084,38.188688],[21.73416,38.188639],[21.734472,38.188439],[21.734668,38.188301],[21.734499,38.188173],[21.734393,38.188083],[21.73439,38.188055],[21.734423,38.187999],[21.734643,38.187867],[21.735041,38.187554],[21.735103,38.187512],[21.735167,38.18747],[21.735218,38.187439],[21.735282,38.18741],[21.735609,38.187302],[21.735524,38.187168],[21.735524,38.187168],[21.735609,38.187302],[21.735794,38.187236],[21.736016,38.187588],[21.735932,38.187619],[21.735932,38.187619],[21.73555,38.187761],[21.735504,38.187779],[21.735482,38.18779],[21.735447,38.187809],[21.735345,38.187877],[21.734797,38.188232],[21.734668,38.188301],[21.734472,38.188439],[21.73416,38.188639],[21.734092,38.188683],[21.734092,38.188683],[21.734035,38.18872],[21.733929,38.188783],[21.733811,38.188856],[21.733733,38.188905],[21.733524,38.189038],[21.733332,38.189141],[21.733175,38.189201],[21.733038,38.189248],[21.732978,38.189264],[21.732935,38.189273],[21.7329,38.189278],[21.732846,38.189281],[21.732828,38.18928],[21.732828,38.18928],[21.732747,38.189274],[21.732665,38.189299],[21.732556,38.18934],[21.732234,38.189487],[21.732017,38.18958],[21.73186,38.189648],[21.73176,38.189687],[21.731596,38.189748],[21.731411,38.18983],[21.731281,38.189898],[21.731221,38.189929],[21.73042,38.190382],[21.73018,38.190168],[21.730051,38.190043],[21.729897,38.189885],[21.729777,38.189761],[21.729656,38.189637],[21.729567,38.189548],[21.729567,38.189548],[21.729404,38.189391],[21.729084,38.189058],[21.728947,38.188907],[21.728802,38.18875],[21.728697,38.188621],[21.728644,38.188549],[21.728622,38.188517],[21.728534,38.188373],[21.728384,38.188102],[21.728286,38.187888],[21.728221,38.187725],[21.728221,38.187725],[21.728196,38.187663],[21.728052,38.187696],[21.728018,38.187711],[21.727808,38.187913],[21.727678,38.188068],[21.727494,38.188298],[21.727471,38.188312],[21.727433,38.188312],[21.727333,38.188278],[21.72729,38.188266],[21.727241,38.188257],[21.72718,38.188252],[21.726981,38.188242],[21.726875,38.188227],[21.726765,38.188209],[21.726741,38.188203],[21.726707,38.188193],[21.726651,38.188171],[21.726541,38.188125],[21.726485,38.188104],[21.726399,38.188077],[21.726349,38.188065],[21.726314,38.188058],[21.726283,38.188055],[21.726246,38.188054],[21.72619,38.188057],[21.726145,38.188062],[21.725988,38.188094],[21.725799,38.18814],[21.725564,38.188208],[21.725291,38.188292],[21.725041,38.188397],[21.724909,38.188463],[21.724891,38.188475],[21.724891,38.188475],[21.724822,38.18852],[21.724678,38.188624],[21.724563,38.188727],[21.724523,38.188818],[21.724484,38.188943],[21.724427,38.189099],[21.724374,38.189245],[21.724361,38.189279],[21.724326,38.189344],[21.724268,38.18943],[21.7242,38.189518],[21.724162,38.189565],[21.724079,38.189664],[21.724052,38.189698],[21.724008,38.189758],[21.723976,38.189807],[21.723932,38.189887],[21.723897,38.189961],[21.723881,38.19],[21.723869,38.190037],[21.723865,38.19006],[21.723863,38.190079],[21.723862,38.190099],[21.723863,38.190121],[21.723868,38.190155],[21.723881,38.190202],[21.723897,38.190248],[21.723922,38.190313],[21.72394,38.190371],[21.723945,38.190404],[21.723941,38.190431],[21.723931,38.190454],[21.72393,38.190456],[21.72392,38.190479],[21.723892,38.190479],[21.723617,38.190481],[21.723495,38.190481],[21.723443,38.190478],[21.723402,38.190475],[21.723363,38.190471],[21.723229,38.190449],[21.723137,38.190427],[21.723014,38.190389],[21.722841,38.190326],[21.722639,38.190248],[21.722136,38.190033],[21.721967,38.189928],[21.721689,38.189756],[21.721329,38.189545],[21.721166,38.189444],[21.720985,38.189353],[21.720751,38.189249],[21.720751,38.189249],[21.720656,38.189207],[21.720534,38.18915],[21.720169,38.188998],[21.719949,38.188907],[21.719468,38.188717],[21.719325,38.188665],[21.719174,38.188611],[21.719023,38.188562],[21.718953,38.188542],[21.718878,38.188522],[21.718786,38.1885],[21.718668,38.188474],[21.718312,38.188401],[21.718135,38.188365],[21.718,38.188339],[21.717833,38.188308],[21.717695,38.188287],[21.717444,38.188253],[21.717165,38.188225],[21.716929,38.188209],[21.716858,38.188203],[21.716858,38.188203],[21.716714,38.188192],[21.71655,38.188184],[21.7164,38.18818],[21.71624,38.188186],[21.716095,38.188194],[21.715988,38.188204],[21.715758,38.188227],[21.715557,38.188251],[21.715199,38.188303],[21.715044,38.188324],[21.714899,38.188341],[21.714667,38.188358],[21.714487,38.18837],[21.714238,38.188369],[21.714248,38.188419],[21.714264,38.188473],[21.714264,38.188473],[21.714269,38.188489],[21.714303,38.188552],[21.714362,38.188623],[21.714471,38.188705],[21.71479,38.188895],[21.715214,38.18913],[21.716214,38.189679],[21.716232,38.189695],[21.716242,38.189708],[21.716249,38.18972],[21.716251,38.189732],[21.716249,38.18975],[21.71624,38.189776],[21.716228,38.189801],[21.716211,38.189826],[21.716125,38.1899],[21.716018,38.189977],[21.715948,38.190043],[21.715833,38.190184],[21.715692,38.190415],[21.715663,38.190459],[21.71566,38.190463],[21.715623,38.190511],[21.715575,38.190563],[21.715526,38.190615],[21.715096,38.191055],[21.714947,38.191174],[21.714606,38.191468],[21.714245,38.191758],[21.714054,38.191886],[21.713966,38.191965],[21.713909,38.192023],[21.713858,38.192089],[21.71379,38.192196],[21.713656,38.192415],[21.713613,38.192484],[21.713575,38.192536],[21.713525,38.192591],[21.713496,38.192627],[21.713449,38.192689],[21.713419,38.192735],[21.713419,38.192735],[21.713357,38.192828],[21.713257,38.192979],[21.713237,38.193008],[21.713216,38.193036],[21.713131,38.193173],[21.713106,38.193218],[21.713005,38.193408],[21.712646,38.193264]]},"properties":{"line":"801","dir":"0","mode":"bus"}},{"type":"Feature","geometry":{"type":"LineString","coordinates":[[21.735324,38.249751],[21.733807,38.248544],[21.735251,38.247333],[21.736782,38.246102],[21.735857,38.245406],[21.733787,38.243789],[21.733395,38.243515],[21.733593,38.243324],[21.734373,38.242733],[21.735915,38.2421],[21.739118,38.240864],[21.741579,38.239906],[21.742535,38.239526],[21.74392,38.238775],[21.745043,38.23809],[21.745808,38.236551],[21.746476,38.23507],[21.746613,38.234788],[21.744196,38.232366],[21.743266,38.231324],[21.74225,38.23035],[21.741316,38.229517],[21.74092,38.228659],[21.740909,38.228362],[21.740818,38.2282],[21.740827,38.228035],[21.741598,38.227902],[21.74194,38.227604],[21.741993,38.227238],[21.742422,38.22537],[21.742654,38.224537],[21.742522,38.223469],[21.742504,38.222936],[21.741628,38.220397],[21.741254,38.218902],[21.740763,38.217433],[21.740651,38.216738],[21.740721,38.215748],[21.740752,38.215423],[21.739941,38.21389],[21.739517,38.212417],[21.739083,38.210903],[21.738218,38.208751],[21.737609,38.207256],[21.737353,38.20618],[21.736839,38.205112],[21.735414,38.203273],[21.735081,38.202958],[21.736046,38.202615],[21.73654,38.202435],[21.73713,38.202399],[21.738409,38.202241],[21.739207,38.202065],[21.739747,38.202057],[21.744082,38.201562],[21.744611,38.201488],[21.7448,38.201367],[21.745633,38.201179],[21.747616,38.200848],[21.747775,38.201378],[21.747628,38.200748],[21.745763,38.201105],[21.744761,38.201334],[21.744539,38.20146],[21.744038,38.201517],[21.74104,38.201876],[21.74045,38.201961],[21.739784,38.202013],[21.739334,38.202026],[21.739082,38.202049],[21.738398,38.202191],[21.737082,38.202359],[21.736638,38.202379],[21.735339,38.202811],[21.735048,38.202925],[21.734157,38.2023],[21.733733,38.201894],[21.733577,38.201413],[21.733391,38.19963],[21.733157,38.198801],[21.732751,38.197922],[21.731805,38.196417],[21.731595,38.195791],[21.731663,38.19514],[21.731946,38.193445],[21.732203,38.191778],[21.731865,38.191366],[21.730818,38.19071],[21.729537,38.189567],[21.728757,38.188734],[21.728192,38.187732],[21.728126,38.187672],[21.727487,38.188317],[21.726792,38.188238],[21.726273,38.18806],[21.725563,38.18822],[21.724906,38.188489],[21.724564,38.188729],[21.724334,38.189377],[21.723886,38.190042],[21.723953,38.190462],[21.723272,38.19047],[21.722486,38.190208],[21.720735,38.189272],[21.719417,38.188715],[21.718185,38.188381],[21.716855,38.188225],[21.716336,38.188192],[21.715288,38.188314],[21.714283,38.18847],[21.714355,38.188596],[21.715984,38.18954],[21.716267,38.189721],[21.716189,38.189866],[21.715903,38.190082],[21.715682,38.190467],[21.714777,38.191334],[21.714002,38.191944],[21.713432,38.19274],[21.713,38.1934],[21.712612,38.193218]]},"properties":{"line":"801","dir":"1","mode":"bus"}},{"type":"Feature","geometry":{"type":"LineString","coordinates":[[21.735329,38.249747],[21.734982,38.249479],[21.734717,38.249273],[21.734591,38.249167],[21.734201,38.248838],[21.733834,38.248528],[21.734198,38.248233],[21.734916,38.24765],[21.735185,38.247432],[21.735277,38.247357],[21.735277,38.247357],[21.735597,38.247097],[21.736138,38.246658],[21.736199,38.246608],[21.736814,38.246109],[21.736052,38.245524],[21.735878,38.245389],[21.735878,38.245389],[21.735134,38.244815],[21.73473,38.244503],[21.734348,38.244207],[21.73396,38.243912],[21.733793,38.243784],[21.733793,38.243784],[21.733651,38.243674],[21.733447,38.243517],[21.733637,38.243356],[21.733638,38.243356],[21.733748,38.243263],[21.73402,38.243034],[21.734283,38.242817],[21.734396,38.242746],[21.734459,38.242712],[21.734698,38.242624],[21.735266,38.242393],[21.735937,38.242136],[21.735937,38.242136],[21.736157,38.242052],[21.736892,38.241776],[21.737535,38.241533],[21.738192,38.241272],[21.738715,38.241069],[21.738768,38.241048],[21.738991,38.240961],[21.739142,38.240903],[21.739142,38.240903],[21.739253,38.24086],[21.739295,38.240845],[21.739733,38.240681],[21.741192,38.240118],[21.741609,38.239953],[21.741609,38.239953],[21.741659,38.239933],[21.741825,38.239868],[21.741915,38.239832],[21.742039,38.23978],[21.742145,38.239735],[21.74223,38.239693],[21.742467,38.239578],[21.742705,38.239451],[21.743026,38.239275],[21.743094,38.239236],[21.74357,38.23897],[21.74392,38.238775],[21.74392,38.238775],[21.74455,38.238421],[21.744789,38.238275],[21.744977,38.238156],[21.745137,38.238055],[21.745167,38.237993],[21.745205,38.237911],[21.745211,38.2379],[21.745265,38.237786],[21.745297,38.237716],[21.745509,38.237255],[21.745617,38.237012],[21.745694,38.236838],[21.745698,38.23683],[21.745839,38.236514],[21.746131,38.235917],[21.746355,38.235425],[21.746463,38.235189],[21.746534,38.235024],[21.746534,38.235024],[21.74664,38.234789],[21.746036,38.234215],[21.745638,38.233804],[21.745014,38.233198],[21.744982,38.233165],[21.744817,38.232998],[21.744707,38.232884],[21.744338,38.232483],[21.744218,38.232353],[21.744218,38.232353],[21.744081,38.232206],[21.744059,38.232181],[21.744017,38.232132],[21.743723,38.231809],[21.743487,38.231537],[21.743263,38.23128],[21.743169,38.231177],[21.74312,38.231127],[21.743059,38.231069],[21.742856,38.230885],[21.742771,38.230806],[21.742568,38.230624],[21.742486,38.230549],[21.742438,38.230506],[21.742438,38.230506],[21.742374,38.230449],[21.742157,38.230253],[21.742001,38.230113],[21.741842,38.22997],[21.741786,38.229923],[21.741779,38.229912],[21.7415,38.229662],[21.741432,38.229625],[21.741411,38.229613],[21.741386,38.229595],[21.741369,38.229583],[21.741348,38.229565],[21.741301,38.229516],[21.741284,38.229496],[21.741262,38.229468],[21.741246,38.229446],[21.741214,38.229392],[21.741188,38.229343],[21.741163,38.229288],[21.741131,38.229215],[21.741113,38.229142],[21.741068,38.228964],[21.741009,38.228752],[21.740991,38.228679],[21.740987,38.228653],[21.740987,38.228653],[21.740946,38.228381],[21.740908,38.228303],[21.740692,38.228045],[21.74085,38.228015],[21.741453,38.227917],[21.741649,38.227873],[21.741738,38.227812],[21.741885,38.227692],[21.741918,38.227661],[21.741948,38.227618],[21.741975,38.227566],[21.742051,38.227247],[21.742051,38.227247],[21.742122,38.226951],[21.742148,38.226831],[21.742307,38.226118],[21.742338,38.225978],[21.742416,38.225638],[21.742426,38.225593],[21.742436,38.225545],[21.742472,38.225377],[21.742472,38.225377],[21.742485,38.225316],[21.742568,38.224965],[21.742667,38.224551],[21.742664,38.224509],[21.742632,38.224177],[21.742597,38.223778],[21.74257,38.223466],[21.74257,38.223466],[21.742552,38.223262],[21.742533,38.223103],[21.742514,38.222967],[21.7425,38.222889],[21.742486,38.222827],[21.742466,38.222749],[21.742378,38.222489],[21.742284,38.222221],[21.742232,38.222074],[21.742185,38.221942],[21.7421,38.221685],[21.741992,38.221378],[21.741948,38.221245],[21.741796,38.220794],[21.741739,38.220608],[21.741683,38.220446],[21.741668,38.22039],[21.741668,38.22039],[21.741646,38.220312],[21.741518,38.219854],[21.741381,38.21932],[21.74133,38.219108],[21.741284,38.218924],[21.741271,38.21888],[21.741185,38.21864],[21.741178,38.218617],[21.741118,38.21844],[21.741088,38.218348],[21.741052,38.218241],[21.740906,38.217799],[21.74089,38.21774],[21.740871,38.217674],[21.740832,38.21752],[21.740809,38.217426],[21.740809,38.217426],[21.740755,38.217202],[21.740685,38.216862],[21.740678,38.216807],[21.740674,38.216725],[21.740683,38.216461],[21.740753,38.215751],[21.740753,38.215751],[21.740769,38.215592],[21.740778,38.215462],[21.740778,38.215406],[21.740764,38.215322],[21.740746,38.215268],[21.740721,38.2152],[21.740696,38.215152],[21.740151,38.214196],[21.740017,38.213962],[21.739925,38.213757],[21.73987,38.21359],[21.739838,38.213471],[21.739737,38.213098],[21.73969,38.212936],[21.73957,38.212445],[21.73957,38.212445],[21.739499,38.212227],[21.739395,38.211841],[21.739367,38.211748],[21.739285,38.21145],[21.73918,38.211054],[21.739129,38.210894],[21.739129,38.210894],[21.739117,38.210858],[21.739109,38.210847],[21.739054,38.210767],[21.739039,38.21073],[21.73899,38.210599],[21.738954,38.210506],[21.738938,38.21046],[21.738851,38.21024],[21.738789,38.210081],[21.738742,38.209973],[21.738707,38.209874],[21.738661,38.209726],[21.738579,38.209536],[21.738442,38.209225],[21.738315,38.208938],[21.738236,38.208746],[21.738236,38.208746],[21.738193,38.208641],[21.738103,38.208423],[21.738003,38.208187],[21.737938,38.208033],[21.737844,38.207811],[21.737805,38.207714],[21.73774,38.207545],[21.737732,38.207519],[21.737679,38.207366],[21.737642,38.20725],[21.737642,38.20725],[21.737639,38.207239],[21.73761,38.20714],[21.73756,38.206951],[21.737499,38.206711],[21.737474,38.206608],[21.737396,38.206272],[21.737365,38.206159],[21.737285,38.205948],[21.737235,38.205822],[21.737167,38.205663],[21.737116,38.205557],[21.737082,38.205487],[21.737056,38.205435],[21.737022,38.205365],[21.736991,38.205307],[21.73696,38.205247],[21.736875,38.205099],[21.736875,38.205099],[21.736849,38.205052],[21.736815,38.204998],[21.736717,38.204864],[21.736561,38.204658],[21.736333,38.204365],[21.736276,38.204286],[21.736131,38.204107],[21.735968,38.203903],[21.735741,38.20363],[21.735629,38.203482],[21.735565,38.203396],[21.735538,38.203363],[21.735431,38.203262],[21.735431,38.203262],[21.735113,38.202959],[21.734198,38.202321],[21.73413,38.202271],[21.733911,38.20208],[21.733847,38.202022],[21.733795,38.201965],[21.733759,38.201905],[21.7337,38.201782],[21.733637,38.201535],[21.733615,38.201409],[21.733615,38.201409],[21.733603,38.201337],[21.733589,38.201205],[21.733538,38.200644],[21.733513,38.200442],[21.7335,38.200291],[21.733484,38.200152],[21.733471,38.20003],[21.733441,38.199731],[21.733422,38.199627],[21.733422,38.199627],[21.733405,38.199533],[21.73327,38.199061],[21.733085,38.198583],[21.732877,38.198112],[21.732775,38.197914],[21.732775,38.197914],[21.732754,38.197873],[21.732731,38.197836],[21.732506,38.19746],[21.732271,38.197103],[21.732124,38.196872],[21.731975,38.19665],[21.731879,38.196501],[21.731823,38.196411],[21.73179,38.196354],[21.731744,38.196274],[21.731717,38.196223],[21.731686,38.196153],[21.731665,38.196102],[21.731651,38.19606],[21.731639,38.196016],[21.731631,38.19597],[21.731624,38.195921],[21.731619,38.195881],[21.731615,38.195829],[21.731612,38.195771],[21.731614,38.195707],[21.731622,38.195649],[21.731684,38.195259],[21.731704,38.195144],[21.731704,38.195144],[21.731832,38.194396],[21.731916,38.193875],[21.731966,38.193446],[21.731966,38.193446],[21.731974,38.193381],[21.732026,38.193065],[21.732098,38.192636],[21.732142,38.192402],[21.732174,38.192217],[21.732213,38.191987],[21.732228,38.191884],[21.732221,38.191808],[21.732212,38.191777],[21.732194,38.191719],[21.732151,38.191633],[21.732085,38.19155],[21.731985,38.19145],[21.731858,38.191348],[21.731731,38.191256],[21.731433,38.19106],[21.73137,38.191018],[21.730951,38.190764],[21.730835,38.190693],[21.730835,38.190693],[21.730697,38.190604],[21.730609,38.190542],[21.730531,38.190483],[21.73042,38.190382],[21.73018,38.190168],[21.730051,38.190043],[21.729897,38.189885],[21.729777,38.189761],[21.729656,38.189637],[21.729567,38.189548],[21.729567,38.189548],[21.729404,38.189391],[21.729084,38.189058],[21.728947,38.188907],[21.728802,38.18875],[21.728697,38.188621],[21.728644,38.188549],[21.728622,38.188517],[21.728534,38.188373],[21.728384,38.188102],[21.728286,38.187888],[21.728221,38.187725],[21.728221,38.187725],[21.728196,38.187663],[21.727885,38.18669],[21.72785,38.186569],[21.727773,38.186374],[21.727695,38.186246],[21.727558,38.18603],[21.727373,38.185761],[21.727335,38.185706],[21.727313,38.185669],[21.727313,38.185669],[21.727146,38.185382],[21.726999,38.185093],[21.726923,38.184896],[21.726872,38.184694],[21.726829,38.184498],[21.726808,38.184409],[21.726786,38.184262],[21.726786,38.184093],[21.726798,38.183904],[21.726816,38.183738],[21.726829,38.183695],[21.72688,38.18352],[21.72694,38.183324],[21.727,38.183189],[21.72706,38.183095],[21.727232,38.182879],[21.727489,38.182602],[21.727627,38.182485],[21.727627,38.182485],[21.727996,38.182171],[21.728416,38.181833],[21.728554,38.181698],[21.7287,38.181536],[21.728836,38.181361],[21.728937,38.181087],[21.728954,38.18083],[21.728917,38.180538],[21.728839,38.180251],[21.728717,38.180029],[21.728717,38.180029],[21.728633,38.179876],[21.728312,38.179297],[21.728069,38.178914],[21.727883,38.178561],[21.727802,38.178322],[21.727744,38.178118],[21.72772,38.177886],[21.727727,38.177661],[21.727791,38.177443],[21.727876,38.177217],[21.727971,38.176986],[21.728069,38.176797],[21.728204,38.176574],[21.729322,38.175065],[21.729579,38.174627],[21.729748,38.174191],[21.729822,38.173917],[21.729843,38.173713],[21.729856,38.173461],[21.730048,38.172694],[21.730226,38.172106],[21.730297,38.17185],[21.730321,38.171646],[21.730324,38.17145],[21.730262,38.171186],[21.730159,38.170943],[21.730047,38.170734],[21.729914,38.170516],[21.729802,38.170343],[21.729441,38.169803],[21.729266,38.169531],[21.72917,38.169335],[21.72906,38.169054],[21.729009,38.168858],[21.728974,38.168582],[21.728973,38.168523],[21.728966,38.168305],[21.729032,38.166672],[21.729022,38.166279],[21.729004,38.166169],[21.728986,38.166064],[21.728963,38.165916],[21.72893,38.165781],[21.72866,38.164854],[21.728524,38.164363],[21.728502,38.164242],[21.728447,38.163954],[21.728433,38.163856],[21.72844,38.163671],[21.728487,38.163294],[21.728691,38.16155],[21.728906,38.15962],[21.728993,38.159174],[21.729085,38.158771],[21.728657,38.158861],[21.72857,38.158889],[21.72857,38.158889],[21.728434,38.158933],[21.728335,38.159001],[21.728294,38.15908],[21.728271,38.159216],[21.72813,38.160027],[21.727833,38.161482],[21.727751,38.161897],[21.727751,38.161897],[21.727455,38.163406],[21.72757,38.163414],[21.72757,38.163414],[21.728313,38.163466],[21.728622,38.163482],[21.729151,38.163495],[21.729278,38.163486],[21.729278,38.163486],[21.729473,38.163473],[21.729824,38.16346],[21.730044,38.163447],[21.73013,38.16344],[21.730288,38.163378],[21.73038,38.163269],[21.730395,38.163185],[21.730415,38.16303],[21.730415,38.16303],[21.730418,38.163003],[21.730454,38.162789],[21.730503,38.162625],[21.730624,38.162407],[21.730725,38.162204],[21.730827,38.162052],[21.730882,38.161999],[21.730992,38.161927],[21.731307,38.161808],[21.731384,38.16178],[21.73166,38.161709],[21.731935,38.161679],[21.732215,38.161698]]},"properties":{"line":"803","dir":"Καλλιθέα - Τέρμα","mode":"bus"}},{"type":"Feature","geometry":{"type":"LineString","coordinates":[[21.712586,38.19324],[21.712534,38.19322],[21.711849,38.192941],[21.711085,38.192632],[21.710309,38.192313],[21.710309,38.192313],[21.710269,38.192296],[21.710236,38.192281],[21.710164,38.192226],[21.710985,38.19098],[21.709909,38.190926],[21.709909,38.190926],[21.709634,38.19092],[21.70937,38.190939],[21.709338,38.19094],[21.709303,38.190937],[21.709264,38.19093],[21.709172,38.190903],[21.709242,38.190791],[21.707961,38.190978],[21.706141,38.191241],[21.705316,38.191334],[21.704619,38.191388],[21.704619,38.191388],[21.70442,38.191403],[21.704381,38.19089],[21.70435,38.190506],[21.704325,38.190213],[21.704543,38.190011],[21.704507,38.1898],[21.704507,38.1898],[21.704416,38.189265],[21.704116,38.188793],[21.704164,38.188617],[21.704184,38.188433],[21.704206,38.188313],[21.70423,38.188229],[21.704263,38.18816],[21.704305,38.188091],[21.70437,38.188002],[21.704429,38.187938],[21.704472,38.187889],[21.704472,38.187889],[21.704535,38.187839],[21.704615,38.187797],[21.70471,38.187749],[21.704791,38.187704],[21.704833,38.187669],[21.704867,38.187613],[21.705021,38.187632],[21.705128,38.187643],[21.705362,38.187665],[21.705474,38.187677],[21.705474,38.187677],[21.705869,38.187719],[21.706421,38.187779],[21.706934,38.187826],[21.707251,38.187857],[21.707395,38.18787],[21.707538,38.187881],[21.707673,38.187889],[21.707812,38.187894],[21.707851,38.187895],[21.707851,38.187895],[21.707971,38.187897],[21.708188,38.187896],[21.708451,38.187891],[21.709146,38.187879],[21.709254,38.187879],[21.709385,38.187882],[21.709571,38.187888],[21.709733,38.187894],[21.709895,38.187902],[21.710059,38.187914],[21.710262,38.18793],[21.710415,38.187935],[21.710532,38.187936],[21.710532,38.187936],[21.710582,38.187937],[21.710705,38.187938],[21.710821,38.187937],[21.710897,38.187933],[21.710989,38.187926],[21.71116,38.187908],[21.711449,38.187871],[21.711723,38.187841],[21.711947,38.187822],[21.712079,38.187815],[21.712227,38.187813],[21.712341,38.187818],[21.712448,38.187825],[21.712552,38.187841],[21.712638,38.187858],[21.712763,38.187893],[21.712856,38.187922],[21.712966,38.187956],[21.713281,38.18806],[21.713517,38.188137],[21.713517,38.188137],[21.713763,38.188218],[21.714132,38.188347],[21.714238,38.188369],[21.714269,38.188369],[21.714269,38.188369],[21.714487,38.18837],[21.714667,38.188358],[21.714899,38.188341],[21.715044,38.188324],[21.715199,38.188303],[21.715557,38.188251],[21.715758,38.188227],[21.715988,38.188204],[21.716095,38.188194],[21.71624,38.188186],[21.7164,38.18818],[21.71655,38.188184],[21.716714,38.188192],[21.716804,38.188199],[21.716804,38.188199],[21.716929,38.188209],[21.717165,38.188225],[21.717444,38.188253],[21.717695,38.188287],[21.717833,38.188308],[21.718,38.188339],[21.718135,38.188365],[21.718312,38.188401],[21.718668,38.188474],[21.718786,38.1885],[21.718878,38.188522],[21.718953,38.188542],[21.719023,38.188562],[21.719174,38.188611],[21.719325,38.188665],[21.719468,38.188717],[21.719949,38.188907],[21.720169,38.188998],[21.720534,38.18915],[21.720656,38.189207],[21.720894,38.189313],[21.720894,38.189313],[21.720985,38.189353],[21.721166,38.189444],[21.721329,38.189545],[21.721689,38.189756],[21.721967,38.189928],[21.722136,38.190033],[21.722639,38.190248],[21.722841,38.190326],[21.723014,38.190389],[21.723137,38.190427],[21.723229,38.190449],[21.723363,38.190471],[21.723402,38.190475],[21.723443,38.190478],[21.723495,38.190481],[21.723617,38.190481],[21.723892,38.190479],[21.72392,38.190479],[21.723923,38.190491],[21.723927,38.190501],[21.723947,38.19053],[21.723947,38.19053],[21.723962,38.190552],[21.724106,38.190744],[21.724249,38.190934],[21.724376,38.191113],[21.724677,38.191512],[21.724796,38.191665],[21.724861,38.191752],[21.72516,38.192141],[21.725284,38.19231],[21.725326,38.192385],[21.725354,38.192464],[21.725369,38.192553],[21.725374,38.192608],[21.725372,38.192652],[21.725372,38.192652],[21.72537,38.192693],[21.725352,38.192779],[21.725325,38.192871],[21.725196,38.193266],[21.725177,38.193322],[21.725138,38.193417],[21.725065,38.193571],[21.725032,38.193639],[21.725008,38.193699],[21.72499,38.19376],[21.724992,38.19381],[21.724993,38.193824],[21.725005,38.193863],[21.725018,38.193899],[21.72503,38.193923],[21.725047,38.193944],[21.725073,38.193975],[21.725108,38.194002],[21.725146,38.194029],[21.725206,38.194064],[21.725263,38.194086],[21.725533,38.194178],[21.725762,38.194261],[21.725762,38.194261],[21.725894,38.194309],[21.726135,38.194395],[21.726191,38.194413],[21.72634,38.194452],[21.727041,38.194611],[21.727541,38.194726],[21.727952,38.194819],[21.728147,38.194864],[21.728147,38.194864],[21.728285,38.194895],[21.728997,38.195057],[21.729726,38.195224],[21.731523,38.195627],[21.731523,38.195627],[21.731622,38.195649],[21.731614,38.195707],[21.731612,38.195771],[21.731615,38.195829],[21.731619,38.195881],[21.731624,38.195921],[21.731631,38.19597],[21.731639,38.196016],[21.731651,38.19606],[21.731665,38.196102],[21.731686,38.196153],[21.731717,38.196223],[21.731744,38.196274],[21.73179,38.196354],[21.731823,38.196411],[21.731879,38.196501],[21.731975,38.19665],[21.732124,38.196872],[21.732271,38.197103],[21.732506,38.19746],[21.732731,38.197836],[21.732754,38.197873],[21.732789,38.197941],[21.732789,38.197941],[21.732877,38.198112],[21.733085,38.198583],[21.73327,38.199061],[21.733405,38.199533],[21.733424,38.199635],[21.733424,38.199635],[21.733441,38.199731],[21.733471,38.20003],[21.733484,38.200152],[21.7335,38.200291],[21.733513,38.200442],[21.733538,38.200644],[21.733589,38.201205],[21.733603,38.201337],[21.733618,38.201424],[21.733618,38.201424],[21.733637,38.201535],[21.7337,38.201782],[21.733759,38.201905],[21.733795,38.201965],[21.733847,38.202022],[21.733911,38.20208],[21.73413,38.202271],[21.734198,38.202321],[21.735113,38.202959],[21.735483,38.203311],[21.735483,38.203311],[21.735538,38.203363],[21.735565,38.203396],[21.735629,38.203482],[21.735741,38.20363],[21.735968,38.203903],[21.736131,38.204107],[21.736276,38.204286],[21.736333,38.204365],[21.736561,38.204658],[21.736717,38.204864],[21.736815,38.204998],[21.736849,38.205052],[21.73687,38.20509],[21.736894,38.205132],[21.736894,38.205132],[21.73696,38.205247],[21.736991,38.205307],[21.737022,38.205365],[21.737056,38.205435],[21.737082,38.205487],[21.737116,38.205557],[21.737167,38.205663],[21.737235,38.205822],[21.737285,38.205948],[21.737365,38.206159],[21.737396,38.206272],[21.737474,38.206608],[21.737499,38.206711],[21.73756,38.206951],[21.73761,38.20714],[21.737639,38.207239],[21.737639,38.207239],[21.737679,38.207366],[21.737732,38.207519],[21.73774,38.207545],[21.737805,38.207714],[21.737844,38.207811],[21.737938,38.208033],[21.738003,38.208187],[21.738103,38.208423],[21.738193,38.208641],[21.738241,38.208758],[21.738241,38.208758],[21.738315,38.208938],[21.738442,38.209225],[21.738579,38.209536],[21.738661,38.209726],[21.73875,38.209872],[21.738804,38.209964],[21.738852,38.210063],[21.73889,38.210154],[21.738919,38.210222],[21.739025,38.210496],[21.739061,38.210586],[21.739082,38.210668],[21.739101,38.210753],[21.739117,38.210858],[21.739131,38.210902],[21.739131,38.210902],[21.73918,38.211054],[21.739285,38.21145],[21.739367,38.211748],[21.739395,38.211841],[21.739499,38.212227],[21.73957,38.212445],[21.739575,38.212464],[21.739575,38.212464],[21.73969,38.212936],[21.739737,38.213098],[21.739838,38.213471],[21.73987,38.21359],[21.739925,38.213757],[21.740017,38.213962],[21.740151,38.214196],[21.740696,38.215152],[21.740721,38.2152],[21.740746,38.215268],[21.740764,38.215322],[21.740778,38.215406],[21.740778,38.215462],[21.740769,38.215592],[21.740752,38.215767],[21.740752,38.215767],[21.740683,38.216461],[21.740674,38.216725],[21.740678,38.216807],[21.740685,38.216862],[21.740755,38.217202],[21.740804,38.217405],[21.740829,38.21751],[21.740829,38.21751],[21.740832,38.21752],[21.740871,38.217674],[21.74089,38.21774],[21.740906,38.217799],[21.741052,38.218241],[21.741088,38.218348],[21.741118,38.21844],[21.741178,38.218617],[21.741185,38.21864],[21.741271,38.21888],[21.741284,38.218924],[21.74133,38.219108],[21.741381,38.21932],[21.741518,38.219854],[21.741646,38.220312],[21.74165,38.220325],[21.74165,38.220325],[21.741683,38.220446],[21.741739,38.220608],[21.741796,38.220794],[21.741948,38.221245],[21.741992,38.221378],[21.7421,38.221685],[21.742185,38.221942],[21.742232,38.222074],[21.742284,38.222221],[21.742378,38.222489],[21.742466,38.222749],[21.742486,38.222827],[21.7425,38.222889],[21.742514,38.222967],[21.742533,38.223103],[21.742552,38.223262],[21.742583,38.223613],[21.742583,38.223613],[21.742601,38.223824],[21.742632,38.224177],[21.742664,38.224509],[21.742667,38.224551],[21.742568,38.224965],[21.742485,38.225316],[21.742436,38.225545],[21.742426,38.225593],[21.742416,38.225638],[21.742338,38.225978],[21.742307,38.226118],[21.742148,38.226831],[21.742122,38.226951],[21.742046,38.22727],[21.742046,38.22727],[21.741975,38.227566],[21.741948,38.227618],[21.741918,38.227661],[21.741885,38.227692],[21.741738,38.227812],[21.741649,38.227873],[21.741125,38.228235],[21.74106,38.228275],[21.741013,38.228315],[21.740946,38.228381],[21.740991,38.228679],[21.741009,38.228752],[21.741041,38.228867],[21.741041,38.228867],[21.741068,38.228964],[21.741111,38.229033],[21.741193,38.229197],[21.741229,38.229266],[21.741269,38.229351],[21.741314,38.229427],[21.741455,38.229578],[21.7415,38.229662],[21.741779,38.229912],[21.741786,38.229923],[21.741842,38.22997],[21.742001,38.230113],[21.742157,38.230253],[21.742374,38.230449],[21.742438,38.230506],[21.742438,38.230506],[21.742486,38.230549],[21.742568,38.230624],[21.742771,38.230806],[21.742856,38.230885],[21.743059,38.231069],[21.74312,38.231127],[21.743169,38.231177],[21.743263,38.23128],[21.743487,38.231537],[21.743723,38.231809],[21.744017,38.232132],[21.744059,38.232181],[21.744081,38.232206],[21.744171,38.232303],[21.744171,38.232303],[21.744338,38.232483],[21.744707,38.232884],[21.744817,38.232998],[21.744982,38.233165],[21.745014,38.233198],[21.745638,38.233804],[21.746036,38.234215],[21.746211,38.234412],[21.74623,38.234434],[21.746271,38.234476],[21.746316,38.23452],[21.746372,38.234564],[21.746532,38.234686],[21.746579,38.234713],[21.746658,38.234748],[21.746815,38.234798],[21.746792,38.23485],[21.746579,38.235309],[21.746579,38.235309],[21.746531,38.235411],[21.746277,38.235947],[21.746251,38.236001],[21.746159,38.236196],[21.745997,38.236538],[21.74558,38.237445],[21.74558,38.237445],[21.745455,38.237716],[21.745429,38.237773],[21.745394,38.237851],[21.745351,38.237927],[21.745137,38.238055],[21.744977,38.238156],[21.744789,38.238275],[21.74455,38.238421],[21.743984,38.238739],[21.743846,38.238816],[21.743846,38.238816],[21.74357,38.23897],[21.743094,38.239236],[21.743026,38.239275],[21.742705,38.239451],[21.742467,38.239578],[21.74223,38.239693],[21.742145,38.239735],[21.742039,38.23978],[21.741915,38.239832],[21.741825,38.239868],[21.741659,38.239933],[21.741443,38.240018],[21.741443,38.240018],[21.741192,38.240118],[21.739733,38.240681],[21.739295,38.240845],[21.739253,38.24086],[21.738939,38.240981],[21.738939,38.240981],[21.738768,38.241048],[21.738715,38.241069],[21.738192,38.241272],[21.737535,38.241533],[21.736892,38.241776],[21.736157,38.242052],[21.735984,38.242118],[21.735984,38.242118],[21.735266,38.242393],[21.734698,38.242624],[21.734459,38.242712],[21.734396,38.242746],[21.734283,38.242817],[21.73402,38.243034],[21.733748,38.243263],[21.733745,38.243266],[21.733124,38.243789],[21.732856,38.244015],[21.733369,38.244419],[21.733759,38.24471],[21.733895,38.244814],[21.733895,38.244814],[21.734125,38.24499],[21.734471,38.245263],[21.73453,38.245309],[21.734795,38.245508],[21.735047,38.245698],[21.735101,38.245739],[21.735109,38.245744],[21.735123,38.245751],[21.735139,38.245757],[21.735156,38.245761],[21.735177,38.245764],[21.735213,38.245766],[21.735225,38.245766],[21.735242,38.245764],[21.735253,38.245762],[21.735258,38.24576],[21.735347,38.245698],[21.735418,38.245679],[21.735489,38.245692],[21.735675,38.245827],[21.73576,38.245886],[21.73576,38.245886],[21.735797,38.245912],[21.735813,38.245947],[21.735811,38.24598],[21.735793,38.246043],[21.735758,38.246111],[21.735725,38.246176],[21.735725,38.246216],[21.73575,38.246247],[21.735758,38.246254],[21.736179,38.246591],[21.736199,38.246608],[21.737009,38.247251],[21.737513,38.247632],[21.737513,38.247632],[21.73805,38.248039],[21.737828,38.248221],[21.737828,38.248221],[21.737446,38.248534],[21.736495,38.249311],[21.736495,38.249311],[21.736033,38.249689],[21.736488,38.25005],[21.736828,38.25032],[21.73689,38.250369],[21.737465,38.250825],[21.737536,38.250886],[21.73768,38.251185],[21.73768,38.251185],[21.737852,38.251543],[21.737881,38.25162],[21.738057,38.252134],[21.738275,38.252965],[21.738337,38.253189]]},"properties":{"line":"804","dir":"0","mode":"bus"}},{"type":"Feature","geometry":{"type":"LineString","coordinates":[[21.712586,38.19324],[21.712534,38.19322],[21.711849,38.192941],[21.711085,38.192632],[21.710309,38.192313],[21.710309,38.192313],[21.710269,38.192296],[21.710236,38.192281],[21.710164,38.192226],[21.710999,38.19096],[21.709909,38.190926],[21.709909,38.190926],[21.709639,38.190916],[21.70937,38.190939],[21.709338,38.19094],[21.709303,38.190937],[21.709264,38.19093],[21.709172,38.190903],[21.709242,38.190791],[21.707961,38.190978],[21.706141,38.191241],[21.705316,38.191334],[21.704619,38.191388],[21.704619,38.191388],[21.70442,38.191403],[21.704381,38.19089],[21.70435,38.190506],[21.704325,38.190213],[21.704543,38.190011],[21.704507,38.1898],[21.704507,38.1898],[21.704416,38.189265],[21.704116,38.188793],[21.704164,38.188617],[21.704184,38.188433],[21.704206,38.188313],[21.70423,38.188229],[21.704263,38.18816],[21.704305,38.188091],[21.70437,38.188002],[21.704429,38.187938],[21.704472,38.187889],[21.704472,38.187889],[21.704535,38.187839],[21.704615,38.187797],[21.70471,38.187749],[21.704791,38.187704],[21.704833,38.187669],[21.704867,38.187613],[21.705021,38.187632],[21.705128,38.187643],[21.705362,38.187665],[21.705474,38.187677],[21.705474,38.187677],[21.705869,38.187719],[21.706421,38.187779],[21.706934,38.187826],[21.707251,38.187857],[21.707395,38.18787],[21.707538,38.187881],[21.707673,38.187889],[21.707812,38.187894],[21.707851,38.187895],[21.707851,38.187895],[21.707971,38.187897],[21.708188,38.187896],[21.708451,38.187891],[21.709146,38.187879],[21.709254,38.187879],[21.709385,38.187882],[21.709571,38.187888],[21.709733,38.187894],[21.709895,38.187902],[21.710059,38.187914],[21.710262,38.18793],[21.710415,38.187935],[21.710532,38.187936],[21.710532,38.187936],[21.710582,38.187937],[21.710705,38.187938],[21.710821,38.187937],[21.710897,38.187933],[21.710989,38.187926],[21.71116,38.187908],[21.711449,38.187871],[21.711723,38.187841],[21.711947,38.187822],[21.712079,38.187815],[21.712227,38.187813],[21.712341,38.187818],[21.712448,38.187825],[21.712552,38.187841],[21.712638,38.187858],[21.712763,38.187893],[21.712856,38.187922],[21.712966,38.187956],[21.713281,38.18806],[21.713517,38.188137],[21.713517,38.188137],[21.713763,38.188218],[21.714132,38.188347],[21.714238,38.188369],[21.714269,38.188369],[21.714269,38.188369],[21.714487,38.18837],[21.714667,38.188358],[21.714899,38.188341],[21.715044,38.188324],[21.715199,38.188303],[21.715557,38.188251],[21.715758,38.188227],[21.715988,38.188204],[21.716095,38.188194],[21.71624,38.188186],[21.7164,38.18818],[21.71655,38.188184],[21.716714,38.188192],[21.716804,38.188199],[21.716804,38.188199],[21.716929,38.188209],[21.717165,38.188225],[21.717444,38.188253],[21.717695,38.188287],[21.717833,38.188308],[21.718,38.188339],[21.718135,38.188365],[21.718312,38.188401],[21.718668,38.188474],[21.718786,38.1885],[21.718878,38.188522],[21.718953,38.188542],[21.719023,38.188562],[21.719174,38.188611],[21.719325,38.188665],[21.719468,38.188717],[21.719949,38.188907],[21.720169,38.188998],[21.720534,38.18915],[21.720656,38.189207],[21.720894,38.189313],[21.720894,38.189313],[21.720985,38.189353],[21.721166,38.189444],[21.721329,38.189545],[21.721689,38.189756],[21.721967,38.189928],[21.722136,38.190033],[21.722639,38.190248],[21.722841,38.190326],[21.723014,38.190389],[21.723137,38.190427],[21.723229,38.190449],[21.723363,38.190471],[21.723402,38.190475],[21.723443,38.190478],[21.723495,38.190481],[21.723617,38.190481],[21.723892,38.190479],[21.72392,38.190479],[21.723923,38.190491],[21.723927,38.190501],[21.723947,38.19053],[21.723947,38.19053],[21.723962,38.190552],[21.724106,38.190744],[21.724249,38.190934],[21.724376,38.191113],[21.724677,38.191512],[21.724796,38.191665],[21.724861,38.191752],[21.72516,38.192141],[21.725284,38.19231],[21.725326,38.192385],[21.725354,38.192464],[21.725369,38.192553],[21.725374,38.192608],[21.725372,38.192652],[21.725372,38.192652],[21.72537,38.192693],[21.725352,38.192779],[21.725325,38.192871],[21.725196,38.193266],[21.725177,38.193322],[21.725138,38.193417],[21.725065,38.193571],[21.725032,38.193639],[21.725008,38.193699],[21.72499,38.19376],[21.724992,38.19381],[21.724993,38.193824],[21.725005,38.193863],[21.725018,38.193899],[21.72503,38.193923],[21.725047,38.193944],[21.725073,38.193975],[21.725108,38.194002],[21.725146,38.194029],[21.725206,38.194064],[21.725263,38.194086],[21.725533,38.194178],[21.725762,38.194261],[21.725762,38.194261],[21.725894,38.194309],[21.726135,38.194395],[21.726191,38.194413],[21.72634,38.194452],[21.727041,38.194611],[21.727541,38.194726],[21.727952,38.194819],[21.728147,38.194864],[21.728147,38.194864],[21.728285,38.194895],[21.728997,38.195057],[21.729726,38.195224],[21.731523,38.195627],[21.731523,38.195627],[21.731622,38.195649],[21.731614,38.195707],[21.731612,38.195771],[21.731615,38.195829],[21.731619,38.195881],[21.731624,38.195921],[21.731631,38.19597],[21.731639,38.196016],[21.731651,38.19606],[21.731665,38.196102],[21.731686,38.196153],[21.731717,38.196223],[21.731744,38.196274],[21.73179,38.196354],[21.731823,38.196411],[21.731879,38.196501],[21.731975,38.19665],[21.732124,38.196872],[21.732271,38.197103],[21.732506,38.19746],[21.732731,38.197836],[21.732754,38.197873],[21.732789,38.197941],[21.732789,38.197941],[21.732877,38.198112],[21.733085,38.198583],[21.73327,38.199061],[21.733405,38.199533],[21.733424,38.199635],[21.733424,38.199635],[21.733441,38.199731],[21.733471,38.20003],[21.733484,38.200152],[21.7335,38.200291],[21.733513,38.200442],[21.733538,38.200644],[21.733589,38.201205],[21.733603,38.201337],[21.733618,38.201424],[21.733618,38.201424],[21.733637,38.201535],[21.7337,38.201782],[21.733759,38.201905],[21.733795,38.201965],[21.733847,38.202022],[21.733911,38.20208],[21.73413,38.202271],[21.734198,38.202321],[21.735113,38.202959],[21.735211,38.202884],[21.735341,38.202823],[21.735438,38.202799],[21.735645,38.202742],[21.736084,38.202601],[21.736375,38.20249],[21.736469,38.202438],[21.736623,38.202404],[21.736739,38.202386],[21.73695,38.202377],[21.737078,38.202373],[21.737078,38.202373],[21.737267,38.202368],[21.737477,38.202344],[21.737769,38.202297],[21.737894,38.202288],[21.738176,38.202262],[21.738285,38.202244],[21.738533,38.202191],[21.738694,38.202151],[21.738828,38.202123],[21.73899,38.202088],[21.739146,38.202058],[21.73922,38.202051],[21.739689,38.202043],[21.739689,38.202043],[21.73977,38.202042],[21.739928,38.202037],[21.740096,38.202028],[21.740302,38.20201],[21.740546,38.201984],[21.740705,38.201965],[21.741192,38.201895],[21.741741,38.20182],[21.742226,38.201761],[21.742755,38.201694],[21.743293,38.201631],[21.743824,38.201572],[21.744048,38.201548],[21.744048,38.201548],[21.744344,38.201516],[21.74454,38.20149],[21.744598,38.201478],[21.744617,38.20147],[21.744751,38.20138],[21.744772,38.201363],[21.744803,38.201351],[21.745262,38.201243],[21.745776,38.201132],[21.74763,38.200786],[21.747692,38.201048],[21.747633,38.200757],[21.745776,38.201132],[21.745262,38.201243],[21.744803,38.201351],[21.744772,38.201363],[21.744751,38.20138],[21.744617,38.20147],[21.744598,38.201478],[21.74454,38.20149],[21.744344,38.201516],[21.744038,38.201549],[21.744038,38.201549],[21.743824,38.201572],[21.743293,38.201631],[21.742755,38.201694],[21.742226,38.201761],[21.741741,38.20182],[21.741192,38.201895],[21.740705,38.201965],[21.740546,38.201984],[21.740302,38.20201],[21.740096,38.202028],[21.739928,38.202037],[21.739822,38.20204],[21.739822,38.20204],[21.73977,38.202042],[21.73922,38.202051],[21.739146,38.202058],[21.73899,38.202088],[21.738828,38.202123],[21.738694,38.202151],[21.738533,38.202191],[21.738285,38.202244],[21.738176,38.202262],[21.737894,38.202288],[21.737769,38.202297],[21.737477,38.202344],[21.737267,38.202368],[21.737083,38.202373],[21.737083,38.202373],[21.73695,38.202377],[21.736739,38.202386],[21.736623,38.202404],[21.736469,38.202438],[21.736375,38.20249],[21.736084,38.202601],[21.735645,38.202742],[21.735438,38.202799],[21.735341,38.202823],[21.735211,38.202884],[21.735113,38.202959],[21.735483,38.203311],[21.735483,38.203311],[21.735538,38.203363],[21.735565,38.203396],[21.735629,38.203482],[21.735741,38.20363],[21.735968,38.203903],[21.736131,38.204107],[21.736276,38.204286],[21.736333,38.204365],[21.736561,38.204658],[21.736717,38.204864],[21.736815,38.204998],[21.736849,38.205052],[21.73687,38.20509],[21.736894,38.205132],[21.736894,38.205132],[21.73696,38.205247],[21.736991,38.205307],[21.737022,38.205365],[21.737056,38.205435],[21.737082,38.205487],[21.737116,38.205557],[21.737167,38.205663],[21.737235,38.205822],[21.737285,38.205948],[21.737365,38.206159],[21.737396,38.206272],[21.737474,38.206608],[21.737499,38.206711],[21.73756,38.206951],[21.73761,38.20714],[21.737639,38.207239],[21.737639,38.207239],[21.737679,38.207366],[21.737732,38.207519],[21.73774,38.207545],[21.737805,38.207714],[21.737844,38.207811],[21.737938,38.208033],[21.738003,38.208187],[21.738103,38.208423],[21.738193,38.208641],[21.738241,38.208758],[21.738241,38.208758],[21.738315,38.208938],[21.738442,38.209225],[21.738579,38.209536],[21.738661,38.209726],[21.73875,38.209872],[21.738804,38.209964],[21.738852,38.210063],[21.73889,38.210154],[21.738919,38.210222],[21.739025,38.210496],[21.739061,38.210586],[21.739082,38.210668],[21.739101,38.210753],[21.739117,38.210858],[21.739131,38.210902],[21.739131,38.210902],[21.73918,38.211054],[21.739285,38.21145],[21.739367,38.211748],[21.739395,38.211841],[21.739499,38.212227],[21.73957,38.212445],[21.739575,38.212464],[21.739575,38.212464],[21.73969,38.212936],[21.739737,38.213098],[21.739838,38.213471],[21.73987,38.21359],[21.739925,38.213757],[21.740017,38.213962],[21.740151,38.214196],[21.740696,38.215152],[21.740721,38.2152],[21.740746,38.215268],[21.740764,38.215322],[21.740778,38.215406],[21.740778,38.215462],[21.740769,38.215592],[21.740752,38.215767],[21.740752,38.215767],[21.740683,38.216461],[21.740674,38.216725],[21.740678,38.216807],[21.740685,38.216862],[21.740755,38.217202],[21.740804,38.217405],[21.740829,38.21751],[21.740829,38.21751],[21.740832,38.21752],[21.740871,38.217674],[21.74089,38.21774],[21.740906,38.217799],[21.741052,38.218241],[21.741088,38.218348],[21.741118,38.21844],[21.741178,38.218617],[21.741185,38.21864],[21.741271,38.21888],[21.741284,38.218924],[21.74133,38.219108],[21.741381,38.21932],[21.741518,38.219854],[21.741646,38.220312],[21.74165,38.220325],[21.74165,38.220325],[21.741683,38.220446],[21.741739,38.220608],[21.741796,38.220794],[21.741948,38.221245],[21.741992,38.221378],[21.7421,38.221685],[21.742185,38.221942],[21.742232,38.222074],[21.742284,38.222221],[21.742378,38.222489],[21.742466,38.222749],[21.742486,38.222827],[21.7425,38.222889],[21.742514,38.222967],[21.742533,38.223103],[21.742552,38.223262],[21.742583,38.223613],[21.742583,38.223613],[21.742601,38.223824],[21.742632,38.224177],[21.742664,38.224509],[21.742667,38.224551],[21.742568,38.224965],[21.742485,38.225316],[21.742436,38.225545],[21.742426,38.225593],[21.742416,38.225638],[21.742338,38.225978],[21.742307,38.226118],[21.742148,38.226831],[21.742122,38.226951],[21.742046,38.22727],[21.742046,38.22727],[21.741975,38.227566],[21.741948,38.227618],[21.741918,38.227661],[21.741885,38.227692],[21.741738,38.227812],[21.741649,38.227873],[21.741125,38.228235],[21.74106,38.228275],[21.741013,38.228315],[21.740946,38.228381],[21.740991,38.228679],[21.741009,38.228752],[21.741041,38.228867],[21.741041,38.228867],[21.741068,38.228964],[21.741111,38.229033],[21.741193,38.229197],[21.741229,38.229266],[21.741269,38.229351],[21.741314,38.229427],[21.741455,38.229578],[21.7415,38.229662],[21.741779,38.229912],[21.741786,38.229923],[21.741842,38.22997],[21.742001,38.230113],[21.742157,38.230253],[21.742374,38.230449],[21.742438,38.230506],[21.742438,38.230506],[21.742486,38.230549],[21.742568,38.230624],[21.742771,38.230806],[21.742856,38.230885],[21.743059,38.231069],[21.74312,38.231127],[21.743169,38.231177],[21.743263,38.23128],[21.743487,38.231537],[21.743723,38.231809],[21.744017,38.232132],[21.744059,38.232181],[21.744081,38.232206],[21.744171,38.232303],[21.744171,38.232303],[21.744338,38.232483],[21.744707,38.232884],[21.744817,38.232998],[21.744982,38.233165],[21.745014,38.233198],[21.745638,38.233804],[21.746036,38.234215],[21.746211,38.234412],[21.74623,38.234434],[21.746271,38.234476],[21.746316,38.23452],[21.746372,38.234564],[21.746532,38.234686],[21.746579,38.234713],[21.746658,38.234748],[21.746815,38.234798],[21.746792,38.23485],[21.746579,38.235309],[21.746579,38.235309],[21.746531,38.235411],[21.746277,38.235947],[21.746251,38.236001],[21.746159,38.236196],[21.745997,38.236538],[21.74558,38.237445],[21.74558,38.237445],[21.745455,38.237716],[21.745429,38.237773],[21.745394,38.237851],[21.745351,38.237927],[21.745137,38.238055],[21.744977,38.238156],[21.744789,38.238275],[21.74455,38.238421],[21.743984,38.238739],[21.743846,38.238816],[21.743846,38.238816],[21.74357,38.23897],[21.743094,38.239236],[21.743026,38.239275],[21.742705,38.239451],[21.742467,38.239578],[21.74223,38.239693],[21.742145,38.239735],[21.742039,38.23978],[21.741915,38.239832],[21.741825,38.239868],[21.741659,38.239933],[21.741443,38.240018],[21.741443,38.240018],[21.741192,38.240118],[21.739733,38.240681],[21.739295,38.240845],[21.739253,38.24086],[21.738939,38.240981],[21.738939,38.240981],[21.738768,38.241048],[21.738715,38.241069],[21.738192,38.241272],[21.737535,38.241533],[21.736892,38.241776],[21.736157,38.242052],[21.735984,38.242118],[21.735984,38.242118],[21.735266,38.242393],[21.734698,38.242624],[21.734459,38.242712],[21.734396,38.242746],[21.734283,38.242817],[21.73402,38.243034],[21.733748,38.243263],[21.733745,38.243266],[21.733124,38.243789],[21.732856,38.244015],[21.733369,38.244419],[21.733759,38.24471],[21.733895,38.244814],[21.733895,38.244814],[21.734125,38.24499],[21.734471,38.245263],[21.73453,38.245309],[21.734795,38.245508],[21.735047,38.245698],[21.735101,38.245739],[21.735109,38.245744],[21.735123,38.245751],[21.735139,38.245757],[21.735156,38.245761],[21.735177,38.245764],[21.735213,38.245766],[21.735225,38.245766],[21.735242,38.245764],[21.735253,38.245762],[21.735258,38.24576],[21.735347,38.245698],[21.735418,38.245679],[21.735489,38.245692],[21.735675,38.245827],[21.73576,38.245886],[21.73576,38.245886],[21.735797,38.245912],[21.735813,38.245947],[21.735811,38.24598],[21.735793,38.246043],[21.735758,38.246111],[21.735725,38.246176],[21.735725,38.246216],[21.73575,38.246247],[21.735758,38.246254],[21.736179,38.246591],[21.736199,38.246608],[21.737009,38.247251],[21.737513,38.247632],[21.737513,38.247632],[21.73805,38.248039],[21.737828,38.248221],[21.737828,38.248221],[21.737446,38.248534],[21.736495,38.249311],[21.736495,38.249311],[21.736033,38.249689],[21.736488,38.25005],[21.736828,38.25032],[21.73689,38.250369],[21.737465,38.250825],[21.737536,38.250886],[21.73768,38.251185],[21.73768,38.251185],[21.737852,38.251543],[21.737881,38.25162],[21.738057,38.252134],[21.738275,38.252965],[21.738337,38.253189]]},"properties":{"line":"804","dir":"0","mode":"bus"}},{"type":"Feature","geometry":{"type":"LineString","coordinates":[[21.732215,38.161698],[21.731935,38.161679],[21.73166,38.161709],[21.731384,38.16178],[21.731307,38.161808],[21.730992,38.161927],[21.730882,38.161999],[21.730827,38.162052],[21.730725,38.162204],[21.730624,38.162407],[21.730503,38.162625],[21.730454,38.162789],[21.730418,38.163003],[21.730413,38.163042],[21.730413,38.163042],[21.730395,38.163185],[21.73038,38.163269],[21.730288,38.163378],[21.73013,38.16344],[21.730044,38.163447],[21.729824,38.16346],[21.729473,38.163473],[21.729272,38.163487],[21.729272,38.163487],[21.729151,38.163495],[21.728622,38.163482],[21.728313,38.163466],[21.727562,38.163413],[21.727562,38.163413],[21.727455,38.163406],[21.727319,38.163933],[21.727258,38.164252],[21.727086,38.165124],[21.727086,38.165124],[21.727009,38.165511],[21.726987,38.165656],[21.726906,38.166179],[21.726914,38.166368],[21.726928,38.166462],[21.726936,38.166494],[21.726936,38.166494],[21.727035,38.166881],[21.727293,38.167765],[21.727301,38.167892],[21.727278,38.167954],[21.727237,38.167994],[21.727171,38.168013],[21.727084,38.168016],[21.726963,38.167976],[21.726807,38.167949],[21.726715,38.167956],[21.726676,38.167994],[21.726683,38.168059],[21.726733,38.168116],[21.726788,38.168156],[21.727111,38.168343],[21.727219,38.168406],[21.727219,38.168406],[21.727299,38.168453],[21.727408,38.168536],[21.727455,38.168588],[21.727463,38.168649],[21.727437,38.168683],[21.727395,38.168703],[21.727292,38.168703],[21.727035,38.168622],[21.726704,38.168475],[21.726638,38.168445],[21.726569,38.168447],[21.72653,38.168471],[21.726514,38.168503],[21.726519,38.168564],[21.726539,38.168685],[21.726784,38.169196],[21.726956,38.16973],[21.727101,38.170098],[21.727126,38.17019],[21.727136,38.170267],[21.727134,38.170301],[21.727134,38.170301],[21.727131,38.170362],[21.726985,38.170331],[21.726868,38.170287],[21.726747,38.170239],[21.726561,38.170151],[21.726367,38.170055],[21.726295,38.170006],[21.726225,38.169934],[21.72617,38.169868],[21.726111,38.169841],[21.726057,38.16983],[21.72603,38.169829],[21.726004,38.16983],[21.725942,38.169847],[21.725854,38.169891],[21.725628,38.170058],[21.725507,38.17013],[21.725414,38.170174],[21.72529,38.170214],[21.725204,38.170239],[21.725124,38.170278],[21.725022,38.170343],[21.724877,38.170422],[21.724738,38.170487],[21.724592,38.170544],[21.724259,38.170653],[21.724127,38.170679],[21.724023,38.170694],[21.723921,38.170696],[21.723824,38.170691],[21.72364,38.170662],[21.723469,38.170614],[21.723394,38.170594],[21.723321,38.17058],[21.72326,38.170584],[21.723207,38.170609],[21.72315,38.17066],[21.723044,38.170809],[21.722967,38.170918],[21.722542,38.171418],[21.722487,38.171466],[21.722432,38.171489],[21.722361,38.171497],[21.722271,38.171487],[21.7222,38.17146],[21.7222,38.17146],[21.722146,38.171431],[21.722063,38.171377],[21.721919,38.171277],[21.721808,38.17122],[21.721714,38.171182],[21.721601,38.171161],[21.721497,38.171161],[21.721221,38.171182],[21.721092,38.171186],[21.720999,38.171186],[21.720942,38.171178],[21.720865,38.171155],[21.720732,38.171095],[21.720532,38.170988],[21.720384,38.170917],[21.720261,38.170857],[21.720075,38.170771],[21.720006,38.170733],[21.719934,38.17068],[21.719869,38.170619],[21.719832,38.170566],[21.7198,38.170501],[21.719722,38.170322],[21.719722,38.170322],[21.719716,38.170309],[21.719687,38.170216],[21.719651,38.170115],[21.719617,38.169981],[21.719595,38.169865],[21.719585,38.169751],[21.719598,38.169597],[21.719617,38.169494],[21.719638,38.169322],[21.719641,38.169249],[21.719639,38.169196],[21.71962,38.169126],[21.71958,38.169019],[21.719531,38.168871],[21.719475,38.168726],[21.719432,38.168599],[21.71941,38.168493],[21.7194,38.168403],[21.719394,38.168263],[21.719386,38.168206],[21.719373,38.168177],[21.719338,38.168156],[21.719293,38.16815],[21.719258,38.168156],[21.719204,38.168177],[21.719018,38.168308],[21.718869,38.168416],[21.718746,38.168498],[21.718746,38.168498],[21.718718,38.168517],[21.718544,38.168626],[21.718402,38.168742],[21.718083,38.169004],[21.717803,38.169216],[21.717728,38.169261],[21.71764,38.169282],[21.717546,38.169286],[21.717449,38.169284],[21.717348,38.169262],[21.717295,38.169236],[21.717235,38.169193],[21.717109,38.169092],[21.716948,38.16896],[21.716664,38.168738],[21.716657,38.168731],[21.716546,38.168626],[21.716462,38.168535],[21.716361,38.168419],[21.71632,38.168358],[21.716237,38.168179],[21.716163,38.168023],[21.716122,38.167953],[21.716001,38.167766],[21.715862,38.167574],[21.7158,38.167504],[21.715719,38.167441],[21.715593,38.167363],[21.71551,38.1673],[21.715443,38.167226],[21.715404,38.167157],[21.715385,38.167096],[21.715382,38.167034],[21.715395,38.166973],[21.715422,38.166885],[21.715475,38.166751],[21.715514,38.166581],[21.71551,38.166528],[21.715494,38.166488],[21.715482,38.16648],[21.715482,38.16648],[21.715494,38.166488],[21.71551,38.166528],[21.715514,38.166581],[21.715475,38.166751],[21.715422,38.166885],[21.715395,38.166973],[21.715382,38.167034],[21.715385,38.167096],[21.715404,38.167157],[21.715443,38.167226],[21.71551,38.1673],[21.715593,38.167363],[21.715719,38.167441],[21.7158,38.167504],[21.715862,38.167574],[21.716001,38.167766],[21.716122,38.167953],[21.716163,38.168023],[21.716237,38.168179],[21.71632,38.168358],[21.716361,38.168419],[21.716462,38.168535],[21.716546,38.168626],[21.716656,38.168731],[21.716656,38.168731],[21.716664,38.168738],[21.716948,38.16896],[21.717109,38.169092],[21.717235,38.169193],[21.717295,38.169236],[21.717348,38.169262],[21.717449,38.169284],[21.717546,38.169286],[21.71764,38.169282],[21.717728,38.169261],[21.717803,38.169216],[21.718083,38.169004],[21.718402,38.168742],[21.718544,38.168626],[21.718718,38.168517],[21.718751,38.168495],[21.718751,38.168495],[21.718869,38.168416],[21.719018,38.168308],[21.719204,38.168177],[21.719258,38.168156],[21.719293,38.16815],[21.719338,38.168156],[21.719373,38.168177],[21.719386,38.168206],[21.719394,38.168263],[21.7194,38.168403],[21.71941,38.168493],[21.719432,38.168599],[21.719475,38.168726],[21.719531,38.168871],[21.71958,38.169019],[21.71962,38.169126],[21.719639,38.169196],[21.719641,38.169249],[21.719638,38.169322],[21.719617,38.169494],[21.719598,38.169597],[21.719585,38.169751],[21.719595,38.169865],[21.719617,38.169981],[21.719651,38.170115],[21.719687,38.170216],[21.719716,38.170309],[21.719722,38.170323],[21.719722,38.170323],[21.7198,38.170501],[21.719832,38.170566],[21.719869,38.170619],[21.719934,38.17068],[21.720006,38.170733],[21.720075,38.170771],[21.720261,38.170857],[21.720384,38.170917],[21.720532,38.170988],[21.720732,38.171095],[21.720865,38.171155],[21.720942,38.171178],[21.720999,38.171186],[21.721092,38.171186],[21.721221,38.171182],[21.721497,38.171161],[21.721601,38.171161],[21.721714,38.171182],[21.721808,38.17122],[21.721919,38.171277],[21.722063,38.171377],[21.722146,38.171431],[21.7222,38.17146],[21.7222,38.17146],[21.722271,38.171487],[21.722361,38.171497],[21.722432,38.171489],[21.722487,38.171466],[21.722542,38.171418],[21.722967,38.170918],[21.723044,38.170809],[21.72315,38.17066],[21.723207,38.170609],[21.72326,38.170584],[21.723321,38.17058],[21.723394,38.170594],[21.723469,38.170614],[21.72364,38.170662],[21.723824,38.170691],[21.723921,38.170696],[21.724023,38.170694],[21.724127,38.170679],[21.724259,38.170653],[21.724592,38.170544],[21.724738,38.170487],[21.724877,38.170422],[21.725022,38.170343],[21.725124,38.170278],[21.725204,38.170239],[21.72529,38.170214],[21.725414,38.170174],[21.725507,38.17013],[21.725628,38.170058],[21.725854,38.169891],[21.725942,38.169847],[21.726004,38.16983],[21.72603,38.169829],[21.726057,38.16983],[21.726111,38.169841],[21.72617,38.169868],[21.726225,38.169934],[21.726295,38.170006],[21.726367,38.170055],[21.726561,38.170151],[21.726747,38.170239],[21.726868,38.170287],[21.726985,38.170331],[21.727045,38.170344],[21.727045,38.170344],[21.727131,38.170362],[21.72706,38.170623],[21.726966,38.170854],[21.72684,38.171203],[21.726649,38.172111],[21.726523,38.172674],[21.726491,38.17287],[21.726435,38.173057],[21.726145,38.173507],[21.725872,38.173894],[21.725803,38.174487],[21.725803,38.174609],[21.72588,38.174676],[21.725975,38.174703],[21.72661,38.174467],[21.727013,38.174271],[21.727142,38.174244],[21.727219,38.174271],[21.727219,38.174386],[21.726971,38.174771],[21.726825,38.174933],[21.72661,38.175074],[21.726361,38.175911],[21.726198,38.176147],[21.7257,38.17639],[21.72564,38.176484],[21.725661,38.176503],[21.725709,38.176545],[21.725855,38.176538],[21.725928,38.176498],[21.725928,38.176498],[21.726052,38.176431],[21.726498,38.176336],[21.726633,38.176246],[21.726833,38.176005],[21.726962,38.175891],[21.727074,38.175945],[21.727056,38.176066],[21.72667,38.176727],[21.726335,38.177793],[21.726299,38.178719],[21.726297,38.178827],[21.726297,38.178827],[21.726281,38.179892],[21.7263,38.180943],[21.726269,38.182196],[21.726267,38.182732],[21.726189,38.183049],[21.726189,38.183118],[21.726188,38.183169],[21.726189,38.183204],[21.726447,38.183447],[21.726584,38.183629],[21.726656,38.183852],[21.726786,38.184262],[21.726803,38.184373],[21.726803,38.184373],[21.726808,38.184409],[21.726829,38.184498],[21.726872,38.184694],[21.726923,38.184896],[21.726999,38.185093],[21.727146,38.185382],[21.727318,38.185676],[21.727318,38.185676],[21.727335,38.185706],[21.727373,38.185761],[21.727558,38.18603],[21.727695,38.186246],[21.727773,38.186374],[21.72785,38.186569],[21.727885,38.18669],[21.728196,38.187663],[21.728221,38.187725],[21.728221,38.187725],[21.728286,38.187888],[21.728384,38.188102],[21.728534,38.188373],[21.728622,38.188517],[21.728644,38.188549],[21.728697,38.188621],[21.728802,38.18875],[21.728947,38.188907],[21.729084,38.189058],[21.729404,38.189391],[21.72958,38.189561],[21.729644,38.189625],[21.729644,38.189625],[21.729656,38.189637],[21.729777,38.189761],[21.729897,38.189885],[21.730051,38.190043],[21.73018,38.190168],[21.73042,38.190382],[21.730531,38.190483],[21.730609,38.190542],[21.730697,38.190604],[21.730815,38.19068],[21.730834,38.190691],[21.730834,38.190691],[21.730951,38.190764],[21.73137,38.191018],[21.731433,38.19106],[21.731731,38.191256],[21.731858,38.191348],[21.731985,38.19145],[21.732085,38.19155],[21.732151,38.191633],[21.732194,38.191719],[21.732212,38.191777],[21.732221,38.191808],[21.732228,38.191884],[21.732213,38.191987],[21.732174,38.192217],[21.732142,38.192402],[21.732098,38.192636],[21.732026,38.193065],[21.731974,38.193381],[21.731965,38.193462],[21.731965,38.193462],[21.731916,38.193875],[21.731832,38.194396],[21.731728,38.195004],[21.731684,38.195259],[21.731614,38.195707],[21.731612,38.195771],[21.731615,38.195829],[21.731619,38.195881],[21.731624,38.195921],[21.731631,38.19597],[21.731639,38.196016],[21.731651,38.19606],[21.731665,38.196102],[21.731686,38.196153],[21.731717,38.196223],[21.731744,38.196274],[21.73179,38.196354],[21.731823,38.196411],[21.731879,38.196501],[21.731975,38.19665],[21.732124,38.196872],[21.732271,38.197103],[21.732506,38.19746],[21.732731,38.197836],[21.732754,38.197873],[21.732789,38.197941],[21.732789,38.197941],[21.732877,38.198112],[21.733085,38.198583],[21.73327,38.199061],[21.733405,38.199533],[21.733424,38.199635],[21.733424,38.199635],[21.733441,38.199731],[21.733471,38.20003],[21.733484,38.200152],[21.7335,38.200291],[21.733513,38.200442],[21.733538,38.200644],[21.733589,38.201205],[21.733603,38.201337],[21.733618,38.201424],[21.733618,38.201424],[21.733637,38.201535],[21.7337,38.201782],[21.733759,38.201905],[21.733795,38.201965],[21.733847,38.202022],[21.733911,38.20208],[21.73413,38.202271],[21.734198,38.202321],[21.735113,38.202959],[21.735483,38.203311],[21.735483,38.203311],[21.735538,38.203363],[21.735565,38.203396],[21.735629,38.203482],[21.735741,38.20363],[21.735968,38.203903],[21.736131,38.204107],[21.736276,38.204286],[21.736333,38.204365],[21.736561,38.204658],[21.736717,38.204864],[21.736815,38.204998],[21.736849,38.205052],[21.73687,38.20509],[21.736894,38.205132],[21.736894,38.205132],[21.73696,38.205247],[21.736991,38.205307],[21.737022,38.205365],[21.737056,38.205435],[21.737082,38.205487],[21.737116,38.205557],[21.737167,38.205663],[21.737235,38.205822],[21.737285,38.205948],[21.737365,38.206159],[21.737396,38.206272],[21.737474,38.206608],[21.737499,38.206711],[21.73756,38.206951],[21.73761,38.20714],[21.737639,38.207239],[21.737639,38.207239],[21.737679,38.207366],[21.737732,38.207519],[21.73774,38.207545],[21.737805,38.207714],[21.737844,38.207811],[21.737938,38.208033],[21.738003,38.208187],[21.738103,38.208423],[21.738193,38.208641],[21.738241,38.208758],[21.738241,38.208758],[21.738315,38.208938],[21.738442,38.209225],[21.738579,38.209536],[21.738661,38.209726],[21.73875,38.209872],[21.738804,38.209964],[21.738852,38.210063],[21.73889,38.210154],[21.738919,38.210222],[21.739025,38.210496],[21.739061,38.210586],[21.739082,38.210668],[21.739101,38.210753],[21.739117,38.210858],[21.739131,38.210902],[21.739131,38.210902],[21.73918,38.211054],[21.739285,38.21145],[21.739367,38.211748],[21.739395,38.211841],[21.739499,38.212227],[21.73957,38.212445],[21.739575,38.212464],[21.739575,38.212464],[21.73969,38.212936],[21.739737,38.213098],[21.739838,38.213471],[21.73987,38.21359],[21.739925,38.213757],[21.740017,38.213962],[21.740151,38.214196],[21.740696,38.215152],[21.740721,38.2152],[21.740746,38.215268],[21.740764,38.215322],[21.740778,38.215406],[21.740778,38.215462],[21.740769,38.215592],[21.740752,38.215767],[21.740752,38.215767],[21.740683,38.216461],[21.740674,38.216725],[21.740678,38.216807],[21.740685,38.216862],[21.740755,38.217202],[21.740804,38.217405],[21.740829,38.21751],[21.740829,38.21751],[21.740832,38.21752],[21.740871,38.217674],[21.74089,38.21774],[21.740906,38.217799],[21.741052,38.218241],[21.741088,38.218348],[21.741118,38.21844],[21.741178,38.218617],[21.741185,38.21864],[21.741271,38.21888],[21.741284,38.218924],[21.74133,38.219108],[21.741381,38.21932],[21.741518,38.219854],[21.741646,38.220312],[21.74165,38.220325],[21.74165,38.220325],[21.741683,38.220446],[21.741739,38.220608],[21.741796,38.220794],[21.741948,38.221245],[21.741992,38.221378],[21.7421,38.221685],[21.742185,38.221942],[21.742232,38.222074],[21.742284,38.222221],[21.742378,38.222489],[21.742466,38.222749],[21.742486,38.222827],[21.7425,38.222889],[21.742514,38.222967],[21.742533,38.223103],[21.742552,38.223262],[21.742583,38.223613],[21.742583,38.223613],[21.742601,38.223824],[21.742632,38.224177],[21.742664,38.224509],[21.742667,38.224551],[21.742568,38.224965],[21.742485,38.225316],[21.742462,38.225423],[21.742462,38.225423],[21.742436,38.225545],[21.742426,38.225593],[21.742416,38.225638],[21.742338,38.225978],[21.742307,38.226118],[21.742148,38.226831],[21.742122,38.226951],[21.742046,38.22727],[21.742046,38.22727],[21.741975,38.227566],[21.741948,38.227618],[21.741918,38.227661],[21.741885,38.227692],[21.741738,38.227812],[21.741649,38.227873],[21.741125,38.228235],[21.74106,38.228275],[21.741013,38.228315],[21.740946,38.228381],[21.740991,38.228679],[21.741009,38.228752],[21.741041,38.228867],[21.741041,38.228867],[21.741068,38.228964],[21.741111,38.229033],[21.741193,38.229197],[21.741229,38.229266],[21.741269,38.229351],[21.741314,38.229427],[21.741455,38.229578],[21.7415,38.229662],[21.741779,38.229912],[21.741786,38.229923],[21.741842,38.22997],[21.742001,38.230113],[21.742157,38.230253],[21.742374,38.230449],[21.742438,38.230506],[21.742438,38.230506],[21.742486,38.230549],[21.742568,38.230624],[21.742771,38.230806],[21.742856,38.230885],[21.743059,38.231069],[21.74312,38.231127],[21.743169,38.231177],[21.743263,38.23128],[21.743487,38.231537],[21.743723,38.231809],[21.744017,38.232132],[21.744059,38.232181],[21.744081,38.232206],[21.744171,38.232303],[21.744171,38.232303],[21.744338,38.232483],[21.744707,38.232884],[21.744817,38.232998],[21.744982,38.233165],[21.745014,38.233198],[21.745638,38.233804],[21.746036,38.234215],[21.746211,38.234412],[21.74623,38.234434],[21.746271,38.234476],[21.746316,38.23452],[21.746372,38.234564],[21.746532,38.234686],[21.746579,38.234713],[21.746658,38.234748],[21.746815,38.234798],[21.746792,38.23485],[21.746579,38.235309],[21.746579,38.235309],[21.746531,38.235411],[21.746277,38.235947],[21.746251,38.236001],[21.746159,38.236196],[21.745997,38.236538],[21.74558,38.237445],[21.74558,38.237445],[21.745455,38.237716],[21.745429,38.237773],[21.745394,38.237851],[21.745351,38.237927],[21.745137,38.238055],[21.744977,38.238156],[21.744789,38.238275],[21.74455,38.238421],[21.743984,38.238739],[21.743846,38.238816],[21.743846,38.238816],[21.74357,38.23897],[21.743094,38.239236],[21.743026,38.239275],[21.742705,38.239451],[21.742467,38.239578],[21.74223,38.239693],[21.742145,38.239735],[21.742039,38.23978],[21.741915,38.239832],[21.741825,38.239868],[21.741659,38.239933],[21.741443,38.240018],[21.741443,38.240018],[21.741192,38.240118],[21.739733,38.240681],[21.739295,38.240845],[21.739253,38.24086],[21.738939,38.240981],[21.738939,38.240981],[21.738768,38.241048],[21.738715,38.241069],[21.738192,38.241272],[21.737535,38.241533],[21.736892,38.241776],[21.736157,38.242052],[21.735984,38.242118],[21.735984,38.242118],[21.735266,38.242393],[21.734698,38.242624],[21.734459,38.242712],[21.734396,38.242746],[21.734283,38.242817],[21.73402,38.243034],[21.733748,38.243263],[21.733745,38.243266],[21.733124,38.243789],[21.732856,38.244015],[21.733369,38.244419],[21.733759,38.24471],[21.733895,38.244814],[21.733895,38.244814],[21.734125,38.24499],[21.734471,38.245263],[21.73453,38.245309],[21.734795,38.245508],[21.735047,38.245698],[21.735101,38.245739],[21.735109,38.245744],[21.735123,38.245751],[21.735139,38.245757],[21.735156,38.245761],[21.735177,38.245764],[21.735213,38.245766],[21.735225,38.245766],[21.735242,38.245764],[21.735253,38.245762],[21.735258,38.24576],[21.735347,38.245698],[21.735418,38.245679],[21.735489,38.245692],[21.735675,38.245827],[21.73576,38.245886],[21.73576,38.245886],[21.735797,38.245912],[21.735813,38.245947],[21.735811,38.24598],[21.735793,38.246043],[21.735758,38.246111],[21.735725,38.246176],[21.735725,38.246216],[21.73575,38.246247],[21.735758,38.246254],[21.736179,38.246591],[21.736199,38.246608],[21.737009,38.247251],[21.737513,38.247632],[21.737513,38.247632],[21.73805,38.248039],[21.737828,38.248221],[21.737828,38.248221],[21.737446,38.248534],[21.736495,38.249311],[21.736495,38.249311],[21.736033,38.249689],[21.736488,38.25005],[21.736828,38.25032],[21.73689,38.250369],[21.737465,38.250825],[21.737536,38.250886],[21.73768,38.251185],[21.73768,38.251185],[21.737852,38.251543],[21.737881,38.25162],[21.738057,38.252134],[21.738275,38.252965],[21.738337,38.253189]]},"properties":{"line":"804","dir":"0","mode":"bus"}},{"type":"Feature","geometry":{"type":"LineString","coordinates":[[21.732215,38.161698],[21.731935,38.161679],[21.73166,38.161709],[21.731384,38.16178],[21.731307,38.161808],[21.730992,38.161927],[21.730882,38.161999],[21.730827,38.162052],[21.730725,38.162204],[21.730624,38.162407],[21.730503,38.162625],[21.730454,38.162789],[21.730418,38.163003],[21.730413,38.163042],[21.730413,38.163042],[21.730395,38.163185],[21.73038,38.163269],[21.730288,38.163378],[21.73013,38.16344],[21.730044,38.163447],[21.729824,38.16346],[21.729473,38.163473],[21.729272,38.163487],[21.729272,38.163487],[21.729151,38.163495],[21.728622,38.163482],[21.728313,38.163466],[21.727562,38.163413],[21.727562,38.163413],[21.727455,38.163406],[21.727319,38.163933],[21.727258,38.164252],[21.727086,38.165124],[21.727086,38.165124],[21.727009,38.165511],[21.726987,38.165656],[21.726906,38.166179],[21.726914,38.166368],[21.726928,38.166462],[21.726936,38.166494],[21.726936,38.166494],[21.727035,38.166881],[21.727293,38.167765],[21.727301,38.167892],[21.727278,38.167954],[21.727237,38.167994],[21.727171,38.168013],[21.727084,38.168016],[21.726963,38.167976],[21.726807,38.167949],[21.726715,38.167956],[21.726676,38.167994],[21.726683,38.168059],[21.726733,38.168116],[21.726788,38.168156],[21.727111,38.168343],[21.727219,38.168406],[21.727219,38.168406],[21.727299,38.168453],[21.727408,38.168536],[21.727455,38.168588],[21.727463,38.168649],[21.727437,38.168683],[21.727395,38.168703],[21.727292,38.168703],[21.727035,38.168622],[21.726704,38.168475],[21.726638,38.168445],[21.726569,38.168447],[21.72653,38.168471],[21.726514,38.168503],[21.726519,38.168564],[21.726539,38.168685],[21.726784,38.169196],[21.726956,38.16973],[21.727101,38.170098],[21.727126,38.17019],[21.727136,38.170267],[21.727131,38.170362],[21.727131,38.170362],[21.72706,38.170623],[21.726966,38.170854],[21.72684,38.171203],[21.726649,38.172111],[21.726523,38.172674],[21.726491,38.17287],[21.726435,38.173057],[21.726145,38.173507],[21.725872,38.173894],[21.725803,38.174487],[21.725803,38.174609],[21.72588,38.174676],[21.725975,38.174703],[21.72661,38.174467],[21.727013,38.174271],[21.727142,38.174244],[21.727219,38.174271],[21.727219,38.174386],[21.726971,38.174771],[21.726825,38.174933],[21.72661,38.175074],[21.726361,38.175911],[21.726198,38.176147],[21.7257,38.17639],[21.72564,38.176484],[21.725661,38.176503],[21.725709,38.176545],[21.725855,38.176538],[21.725928,38.176498],[21.725928,38.176498],[21.726052,38.176431],[21.726498,38.176336],[21.726633,38.176246],[21.726833,38.176005],[21.726962,38.175891],[21.727074,38.175945],[21.727056,38.176066],[21.72667,38.176727],[21.726335,38.177793],[21.726299,38.178719],[21.726297,38.178827],[21.726297,38.178827],[21.726281,38.179892],[21.7263,38.180943],[21.726269,38.182196],[21.726267,38.182732],[21.726189,38.183049],[21.726189,38.183118],[21.726188,38.183169],[21.726189,38.183204],[21.726447,38.183447],[21.726584,38.183629],[21.726656,38.183852],[21.726786,38.184262],[21.726803,38.184373],[21.726803,38.184373],[21.726808,38.184409],[21.726829,38.184498],[21.726872,38.184694],[21.726923,38.184896],[21.726999,38.185093],[21.727146,38.185382],[21.727318,38.185676],[21.727318,38.185676],[21.727335,38.185706],[21.727373,38.185761],[21.727558,38.18603],[21.727695,38.186246],[21.727773,38.186374],[21.72785,38.186569],[21.727885,38.18669],[21.728196,38.187663],[21.728221,38.187725],[21.728221,38.187725],[21.728286,38.187888],[21.728384,38.188102],[21.728534,38.188373],[21.728622,38.188517],[21.728644,38.188549],[21.728697,38.188621],[21.728802,38.18875],[21.728947,38.188907],[21.729084,38.189058],[21.729404,38.189391],[21.72958,38.189561],[21.729644,38.189625],[21.729644,38.189625],[21.729656,38.189637],[21.729777,38.189761],[21.729897,38.189885],[21.730051,38.190043],[21.73018,38.190168],[21.73042,38.190382],[21.730531,38.190483],[21.730609,38.190542],[21.730697,38.190604],[21.730815,38.19068],[21.730834,38.190691],[21.730834,38.190691],[21.730951,38.190764],[21.73137,38.191018],[21.731433,38.19106],[21.731731,38.191256],[21.731858,38.191348],[21.731985,38.19145],[21.732085,38.19155],[21.732151,38.191633],[21.732194,38.191719],[21.732212,38.191777],[21.732221,38.191808],[21.732228,38.191884],[21.732213,38.191987],[21.732174,38.192217],[21.732142,38.192402],[21.732098,38.192636],[21.732026,38.193065],[21.731974,38.193381],[21.731965,38.193462],[21.731965,38.193462],[21.731916,38.193875],[21.731832,38.194396],[21.731728,38.195004],[21.731684,38.195259],[21.731614,38.195707],[21.731612,38.195771],[21.731615,38.195829],[21.731619,38.195881],[21.731624,38.195921],[21.731631,38.19597],[21.731639,38.196016],[21.731651,38.19606],[21.731665,38.196102],[21.731686,38.196153],[21.731717,38.196223],[21.731744,38.196274],[21.73179,38.196354],[21.731823,38.196411],[21.731879,38.196501],[21.731975,38.19665],[21.732124,38.196872],[21.732271,38.197103],[21.732506,38.19746],[21.732731,38.197836],[21.732754,38.197873],[21.732789,38.197941],[21.732789,38.197941],[21.732877,38.198112],[21.733085,38.198583],[21.73327,38.199061],[21.733405,38.199533],[21.733424,38.199635],[21.733424,38.199635],[21.733441,38.199731],[21.733471,38.20003],[21.733484,38.200152],[21.7335,38.200291],[21.733513,38.200442],[21.733538,38.200644],[21.733589,38.201205],[21.733603,38.201337],[21.733618,38.201424],[21.733618,38.201424],[21.733637,38.201535],[21.7337,38.201782],[21.733759,38.201905],[21.733795,38.201965],[21.733847,38.202022],[21.733911,38.20208],[21.73413,38.202271],[21.734198,38.202321],[21.735113,38.202959],[21.735483,38.203311],[21.735483,38.203311],[21.735538,38.203363],[21.735565,38.203396],[21.735629,38.203482],[21.735741,38.20363],[21.735968,38.203903],[21.736131,38.204107],[21.736276,38.204286],[21.736333,38.204365],[21.736561,38.204658],[21.736717,38.204864],[21.736815,38.204998],[21.736849,38.205052],[21.73687,38.20509],[21.736894,38.205132],[21.736894,38.205132],[21.73696,38.205247],[21.736991,38.205307],[21.737022,38.205365],[21.737056,38.205435],[21.737082,38.205487],[21.737116,38.205557],[21.737167,38.205663],[21.737235,38.205822],[21.737285,38.205948],[21.737365,38.206159],[21.737396,38.206272],[21.737474,38.206608],[21.737499,38.206711],[21.73756,38.206951],[21.73761,38.20714],[21.737639,38.207239],[21.737639,38.207239],[21.737679,38.207366],[21.737732,38.207519],[21.73774,38.207545],[21.737805,38.207714],[21.737844,38.207811],[21.737938,38.208033],[21.738003,38.208187],[21.738103,38.208423],[21.738193,38.208641],[21.738241,38.208758],[21.738241,38.208758],[21.738315,38.208938],[21.738442,38.209225],[21.738579,38.209536],[21.738661,38.209726],[21.73875,38.209872],[21.738804,38.209964],[21.738852,38.210063],[21.73889,38.210154],[21.738919,38.210222],[21.739025,38.210496],[21.739061,38.210586],[21.739082,38.210668],[21.739101,38.210753],[21.739117,38.210858],[21.739131,38.210902],[21.739131,38.210902],[21.73918,38.211054],[21.739285,38.21145],[21.739367,38.211748],[21.739395,38.211841],[21.739499,38.212227],[21.73957,38.212445],[21.739575,38.212464],[21.739575,38.212464],[21.73969,38.212936],[21.739737,38.213098],[21.739838,38.213471],[21.73987,38.21359],[21.739925,38.213757],[21.740017,38.213962],[21.740151,38.214196],[21.740696,38.215152],[21.740721,38.2152],[21.740746,38.215268],[21.740764,38.215322],[21.740778,38.215406],[21.740778,38.215462],[21.740769,38.215592],[21.740752,38.215767],[21.740752,38.215767],[21.740683,38.216461],[21.740674,38.216725],[21.740678,38.216807],[21.740685,38.216862],[21.740755,38.217202],[21.740804,38.217405],[21.740829,38.21751],[21.740829,38.21751],[21.740832,38.21752],[21.740871,38.217674],[21.74089,38.21774],[21.740906,38.217799],[21.741052,38.218241],[21.741088,38.218348],[21.741118,38.21844],[21.741178,38.218617],[21.741185,38.21864],[21.741271,38.21888],[21.741284,38.218924],[21.74133,38.219108],[21.741381,38.21932],[21.741518,38.219854],[21.741646,38.220312],[21.74165,38.220325],[21.74165,38.220325],[21.741683,38.220446],[21.741739,38.220608],[21.741796,38.220794],[21.741948,38.221245],[21.741992,38.221378],[21.7421,38.221685],[21.742185,38.221942],[21.742232,38.222074],[21.742284,38.222221],[21.742378,38.222489],[21.742466,38.222749],[21.742486,38.222827],[21.7425,38.222889],[21.742514,38.222967],[21.742533,38.223103],[21.742552,38.223262],[21.742583,38.223613],[21.742583,38.223613],[21.742601,38.223824],[21.742632,38.224177],[21.742664,38.224509],[21.742667,38.224551],[21.742568,38.224965],[21.742485,38.225316],[21.742462,38.225423],[21.742462,38.225423],[21.742436,38.225545],[21.742426,38.225593],[21.742416,38.225638],[21.742338,38.225978],[21.742307,38.226118],[21.742148,38.226831],[21.742122,38.226951],[21.742046,38.22727],[21.742046,38.22727],[21.741975,38.227566],[21.741948,38.227618],[21.741918,38.227661],[21.741885,38.227692],[21.741738,38.227812],[21.741649,38.227873],[21.741125,38.228235],[21.74106,38.228275],[21.741013,38.228315],[21.740946,38.228381],[21.740991,38.228679],[21.741009,38.228752],[21.741041,38.228867],[21.741041,38.228867],[21.741068,38.228964],[21.741111,38.229033],[21.741193,38.229197],[21.741229,38.229266],[21.741269,38.229351],[21.741314,38.229427],[21.741455,38.229578],[21.7415,38.229662],[21.741779,38.229912],[21.741786,38.229923],[21.741842,38.22997],[21.742001,38.230113],[21.742157,38.230253],[21.742374,38.230449],[21.742438,38.230506],[21.742438,38.230506],[21.742486,38.230549],[21.742568,38.230624],[21.742771,38.230806],[21.742856,38.230885],[21.743059,38.231069],[21.74312,38.231127],[21.743169,38.231177],[21.743263,38.23128],[21.743487,38.231537],[21.743723,38.231809],[21.744017,38.232132],[21.744059,38.232181],[21.744081,38.232206],[21.744171,38.232303],[21.744171,38.232303],[21.744338,38.232483],[21.744707,38.232884],[21.744817,38.232998],[21.744982,38.233165],[21.745014,38.233198],[21.745638,38.233804],[21.746036,38.234215],[21.746211,38.234412],[21.74623,38.234434],[21.746271,38.234476],[21.746316,38.23452],[21.746372,38.234564],[21.746532,38.234686],[21.746579,38.234713],[21.746658,38.234748],[21.746815,38.234798],[21.746792,38.23485],[21.746579,38.235309],[21.746579,38.235309],[21.746531,38.235411],[21.746277,38.235947],[21.746251,38.236001],[21.746159,38.236196],[21.745997,38.236538],[21.74558,38.237445],[21.74558,38.237445],[21.745455,38.237716],[21.745429,38.237773],[21.745394,38.237851],[21.745351,38.237927],[21.745137,38.238055],[21.744977,38.238156],[21.744789,38.238275],[21.74455,38.238421],[21.743984,38.238739],[21.743846,38.238816],[21.743846,38.238816],[21.74357,38.23897],[21.743094,38.239236],[21.743026,38.239275],[21.742705,38.239451],[21.742467,38.239578],[21.74223,38.239693],[21.742145,38.239735],[21.742039,38.23978],[21.741915,38.239832],[21.741825,38.239868],[21.741659,38.239933],[21.741443,38.240018],[21.741443,38.240018],[21.741192,38.240118],[21.739733,38.240681],[21.739295,38.240845],[21.739253,38.24086],[21.738939,38.240981],[21.738939,38.240981],[21.738768,38.241048],[21.738715,38.241069],[21.738192,38.241272],[21.737535,38.241533],[21.736892,38.241776],[21.736157,38.242052],[21.735984,38.242118],[21.735984,38.242118],[21.735266,38.242393],[21.734698,38.242624],[21.734459,38.242712],[21.734396,38.242746],[21.734283,38.242817],[21.73402,38.243034],[21.733748,38.243263],[21.733745,38.243266],[21.733124,38.243789],[21.732856,38.244015],[21.733369,38.244419],[21.733759,38.24471],[21.733895,38.244814],[21.733895,38.244814],[21.734125,38.24499],[21.734471,38.245263],[21.73453,38.245309],[21.734795,38.245508],[21.735047,38.245698],[21.735101,38.245739],[21.735109,38.245744],[21.735123,38.245751],[21.735139,38.245757],[21.735156,38.245761],[21.735177,38.245764],[21.735213,38.245766],[21.735225,38.245766],[21.735242,38.245764],[21.735253,38.245762],[21.735258,38.24576],[21.735347,38.245698],[21.735418,38.245679],[21.735489,38.245692],[21.735675,38.245827],[21.73576,38.245886],[21.73576,38.245886],[21.735797,38.245912],[21.735813,38.245947],[21.735811,38.24598],[21.735793,38.246043],[21.735758,38.246111],[21.735725,38.246176],[21.735725,38.246216],[21.73575,38.246247],[21.735758,38.246254],[21.736179,38.246591],[21.736199,38.246608],[21.737009,38.247251],[21.737513,38.247632],[21.737513,38.247632],[21.73805,38.248039],[21.737828,38.248221],[21.737828,38.248221],[21.737446,38.248534],[21.736495,38.249311],[21.736495,38.249311],[21.736033,38.249689],[21.736488,38.25005],[21.736828,38.25032],[21.73689,38.250369],[21.737465,38.250825],[21.737536,38.250886],[21.73768,38.251185],[21.73768,38.251185],[21.737852,38.251543],[21.737881,38.25162],[21.738057,38.252134],[21.738275,38.252965],[21.738337,38.253189]]},"properties":{"line":"804","dir":"0","mode":"bus"}},{"type":"Feature","geometry":{"type":"LineString","coordinates":[[21.731964,38.193522],[21.732163,38.192234],[21.732242,38.19191],[21.732206,38.191673],[21.732027,38.191461],[21.731594,38.191136],[21.730818,38.190676],[21.730585,38.190518],[21.729569,38.189567],[21.728637,38.188567],[21.72819,38.187683],[21.728007,38.187732],[21.72769,38.188052],[21.7275,38.188304],[21.727136,38.188236],[21.726697,38.188186],[21.72637,38.188068],[21.726003,38.188084],[21.725465,38.188228],[21.724885,38.188489],[21.724623,38.188649],[21.72447,38.188949],[21.724373,38.189292],[21.724045,38.189709],[21.72387,38.190052],[21.723928,38.190392],[21.724018,38.190631],[21.724735,38.191583],[21.72511,38.192076],[21.725319,38.192373],[21.725399,38.192653],[21.725332,38.192892],[21.725181,38.193341],[21.725019,38.193683],[21.725057,38.193972],[21.725429,38.194134],[21.725802,38.19427],[21.726444,38.194476],[21.727001,38.194596],[21.728008,38.194817],[21.729037,38.195062],[21.729916,38.195248],[21.731589,38.195628],[21.731613,38.196006],[21.731893,38.196499],[21.732806,38.197927],[21.733157,38.198779],[21.733434,38.199672],[21.733612,38.201479],[21.733766,38.201933],[21.735497,38.203306],[21.736912,38.205131],[21.737301,38.206008],[21.737668,38.207273],[21.737943,38.208027],[21.738272,38.208755],[21.738707,38.209823],[21.73913,38.210924],[21.73936,38.211715],[21.73958,38.212531],[21.739833,38.213484],[21.740003,38.213953],[21.740453,38.214735],[21.740731,38.215168],[21.740785,38.21546],[21.740774,38.215787],[21.74067,38.216662],[21.740824,38.217513],[21.741255,38.218916],[21.741621,38.220336],[21.742186,38.221898],[21.742447,38.222696],[21.742601,38.223612],[21.742656,38.224527],[21.742432,38.225442],[21.742215,38.226374],[21.741976,38.227457],[21.74189,38.227695],[21.74146,38.228],[21.741181,38.228177],[21.740945,38.228367],[21.740967,38.228648],[21.741085,38.228962],[21.741266,38.229282],[21.7414,38.229534],[21.741949,38.230057],[21.742467,38.230504],[21.743245,38.231247],[21.74373,38.231813],[21.744216,38.232319],[21.744835,38.233019],[21.745703,38.233849],[21.746319,38.234508],[21.746735,38.234787],[21.746728,38.234973],[21.746571,38.235327],[21.746068,38.236376],[21.745816,38.236901],[21.745597,38.237417],[21.745295,38.23802],[21.74392,38.238775],[21.742702,38.239419],[21.741451,38.239987],[21.738944,38.240957],[21.735991,38.242088],[21.734802,38.242566],[21.734272,38.242822],[21.732851,38.244022],[21.733948,38.244856],[21.735161,38.245787],[21.735392,38.245654],[21.735594,38.245748],[21.735773,38.245875],[21.735819,38.246028],[21.735712,38.246222],[21.737538,38.247612],[21.738061,38.248037],[21.737801,38.248225],[21.73604,38.249686],[21.736896,38.250367],[21.737496,38.250834],[21.737688,38.251183],[21.738054,38.252163],[21.738313,38.253193]]},"properties":{"line":"804","dir":"1","mode":"bus"}},{"type":"Feature","geometry":{"type":"LineString","coordinates":[[21.73768,38.251185],[21.737852,38.251543],[21.737881,38.25162],[21.738057,38.252134],[21.738275,38.252965],[21.738408,38.253449],[21.738422,38.253501],[21.73847,38.25367],[21.738593,38.254065],[21.738593,38.254065],[21.738623,38.254163],[21.738759,38.25458],[21.739379,38.254431],[21.739952,38.254287],[21.740015,38.254271],[21.740267,38.254214],[21.740376,38.254467],[21.740519,38.254803],[21.740711,38.255265],[21.740711,38.255265],[21.74072,38.255286],[21.740765,38.255404],[21.740803,38.2555],[21.741008,38.255993],[21.741242,38.256553],[21.741484,38.25713],[21.741617,38.257464],[21.741617,38.257464],[21.741719,38.257718],[21.741952,38.258261],[21.742044,38.258478],[21.742203,38.258849],[21.742259,38.258986],[21.742259,38.258986],[21.742335,38.259174],[21.74243,38.259406],[21.742635,38.259911],[21.742727,38.260141],[21.742727,38.260141],[21.742868,38.260495],[21.743042,38.26089],[21.743112,38.26104],[21.74319,38.261194],[21.743319,38.261452],[21.743415,38.261647],[21.743497,38.261795],[21.743497,38.261795],[21.743546,38.261886],[21.74355,38.261893],[21.743566,38.261951],[21.743585,38.262031],[21.743596,38.262088],[21.743637,38.262371],[21.743661,38.262493],[21.743681,38.262592],[21.7437,38.262665],[21.743757,38.262852],[21.743828,38.263076],[21.743839,38.263108],[21.743848,38.263133],[21.743859,38.263156],[21.74387,38.263175],[21.743883,38.263192],[21.743923,38.26323],[21.743963,38.263261],[21.744057,38.263336],[21.744253,38.263488],[21.744292,38.26352],[21.744655,38.263808],[21.744897,38.263991],[21.745171,38.264177],[21.745203,38.264199],[21.745203,38.264199],[21.745388,38.264323],[21.745691,38.264552],[21.745725,38.264578],[21.746163,38.264937],[21.746203,38.264989],[21.746306,38.265124],[21.746487,38.265476],[21.746664,38.265837],[21.746713,38.265925],[21.746713,38.265925],[21.746721,38.26594],[21.746781,38.26604],[21.746831,38.266108],[21.746964,38.266265],[21.747018,38.266318],[21.74711,38.266397],[21.747162,38.266435],[21.747223,38.266474],[21.747363,38.266565],[21.747573,38.266706],[21.747696,38.266787],[21.747728,38.266811],[21.747793,38.266859],[21.747884,38.266936],[21.747943,38.266992],[21.748021,38.267075],[21.748087,38.26716],[21.748151,38.26725],[21.748151,38.26725],[21.748371,38.267555],[21.748673,38.268037],[21.748766,38.268194],[21.748893,38.268358],[21.748893,38.268358],[21.749166,38.268708],[21.749239,38.268742],[21.749938,38.269073],[21.750136,38.269178],[21.750305,38.269272],[21.750305,38.269272],[21.75053,38.269398],[21.750616,38.269447],[21.750694,38.269494],[21.751036,38.26969],[21.751383,38.269875],[21.751573,38.269975],[21.751664,38.270026],[21.751714,38.27006],[21.752047,38.270313],[21.752047,38.270313],[21.752193,38.270424],[21.752321,38.270522],[21.752704,38.270847],[21.752985,38.271098],[21.753175,38.271275],[21.753266,38.271357],[21.753435,38.271528],[21.753591,38.271693],[21.753777,38.271885],[21.753873,38.271979],[21.753953,38.272052],[21.754054,38.272142],[21.75434,38.272394],[21.754443,38.272489],[21.754537,38.272579],[21.754616,38.272656],[21.754616,38.272656],[21.754666,38.272705],[21.754762,38.2728],[21.754832,38.272865],[21.754891,38.272919],[21.75496,38.272979],[21.755068,38.27307],[21.755516,38.273453],[21.755719,38.273628],[21.755821,38.273719],[21.756235,38.274079],[21.756367,38.274212],[21.758578,38.27256],[21.76418,38.277882],[21.764262,38.277815],[21.764562,38.278075],[21.765006,38.27848],[21.765762,38.279165],[21.765985,38.279372],[21.76658,38.27991],[21.766883,38.280187],[21.767138,38.280423],[21.767422,38.280682],[21.767706,38.280938],[21.768095,38.281273],[21.768827,38.280877],[21.76899,38.280786],[21.769057,38.280749],[21.76911,38.280721],[21.769147,38.280703],[21.769184,38.28069],[21.769558,38.280944],[21.769605,38.280978],[21.769927,38.281212],[21.77003,38.281281],[21.770115,38.281339],[21.770217,38.281409],[21.770311,38.281471],[21.770651,38.281693],[21.770707,38.281714],[21.770747,38.281731],[21.770769,38.281744],[21.770799,38.281762],[21.770868,38.281804],[21.770961,38.281865],[21.77101,38.281903],[21.77106,38.281943],[21.771161,38.282027],[21.771218,38.282087],[21.771274,38.282151],[21.771274,38.282151],[21.771297,38.282177],[21.771353,38.282245],[21.771464,38.282398],[21.771528,38.282493],[21.771566,38.28255],[21.771655,38.282694],[21.771743,38.282837],[21.771981,38.283212],[21.772343,38.283756],[21.772582,38.28409],[21.772769,38.284348],[21.772769,38.284348],[21.772904,38.284534],[21.773028,38.284685],[21.773828,38.285715],[21.774091,38.286052],[21.774228,38.286172],[21.774289,38.286209],[21.774342,38.286229],[21.774414,38.286241],[21.774425,38.286242],[21.77453,38.286249],[21.77459,38.28623],[21.774656,38.28621],[21.774725,38.286191],[21.774841,38.286161],[21.774841,38.286161],[21.774904,38.286148],[21.774987,38.286139],[21.775012,38.286131],[21.775154,38.286087],[21.775282,38.286043],[21.775395,38.286002],[21.775486,38.285966],[21.775595,38.28592],[21.775696,38.285876],[21.775835,38.28581],[21.775959,38.285752],[21.776177,38.285645],[21.776844,38.285311],[21.7769,38.285287],[21.776941,38.285271],[21.776976,38.285261],[21.777,38.285255],[21.777023,38.285251],[21.777043,38.285249],[21.777075,38.285249],[21.777106,38.28525],[21.777138,38.285253],[21.777171,38.285259],[21.777194,38.285264],[21.777216,38.28527],[21.77724,38.28528],[21.777269,38.285293],[21.777294,38.285305],[21.777322,38.285321],[21.777362,38.285346],[21.777377,38.285359],[21.777391,38.285374],[21.777403,38.28539],[21.777421,38.285415],[21.777438,38.285444],[21.777456,38.285477],[21.777676,38.285936],[21.777709,38.286001],[21.777739,38.286053],[21.777813,38.286092],[21.777892,38.286157],[21.777974,38.286231],[21.778199,38.286099],[21.778372,38.285997],[21.778658,38.28584],[21.778946,38.28571],[21.779324,38.285562],[21.78321,38.28442],[21.783272,38.284523],[21.783414,38.284742],[21.783705,38.284972],[21.78466,38.285481],[21.78508,38.285703],[21.785369,38.285852],[21.785501,38.285922],[21.785625,38.285988],[21.785925,38.286147],[21.786041,38.286209],[21.786041,38.286209],[21.78613,38.286256],[21.7865,38.286461],[21.786683,38.286561],[21.78677,38.286608],[21.78685,38.286651],[21.78731,38.286884],[21.787428,38.286946],[21.7873,38.2871],[21.78697,38.287494],[21.786864,38.287614],[21.786598,38.287916],[21.786564,38.287955],[21.786564,38.287955],[21.786449,38.288086],[21.785939,38.288665],[21.785927,38.288679],[21.785858,38.288758],[21.785408,38.289258],[21.78535,38.289323],[21.784958,38.289802],[21.784958,38.289802],[21.784581,38.290264],[21.784592,38.29028],[21.784601,38.290297],[21.784607,38.290315],[21.78461,38.290333],[21.78461,38.290339],[21.784644,38.290366],[21.784681,38.290392],[21.784715,38.290415],[21.784751,38.290437],[21.785523,38.290873],[21.786396,38.291382],[21.786535,38.291458],[21.786581,38.291446],[21.786629,38.291444],[21.786677,38.291452],[21.78672,38.291469],[21.78676,38.291499],[21.786787,38.291537],[21.786799,38.29158],[21.786793,38.291624],[21.786927,38.291696],[21.786983,38.291727],[21.786983,38.291727],[21.789517,38.293113],[21.789646,38.293183],[21.789692,38.293173],[21.789744,38.29317],[21.789796,38.293179],[21.789839,38.293194],[21.789873,38.293215],[21.789898,38.293246],[21.789914,38.293279],[21.789922,38.293312],[21.789923,38.29334],[21.790043,38.29341],[21.790517,38.293673],[21.790517,38.293673],[21.790966,38.293921],[21.791892,38.294445],[21.791892,38.294445],[21.792158,38.294595],[21.792418,38.294748],[21.792675,38.294904],[21.793109,38.295171],[21.794189,38.295852],[21.794734,38.296192],[21.794842,38.296259],[21.795026,38.296372]]},"properties":{"line":"901","dir":"Πανεπιστημιακό Νοσοκομείο Πατρών","mode":"bus"}},{"type":"Feature","geometry":{"type":"LineString","coordinates":[[21.795054,38.296589],[21.794722,38.296377],[21.794615,38.296311],[21.793263,38.295465],[21.792617,38.295068],[21.792356,38.29491],[21.792036,38.29472],[21.7918,38.294584],[21.7918,38.294584],[21.791168,38.294218],[21.790441,38.293816],[21.790198,38.293682],[21.790198,38.293682],[21.789928,38.293532],[21.789814,38.293469],[21.789763,38.29348],[21.789701,38.29348],[21.789638,38.293464],[21.789588,38.293437],[21.789556,38.293407],[21.789539,38.293379],[21.789531,38.293345],[21.789528,38.293301],[21.78941,38.293234],[21.786887,38.291843],[21.786887,38.291843],[21.786672,38.291725],[21.786615,38.291732],[21.786558,38.291724],[21.786525,38.291711],[21.786506,38.291704],[21.786466,38.291671],[21.78644,38.29163],[21.786432,38.291585],[21.786295,38.291507],[21.784634,38.290567],[21.784474,38.290495],[21.78446,38.290499],[21.784434,38.290503],[21.784407,38.290504],[21.78438,38.290502],[21.784354,38.290497],[21.784329,38.29049],[21.784306,38.29048],[21.784284,38.290468],[21.784264,38.290454],[21.784247,38.290438],[21.784233,38.29042],[21.784223,38.2904],[21.784215,38.29038],[21.784211,38.290359],[21.784211,38.290338],[21.784212,38.290334],[21.784214,38.290318],[21.784221,38.290297],[21.784231,38.290278],[21.784244,38.29026],[21.784259,38.290245],[21.784275,38.290232],[21.784293,38.29022],[21.784313,38.29021],[21.784334,38.290202],[21.78434,38.2902],[21.784356,38.290196],[21.784379,38.290192],[21.784402,38.29019],[21.784426,38.29019],[21.784449,38.290193],[21.784472,38.290197],[21.784592,38.290051],[21.784615,38.290022],[21.785234,38.289267],[21.785292,38.289201],[21.785765,38.288673],[21.785808,38.288622],[21.78622,38.288125],[21.78664,38.287649],[21.786988,38.287241],[21.787167,38.287039],[21.78731,38.286884],[21.78685,38.286651],[21.78677,38.286608],[21.786683,38.286561],[21.7865,38.286461],[21.78613,38.286256],[21.786031,38.286203],[21.786031,38.286203],[21.78613,38.286256],[21.7865,38.286461],[21.786683,38.286561],[21.78677,38.286608],[21.78685,38.286651],[21.78731,38.286884],[21.787428,38.286946],[21.7873,38.2871],[21.78697,38.287494],[21.786864,38.287614],[21.786598,38.287916],[21.786449,38.288086],[21.785939,38.288665],[21.785927,38.288679],[21.785858,38.288758],[21.785408,38.289258],[21.78535,38.289323],[21.784581,38.290264],[21.784592,38.29028],[21.784601,38.290297],[21.784607,38.290315],[21.78461,38.290333],[21.78461,38.290339],[21.784611,38.290352],[21.784609,38.29037],[21.784604,38.290388],[21.784596,38.290406],[21.784585,38.290425],[21.78457,38.290442],[21.784552,38.290458],[21.784532,38.290472],[21.784504,38.290486],[21.784486,38.290492],[21.784474,38.290495],[21.78446,38.290499],[21.784434,38.290503],[21.784407,38.290504],[21.78438,38.290502],[21.784354,38.290497],[21.784329,38.29049],[21.784306,38.29048],[21.784284,38.290468],[21.784264,38.290454],[21.784247,38.290438],[21.784233,38.29042],[21.784223,38.2904],[21.784215,38.29038],[21.784211,38.290359],[21.784211,38.290338],[21.784212,38.290334],[21.784214,38.290318],[21.784221,38.290297],[21.784231,38.290278],[21.784244,38.29026],[21.784259,38.290245],[21.784275,38.290232],[21.784293,38.29022],[21.784313,38.29021],[21.784334,38.290202],[21.78434,38.2902],[21.784356,38.290196],[21.784379,38.290192],[21.784402,38.29019],[21.784426,38.29019],[21.784449,38.290193],[21.784472,38.290197],[21.784592,38.290051],[21.784615,38.290022],[21.784858,38.289726],[21.784858,38.289726],[21.785234,38.289267],[21.785292,38.289201],[21.785765,38.288673],[21.785808,38.288622],[21.78622,38.288125],[21.78664,38.287649],[21.786988,38.287241],[21.787167,38.287039],[21.78731,38.286884],[21.78685,38.286651],[21.786914,38.286583],[21.787722,38.285649],[21.787807,38.285562],[21.787406,38.285344],[21.787321,38.285298],[21.787317,38.285296],[21.786877,38.285057],[21.786839,38.285076],[21.786133,38.285905],[21.785925,38.286147],[21.786041,38.286209],[21.786041,38.286209],[21.78613,38.286256],[21.7865,38.286461],[21.786683,38.286561],[21.78677,38.286608],[21.78685,38.286651],[21.78731,38.286884],[21.787428,38.286946],[21.7873,38.2871],[21.78697,38.287494],[21.786864,38.287614],[21.786598,38.287916],[21.786449,38.288086],[21.785939,38.288665],[21.785927,38.288679],[21.785858,38.288758],[21.785408,38.289258],[21.78535,38.289323],[21.784958,38.289802],[21.784958,38.289802],[21.784581,38.290264],[21.784592,38.29028],[21.784601,38.290297],[21.784607,38.290315],[21.78461,38.290333],[21.78461,38.290339],[21.784611,38.290352],[21.784609,38.29037],[21.784604,38.290388],[21.784596,38.290406],[21.784585,38.290425],[21.78457,38.290442],[21.784552,38.290458],[21.784532,38.290472],[21.784504,38.290486],[21.784486,38.290492],[21.784474,38.290495],[21.78446,38.290499],[21.784434,38.290503],[21.784407,38.290504],[21.78438,38.290502],[21.784354,38.290497],[21.784329,38.29049],[21.784306,38.29048],[21.784284,38.290468],[21.784264,38.290454],[21.784247,38.290438],[21.784233,38.29042],[21.784223,38.2904],[21.784215,38.29038],[21.784211,38.290359],[21.784211,38.290338],[21.784212,38.290334],[21.78405,38.290239],[21.783913,38.290157],[21.783672,38.290015],[21.7833,38.289781],[21.782882,38.289455],[21.782658,38.289503],[21.782386,38.289579],[21.782367,38.289585],[21.782367,38.289585],[21.782095,38.289666],[21.781872,38.289728],[21.7817,38.289782],[21.781613,38.289821],[21.781441,38.289913],[21.781359,38.289963],[21.781278,38.290007],[21.781068,38.290128],[21.780844,38.290256],[21.780646,38.290362],[21.780488,38.290451],[21.780354,38.290525],[21.780275,38.29057],[21.780275,38.29057],[21.780041,38.290704],[21.779948,38.290758],[21.779863,38.290711],[21.779669,38.290597],[21.7795,38.290497],[21.779329,38.290391],[21.77915,38.290276],[21.778935,38.290129],[21.778616,38.289897],[21.778206,38.289595],[21.777783,38.289278],[21.777577,38.289129],[21.777398,38.289017],[21.777174,38.288893],[21.776935,38.288765],[21.776612,38.288595],[21.776545,38.288559],[21.776449,38.288507],[21.776393,38.288474],[21.776301,38.288421],[21.776217,38.288367],[21.776139,38.288314],[21.776047,38.288252],[21.775963,38.288192],[21.775797,38.288062],[21.775736,38.288009],[21.775724,38.287999],[21.775724,38.287999],[21.775617,38.287905],[21.775413,38.287728],[21.775133,38.287487],[21.77494,38.287311],[21.774813,38.287176],[21.774706,38.287056],[21.774509,38.286824],[21.774231,38.286452],[21.774179,38.286385],[21.773607,38.285615],[21.773161,38.285044],[21.772741,38.284489],[21.772674,38.284403],[21.772674,38.284403],[21.77256,38.284256],[21.772453,38.284115],[21.772232,38.283809],[21.771892,38.283324],[21.771662,38.282969],[21.771557,38.282784],[21.771534,38.28274],[21.771502,38.282682],[21.771452,38.2826],[21.771413,38.282542],[21.771359,38.282452],[21.771273,38.282316],[21.771231,38.282255],[21.771115,38.282116],[21.771057,38.282054],[21.770996,38.281995],[21.770913,38.28192],[21.770825,38.281845],[21.770795,38.281823],[21.77075,38.281787],[21.770721,38.281765],[21.77069,38.28174],[21.770671,38.28172],[21.770651,38.281693],[21.770311,38.281471],[21.770217,38.281409],[21.770115,38.281339],[21.77003,38.281281],[21.769927,38.281212],[21.769605,38.280978],[21.769558,38.280944],[21.769184,38.28069],[21.769033,38.280589],[21.768899,38.280495],[21.768763,38.280404],[21.768555,38.280258],[21.76843,38.280169],[21.768327,38.280094],[21.768236,38.280028],[21.768153,38.279961],[21.768062,38.279885],[21.767961,38.279803],[21.767758,38.279629],[21.767591,38.27948],[21.767494,38.279389],[21.767392,38.279293],[21.767353,38.279257],[21.767308,38.279215],[21.767258,38.279172],[21.767214,38.279139],[21.767151,38.279095],[21.767022,38.27901],[21.766835,38.278884],[21.766739,38.278821],[21.76668,38.278782],[21.766631,38.278746],[21.766581,38.27871],[21.766546,38.278682],[21.766486,38.278626],[21.766413,38.278559],[21.766339,38.278492],[21.766234,38.278392],[21.766075,38.278229],[21.765728,38.277886],[21.765669,38.277829],[21.76554,38.27771],[21.765492,38.277664],[21.76541,38.277587],[21.765296,38.277479],[21.765202,38.277387],[21.765157,38.277342],[21.765157,38.277342],[21.765136,38.27732],[21.765103,38.277289],[21.765043,38.277235],[21.764602,38.277563],[21.764262,38.277815],[21.76418,38.277882],[21.763817,38.277563],[21.763183,38.276983],[21.762349,38.276229],[21.761955,38.275879],[21.761527,38.275492],[21.761247,38.275236],[21.760851,38.274878],[21.760652,38.274699],[21.760492,38.274549],[21.760366,38.274433],[21.760302,38.274373],[21.760057,38.274146],[21.759776,38.273887],[21.75965,38.273765],[21.759422,38.273565],[21.759361,38.273517],[21.759259,38.273442],[21.759109,38.273334],[21.759009,38.273254],[21.758944,38.273203],[21.758693,38.272951],[21.758641,38.272887],[21.758569,38.272805],[21.758474,38.272688],[21.75836,38.272756],[21.758327,38.272778],[21.758301,38.272795],[21.758261,38.272822],[21.758167,38.272892],[21.757956,38.27305],[21.757633,38.273291],[21.757005,38.273764],[21.756392,38.274233],[21.756313,38.274151],[21.756235,38.274079],[21.755821,38.273719],[21.755719,38.273628],[21.755516,38.273453],[21.755068,38.27307],[21.75496,38.272979],[21.754891,38.272919],[21.754832,38.272865],[21.754762,38.2728],[21.754666,38.272705],[21.754537,38.272579],[21.754443,38.272489],[21.75434,38.272394],[21.754054,38.272142],[21.753953,38.272052],[21.753873,38.271979],[21.753777,38.271885],[21.753591,38.271693],[21.753435,38.271528],[21.753266,38.271357],[21.753175,38.271275],[21.752985,38.271098],[21.752704,38.270847],[21.752321,38.270522],[21.752193,38.270424],[21.752052,38.270317],[21.752052,38.270317],[21.751714,38.27006],[21.751664,38.270026],[21.751573,38.269975],[21.751383,38.269875],[21.751036,38.26969],[21.750694,38.269494],[21.750616,38.269447],[21.75053,38.269398],[21.75035,38.269297],[21.75035,38.269297],[21.750136,38.269178],[21.749938,38.269073],[21.749239,38.268742],[21.749166,38.268708],[21.748849,38.268301],[21.748849,38.268301],[21.748766,38.268194],[21.748673,38.268037],[21.748371,38.267555],[21.748115,38.267198],[21.748115,38.267198],[21.748087,38.26716],[21.748021,38.267075],[21.747943,38.266992],[21.747884,38.266936],[21.747793,38.266859],[21.747728,38.266811],[21.747696,38.266787],[21.747573,38.266706],[21.747363,38.266565],[21.747223,38.266474],[21.747162,38.266435],[21.74711,38.266397],[21.747018,38.266318],[21.746964,38.266265],[21.746831,38.266108],[21.746781,38.26604],[21.746721,38.26594],[21.746713,38.265926],[21.746713,38.265926],[21.746664,38.265837],[21.746487,38.265476],[21.746306,38.265124],[21.746203,38.264989],[21.746163,38.264937],[21.745725,38.264578],[21.745691,38.264552],[21.745388,38.264323],[21.745171,38.264177],[21.744897,38.263991],[21.744762,38.263889],[21.744762,38.263889],[21.744655,38.263808],[21.744292,38.26352],[21.744253,38.263488],[21.744057,38.263336],[21.743963,38.263261],[21.743923,38.26323],[21.743883,38.263192],[21.74387,38.263175],[21.743859,38.263156],[21.743848,38.263133],[21.743839,38.263108],[21.743828,38.263076],[21.743757,38.262852],[21.7437,38.262665],[21.743681,38.262592],[21.743661,38.262493],[21.743637,38.262371],[21.743596,38.262088],[21.743585,38.262031],[21.743566,38.261951],[21.74355,38.261893],[21.743546,38.261886],[21.743482,38.261768],[21.743482,38.261768],[21.743415,38.261647],[21.743313,38.26144],[21.74319,38.261194],[21.743112,38.26104],[21.743042,38.26089],[21.742868,38.260495],[21.742738,38.260168],[21.742738,38.260168],[21.742635,38.259911],[21.74243,38.259406],[21.742335,38.259174],[21.742203,38.258849],[21.742097,38.258601],[21.742097,38.258601],[21.742044,38.258478],[21.741952,38.258261],[21.741719,38.257718],[21.741484,38.25713],[21.741344,38.256795],[21.741344,38.256795],[21.741242,38.256553],[21.741008,38.255993],[21.740803,38.2555],[21.740765,38.255404],[21.74072,38.255286],[21.740674,38.255174],[21.740674,38.255174],[21.740645,38.255106],[21.740519,38.254803],[21.740376,38.254467],[21.740267,38.254214],[21.740243,38.253889],[21.740224,38.25348],[21.740224,38.25348],[21.740222,38.253447],[21.740215,38.253278],[21.740041,38.253325],[21.739848,38.253376],[21.739408,38.253481],[21.737205,38.254008],[21.736805,38.252763]]},"properties":{"line":"902","dir":"Αφετηρία Οθ. Αμαλίας & Καρολου","mode":"bus"}}]}