{"type":"FeatureCollection","features":[{"type":"Feature","geometry":{"type":"Point","coordinates":[21.74673,38.281874]},"properties":{"lines":"101, 102, 103, 104, 303","color":"#0059a9","mode":"bus","arr":["101","102","103","104","303"],"angle":-29,"mi":2}},{"type":"Feature","geometry":{"type":"Point","coordinates":[21.751844,38.280774]},"properties":{"lines":"101, 102, 103, 104, 303","color":"#0059a9","mode":"bus","arr":["101","102","103","104","303"],"angle":9.6,"extra":1,"ei":0}},{"type":"Feature","geometry":{"type":"Point","coordinates":[21.749596,38.281423]},"properties":{"lines":"101, 102, 103, 104, 303","color":"#0059a9","mode":"bus","arr":["101","102","103","104","303"],"angle":25.2,"extra":1,"ei":1}},{"type":"Feature","geometry":{"type":"Point","coordinates":[21.745716,38.280787]},"properties":{"lines":"101, 102, 103, 104, 303","color":"#0059a9","mode":"bus","arr":["101","102","103","104","303"],"angle":-65.1,"extra":1,"ei":2}},{"type":"Feature","geometry":{"type":"Point","coordinates":[21.745351,38.278934]},"properties":{"lines":"101, 102, 103, 104, 303","color":"#0059a9","mode":"bus","arr":["101","102","103","104","303"],"angle":-86.8,"extra":1,"ei":3}},{"type":"Feature","geometry":{"type":"Point","coordinates":[21.745135,38.277057]},"properties":{"lines":"101, 102, 103, 104, 303","color":"#0059a9","mode":"bus","arr":["101","102","103","104","303"],"angle":-75.6,"extra":1,"ei":4}},{"type":"Feature","geometry":{"type":"Point","coordinates":[21.753474,38.280598]},"properties":{"lines":"101, 102, 103, 104","color":"#0059a9","mode":"bus","arr":["101","102","103","104"],"angle":24.3}},{"type":"Feature","geometry":{"type":"Point","coordinates":[21.743385,38.274773]},"properties":{"lines":"101, 102, 103, 104, 303","color":"#0059a9","mode":"bus","arr":["101","102","103","104","303"],"angle":-62.9}},{"type":"Feature","geometry":{"type":"Point","coordinates":[21.744424,38.276197]},"properties":{"lines":"101, 102, 103, 104, 303","color":"#0059a9","mode":"bus","arr":["101","102","103","104","303"],"angle":-57.2,"extra":1,"ei":0}},{"type":"Feature","geometry":{"type":"Point","coordinates":[21.741726,38.273097]},"properties":{"lines":"101, 102, 103, 104, 303","color":"#0059a9","mode":"bus","arr":["101","102","103","104","303"],"angle":-53.1,"extra":1,"ei":1}},{"type":"Feature","geometry":{"type":"Point","coordinates":[21.744816,38.270827]},"properties":{"lines":"101, 102, 103, 104, 303","color":"#0059a9","mode":"bus","arr":["101","102","103","104","303"],"angle":39.7,"mi":1}},{"type":"Feature","geometry":{"type":"Point","coordinates":[21.742453,38.272226]},"properties":{"lines":"101, 102, 103, 104, 303","color":"#0059a9","mode":"bus","arr":["101","102","103","104","303"],"angle":33,"extra":1,"ei":0}},{"type":"Feature","geometry":{"type":"Point","coordinates":[21.746221,38.26989]},"properties":{"lines":"101, 102, 103, 104, 303","color":"#0059a9","mode":"bus","arr":["101","102","103","104","303"],"angle":32.5,"extra":1,"ei":1}},{"type":"Feature","geometry":{"type":"Point","coordinates":[21.748715,38.268898]},"properties":{"lines":"101, 102, 104, 303","color":"#0059a9","mode":"bus","arr":["101","102","104","303"],"angle":19}},{"type":"Feature","geometry":{"type":"Point","coordinates":[21.746796,38.26606]},"properties":{"lines":"101, 102, 103, 104, 303, 901, 902","color":"#0059a9","mode":"bus","arr":["101","102","103","104","303","901","902"],"angle":-61}},{"type":"Feature","geometry":{"type":"Point","coordinates":[21.748578,38.267886]},"properties":{"lines":"101, 102, 103, 104, 303, 901, 902","color":"#0059a9","mode":"bus","arr":["101","102","103","104","303","901","902"],"angle":-64,"extra":1,"ei":0}},{"type":"Feature","geometry":{"type":"Point","coordinates":[21.745972,38.264781]},"properties":{"lines":"101, 102, 103, 104, 303, 901, 902","color":"#0059a9","mode":"bus","arr":["101","102","103","104","303","901","902"],"angle":-47.5,"extra":1,"ei":1}},{"type":"Feature","geometry":{"type":"Point","coordinates":[21.743826,38.263069]},"properties":{"lines":"101, 102, 103, 104, 901, 902","color":"#0059a9","mode":"bus","arr":["101","102","103","104","901","902"],"angle":-67.2}},{"type":"Feature","geometry":{"type":"Point","coordinates":[21.742592,38.259804]},"properties":{"lines":"101, 102, 103, 104, 901, 902","color":"#0059a9","mode":"bus","arr":["101","102","103","104","901","902"],"angle":-72.4,"mi":1}},{"type":"Feature","geometry":{"type":"Point","coordinates":[21.743383,38.261582]},"properties":{"lines":"101, 102, 103, 104, 901, 902","color":"#0059a9","mode":"bus","arr":["101","102","103","104","901","902"],"angle":-68,"extra":1,"ei":0}},{"type":"Feature","geometry":{"type":"Point","coordinates":[21.741842,38.258005]},"properties":{"lines":"101, 102, 103, 104, 901, 902","color":"#0059a9","mode":"bus","arr":["101","102","103","104","901","902"],"angle":-71.4,"extra":1,"ei":1}},{"type":"Feature","geometry":{"type":"Point","coordinates":[21.74087,38.255661]},"properties":{"lines":"101, 102, 103, 104, 606, 609, 610, 901, 902","color":"#0059a9","mode":"bus","arr":["101","102","103","104","606","609","610","901","902"],"angle":-72}},{"type":"Feature","geometry":{"type":"Point","coordinates":[21.740356,38.254423]},"properties":{"lines":"101, 102, 103, 104, 606, 609, 610, 901, 902","color":"#0059a9","mode":"bus","arr":["101","102","103","104","606","609","610","901","902"],"angle":-71,"extra":1,"ei":0}},{"type":"Feature","geometry":{"type":"Point","coordinates":[21.740229,38.253829]},"properties":{"lines":"101, 102, 103, 606, 609, 610, 902","color":"#0059a9","mode":"bus","arr":["101","102","103","606","609","610","902"],"angle":-87.6}},{"type":"Feature","geometry":{"type":"Point","coordinates":[21.740229,38.252509]},"properties":{"lines":"101, 102, 103","color":"#0059a9","mode":"bus","arr":["101","102","103"],"angle":88.1}},{"type":"Feature","geometry":{"type":"Point","coordinates":[21.740972,38.251614]},"properties":{"lines":"101, 102, 302","color":"#0059a9","mode":"bus","arr":["101","102","302"],"angle":12.9}},{"type":"Feature","geometry":{"type":"Point","coordinates":[21.740848,38.251173]},"properties":{"lines":"101, 102, 201, 301, 302","color":"#0059a9","mode":"bus","arr":["101","102","201","301","302"],"angle":-45,"mi":2}},{"type":"Feature","geometry":{"type":"Point","coordinates":[21.739359,38.250018]},"properties":{"lines":"101, 102, 103, 201, 301, 302","color":"#0059a9","mode":"bus","arr":["101","102","103","201","301","302"],"angle":-44.4,"mi":1}},{"type":"Feature","geometry":{"type":"Point","coordinates":[21.738641,38.248983]},"properties":{"lines":"101, 102, 103, 201, 301, 302","color":"#0059a9","mode":"bus","arr":["101","102","103","201","301","302"],"angle":45.2}},{"type":"Feature","geometry":{"type":"Point","coordinates":[21.739266,38.248487]},"properties":{"lines":"101, 102, 201, 301, 302","color":"#0059a9","mode":"bus","arr":["101","102","201","301","302"],"angle":45.4}},{"type":"Feature","geometry":{"type":"Point","coordinates":[21.73913,38.247881]},"properties":{"lines":"101, 102, 201, 301, 302","color":"#0059a9","mode":"bus","arr":["101","102","201","301","302"],"angle":-44.6,"mi":1}},{"type":"Feature","geometry":{"type":"Point","coordinates":[21.73816,38.247133]},"properties":{"lines":"101, 102, 103, 201, 301, 302, 401","color":"#0059a9","mode":"bus","arr":["101","102","103","201","301","302","401"],"angle":-44}},{"type":"Feature","geometry":{"type":"Point","coordinates":[21.737227,38.246425]},"properties":{"lines":"101, 102, 103, 201, 301, 302","color":"#0059a9","mode":"bus","arr":["101","102","103","201","301","302"],"angle":-44.3,"mi":2}},{"type":"Feature","geometry":{"type":"Point","coordinates":[21.73559,38.245167]},"properties":{"lines":"101, 102, 103, 201, 301, 302, 702, 801, 803","color":"#0059a9","mode":"bus","arr":["101","102","103","201","301","302","702","801","803"],"angle":-44.5}},{"type":"Feature","geometry":{"type":"Point","coordinates":[21.733908,38.243872]},"properties":{"lines":"101, 102, 103, 201, 301, 302, 701, 702, 801, 803","color":"#0059a9","mode":"bus","arr":["101","102","103","201","301","302","701","702","801","803"],"angle":-44.3}},{"type":"Feature","geometry":{"type":"Point","coordinates":[21.73906,38.247214]},"properties":{"lines":"402","color":"#0059a9","mode":"bus","arr":["402"],"angle":46.1,"mi":3}},{"type":"Feature","geometry":{"type":"Point","coordinates":[21.738363,38.247784]},"properties":{"lines":"101, 103, 302","color":"#0059a9","mode":"bus","arr":["101","103","302"],"angle":46.1}},{"type":"Feature","geometry":{"type":"Point","coordinates":[21.737748,38.248287]},"properties":{"lines":"101, 804","color":"#0059a9","mode":"bus","arr":["101","804"],"angle":46.2}},{"type":"Feature","geometry":{"type":"Point","coordinates":[21.736739,38.249111]},"properties":{"lines":"804","color":"#0059a9","mode":"bus","arr":["804"],"angle":46.1}},{"type":"Feature","geometry":{"type":"Point","coordinates":[21.734674,38.247847]},"properties":{"lines":"606, 607, 608, 609, 801, 803","color":"#0059a9","mode":"bus","arr":["606","607","608","609","801","803"],"angle":45.9}},{"type":"Feature","geometry":{"type":"Point","coordinates":[21.736508,38.246358]},"properties":{"lines":"303, 701, 702, 801, 803","color":"#0059a9","mode":"bus","arr":["303","701","702","801","803"],"angle":45.9}},{"type":"Feature","geometry":{"type":"Point","coordinates":[21.734072,38.244472]},"properties":{"lines":"701","color":"#0059a9","mode":"bus","arr":["701"],"angle":47.1}},{"type":"Feature","geometry":{"type":"Point","coordinates":[21.733483,38.24497]},"properties":{"lines":"101","color":"#0059a9","mode":"bus","arr":["101"],"angle":47.1,"mi":3}},{"type":"Feature","geometry":{"type":"Point","coordinates":[21.733313,38.244375]},"properties":{"lines":"101, 202, 303, 602, 701, 804","color":"#0059a9","mode":"bus","arr":["101","202","303","602","701","804"],"angle":-44.7}},{"type":"Feature","geometry":{"type":"Point","coordinates":[21.735138,38.245756]},"properties":{"lines":"202, 303, 602, 701, 804","color":"#0059a9","mode":"bus","arr":["202","303","602","701","804"],"angle":-13.4}},{"type":"Feature","geometry":{"type":"Point","coordinates":[21.733083,38.244663]},"properties":{"lines":"101","color":"#0059a9","mode":"bus","arr":["101"],"angle":47.3,"mi":4}},{"type":"Feature","geometry":{"type":"Point","coordinates":[21.732571,38.24426]},"properties":{"lines":"101, 104","color":"#0059a9","mode":"bus","arr":["101","104"],"angle":46.5}},{"type":"Feature","geometry":{"type":"Point","coordinates":[21.738411,38.241158]},"properties":{"lines":"101, 102, 103, 104, 701, 702, 801, 803, 804","color":"#0059a9","mode":"bus","arr":["101","102","103","104","701","702","801","803","804"],"angle":25}},{"type":"Feature","geometry":{"type":"Point","coordinates":[21.734268,38.242827]},"properties":{"lines":"101, 102, 103, 104, 701, 702, 801, 803, 804","color":"#0059a9","mode":"bus","arr":["101","102","103","104","701","702","801","803","804"],"angle":43.2,"extra":1,"ei":0}},{"type":"Feature","geometry":{"type":"Point","coordinates":[21.736377,38.241939]},"properties":{"lines":"101, 102, 103, 104, 701, 702, 801, 803, 804","color":"#0059a9","mode":"bus","arr":["101","102","103","104","701","702","801","803","804"],"angle":26.3,"extra":1,"ei":1}},{"type":"Feature","geometry":{"type":"Point","coordinates":[21.740691,38.240272]},"properties":{"lines":"101, 102, 103, 104, 701, 702, 801, 803, 804","color":"#0059a9","mode":"bus","arr":["101","102","103","104","701","702","801","803","804"],"angle":26.5,"extra":1,"ei":2}},{"type":"Feature","geometry":{"type":"Point","coordinates":[21.742793,38.239364]},"properties":{"lines":"101, 102, 103, 104, 701, 702, 801, 803, 804","color":"#0059a9","mode":"bus","arr":["101","102","103","104","701","702","801","803","804"],"angle":34.8,"extra":1,"ei":3}},{"type":"Feature","geometry":{"type":"Point","coordinates":[21.733157,38.243768]},"properties":{"lines":"101, 104, 701, 804","color":"#0059a9","mode":"bus","arr":["101","104","701","804"],"angle":47.2}},{"type":"Feature","geometry":{"type":"Point","coordinates":[21.744369,38.239059]},"properties":{"lines":"101, 102, 103","color":"#0059a9","mode":"bus","arr":["101","102","103"],"angle":-7.1,"mi":1}},{"type":"Feature","geometry":{"type":"Point","coordinates":[21.745222,38.239372]},"properties":{"lines":"101, 102, 103","color":"#0059a9","mode":"bus","arr":["101","102","103"],"angle":-80.9,"side":-1}},{"type":"Feature","geometry":{"type":"Point","coordinates":[21.745798,38.240288]},"properties":{"lines":"101, 102, 103, 104, 401, 402","color":"#0059a9","mode":"bus","arr":["101","102","103","104","401","402"],"angle":-13.1}},{"type":"Feature","geometry":{"type":"Point","coordinates":[21.748788,38.23921]},"properties":{"lines":"101, 102, 103, 104","color":"#0059a9","mode":"bus","arr":["101","102","103","104"],"angle":28.4}},{"type":"Feature","geometry":{"type":"Point","coordinates":[21.750099,38.238651]},"properties":{"lines":"101, 102, 103, 104","color":"#0059a9","mode":"bus","arr":["101","102","103","104"],"angle":28.5,"extra":1,"ei":0}},{"type":"Feature","geometry":{"type":"Point","coordinates":[21.761517,38.228721]},"properties":{"lines":"101","color":"#0059a9","mode":"bus","arr":["101"],"angle":59.7,"mi":4}},{"type":"Feature","geometry":{"type":"Point","coordinates":[21.755393,38.233347]},"properties":{"lines":"101, 104","color":"#0059a9","mode":"bus","arr":["101","104"],"angle":34.9}},{"type":"Feature","geometry":{"type":"Point","coordinates":[21.759869,38.230133]},"properties":{"lines":"101, 104","color":"#0059a9","mode":"bus","arr":["101","104"],"angle":29.2,"extra":1,"ei":0}},{"type":"Feature","geometry":{"type":"Point","coordinates":[21.758038,38.231017]},"properties":{"lines":"101, 104","color":"#0059a9","mode":"bus","arr":["101","104"],"angle":67.8,"extra":1,"ei":1}},{"type":"Feature","geometry":{"type":"Point","coordinates":[21.756659,38.232549]},"properties":{"lines":"101, 104","color":"#0059a9","mode":"bus","arr":["101","104"],"angle":47.1,"extra":1,"ei":2}},{"type":"Feature","geometry":{"type":"Point","coordinates":[21.752935,38.234923]},"properties":{"lines":"101, 104","color":"#0059a9","mode":"bus","arr":["101","104"],"angle":44.4,"extra":1,"ei":3}},{"type":"Feature","geometry":{"type":"Point","coordinates":[21.751843,38.236582]},"properties":{"lines":"101, 104","color":"#0059a9","mode":"bus","arr":["101","104"],"angle":63.2,"extra":1,"ei":4}},{"type":"Feature","geometry":{"type":"Point","coordinates":[21.761857,38.22682]},"properties":{"lines":"101","color":"#0059a9","mode":"bus","arr":["101"],"angle":84.5,"mi":1}},{"type":"Feature","geometry":{"type":"Point","coordinates":[21.760066,38.225571]},"properties":{"lines":"101","color":"#0059a9","mode":"bus","arr":["101"],"angle":0.1}},{"type":"Feature","geometry":{"type":"Point","coordinates":[21.761629,38.225687]},"properties":{"lines":"101","color":"#0059a9","mode":"bus","arr":["101"],"angle":-14,"extra":1,"ei":0}},{"type":"Feature","geometry":{"type":"Point","coordinates":[21.758728,38.225589]},"properties":{"lines":"101","color":"#0059a9","mode":"bus","arr":["101"],"angle":0.1,"side":-1,"mi":2}},{"type":"Feature","geometry":{"type":"Point","coordinates":[21.764132,38.225749]},"properties":{"lines":"101","color":"#0059a9","mode":"bus","arr":["101"],"angle":4.9,"mi":5}},{"type":"Feature","geometry":{"type":"Point","coordinates":[21.765659,38.225671]},"properties":{"lines":"101","color":"#0059a9","mode":"bus","arr":["101"],"angle":-0.9,"extra":1,"ei":0}},{"type":"Feature","geometry":{"type":"Point","coordinates":[21.765631,38.227288]},"properties":{"lines":"104","color":"#0059a9","mode":"bus","arr":["104"],"angle":80.1,"mi":1}},{"type":"Feature","geometry":{"type":"Point","coordinates":[21.758152,38.22578]},"properties":{"lines":"101","color":"#0059a9","mode":"bus","arr":["101"],"angle":87.4,"side":-1,"mi":3}},{"type":"Feature","geometry":{"type":"Point","coordinates":[21.754749,38.238202]},"properties":{"lines":"102, 103, 104","color":"#0059a9","mode":"bus","arr":["102","103","104"],"angle":51.5}},{"type":"Feature","geometry":{"type":"Point","coordinates":[21.751528,38.238238]},"properties":{"lines":"102, 103, 104","color":"#0059a9","mode":"bus","arr":["102","103","104"],"angle":-23.9,"mi":1}},{"type":"Feature","geometry":{"type":"Point","coordinates":[21.753138,38.238181]},"properties":{"lines":"102, 103","color":"#0059a9","mode":"bus","arr":["102","103"],"angle":7.2}},{"type":"Feature","geometry":{"type":"Point","coordinates":[21.759173,38.2363]},"properties":{"lines":"102, 103, 104","color":"#0059a9","mode":"bus","arr":["102","103","104"],"angle":30.4,"mi":2}},{"type":"Feature","geometry":{"type":"Point","coordinates":[21.75657,38.237191]},"properties":{"lines":"102, 103, 104","color":"#0059a9","mode":"bus","arr":["102","103","104"],"angle":30.4,"extra":1,"ei":0}},{"type":"Feature","geometry":{"type":"Point","coordinates":[21.760892,38.235659]},"properties":{"lines":"102, 103, 104","color":"#0059a9","mode":"bus","arr":["102","103","104"],"angle":-5,"extra":1,"ei":1}},{"type":"Feature","geometry":{"type":"Point","coordinates":[21.764732,38.235073]},"properties":{"lines":"102","color":"#0059a9","mode":"bus","arr":["102"],"angle":-6.7,"mi":2}},{"type":"Feature","geometry":{"type":"Point","coordinates":[21.763295,38.234743]},"properties":{"lines":"102","color":"#0059a9","mode":"bus","arr":["102"],"angle":40.9,"extra":1,"ei":0}},{"type":"Feature","geometry":{"type":"Point","coordinates":[21.766168,38.235564]},"properties":{"lines":"102","color":"#0059a9","mode":"bus","arr":["102"],"angle":86.2,"extra":1,"ei":1,"side":-1}},{"type":"Feature","geometry":{"type":"Point","coordinates":[21.765992,38.236329]},"properties":{"lines":"102","color":"#0059a9","mode":"bus","arr":["102"],"angle":53.8,"mi":1}},{"type":"Feature","geometry":{"type":"Point","coordinates":[21.765063,38.238187]},"properties":{"lines":"102","color":"#0059a9","mode":"bus","arr":["102"],"angle":63.4,"mi":3}},{"type":"Feature","geometry":{"type":"Point","coordinates":[21.771192,38.235116]},"properties":{"lines":"102","color":"#0059a9","mode":"bus","arr":["102"],"angle":35.7}},{"type":"Feature","geometry":{"type":"Point","coordinates":[21.767507,38.235437]},"properties":{"lines":"102","color":"#0059a9","mode":"bus","arr":["102"],"angle":13,"extra":1,"ei":0}},{"type":"Feature","geometry":{"type":"Point","coordinates":[21.774,38.233716]},"properties":{"lines":"102","color":"#0059a9","mode":"bus","arr":["102"],"angle":16.1,"extra":1,"ei":1}},{"type":"Feature","geometry":{"type":"Point","coordinates":[21.77606,38.233738]},"properties":{"lines":"102","color":"#0059a9","mode":"bus","arr":["102"],"angle":-38.1,"mi":4}},{"type":"Feature","geometry":{"type":"Point","coordinates":[21.748112,38.268719]},"properties":{"lines":"103","color":"#0059a9","mode":"bus","arr":["103"],"angle":-74.6}},{"type":"Feature","geometry":{"type":"Point","coordinates":[21.748388,38.268311]},"properties":{"lines":"103","color":"#0059a9","mode":"bus","arr":["103"],"angle":21.4,"mi":1}},{"type":"Feature","geometry":{"type":"Point","coordinates":[21.744644,38.26342]},"properties":{"lines":"103, 303","color":"#0059a9","mode":"bus","arr":["103","303"],"angle":19.9}},{"type":"Feature","geometry":{"type":"Point","coordinates":[21.782199,38.228371]},"properties":{"lines":"103","color":"#0059a9","mode":"bus","arr":["103"],"angle":77.7}},{"type":"Feature","geometry":{"type":"Point","coordinates":[21.792818,38.223567]},"properties":{"lines":"103","color":"#0059a9","mode":"bus","arr":["103"],"angle":3.8}},{"type":"Feature","geometry":{"type":"Point","coordinates":[21.794546,38.223495]},"properties":{"lines":"103","color":"#0059a9","mode":"bus","arr":["103"],"angle":4.5,"extra":1,"ei":0,"side":-1}},{"type":"Feature","geometry":{"type":"Point","coordinates":[21.802097,38.217039]},"properties":{"lines":"103","color":"#0059a9","mode":"bus","arr":["103"],"angle":-38.6}},{"type":"Feature","geometry":{"type":"Point","coordinates":[21.740326,38.251324]},"properties":{"lines":"103","color":"#0059a9","mode":"bus","arr":["103"],"angle":-45.7,"mi":1}},{"type":"Feature","geometry":{"type":"Point","coordinates":[21.740209,38.250948]},"properties":{"lines":"103","color":"#0059a9","mode":"bus","arr":["103"],"angle":45.3}},{"type":"Feature","geometry":{"type":"Point","coordinates":[21.737126,38.247322]},"properties":{"lines":"202, 303, 601, 602, 606, 607, 608, 804","color":"#0059a9","mode":"bus","arr":["202","303","601","602","606","607","608","804"],"angle":-44.6}},{"type":"Feature","geometry":{"type":"Point","coordinates":[21.738499,38.24839]},"properties":{"lines":"103, 202, 302, 303, 601, 602, 606, 607, 608","color":"#0059a9","mode":"bus","arr":["103","202","302","303","601","602","606","607","608"],"angle":-44.8}},{"type":"Feature","geometry":{"type":"Point","coordinates":[21.761713,38.235707]},"properties":{"lines":"103","color":"#0059a9","mode":"bus","arr":["103"],"angle":-56.6}},{"type":"Feature","geometry":{"type":"Point","coordinates":[21.767391,38.230502]},"properties":{"lines":"103, 104","color":"#0059a9","mode":"bus","arr":["103","104"],"angle":46}},{"type":"Feature","geometry":{"type":"Point","coordinates":[21.762618,38.234359]},"properties":{"lines":"103, 104","color":"#0059a9","mode":"bus","arr":["103","104"],"angle":-84.1,"extra":1,"ei":0}},{"type":"Feature","geometry":{"type":"Point","coordinates":[21.763614,38.23277]},"properties":{"lines":"103, 104","color":"#0059a9","mode":"bus","arr":["103","104"],"angle":47.8,"extra":1,"ei":1}},{"type":"Feature","geometry":{"type":"Point","coordinates":[21.765528,38.231647]},"properties":{"lines":"103, 104","color":"#0059a9","mode":"bus","arr":["103","104"],"angle":22.8,"extra":1,"ei":2}},{"type":"Feature","geometry":{"type":"Point","coordinates":[21.769207,38.229421]},"properties":{"lines":"103, 104","color":"#0059a9","mode":"bus","arr":["103","104"],"angle":32.8,"extra":1,"ei":3}},{"type":"Feature","geometry":{"type":"Point","coordinates":[21.771457,38.228781]},"properties":{"lines":"103, 104","color":"#0059a9","mode":"bus","arr":["103","104"],"angle":12.8,"extra":1,"ei":4}},{"type":"Feature","geometry":{"type":"Point","coordinates":[21.773655,38.228047]},"properties":{"lines":"103, 104","color":"#0059a9","mode":"bus","arr":["103","104"],"angle":32.4,"extra":1,"ei":5}},{"type":"Feature","geometry":{"type":"Point","coordinates":[21.783041,38.228624]},"properties":{"lines":"103, 104","color":"#0059a9","mode":"bus","arr":["103","104"],"angle":-4.3,"mi":4}},{"type":"Feature","geometry":{"type":"Point","coordinates":[21.775815,38.227652]},"properties":{"lines":"103, 104","color":"#0059a9","mode":"bus","arr":["103","104"],"angle":-26.6,"extra":1,"ei":0}},{"type":"Feature","geometry":{"type":"Point","coordinates":[21.778085,38.227814]},"properties":{"lines":"103, 104","color":"#0059a9","mode":"bus","arr":["103","104"],"angle":0.3,"extra":1,"ei":1}},{"type":"Feature","geometry":{"type":"Point","coordinates":[21.780451,38.227879]},"properties":{"lines":"103, 104","color":"#0059a9","mode":"bus","arr":["103","104"],"angle":-6,"extra":1,"ei":2}},{"type":"Feature","geometry":{"type":"Point","coordinates":[21.784907,38.228397]},"properties":{"lines":"103, 104","color":"#0059a9","mode":"bus","arr":["103","104"],"angle":5.7,"extra":1,"ei":3}},{"type":"Feature","geometry":{"type":"Point","coordinates":[21.786943,38.229094]},"properties":{"lines":"103, 104","color":"#0059a9","mode":"bus","arr":["103","104"],"angle":-3.7,"extra":1,"ei":4}},{"type":"Feature","geometry":{"type":"Point","coordinates":[21.78921,38.229025]},"properties":{"lines":"103, 104","color":"#0059a9","mode":"bus","arr":["103","104"],"angle":26.7,"extra":1,"ei":5}},{"type":"Feature","geometry":{"type":"Point","coordinates":[21.797657,38.221916]},"properties":{"lines":"103, 104","color":"#0059a9","mode":"bus","arr":["103","104"],"angle":46.3,"mi":2}},{"type":"Feature","geometry":{"type":"Point","coordinates":[21.791574,38.225711]},"properties":{"lines":"103, 104","color":"#0059a9","mode":"bus","arr":["103","104"],"angle":71.3}},{"type":"Feature","geometry":{"type":"Point","coordinates":[21.791588,38.227381]},"properties":{"lines":"103, 104","color":"#0059a9","mode":"bus","arr":["103","104"],"angle":33.7,"mi":1}},{"type":"Feature","geometry":{"type":"Point","coordinates":[21.792999,38.226794]},"properties":{"lines":"103, 104","color":"#0059a9","mode":"bus","arr":["103","104"],"angle":25,"extra":1,"ei":0}},{"type":"Feature","geometry":{"type":"Point","coordinates":[21.795407,38.223033]},"properties":{"lines":"103, 104","color":"#0059a9","mode":"bus","arr":["103","104"],"angle":21,"extra":1,"ei":0}},{"type":"Feature","geometry":{"type":"Point","coordinates":[21.798516,38.220945]},"properties":{"lines":"103, 104","color":"#0059a9","mode":"bus","arr":["103","104"],"angle":34.6,"extra":1,"ei":1}},{"type":"Feature","geometry":{"type":"Point","coordinates":[21.800095,38.219832]},"properties":{"lines":"103, 104","color":"#0059a9","mode":"bus","arr":["103","104"],"angle":63.1,"extra":1,"ei":2}},{"type":"Feature","geometry":{"type":"Point","coordinates":[21.802217,38.219027]},"properties":{"lines":"103, 104","color":"#0059a9","mode":"bus","arr":["103","104"],"angle":76,"mi":3}},{"type":"Feature","geometry":{"type":"Point","coordinates":[21.793546,38.221485]},"properties":{"lines":"104","color":"#0059a9","mode":"bus","arr":["104"],"angle":38,"mi":2}},{"type":"Feature","geometry":{"type":"Point","coordinates":[21.791333,38.222904]},"properties":{"lines":"104","color":"#0059a9","mode":"bus","arr":["104"],"angle":65,"extra":1,"ei":0}},{"type":"Feature","geometry":{"type":"Point","coordinates":[21.795067,38.221378]},"properties":{"lines":"104","color":"#0059a9","mode":"bus","arr":["104"],"angle":-46.1,"extra":1,"ei":1}},{"type":"Feature","geometry":{"type":"Point","coordinates":[21.794813,38.223192]},"properties":{"lines":"104","color":"#0059a9","mode":"bus","arr":["104"],"angle":67.7,"extra":1,"ei":2,"side":-1}},{"type":"Feature","geometry":{"type":"Point","coordinates":[21.801169,38.216785]},"properties":{"lines":"104","color":"#0059a9","mode":"bus","arr":["104"],"angle":-85.8}},{"type":"Feature","geometry":{"type":"Point","coordinates":[21.800886,38.215616]},"properties":{"lines":"104","color":"#0059a9","mode":"bus","arr":["104"],"angle":-64.1,"side":-1,"mi":1}},{"type":"Feature","geometry":{"type":"Point","coordinates":[21.763091,38.229199]},"properties":{"lines":"104","color":"#0059a9","mode":"bus","arr":["104"],"angle":18.2}},{"type":"Feature","geometry":{"type":"Point","coordinates":[21.745105,38.239347]},"properties":{"lines":"104","color":"#0059a9","mode":"bus","arr":["104"],"angle":-81.5,"mi":2}},{"type":"Feature","geometry":{"type":"Point","coordinates":[21.744811,38.238428]},"properties":{"lines":"104","color":"#0059a9","mode":"bus","arr":["104"],"angle":-18.4,"mi":3}},{"type":"Feature","geometry":{"type":"Point","coordinates":[21.744076,38.238666]},"properties":{"lines":"104, 701, 702, 801, 803, 804","color":"#0059a9","mode":"bus","arr":["104","701","702","801","803","804"],"angle":36}},{"type":"Feature","geometry":{"type":"Point","coordinates":[21.731591,38.245081]},"properties":{"lines":"104, 501, 502, 610","color":"#0059a9","mode":"bus","arr":["104","501","502","610"],"angle":47.1}},{"type":"Feature","geometry":{"type":"Point","coordinates":[21.732179,38.246631]},"properties":{"lines":"104, 118, 502, 503","color":"#0059a9","mode":"bus","arr":["104","118","502","503"],"angle":-45.3}},{"type":"Feature","geometry":{"type":"Point","coordinates":[21.734731,38.248656]},"properties":{"lines":"104, 111, 118, 502, 503","color":"#0059a9","mode":"bus","arr":["104","111","118","502","503"],"angle":-45.3}},{"type":"Feature","geometry":{"type":"Point","coordinates":[21.735967,38.249636]},"properties":{"lines":"104, 111, 118, 502, 503","color":"#0059a9","mode":"bus","arr":["104","111","118","502","503"],"angle":-45.3,"extra":1,"ei":0}},{"type":"Feature","geometry":{"type":"Point","coordinates":[21.736749,38.250257]},"properties":{"lines":"104, 111, 118, 502, 503, 804","color":"#0059a9","mode":"bus","arr":["104","111","118","502","503","804"],"angle":-45.3}},{"type":"Feature","geometry":{"type":"Point","coordinates":[21.737829,38.251495]},"properties":{"lines":"104, 111, 502, 503, 804, 901","color":"#0059a9","mode":"bus","arr":["104","111","502","503","804","901"],"angle":-71.9,"mi":1}},{"type":"Feature","geometry":{"type":"Point","coordinates":[21.738188,38.252711]},"properties":{"lines":"104, 111, 502, 503, 804, 901","color":"#0059a9","mode":"bus","arr":["104","111","502","503","804","901"],"angle":-78}},{"type":"Feature","geometry":{"type":"Point","coordinates":[21.738582,38.254039]},"properties":{"lines":"104, 901","color":"#0059a9","mode":"bus","arr":["104","901"],"angle":-75.4}},{"type":"Feature","geometry":{"type":"Point","coordinates":[21.739511,38.254398]},"properties":{"lines":"104, 901","color":"#0059a9","mode":"bus","arr":["104","901"],"angle":17.5,"mi":1}},{"type":"Feature","geometry":{"type":"Point","coordinates":[21.759406,38.237918]},"properties":{"lines":"104","color":"#0059a9","mode":"bus","arr":["104"],"angle":-13.4,"mi":4}},{"type":"Feature","geometry":{"type":"Point","coordinates":[21.762166,38.238468]},"properties":{"lines":"104","color":"#0059a9","mode":"bus","arr":["104"],"angle":-29.7,"extra":1,"ei":0}},{"type":"Feature","geometry":{"type":"Point","coordinates":[21.75789,38.237626]},"properties":{"lines":"104","color":"#0059a9","mode":"bus","arr":["104"],"angle":-8.3,"extra":1,"ei":1}},{"type":"Feature","geometry":{"type":"Point","coordinates":[21.755696,38.237865]},"properties":{"lines":"104","color":"#0059a9","mode":"bus","arr":["104"],"angle":-46.6,"extra":1,"ei":2}},{"type":"Feature","geometry":{"type":"Point","coordinates":[21.753524,38.239052]},"properties":{"lines":"104","color":"#0059a9","mode":"bus","arr":["104"],"angle":36,"mi":1}},{"type":"Feature","geometry":{"type":"Point","coordinates":[21.752589,38.238864]},"properties":{"lines":"104","color":"#0059a9","mode":"bus","arr":["104"],"angle":-59.6}},{"type":"Feature","geometry":{"type":"Point","coordinates":[21.730562,38.245951]},"properties":{"lines":"501, 502, 610","color":"#0059a9","mode":"bus","arr":["501","502","610"],"angle":47.2}},{"type":"Feature","geometry":{"type":"Point","coordinates":[21.738937,38.267326]},"properties":{"lines":"111","color":"#0059a9","mode":"bus","arr":["111"],"angle":54,"mi":1}},{"type":"Feature","geometry":{"type":"Point","coordinates":[21.739222,38.262505]},"properties":{"lines":"111","color":"#0059a9","mode":"bus","arr":["111"],"angle":-83}},{"type":"Feature","geometry":{"type":"Point","coordinates":[21.738384,38.257713]},"properties":{"lines":"111","color":"#0059a9","mode":"bus","arr":["111"],"angle":75.7,"mi":2}},{"type":"Feature","geometry":{"type":"Point","coordinates":[21.739378,38.266336]},"properties":{"lines":"111","color":"#0059a9","mode":"bus","arr":["111"],"angle":89.7,"extra":1,"ei":0}},{"type":"Feature","geometry":{"type":"Point","coordinates":[21.739404,38.264447]},"properties":{"lines":"111","color":"#0059a9","mode":"bus","arr":["111"],"angle":-89.8,"extra":1,"ei":1}},{"type":"Feature","geometry":{"type":"Point","coordinates":[21.738926,38.260693]},"properties":{"lines":"111","color":"#0059a9","mode":"bus","arr":["111"],"angle":-82.4,"extra":1,"ei":2}},{"type":"Feature","geometry":{"type":"Point","coordinates":[21.737571,38.254847]},"properties":{"lines":"111","color":"#0059a9","mode":"bus","arr":["111"],"angle":-65.7,"extra":1,"ei":0}},{"type":"Feature","geometry":{"type":"Point","coordinates":[21.736918,38.253162]},"properties":{"lines":"111, 609, 610, 902","color":"#0059a9","mode":"bus","arr":["111","609","610","902"],"angle":-76.7,"mi":1}},{"type":"Feature","geometry":{"type":"Point","coordinates":[21.736329,38.251031]},"properties":{"lines":"111, 609, 610","color":"#0059a9","mode":"bus","arr":["111","609","610"],"angle":-78.5}},{"type":"Feature","geometry":{"type":"Point","coordinates":[21.734662,38.249219]},"properties":{"lines":"111, 501, 502, 606, 607, 608, 609, 610, 801, 803","color":"#0059a9","mode":"bus","arr":["111","501","502","606","607","608","609","610","801","803"],"angle":-44.3}},{"type":"Feature","geometry":{"type":"Point","coordinates":[21.733435,38.24823]},"properties":{"lines":"111, 501, 502, 610","color":"#0059a9","mode":"bus","arr":["111","501","502","610"],"angle":-45.8}},{"type":"Feature","geometry":{"type":"Point","coordinates":[21.731762,38.246949]},"properties":{"lines":"501, 502, 610","color":"#0059a9","mode":"bus","arr":["501","502","610"],"angle":-34.2,"mi":1}},{"type":"Feature","geometry":{"type":"Point","coordinates":[21.733242,38.247773]},"properties":{"lines":"111","color":"#0059a9","mode":"bus","arr":["111"],"angle":45.3}},{"type":"Feature","geometry":{"type":"Point","coordinates":[21.737834,38.253827]},"properties":{"lines":"111, 609, 610, 902","color":"#0059a9","mode":"bus","arr":["111","609","610","902"],"angle":17.2}},{"type":"Feature","geometry":{"type":"Point","coordinates":[21.724569,38.232334]},"properties":{"lines":"501, 502","color":"#0059a9","mode":"bus","arr":["501","502"],"angle":-81,"mi":1}},{"type":"Feature","geometry":{"type":"Point","coordinates":[21.718126,38.214833]},"properties":{"lines":"501, 502","color":"#0059a9","mode":"bus","arr":["501","502"],"angle":-68}},{"type":"Feature","geometry":{"type":"Point","coordinates":[21.721488,38.224835]},"properties":{"lines":"501, 502","color":"#0059a9","mode":"bus","arr":["501","502"],"angle":-59.7,"extra":1,"ei":0}},{"type":"Feature","geometry":{"type":"Point","coordinates":[21.72266,38.226475]},"properties":{"lines":"501, 502","color":"#0059a9","mode":"bus","arr":["501","502"],"angle":-69.5,"extra":1,"ei":1}},{"type":"Feature","geometry":{"type":"Point","coordinates":[21.723431,38.228264]},"properties":{"lines":"501, 502","color":"#0059a9","mode":"bus","arr":["501","502"],"angle":-72.4,"extra":1,"ei":2}},{"type":"Feature","geometry":{"type":"Point","coordinates":[21.724017,38.230095]},"properties":{"lines":"501, 502","color":"#0059a9","mode":"bus","arr":["501","502"],"angle":-77.6,"extra":1,"ei":3}},{"type":"Feature","geometry":{"type":"Point","coordinates":[21.724869,38.233811]},"properties":{"lines":"501, 502","color":"#0059a9","mode":"bus","arr":["501","502"],"angle":-81,"extra":1,"ei":4}},{"type":"Feature","geometry":{"type":"Point","coordinates":[21.725247,38.235676]},"properties":{"lines":"501, 502","color":"#0059a9","mode":"bus","arr":["501","502"],"angle":-81,"extra":1,"ei":5}},{"type":"Feature","geometry":{"type":"Point","coordinates":[21.725617,38.237542]},"properties":{"lines":"501, 502","color":"#0059a9","mode":"bus","arr":["501","502"],"angle":-81.2,"extra":1,"ei":6}},{"type":"Feature","geometry":{"type":"Point","coordinates":[21.72599,38.239407]},"properties":{"lines":"501, 502","color":"#0059a9","mode":"bus","arr":["501","502"],"angle":-80.5,"extra":1,"ei":7}},{"type":"Feature","geometry":{"type":"Point","coordinates":[21.719671,38.218475]},"properties":{"lines":"501, 502","color":"#0059a9","mode":"bus","arr":["501","502"],"angle":-76.3,"extra":1,"ei":0}},{"type":"Feature","geometry":{"type":"Point","coordinates":[21.719065,38.216649]},"properties":{"lines":"501, 502","color":"#0059a9","mode":"bus","arr":["501","502"],"angle":-71.3,"extra":1,"ei":1}},{"type":"Feature","geometry":{"type":"Point","coordinates":[21.717333,38.213127]},"properties":{"lines":"501, 502","color":"#0059a9","mode":"bus","arr":["501","502"],"angle":-67.8,"extra":1,"ei":2}},{"type":"Feature","geometry":{"type":"Point","coordinates":[21.716347,38.211407]},"properties":{"lines":"501, 502","color":"#0059a9","mode":"bus","arr":["501","502"],"angle":-57.8,"extra":1,"ei":3}},{"type":"Feature","geometry":{"type":"Point","coordinates":[21.720599,38.221659]},"properties":{"lines":"118, 501, 502","color":"#0059a9","mode":"bus","arr":["118","501","502"],"angle":-78.7}},{"type":"Feature","geometry":{"type":"Point","coordinates":[21.720908,38.223016]},"properties":{"lines":"118, 501, 502","color":"#0059a9","mode":"bus","arr":["118","501","502"],"angle":-80.8,"extra":1,"ei":0}},{"type":"Feature","geometry":{"type":"Point","coordinates":[21.71967,38.220183]},"properties":{"lines":"118","color":"#0059a9","mode":"bus","arr":["118"],"angle":-59.5,"mi":1}},{"type":"Feature","geometry":{"type":"Point","coordinates":[21.720711,38.224101]},"properties":{"lines":"118","color":"#0059a9","mode":"bus","arr":["118"],"angle":-79.4}},{"type":"Feature","geometry":{"type":"Point","coordinates":[21.723016,38.228578]},"properties":{"lines":"118","color":"#0059a9","mode":"bus","arr":["118"],"angle":-73.8,"mi":2}},{"type":"Feature","geometry":{"type":"Point","coordinates":[21.721829,38.226016]},"properties":{"lines":"118","color":"#0059a9","mode":"bus","arr":["118"],"angle":-41.4,"extra":1,"ei":0}},{"type":"Feature","geometry":{"type":"Point","coordinates":[21.723873,38.231403]},"properties":{"lines":"118","color":"#0059a9","mode":"bus","arr":["118"],"angle":-80.9,"extra":1,"ei":1}},{"type":"Feature","geometry":{"type":"Point","coordinates":[21.725871,38.238067]},"properties":{"lines":"118, 502, 503","color":"#0059a9","mode":"bus","arr":["118","502","503"],"angle":-81.5,"side":-1,"mi":2}},{"type":"Feature","geometry":{"type":"Point","coordinates":[21.724821,38.23277]},"properties":{"lines":"118, 502, 503","color":"#0059a9","mode":"bus","arr":["118","502","503"],"angle":-81.1,"extra":1,"ei":0,"side":-1}},{"type":"Feature","geometry":{"type":"Point","coordinates":[21.725184,38.234637]},"properties":{"lines":"118, 502, 503","color":"#0059a9","mode":"bus","arr":["118","502","503"],"angle":-80.9,"extra":1,"ei":1,"side":-1}},{"type":"Feature","geometry":{"type":"Point","coordinates":[21.725574,38.236501]},"properties":{"lines":"118, 502, 503","color":"#0059a9","mode":"bus","arr":["118","502","503"],"angle":-81.5,"extra":1,"ei":2,"side":-1}},{"type":"Feature","geometry":{"type":"Point","coordinates":[21.726321,38.240232]},"properties":{"lines":"118, 502, 503","color":"#0059a9","mode":"bus","arr":["118","502","503"],"angle":-80.4,"extra":1,"ei":3,"side":-1}},{"type":"Feature","geometry":{"type":"Point","coordinates":[21.726661,38.2421]},"properties":{"lines":"118, 502, 503","color":"#0059a9","mode":"bus","arr":["118","502","503"],"angle":-83.9,"extra":1,"ei":4}},{"type":"Feature","geometry":{"type":"Point","coordinates":[21.727048,38.243941]},"properties":{"lines":"118, 502, 503","color":"#0059a9","mode":"bus","arr":["118","502","503"],"angle":-39.8,"extra":1,"ei":5}},{"type":"Feature","geometry":{"type":"Point","coordinates":[21.727907,38.2438]},"properties":{"lines":"118, 502, 503","color":"#0059a9","mode":"bus","arr":["118","502","503"],"angle":33.7}},{"type":"Feature","geometry":{"type":"Point","coordinates":[21.729641,38.244602]},"properties":{"lines":"118, 502, 503","color":"#0059a9","mode":"bus","arr":["118","502","503"],"angle":-45.7,"mi":1}},{"type":"Feature","geometry":{"type":"Point","coordinates":[21.730871,38.245592]},"properties":{"lines":"118, 502, 503","color":"#0059a9","mode":"bus","arr":["118","502","503"],"angle":-45.7,"extra":1,"ei":0,"side":-1}},{"type":"Feature","geometry":{"type":"Point","coordinates":[21.737165,38.251059]},"properties":{"lines":"118","color":"#0059a9","mode":"bus","arr":["118"],"angle":39.9}},{"type":"Feature","geometry":{"type":"Point","coordinates":[21.759421,38.265639]},"properties":{"lines":"201, 609","color":"#0059a9","mode":"bus","arr":["201","609"],"angle":21.6}},{"type":"Feature","geometry":{"type":"Point","coordinates":[21.750754,38.258915]},"properties":{"lines":"201, 202, 303, 601, 606, 607, 608","color":"#0059a9","mode":"bus","arr":["201","202","303","601","606","607","608"],"angle":-52.2}},{"type":"Feature","geometry":{"type":"Point","coordinates":[21.753966,38.263279]},"properties":{"lines":"201, 202, 601, 606, 607, 608, 609","color":"#0059a9","mode":"bus","arr":["201","202","601","606","607","608","609"],"angle":75.6}},{"type":"Feature","geometry":{"type":"Point","coordinates":[21.753028,38.261279]},"properties":{"lines":"201, 202, 601, 606, 607, 608, 609","color":"#0059a9","mode":"bus","arr":["201","202","601","606","607","608","609"],"angle":-13.1,"extra":1,"ei":0}},{"type":"Feature","geometry":{"type":"Point","coordinates":[21.755879,38.265743]},"properties":{"lines":"201, 202, 601, 606, 607, 608, 609","color":"#0059a9","mode":"bus","arr":["201","202","601","606","607","608","609"],"angle":-37.4,"extra":1,"ei":1}},{"type":"Feature","geometry":{"type":"Point","coordinates":[21.7569,38.266157]},"properties":{"lines":"201, 601, 606, 608, 609","color":"#0059a9","mode":"bus","arr":["201","601","606","608","609"],"angle":-38.9}},{"type":"Feature","geometry":{"type":"Point","coordinates":[21.747669,38.25667]},"properties":{"lines":"201, 303, 606, 609, 610","color":"#0059a9","mode":"bus","arr":["201","303","606","609","610"],"angle":-46.5}},{"type":"Feature","geometry":{"type":"Point","coordinates":[21.746306,38.255959]},"properties":{"lines":"201, 606, 609, 610","color":"#0059a9","mode":"bus","arr":["201","606","609","610"],"angle":-11.7}},{"type":"Feature","geometry":{"type":"Point","coordinates":[21.745483,38.256093]},"properties":{"lines":"201, 606, 609, 610","color":"#0059a9","mode":"bus","arr":["201","606","609","610"],"angle":17.5,"mi":1}},{"type":"Feature","geometry":{"type":"Point","coordinates":[21.744138,38.256427]},"properties":{"lines":"201, 301, 302, 606, 609, 610","color":"#0059a9","mode":"bus","arr":["201","301","302","606","609","610"],"angle":18.2}},{"type":"Feature","geometry":{"type":"Point","coordinates":[21.742261,38.254108]},"properties":{"lines":"201, 301, 302","color":"#0059a9","mode":"bus","arr":["201","301","302"],"angle":-72.7}},{"type":"Feature","geometry":{"type":"Point","coordinates":[21.742915,38.255749]},"properties":{"lines":"201, 301, 302","color":"#0059a9","mode":"bus","arr":["201","301","302"],"angle":-71.9,"extra":1,"ei":0}},{"type":"Feature","geometry":{"type":"Point","coordinates":[21.741487,38.252143]},"properties":{"lines":"201, 301, 302","color":"#0059a9","mode":"bus","arr":["201","301","302"],"angle":-73.1,"extra":1,"ei":1}},{"type":"Feature","geometry":{"type":"Point","coordinates":[21.731661,38.242147]},"properties":{"lines":"201, 301, 302","color":"#0059a9","mode":"bus","arr":["201","301","302"],"angle":-44.2}},{"type":"Feature","geometry":{"type":"Point","coordinates":[21.729577,38.238373]},"properties":{"lines":"201","color":"#0059a9","mode":"bus","arr":["201"],"angle":-80.8,"mi":3}},{"type":"Feature","geometry":{"type":"Point","coordinates":[21.729868,38.239763]},"properties":{"lines":"201","color":"#0059a9","mode":"bus","arr":["201"],"angle":-80.9,"extra":1,"ei":0}},{"type":"Feature","geometry":{"type":"Point","coordinates":[21.729677,38.236035]},"properties":{"lines":"201","color":"#0059a9","mode":"bus","arr":["201"],"angle":1.2,"mi":2}},{"type":"Feature","geometry":{"type":"Point","coordinates":[21.732859,38.236654]},"properties":{"lines":"201, 202","color":"#0059a9","mode":"bus","arr":["201","202"],"angle":-16.8,"mi":1}},{"type":"Feature","geometry":{"type":"Point","coordinates":[21.731363,38.236299]},"properties":{"lines":"201, 202","color":"#0059a9","mode":"bus","arr":["201","202"],"angle":-16.9,"extra":1,"ei":0}},{"type":"Feature","geometry":{"type":"Point","coordinates":[21.736067,38.237174]},"properties":{"lines":"201, 202","color":"#0059a9","mode":"bus","arr":["201","202"],"angle":10.9}},{"type":"Feature","geometry":{"type":"Point","coordinates":[21.738281,38.237075]},"properties":{"lines":"201","color":"#0059a9","mode":"bus","arr":["201"],"angle":-2.4}},{"type":"Feature","geometry":{"type":"Point","coordinates":[21.739984,38.236646]},"properties":{"lines":"201, 202","color":"#0059a9","mode":"bus","arr":["201","202"],"angle":85.3,"mi":2}},{"type":"Feature","geometry":{"type":"Point","coordinates":[21.740084,38.235709]},"properties":{"lines":"201","color":"#0059a9","mode":"bus","arr":["201"],"angle":85.3,"mi":1}},{"type":"Feature","geometry":{"type":"Point","coordinates":[21.743233,38.235339]},"properties":{"lines":"201","color":"#0059a9","mode":"bus","arr":["201"],"angle":-2,"mi":4}},{"type":"Feature","geometry":{"type":"Point","coordinates":[21.741333,38.235286]},"properties":{"lines":"201","color":"#0059a9","mode":"bus","arr":["201"],"angle":-2,"extra":1,"ei":0}},{"type":"Feature","geometry":{"type":"Point","coordinates":[21.746138,38.235419]},"properties":{"lines":"201","color":"#0059a9","mode":"bus","arr":["201"],"angle":-2.1,"extra":1,"ei":1,"side":-1}},{"type":"Feature","geometry":{"type":"Point","coordinates":[21.746491,38.23508]},"properties":{"lines":"201, 702, 801, 803","color":"#0059a9","mode":"bus","arr":["201","702","801","803"],"angle":70,"side":-1}},{"type":"Feature","geometry":{"type":"Point","coordinates":[21.74408,38.232204]},"properties":{"lines":"201, 202, 801, 803, 804","color":"#0059a9","mode":"bus","arr":["201","202","801","803","804"],"angle":-54.4}},{"type":"Feature","geometry":{"type":"Point","coordinates":[21.74586,38.234034]},"properties":{"lines":"201, 202, 801, 803, 804","color":"#0059a9","mode":"bus","arr":["201","202","801","803","804"],"angle":-53,"extra":1,"ei":0}},{"type":"Feature","geometry":{"type":"Point","coordinates":[21.742989,38.231006]},"properties":{"lines":"201, 202, 801, 803, 804","color":"#0059a9","mode":"bus","arr":["201","202","801","803","804"],"angle":-50.1,"extra":1,"ei":1}},{"type":"Feature","geometry":{"type":"Point","coordinates":[21.741168,38.229315]},"properties":{"lines":"201, 801, 803","color":"#0059a9","mode":"bus","arr":["201","801","803"],"angle":-67}},{"type":"Feature","geometry":{"type":"Point","coordinates":[21.741203,38.227956]},"properties":{"lines":"201, 202, 503, 801, 803","color":"#0059a9","mode":"bus","arr":["201","202","503","801","803"],"angle":13.5,"side":-1}},{"type":"Feature","geometry":{"type":"Point","coordinates":[21.742603,38.223849]},"properties":{"lines":"201, 202, 503, 801, 803, 804","color":"#0059a9","mode":"bus","arr":["201","202","503","801","803","804"],"angle":-86.1}},{"type":"Feature","geometry":{"type":"Point","coordinates":[21.741754,38.220786]},"properties":{"lines":"201, 202, 503, 801, 803, 804","color":"#0059a9","mode":"bus","arr":["201","202","503","801","803","804"],"angle":-74.5,"extra":1,"ei":0}},{"type":"Feature","geometry":{"type":"Point","coordinates":[21.742414,38.222602]},"properties":{"lines":"201, 202, 503, 801, 803, 804","color":"#0059a9","mode":"bus","arr":["201","202","503","801","803","804"],"angle":-76,"extra":1,"ei":1}},{"type":"Feature","geometry":{"type":"Point","coordinates":[21.742225,38.226334]},"properties":{"lines":"201, 202, 503, 801, 803, 804","color":"#0059a9","mode":"bus","arr":["201","202","503","801","803","804"],"angle":79.1,"extra":1,"ei":2}},{"type":"Feature","geometry":{"type":"Point","coordinates":[21.7426,38.219547]},"properties":{"lines":"201, 202, 503","color":"#0059a9","mode":"bus","arr":["201","202","503"],"angle":21.7}},{"type":"Feature","geometry":{"type":"Point","coordinates":[21.744445,38.218968]},"properties":{"lines":"201, 503","color":"#0059a9","mode":"bus","arr":["201","503"],"angle":21.7}},{"type":"Feature","geometry":{"type":"Point","coordinates":[21.74572,38.219699]},"properties":{"lines":"202","color":"#0059a9","mode":"bus","arr":["202"],"angle":-69.4,"mi":3}},{"type":"Feature","geometry":{"type":"Point","coordinates":[21.745277,38.220516]},"properties":{"lines":"202","color":"#0059a9","mode":"bus","arr":["202"],"angle":14.1,"mi":2}},{"type":"Feature","geometry":{"type":"Point","coordinates":[21.744082,38.21994]},"properties":{"lines":"202","color":"#0059a9","mode":"bus","arr":["202"],"angle":-66.5}},{"type":"Feature","geometry":{"type":"Point","coordinates":[21.741223,38.228148]},"properties":{"lines":"202, 804","color":"#0059a9","mode":"bus","arr":["202","804"],"angle":44.3}},{"type":"Feature","geometry":{"type":"Point","coordinates":[21.741392,38.229508]},"properties":{"lines":"202, 804","color":"#0059a9","mode":"bus","arr":["202","804"],"angle":-60.1,"side":-1,"mi":1}},{"type":"Feature","geometry":{"type":"Point","coordinates":[21.741151,38.229113]},"properties":{"lines":"202, 801, 804","color":"#0059a9","mode":"bus","arr":["202","801","804"],"angle":-67.2,"side":-1}},{"type":"Feature","geometry":{"type":"Point","coordinates":[21.746387,38.235663]},"properties":{"lines":"202, 701, 804","color":"#0059a9","mode":"bus","arr":["202","701","804"],"angle":69.6}},{"type":"Feature","geometry":{"type":"Point","coordinates":[21.743006,38.236344]},"properties":{"lines":"202","color":"#0059a9","mode":"bus","arr":["202"],"angle":-4.4,"mi":4}},{"type":"Feature","geometry":{"type":"Point","coordinates":[21.744778,38.236451]},"properties":{"lines":"202","color":"#0059a9","mode":"bus","arr":["202"],"angle":-4.4,"extra":1,"ei":0}},{"type":"Feature","geometry":{"type":"Point","coordinates":[21.739833,38.237628]},"properties":{"lines":"202","color":"#0059a9","mode":"bus","arr":["202"],"angle":77.6,"mi":2}},{"type":"Feature","geometry":{"type":"Point","coordinates":[21.738649,38.238043]},"properties":{"lines":"202","color":"#0059a9","mode":"bus","arr":["202"],"angle":-4.9,"mi":1}},{"type":"Feature","geometry":{"type":"Point","coordinates":[21.737219,38.237472]},"properties":{"lines":"202","color":"#0059a9","mode":"bus","arr":["202"],"angle":-57.6}},{"type":"Feature","geometry":{"type":"Point","coordinates":[21.730656,38.238303]},"properties":{"lines":"202","color":"#0059a9","mode":"bus","arr":["202"],"angle":-81.3,"mi":3}},{"type":"Feature","geometry":{"type":"Point","coordinates":[21.730399,38.236959]},"properties":{"lines":"202","color":"#0059a9","mode":"bus","arr":["202"],"angle":-81.2,"extra":1,"ei":0}},{"type":"Feature","geometry":{"type":"Point","coordinates":[21.730606,38.240635]},"properties":{"lines":"202","color":"#0059a9","mode":"bus","arr":["202"],"angle":8.1,"mi":5}},{"type":"Feature","geometry":{"type":"Point","coordinates":[21.729723,38.240736]},"properties":{"lines":"202, 301, 302","color":"#0059a9","mode":"bus","arr":["202","301","302"],"angle":8.6}},{"type":"Feature","geometry":{"type":"Point","coordinates":[21.728426,38.240885]},"properties":{"lines":"301, 302","color":"#0059a9","mode":"bus","arr":["301","302"],"angle":7.7,"mi":2}},{"type":"Feature","geometry":{"type":"Point","coordinates":[21.728403,38.238789]},"properties":{"lines":"303, 602","color":"#0059a9","mode":"bus","arr":["303","602"],"angle":-81.3}},{"type":"Feature","geometry":{"type":"Point","coordinates":[21.728646,38.240089]},"properties":{"lines":"303, 602","color":"#0059a9","mode":"bus","arr":["303","602"],"angle":-82.3,"extra":1,"ei":0}},{"type":"Feature","geometry":{"type":"Point","coordinates":[21.730905,38.242492]},"properties":{"lines":"202, 303, 602","color":"#0059a9","mode":"bus","arr":["202","303","602"],"angle":-44.8}},{"type":"Feature","geometry":{"type":"Point","coordinates":[21.7298,38.241632]},"properties":{"lines":"202, 303, 602","color":"#0059a9","mode":"bus","arr":["202","303","602"],"angle":-44.8,"extra":1,"ei":0}},{"type":"Feature","geometry":{"type":"Point","coordinates":[21.743099,38.251943]},"properties":{"lines":"202, 303, 601, 602, 606, 607, 608","color":"#0059a9","mode":"bus","arr":["202","303","601","602","606","607","608"],"angle":-45.8,"mi":3}},{"type":"Feature","geometry":{"type":"Point","coordinates":[21.739802,38.249404]},"properties":{"lines":"202, 303, 601, 602, 606, 607, 608","color":"#0059a9","mode":"bus","arr":["202","303","601","602","606","607","608"],"angle":-44.5,"extra":1,"ei":0}},{"type":"Feature","geometry":{"type":"Point","coordinates":[21.741517,38.250727]},"properties":{"lines":"202, 303, 601, 602, 606, 607, 608","color":"#0059a9","mode":"bus","arr":["202","303","601","602","606","607","608"],"angle":-45.1,"extra":1,"ei":1}},{"type":"Feature","geometry":{"type":"Point","coordinates":[21.744611,38.253595]},"properties":{"lines":"202, 303, 601, 602, 606, 607, 608","color":"#0059a9","mode":"bus","arr":["202","303","601","602","606","607","608"],"angle":-56.6,"extra":1,"ei":2}},{"type":"Feature","geometry":{"type":"Point","coordinates":[21.745928,38.255175]},"properties":{"lines":"202, 303, 601, 602, 606, 607, 608","color":"#0059a9","mode":"bus","arr":["202","303","601","602","606","607","608"],"angle":-57,"extra":1,"ei":3}},{"type":"Feature","geometry":{"type":"Point","coordinates":[21.74728,38.255576]},"properties":{"lines":"202, 303, 601, 602, 606, 607, 608","color":"#0059a9","mode":"bus","arr":["202","303","601","602","606","607","608"],"angle":-26}},{"type":"Feature","geometry":{"type":"Point","coordinates":[21.7477,38.256285]},"properties":{"lines":"202, 303, 601, 602, 606, 607, 608","color":"#0059a9","mode":"bus","arr":["202","303","601","602","606","607","608"],"angle":-69,"mi":1}},{"type":"Feature","geometry":{"type":"Point","coordinates":[21.748093,38.257138]},"properties":{"lines":"202, 303, 601, 602, 606, 607, 608","color":"#0059a9","mode":"bus","arr":["202","303","601","602","606","607","608"],"angle":-79.1,"side":-1,"mi":2}},{"type":"Feature","geometry":{"type":"Point","coordinates":[21.748302,38.257685]},"properties":{"lines":"202, 303, 601, 606, 607","color":"#0059a9","mode":"bus","arr":["202","303","601","606","607"],"angle":-45.9,"side":-1}},{"type":"Feature","geometry":{"type":"Point","coordinates":[21.758417,38.265137]},"properties":{"lines":"202, 607","color":"#0059a9","mode":"bus","arr":["202","607"],"angle":30.1}},{"type":"Feature","geometry":{"type":"Point","coordinates":[21.760835,38.264544]},"properties":{"lines":"202, 609","color":"#0059a9","mode":"bus","arr":["202","609"],"angle":-27.7}},{"type":"Feature","geometry":{"type":"Point","coordinates":[21.745046,38.220177]},"properties":{"lines":"202","color":"#0059a9","mode":"bus","arr":["202"],"angle":-67.9,"mi":1}},{"type":"Feature","geometry":{"type":"Point","coordinates":[21.742238,38.219878]},"properties":{"lines":"202","color":"#0059a9","mode":"bus","arr":["202"],"angle":-78.4,"mi":4}},{"type":"Feature","geometry":{"type":"Point","coordinates":[21.737887,38.228583]},"properties":{"lines":"202, 503","color":"#0059a9","mode":"bus","arr":["202","503"],"angle":2.1,"mi":2}},{"type":"Feature","geometry":{"type":"Point","coordinates":[21.739418,38.228342]},"properties":{"lines":"202, 503","color":"#0059a9","mode":"bus","arr":["202","503"],"angle":16,"extra":1,"ei":0}},{"type":"Feature","geometry":{"type":"Point","coordinates":[21.735072,38.228473]},"properties":{"lines":"202, 503","color":"#0059a9","mode":"bus","arr":["202","503"],"angle":-79.7}},{"type":"Feature","geometry":{"type":"Point","coordinates":[21.734444,38.228369]},"properties":{"lines":"202, 503","color":"#0059a9","mode":"bus","arr":["202","503"],"angle":11.6,"mi":1}},{"type":"Feature","geometry":{"type":"Point","coordinates":[21.730484,38.223155]},"properties":{"lines":"301, 302, 303, 503","color":"#0059a9","mode":"bus","arr":["301","302","303","503"],"angle":-66.6}},{"type":"Feature","geometry":{"type":"Point","coordinates":[21.73186,38.226221]},"properties":{"lines":"202, 301, 302, 303, 503","color":"#0059a9","mode":"bus","arr":["202","301","302","303","503"],"angle":-53.8,"mi":2}},{"type":"Feature","geometry":{"type":"Point","coordinates":[21.731129,38.224341]},"properties":{"lines":"202, 301, 302, 303, 503","color":"#0059a9","mode":"bus","arr":["202","301","302","303","503"],"angle":-81.5,"extra":1,"ei":0}},{"type":"Feature","geometry":{"type":"Point","coordinates":[21.733456,38.227389]},"properties":{"lines":"202, 301, 302, 303, 503","color":"#0059a9","mode":"bus","arr":["202","301","302","303","503"],"angle":-65.3,"extra":1,"ei":1}},{"type":"Feature","geometry":{"type":"Point","coordinates":[21.734798,38.229858]},"properties":{"lines":"301, 302, 303","color":"#0059a9","mode":"bus","arr":["301","302","303"],"angle":-67,"mi":3}},{"type":"Feature","geometry":{"type":"Point","coordinates":[21.735381,38.231]},"properties":{"lines":"301, 302, 303","color":"#0059a9","mode":"bus","arr":["301","302","303"],"angle":-65,"extra":1,"ei":0}},{"type":"Feature","geometry":{"type":"Point","coordinates":[21.730972,38.22295]},"properties":{"lines":"202, 302","color":"#0059a9","mode":"bus","arr":["202","302"],"angle":-83}},{"type":"Feature","geometry":{"type":"Point","coordinates":[21.73391,38.221941]},"properties":{"lines":"202, 301, 302, 303, 503","color":"#0059a9","mode":"bus","arr":["202","301","302","303","503"],"angle":30.7}},{"type":"Feature","geometry":{"type":"Point","coordinates":[21.731547,38.222275]},"properties":{"lines":"202, 301, 302, 303, 503","color":"#0059a9","mode":"bus","arr":["202","301","302","303","503"],"angle":-3.3,"extra":1,"ei":0}},{"type":"Feature","geometry":{"type":"Point","coordinates":[21.73591,38.221088]},"properties":{"lines":"202, 301, 302, 303, 503","color":"#0059a9","mode":"bus","arr":["202","301","302","303","503"],"angle":15.9,"extra":1,"ei":1}},{"type":"Feature","geometry":{"type":"Point","coordinates":[21.737455,38.220697]},"properties":{"lines":"301, 302, 303","color":"#0059a9","mode":"bus","arr":["301","302","303"],"angle":17.3,"mi":1}},{"type":"Feature","geometry":{"type":"Point","coordinates":[21.736949,38.220129]},"properties":{"lines":"202, 303, 503","color":"#0059a9","mode":"bus","arr":["202","303","503"],"angle":-71.3}},{"type":"Feature","geometry":{"type":"Point","coordinates":[21.736953,38.219385]},"properties":{"lines":"202, 303, 503","color":"#0059a9","mode":"bus","arr":["202","303","503"],"angle":28.4,"mi":1}},{"type":"Feature","geometry":{"type":"Point","coordinates":[21.737556,38.220145]},"properties":{"lines":"301, 302, 303","color":"#0059a9","mode":"bus","arr":["301","302","303"],"angle":-73}},{"type":"Feature","geometry":{"type":"Point","coordinates":[21.737301,38.219466]},"properties":{"lines":"202, 301, 302, 303","color":"#0059a9","mode":"bus","arr":["202","301","302","303"],"angle":-74.3}},{"type":"Feature","geometry":{"type":"Point","coordinates":[21.737122,38.218947]},"properties":{"lines":"202, 301, 302, 303, 503","color":"#0059a9","mode":"bus","arr":["202","301","302","303","503"],"angle":-74.4,"mi":1}},{"type":"Feature","geometry":{"type":"Point","coordinates":[21.733647,38.214928]},"properties":{"lines":"202, 302, 503","color":"#0059a9","mode":"bus","arr":["202","302","503"],"angle":-24.1}},{"type":"Feature","geometry":{"type":"Point","coordinates":[21.736347,38.217697]},"properties":{"lines":"202, 302, 503","color":"#0059a9","mode":"bus","arr":["202","302","503"],"angle":-59.4,"extra":1,"ei":0}},{"type":"Feature","geometry":{"type":"Point","coordinates":[21.735165,38.216057]},"properties":{"lines":"202, 302, 503","color":"#0059a9","mode":"bus","arr":["202","302","503"],"angle":-51.3,"extra":1,"ei":1}},{"type":"Feature","geometry":{"type":"Point","coordinates":[21.731813,38.213594]},"properties":{"lines":"202, 302, 503","color":"#0059a9","mode":"bus","arr":["202","302","503"],"angle":-27.6,"extra":1,"ei":2}},{"type":"Feature","geometry":{"type":"Point","coordinates":[21.730617,38.211987]},"properties":{"lines":"202, 302, 503","color":"#0059a9","mode":"bus","arr":["202","302","503"],"angle":-65.3,"extra":1,"ei":3}},{"type":"Feature","geometry":{"type":"Point","coordinates":[21.728995,38.209823]},"properties":{"lines":"202, 302","color":"#0059a9","mode":"bus","arr":["202","302"],"angle":-65.9,"mi":1}},{"type":"Feature","geometry":{"type":"Point","coordinates":[21.727443,38.208049]},"properties":{"lines":"302","color":"#0059a9","mode":"bus","arr":["302"],"angle":-31,"mi":4}},{"type":"Feature","geometry":{"type":"Point","coordinates":[21.727635,38.207659]},"properties":{"lines":"202","color":"#0059a9","mode":"bus","arr":["202"],"angle":-79.6}},{"type":"Feature","geometry":{"type":"Point","coordinates":[21.721139,38.207746]},"properties":{"lines":"202, 302","color":"#0059a9","mode":"bus","arr":["202","302"],"angle":19.7,"mi":2}},{"type":"Feature","geometry":{"type":"Point","coordinates":[21.726786,38.206225]},"properties":{"lines":"202, 302","color":"#0059a9","mode":"bus","arr":["202","302"],"angle":-54}},{"type":"Feature","geometry":{"type":"Point","coordinates":[21.717706,38.209464]},"properties":{"lines":"202, 302","color":"#0059a9","mode":"bus","arr":["202","302"],"angle":10.9,"extra":1,"ei":0}},{"type":"Feature","geometry":{"type":"Point","coordinates":[21.719617,38.208329]},"properties":{"lines":"202, 302","color":"#0059a9","mode":"bus","arr":["202","302"],"angle":38.4,"extra":1,"ei":1}},{"type":"Feature","geometry":{"type":"Point","coordinates":[21.723737,38.20652]},"properties":{"lines":"202, 302","color":"#0059a9","mode":"bus","arr":["202","302"],"angle":35.8,"extra":1,"ei":2}},{"type":"Feature","geometry":{"type":"Point","coordinates":[21.727164,38.207545]},"properties":{"lines":"302","color":"#0059a9","mode":"bus","arr":["302"],"angle":84.8,"mi":5}},{"type":"Feature","geometry":{"type":"Point","coordinates":[21.716009,38.210094]},"properties":{"lines":"202","color":"#0059a9","mode":"bus","arr":["202"],"angle":47.7}},{"type":"Feature","geometry":{"type":"Point","coordinates":[21.717933,38.210906]},"properties":{"lines":"302","color":"#0059a9","mode":"bus","arr":["302"],"angle":-55.9,"mi":11}},{"type":"Feature","geometry":{"type":"Point","coordinates":[21.718772,38.212051]},"properties":{"lines":"302","color":"#0059a9","mode":"bus","arr":["302"],"angle":-65.5,"extra":1,"ei":0}},{"type":"Feature","geometry":{"type":"Point","coordinates":[21.719037,38.212722]},"properties":{"lines":"503","color":"#0059a9","mode":"bus","arr":["503"],"angle":-71.1,"mi":3}},{"type":"Feature","geometry":{"type":"Point","coordinates":[21.720596,38.221029]},"properties":{"lines":"502, 503","color":"#0059a9","mode":"bus","arr":["502","503"],"angle":-78.1,"side":-1}},{"type":"Feature","geometry":{"type":"Point","coordinates":[21.711675,38.207736]},"properties":{"lines":"502, 503","color":"#0059a9","mode":"bus","arr":["502","503"],"angle":-62.2,"side":-1}},{"type":"Feature","geometry":{"type":"Point","coordinates":[21.70988,38.205284]},"properties":{"lines":"502, 503","color":"#0059a9","mode":"bus","arr":["502","503"],"angle":-50.9,"extra":1,"ei":0,"side":-1}},{"type":"Feature","geometry":{"type":"Point","coordinates":[21.714086,38.2098]},"properties":{"lines":"502, 503","color":"#0059a9","mode":"bus","arr":["502","503"],"angle":-38.6,"extra":1,"ei":1,"side":-1}},{"type":"Feature","geometry":{"type":"Point","coordinates":[21.716306,38.211224]},"properties":{"lines":"502, 503","color":"#0059a9","mode":"bus","arr":["502","503"],"angle":-54.6,"extra":1,"ei":0,"side":-1}},{"type":"Feature","geometry":{"type":"Point","coordinates":[21.71735,38.212921]},"properties":{"lines":"502, 503","color":"#0059a9","mode":"bus","arr":["502","503"],"angle":-67.3,"extra":1,"ei":1,"side":-1}},{"type":"Feature","geometry":{"type":"Point","coordinates":[21.718194,38.214689]},"properties":{"lines":"502, 503","color":"#0059a9","mode":"bus","arr":["502","503"],"angle":-69.3,"extra":1,"ei":2,"side":-1}},{"type":"Feature","geometry":{"type":"Point","coordinates":[21.719124,38.21643]},"properties":{"lines":"502, 503","color":"#0059a9","mode":"bus","arr":["502","503"],"angle":-70.2,"extra":1,"ei":3,"side":-1}},{"type":"Feature","geometry":{"type":"Point","coordinates":[21.719783,38.218244]},"properties":{"lines":"502, 503","color":"#0059a9","mode":"bus","arr":["502","503"],"angle":-76.3,"extra":1,"ei":4,"side":-1}},{"type":"Feature","geometry":{"type":"Point","coordinates":[21.721231,38.223792]},"properties":{"lines":"502, 503","color":"#0059a9","mode":"bus","arr":["502","503"],"angle":-80.4,"extra":1,"ei":5,"side":-1}},{"type":"Feature","geometry":{"type":"Point","coordinates":[21.722216,38.225484]},"properties":{"lines":"502, 503","color":"#0059a9","mode":"bus","arr":["502","503"],"angle":-57.3,"extra":1,"ei":6,"side":-1}},{"type":"Feature","geometry":{"type":"Point","coordinates":[21.723153,38.227216]},"properties":{"lines":"502, 503","color":"#0059a9","mode":"bus","arr":["502","503"],"angle":-71.8,"extra":1,"ei":7,"side":-1}},{"type":"Feature","geometry":{"type":"Point","coordinates":[21.723843,38.229025]},"properties":{"lines":"502, 503","color":"#0059a9","mode":"bus","arr":["502","503"],"angle":-75.6,"extra":1,"ei":8,"side":-1}},{"type":"Feature","geometry":{"type":"Point","coordinates":[21.724396,38.230862]},"properties":{"lines":"502, 503","color":"#0059a9","mode":"bus","arr":["502","503"],"angle":-77.1,"extra":1,"ei":9,"side":-1}},{"type":"Feature","geometry":{"type":"Point","coordinates":[21.715272,38.210457]},"properties":{"lines":"202, 502, 503","color":"#0059a9","mode":"bus","arr":["202","502","503"],"angle":-32.6,"side":-1}},{"type":"Feature","geometry":{"type":"Point","coordinates":[21.711701,38.207987]},"properties":{"lines":"202, 501, 502","color":"#0059a9","mode":"bus","arr":["202","501","502"],"angle":-60.8,"mi":1}},{"type":"Feature","geometry":{"type":"Point","coordinates":[21.714403,38.210097]},"properties":{"lines":"202, 501, 502","color":"#0059a9","mode":"bus","arr":["202","501","502"],"angle":-35,"extra":1,"ei":0}},{"type":"Feature","geometry":{"type":"Point","coordinates":[21.710108,38.205657]},"properties":{"lines":"202, 501, 502","color":"#0059a9","mode":"bus","arr":["202","501","502"],"angle":-53.6,"extra":1,"ei":1}},{"type":"Feature","geometry":{"type":"Point","coordinates":[21.707379,38.203939]},"properties":{"lines":"202, 501, 502","color":"#0059a9","mode":"bus","arr":["202","501","502"],"angle":-27.9}},{"type":"Feature","geometry":{"type":"Point","coordinates":[21.705845,38.203323]},"properties":{"lines":"202, 501, 502","color":"#0059a9","mode":"bus","arr":["202","501","502"],"angle":-23.7,"extra":1,"ei":0}},{"type":"Feature","geometry":{"type":"Point","coordinates":[21.704239,38.203007]},"properties":{"lines":"501, 502","color":"#0059a9","mode":"bus","arr":["501","502"],"angle":-17.5}},{"type":"Feature","geometry":{"type":"Point","coordinates":[21.709334,38.198298]},"properties":{"lines":"502","color":"#0059a9","mode":"bus","arr":["502"],"angle":62.9}},{"type":"Feature","geometry":{"type":"Point","coordinates":[21.703044,38.18514]},"properties":{"lines":"502","color":"#0059a9","mode":"bus","arr":["502"],"angle":-65.7,"mi":2}},{"type":"Feature","geometry":{"type":"Point","coordinates":[21.706263,38.202358]},"properties":{"lines":"502","color":"#0059a9","mode":"bus","arr":["502"],"angle":60,"extra":1,"ei":0}},{"type":"Feature","geometry":{"type":"Point","coordinates":[21.707524,38.200768]},"properties":{"lines":"502","color":"#0059a9","mode":"bus","arr":["502"],"angle":58.4,"extra":1,"ei":1}},{"type":"Feature","geometry":{"type":"Point","coordinates":[21.710995,38.195835]},"properties":{"lines":"502","color":"#0059a9","mode":"bus","arr":["502"],"angle":57.6,"extra":1,"ei":2}},{"type":"Feature","geometry":{"type":"Point","coordinates":[21.712266,38.19425]},"properties":{"lines":"502","color":"#0059a9","mode":"bus","arr":["502"],"angle":49,"extra":1,"ei":3}},{"type":"Feature","geometry":{"type":"Point","coordinates":[21.704295,38.202937]},"properties":{"lines":"202, 502, 503","color":"#0059a9","mode":"bus","arr":["202","502","503"],"angle":-16.8,"side":-1}},{"type":"Feature","geometry":{"type":"Point","coordinates":[21.707414,38.203882]},"properties":{"lines":"502, 503","color":"#0059a9","mode":"bus","arr":["502","503"],"angle":-28,"side":-1,"mi":1}},{"type":"Feature","geometry":{"type":"Point","coordinates":[21.70893,38.204518]},"properties":{"lines":"502, 503","color":"#0059a9","mode":"bus","arr":["502","503"],"angle":-28.8,"extra":1,"ei":0,"side":-1}},{"type":"Feature","geometry":{"type":"Point","coordinates":[21.696162,38.196263]},"properties":{"lines":"202, 501, 502, 503","color":"#0059a9","mode":"bus","arr":["202","501","502","503"],"angle":-59.9}},{"type":"Feature","geometry":{"type":"Point","coordinates":[21.70213,38.201735]},"properties":{"lines":"202, 501, 502, 503","color":"#0059a9","mode":"bus","arr":["202","501","502","503"],"angle":-43.7,"extra":1,"ei":0}},{"type":"Feature","geometry":{"type":"Point","coordinates":[21.700381,38.200439]},"properties":{"lines":"202, 501, 502, 503","color":"#0059a9","mode":"bus","arr":["202","501","502","503"],"angle":-43,"extra":1,"ei":1}},{"type":"Feature","geometry":{"type":"Point","coordinates":[21.698616,38.199157]},"properties":{"lines":"202, 501, 502, 503","color":"#0059a9","mode":"bus","arr":["202","501","502","503"],"angle":-43.9,"extra":1,"ei":2}},{"type":"Feature","geometry":{"type":"Point","coordinates":[21.697213,38.197633]},"properties":{"lines":"202, 501, 502, 503","color":"#0059a9","mode":"bus","arr":["202","501","502","503"],"angle":-57.9,"extra":1,"ei":3}},{"type":"Feature","geometry":{"type":"Point","coordinates":[21.694578,38.19449]},"properties":{"lines":"202, 501, 502, 503","color":"#0059a9","mode":"bus","arr":["202","501","502","503"],"angle":-44.7,"extra":1,"ei":4}},{"type":"Feature","geometry":{"type":"Point","coordinates":[21.692897,38.19314]},"properties":{"lines":"202, 501, 502, 503","color":"#0059a9","mode":"bus","arr":["202","501","502","503"],"angle":-45.5,"extra":1,"ei":5}},{"type":"Feature","geometry":{"type":"Point","coordinates":[21.691436,38.191659]},"properties":{"lines":"202, 501, 502, 503","color":"#0059a9","mode":"bus","arr":["202","501","502","503"],"angle":-63.5,"extra":1,"ei":6}},{"type":"Feature","geometry":{"type":"Point","coordinates":[21.690372,38.189969]},"properties":{"lines":"202, 501, 502, 503","color":"#0059a9","mode":"bus","arr":["202","501","502","503"],"angle":-57.2,"extra":1,"ei":7}},{"type":"Feature","geometry":{"type":"Point","coordinates":[21.682899,38.186019]},"properties":{"lines":"202, 501, 503","color":"#0059a9","mode":"bus","arr":["202","501","503"],"angle":-7.7}},{"type":"Feature","geometry":{"type":"Point","coordinates":[21.689396,38.188927]},"properties":{"lines":"202, 501, 503","color":"#0059a9","mode":"bus","arr":["202","501","503"],"angle":-57.6,"extra":1,"ei":0}},{"type":"Feature","geometry":{"type":"Point","coordinates":[21.687971,38.187419]},"properties":{"lines":"202, 501, 503","color":"#0059a9","mode":"bus","arr":["202","501","503"],"angle":-41.4,"extra":1,"ei":1}},{"type":"Feature","geometry":{"type":"Point","coordinates":[21.685839,38.18657]},"properties":{"lines":"202, 501, 503","color":"#0059a9","mode":"bus","arr":["202","501","503"],"angle":-20.6,"extra":1,"ei":2}},{"type":"Feature","geometry":{"type":"Point","coordinates":[21.681124,38.185956]},"properties":{"lines":"202, 501, 503","color":"#0059a9","mode":"bus","arr":["202","501","503"],"angle":-4.6,"extra":1,"ei":3}},{"type":"Feature","geometry":{"type":"Point","coordinates":[21.679078,38.185149]},"properties":{"lines":"202, 501, 503","color":"#0059a9","mode":"bus","arr":["202","501","503"],"angle":-54.9,"extra":1,"ei":4}},{"type":"Feature","geometry":{"type":"Point","coordinates":[21.678061,38.183442]},"properties":{"lines":"202, 501, 503","color":"#0059a9","mode":"bus","arr":["202","501","503"],"angle":-63.9,"extra":1,"ei":5}},{"type":"Feature","geometry":{"type":"Point","coordinates":[21.677517,38.18167]},"properties":{"lines":"202, 501, 503","color":"#0059a9","mode":"bus","arr":["202","501","503"],"angle":81.1,"extra":1,"ei":6}},{"type":"Feature","geometry":{"type":"Point","coordinates":[21.677469,38.177772]},"properties":{"lines":"202, 501, 503","color":"#0059a9","mode":"bus","arr":["202","501","503"],"angle":-83.9}},{"type":"Feature","geometry":{"type":"Point","coordinates":[21.676762,38.174847]},"properties":{"lines":"202, 501, 503","color":"#0059a9","mode":"bus","arr":["202","501","503"],"angle":-70.6,"extra":1,"ei":0}},{"type":"Feature","geometry":{"type":"Point","coordinates":[21.677829,38.180424]},"properties":{"lines":"202, 501, 503","color":"#0059a9","mode":"bus","arr":["202","501","503"],"angle":78.9,"extra":1,"ei":1}},{"type":"Feature","geometry":{"type":"Point","coordinates":[21.673509,38.169348]},"properties":{"lines":"202, 501, 503","color":"#0059a9","mode":"bus","arr":["202","501","503"],"angle":-52.6,"mi":1}},{"type":"Feature","geometry":{"type":"Point","coordinates":[21.675905,38.173084]},"properties":{"lines":"202, 501, 503","color":"#0059a9","mode":"bus","arr":["202","501","503"],"angle":-68.8,"extra":1,"ei":0}},{"type":"Feature","geometry":{"type":"Point","coordinates":[21.674914,38.171364]},"properties":{"lines":"202, 501, 503","color":"#0059a9","mode":"bus","arr":["202","501","503"],"angle":-63.7,"extra":1,"ei":1}},{"type":"Feature","geometry":{"type":"Point","coordinates":[21.67224,38.168263]},"properties":{"lines":"202, 501, 503","color":"#0059a9","mode":"bus","arr":["202","501","503"],"angle":-44.6,"extra":1,"ei":2}},{"type":"Feature","geometry":{"type":"Point","coordinates":[21.670416,38.167043]},"properties":{"lines":"202, 501, 503","color":"#0059a9","mode":"bus","arr":["202","501","503"],"angle":-28.9,"extra":1,"ei":3}},{"type":"Feature","geometry":{"type":"Point","coordinates":[21.74954,38.264815]},"properties":{"lines":"303","color":"#0059a9","mode":"bus","arr":["303"],"angle":28.8,"mi":6}},{"type":"Feature","geometry":{"type":"Point","coordinates":[21.749189,38.262112]},"properties":{"lines":"301, 302","color":"#0059a9","mode":"bus","arr":["301","302"],"angle":-68.1,"mi":2}},{"type":"Feature","geometry":{"type":"Point","coordinates":[21.748452,38.260645]},"properties":{"lines":"301, 302","color":"#0059a9","mode":"bus","arr":["301","302"],"angle":-75.5,"extra":1,"ei":0}},{"type":"Feature","geometry":{"type":"Point","coordinates":[21.75017,38.264169]},"properties":{"lines":"301, 302","color":"#0059a9","mode":"bus","arr":["301","302"],"angle":-66.8,"extra":1,"ei":1}},{"type":"Feature","geometry":{"type":"Point","coordinates":[21.747453,38.259978]},"properties":{"lines":"301, 302","color":"#0059a9","mode":"bus","arr":["301","302"],"angle":25.4}},{"type":"Feature","geometry":{"type":"Point","coordinates":[21.745938,38.2582]},"properties":{"lines":"301, 302","color":"#0059a9","mode":"bus","arr":["301","302"],"angle":-68.2,"mi":1}},{"type":"Feature","geometry":{"type":"Point","coordinates":[21.746503,38.259291]},"properties":{"lines":"301, 302","color":"#0059a9","mode":"bus","arr":["301","302"],"angle":-69.5,"extra":1,"ei":0}},{"type":"Feature","geometry":{"type":"Point","coordinates":[21.727493,38.238764]},"properties":{"lines":"301, 302, 610","color":"#0059a9","mode":"bus","arr":["301","302","610"],"angle":-82.2}},{"type":"Feature","geometry":{"type":"Point","coordinates":[21.72771,38.240008]},"properties":{"lines":"301, 302, 610","color":"#0059a9","mode":"bus","arr":["301","302","610"],"angle":-82.2,"extra":1,"ei":0}},{"type":"Feature","geometry":{"type":"Point","coordinates":[21.726912,38.235008]},"properties":{"lines":"301, 302","color":"#0059a9","mode":"bus","arr":["301","302"],"angle":-86.1}},{"type":"Feature","geometry":{"type":"Point","coordinates":[21.726794,38.233763]},"properties":{"lines":"301, 302","color":"#0059a9","mode":"bus","arr":["301","302"],"angle":-85.4,"extra":1,"ei":0}},{"type":"Feature","geometry":{"type":"Point","coordinates":[21.727218,38.233396]},"properties":{"lines":"301, 302","color":"#0059a9","mode":"bus","arr":["301","302"],"angle":5.2,"side":-1,"mi":1}},{"type":"Feature","geometry":{"type":"Point","coordinates":[21.732196,38.233672]},"properties":{"lines":"301, 302, 303","color":"#0059a9","mode":"bus","arr":["301","302","303"],"angle":-14.6,"mi":2}},{"type":"Feature","geometry":{"type":"Point","coordinates":[21.728871,38.233271]},"properties":{"lines":"301, 302, 303","color":"#0059a9","mode":"bus","arr":["301","302","303"],"angle":5,"extra":1,"ei":0}},{"type":"Feature","geometry":{"type":"Point","coordinates":[21.735606,38.234943]},"properties":{"lines":"301, 302, 303","color":"#0059a9","mode":"bus","arr":["301","302","303"],"angle":-36.8,"extra":1,"ei":1}},{"type":"Feature","geometry":{"type":"Point","coordinates":[21.736951,38.234996]},"properties":{"lines":"301, 302, 303","color":"#0059a9","mode":"bus","arr":["301","302","303"],"angle":28.6,"mi":1}},{"type":"Feature","geometry":{"type":"Point","coordinates":[21.736971,38.233558]},"properties":{"lines":"301, 302, 303","color":"#0059a9","mode":"bus","arr":["301","302","303"],"angle":-63.2}},{"type":"Feature","geometry":{"type":"Point","coordinates":[21.735857,38.231736]},"properties":{"lines":"301, 302","color":"#0059a9","mode":"bus","arr":["301","302"],"angle":-62.5,"mi":3}},{"type":"Feature","geometry":{"type":"Point","coordinates":[21.727451,38.206205]},"properties":{"lines":"302","color":"#0059a9","mode":"bus","arr":["302"],"angle":21.9,"mi":9}},{"type":"Feature","geometry":{"type":"Point","coordinates":[21.724138,38.210722]},"properties":{"lines":"302","color":"#0059a9","mode":"bus","arr":["302"],"angle":31.1}},{"type":"Feature","geometry":{"type":"Point","coordinates":[21.724991,38.211607]},"properties":{"lines":"302","color":"#0059a9","mode":"bus","arr":["302"],"angle":-79.1,"mi":3}},{"type":"Feature","geometry":{"type":"Point","coordinates":[21.74693,38.259409]},"properties":{"lines":"302","color":"#0059a9","mode":"bus","arr":["302"],"angle":37.6,"side":-1,"mi":1}},{"type":"Feature","geometry":{"type":"Point","coordinates":[21.72126,38.207561]},"properties":{"lines":"302","color":"#0059a9","mode":"bus","arr":["302"],"angle":22.5,"side":-1,"mi":8}},{"type":"Feature","geometry":{"type":"Point","coordinates":[21.727302,38.211374]},"properties":{"lines":"302","color":"#0059a9","mode":"bus","arr":["302"],"angle":10,"mi":6}},{"type":"Feature","geometry":{"type":"Point","coordinates":[21.729227,38.205878]},"properties":{"lines":"302","color":"#0059a9","mode":"bus","arr":["302"],"angle":15.3,"mi":10}},{"type":"Feature","geometry":{"type":"Point","coordinates":[21.721325,38.21075]},"properties":{"lines":"302","color":"#0059a9","mode":"bus","arr":["302"],"angle":37.1,"mi":7}},{"type":"Feature","geometry":{"type":"Point","coordinates":[21.719846,38.211712]},"properties":{"lines":"302","color":"#0059a9","mode":"bus","arr":["302"],"angle":44.5,"extra":1,"ei":0}},{"type":"Feature","geometry":{"type":"Point","coordinates":[21.723722,38.20961]},"properties":{"lines":"302","color":"#0059a9","mode":"bus","arr":["302"],"angle":18.7,"extra":1,"ei":1}},{"type":"Feature","geometry":{"type":"Point","coordinates":[21.72482,38.2108]},"properties":{"lines":"302","color":"#0059a9","mode":"bus","arr":["302"],"angle":0.6,"mi":1}},{"type":"Feature","geometry":{"type":"Point","coordinates":[21.72776,38.211936]},"properties":{"lines":"302, 503","color":"#0059a9","mode":"bus","arr":["302","503"],"angle":12.9}},{"type":"Feature","geometry":{"type":"Point","coordinates":[21.747818,38.259551]},"properties":{"lines":"302","color":"#0059a9","mode":"bus","arr":["302"],"angle":-60.6,"mi":3}},{"type":"Feature","geometry":{"type":"Point","coordinates":[21.747398,38.259433]},"properties":{"lines":"302","color":"#0059a9","mode":"bus","arr":["302"],"angle":30.1,"mi":2}},{"type":"Feature","geometry":{"type":"Point","coordinates":[21.747134,38.259029]},"properties":{"lines":"302","color":"#0059a9","mode":"bus","arr":["302"],"angle":-73}},{"type":"Feature","geometry":{"type":"Point","coordinates":[21.744013,38.256159]},"properties":{"lines":"302","color":"#0059a9","mode":"bus","arr":["302"],"angle":-31.8,"mi":4}},{"type":"Feature","geometry":{"type":"Point","coordinates":[21.743532,38.256213]},"properties":{"lines":"302","color":"#0059a9","mode":"bus","arr":["302"],"angle":69.4,"mi":5}},{"type":"Feature","geometry":{"type":"Point","coordinates":[21.727239,38.233604]},"properties":{"lines":"302","color":"#0059a9","mode":"bus","arr":["302"],"angle":10.8}},{"type":"Feature","geometry":{"type":"Point","coordinates":[21.727843,38.235044]},"properties":{"lines":"303","color":"#0059a9","mode":"bus","arr":["303"],"angle":-85.5,"mi":3}},{"type":"Feature","geometry":{"type":"Point","coordinates":[21.727984,38.236357]},"properties":{"lines":"303","color":"#0059a9","mode":"bus","arr":["303"],"angle":-83.9,"extra":1,"ei":0}},{"type":"Feature","geometry":{"type":"Point","coordinates":[21.736299,38.235126]},"properties":{"lines":"302","color":"#0059a9","mode":"bus","arr":["302"],"angle":78.4,"side":-1,"mi":1}},{"type":"Feature","geometry":{"type":"Point","coordinates":[21.737112,38.234153]},"properties":{"lines":"302, 303","color":"#0059a9","mode":"bus","arr":["302","303"],"angle":4.9}},{"type":"Feature","geometry":{"type":"Point","coordinates":[21.722728,38.210128]},"properties":{"lines":"302","color":"#0059a9","mode":"bus","arr":["302"],"angle":-69,"mi":2}},{"type":"Feature","geometry":{"type":"Point","coordinates":[21.735998,38.231678]},"properties":{"lines":"303","color":"#0059a9","mode":"bus","arr":["303"],"angle":-74.5,"side":-1,"mi":4}},{"type":"Feature","geometry":{"type":"Point","coordinates":[21.737528,38.235377]},"properties":{"lines":"303","color":"#0059a9","mode":"bus","arr":["303"],"angle":88.5,"mi":2}},{"type":"Feature","geometry":{"type":"Point","coordinates":[21.736826,38.235641]},"properties":{"lines":"303","color":"#0059a9","mode":"bus","arr":["303"],"angle":-35.2}},{"type":"Feature","geometry":{"type":"Point","coordinates":[21.751158,38.261194]},"properties":{"lines":"303, 606, 609","color":"#0059a9","mode":"bus","arr":["303","606","609"],"angle":33.3}},{"type":"Feature","geometry":{"type":"Point","coordinates":[21.747631,38.2626]},"properties":{"lines":"303","color":"#0059a9","mode":"bus","arr":["303"],"angle":19.2,"side":-1,"mi":2}},{"type":"Feature","geometry":{"type":"Point","coordinates":[21.749131,38.26219]},"properties":{"lines":"303","color":"#0059a9","mode":"bus","arr":["303"],"angle":20.8,"extra":1,"ei":0}},{"type":"Feature","geometry":{"type":"Point","coordinates":[21.74825,38.263836]},"properties":{"lines":"303","color":"#0059a9","mode":"bus","arr":["303"],"angle":-61.1,"mi":5}},{"type":"Feature","geometry":{"type":"Point","coordinates":[21.737263,38.235526]},"properties":{"lines":"303","color":"#0059a9","mode":"bus","arr":["303"],"angle":-13.5,"mi":1}},{"type":"Feature","geometry":{"type":"Point","coordinates":[21.729321,38.240472]},"properties":{"lines":"303","color":"#0059a9","mode":"bus","arr":["303"],"angle":-82.2,"mi":6}},{"type":"Feature","geometry":{"type":"Point","coordinates":[21.728969,38.240202]},"properties":{"lines":"303","color":"#0059a9","mode":"bus","arr":["303"],"angle":8.6,"mi":5}},{"type":"Feature","geometry":{"type":"Point","coordinates":[21.750512,38.259208]},"properties":{"lines":"303","color":"#0059a9","mode":"bus","arr":["303"],"angle":-60.3,"mi":4}},{"type":"Feature","geometry":{"type":"Point","coordinates":[21.750634,38.259863]},"properties":{"lines":"303","color":"#0059a9","mode":"bus","arr":["303"],"angle":-57.8,"mi":3}},{"type":"Feature","geometry":{"type":"Point","coordinates":[21.750366,38.260041]},"properties":{"lines":"303","color":"#0059a9","mode":"bus","arr":["303"],"angle":31.2,"mi":1}},{"type":"Feature","geometry":{"type":"Point","coordinates":[21.7505,38.260745]},"properties":{"lines":"303","color":"#0059a9","mode":"bus","arr":["303"],"angle":-59}},{"type":"Feature","geometry":{"type":"Point","coordinates":[21.737937,38.246502]},"properties":{"lines":"401","color":"#0059a9","mode":"bus","arr":["401"],"angle":45.8,"mi":2}},{"type":"Feature","geometry":{"type":"Point","coordinates":[21.738671,38.245909]},"properties":{"lines":"401, 402","color":"#0059a9","mode":"bus","arr":["401","402"],"angle":45.8,"mi":2}},{"type":"Feature","geometry":{"type":"Point","coordinates":[21.738754,38.244534]},"properties":{"lines":"401, 402","color":"#0059a9","mode":"bus","arr":["401","402"],"angle":-60.5,"mi":1}},{"type":"Feature","geometry":{"type":"Point","coordinates":[21.737291,38.243668]},"properties":{"lines":"401","color":"#0059a9","mode":"bus","arr":["401"],"angle":-20.8}},{"type":"Feature","geometry":{"type":"Point","coordinates":[21.73723,38.243311]},"properties":{"lines":"401","color":"#0059a9","mode":"bus","arr":["401"],"angle":29.2,"mi":1}},{"type":"Feature","geometry":{"type":"Point","coordinates":[21.741465,38.241518]},"properties":{"lines":"401, 402","color":"#0059a9","mode":"bus","arr":["401","402"],"angle":28.3}},{"type":"Feature","geometry":{"type":"Point","coordinates":[21.738731,38.242677]},"properties":{"lines":"401, 402","color":"#0059a9","mode":"bus","arr":["401","402"],"angle":28.4,"extra":1,"ei":0}},{"type":"Feature","geometry":{"type":"Point","coordinates":[21.742963,38.240884]},"properties":{"lines":"401, 402","color":"#0059a9","mode":"bus","arr":["401","402"],"angle":28.4,"extra":1,"ei":1}},{"type":"Feature","geometry":{"type":"Point","coordinates":[21.745106,38.240159]},"properties":{"lines":"401, 402","color":"#0059a9","mode":"bus","arr":["401","402"],"angle":-11.2,"extra":1,"ei":2}},{"type":"Feature","geometry":{"type":"Point","coordinates":[21.746769,38.240633]},"properties":{"lines":"401, 402","color":"#0059a9","mode":"bus","arr":["401","402"],"angle":-27.3,"mi":3}},{"type":"Feature","geometry":{"type":"Point","coordinates":[21.750636,38.24255]},"properties":{"lines":"401","color":"#0059a9","mode":"bus","arr":["401"],"angle":-38.1,"mi":2}},{"type":"Feature","geometry":{"type":"Point","coordinates":[21.748406,38.241594]},"properties":{"lines":"401","color":"#0059a9","mode":"bus","arr":["401"],"angle":-31.7,"extra":1,"ei":0}},{"type":"Feature","geometry":{"type":"Point","coordinates":[21.75277,38.243023]},"properties":{"lines":"401","color":"#0059a9","mode":"bus","arr":["401"],"angle":1.4,"extra":1,"ei":1}},{"type":"Feature","geometry":{"type":"Point","coordinates":[21.753794,38.242551]},"properties":{"lines":"401","color":"#0059a9","mode":"bus","arr":["401"],"angle":-44.7}},{"type":"Feature","geometry":{"type":"Point","coordinates":[21.755547,38.24216]},"properties":{"lines":"401","color":"#0059a9","mode":"bus","arr":["401"],"angle":-34.4,"mi":1}},{"type":"Feature","geometry":{"type":"Point","coordinates":[21.756528,38.243053]},"properties":{"lines":"401","color":"#0059a9","mode":"bus","arr":["401"],"angle":-58,"extra":1,"ei":0}},{"type":"Feature","geometry":{"type":"Point","coordinates":[21.760417,38.242095]},"properties":{"lines":"401, 402","color":"#0059a9","mode":"bus","arr":["401","402"],"angle":60.8}},{"type":"Feature","geometry":{"type":"Point","coordinates":[21.757949,38.243242]},"properties":{"lines":"401, 402","color":"#0059a9","mode":"bus","arr":["401","402"],"angle":24.7,"extra":1,"ei":0}},{"type":"Feature","geometry":{"type":"Point","coordinates":[21.759847,38.240957]},"properties":{"lines":"401, 402","color":"#0059a9","mode":"bus","arr":["401","402"],"angle":70.8,"extra":1,"ei":1}},{"type":"Feature","geometry":{"type":"Point","coordinates":[21.761768,38.240041]},"properties":{"lines":"401, 402","color":"#0059a9","mode":"bus","arr":["401","402"],"angle":-14.5,"extra":1,"ei":2}},{"type":"Feature","geometry":{"type":"Point","coordinates":[21.75385,38.243551]},"properties":{"lines":"402","color":"#0059a9","mode":"bus","arr":["402"],"angle":12.5,"mi":5}},{"type":"Feature","geometry":{"type":"Point","coordinates":[21.755736,38.24322]},"properties":{"lines":"402","color":"#0059a9","mode":"bus","arr":["402"],"angle":-8.7,"extra":1,"ei":0}},{"type":"Feature","geometry":{"type":"Point","coordinates":[21.751462,38.244552]},"properties":{"lines":"402","color":"#0059a9","mode":"bus","arr":["402"],"angle":43,"extra":1,"ei":1}},{"type":"Feature","geometry":{"type":"Point","coordinates":[21.749635,38.24339]},"properties":{"lines":"402","color":"#0059a9","mode":"bus","arr":["402"],"angle":-42.9,"mi":1}},{"type":"Feature","geometry":{"type":"Point","coordinates":[21.747145,38.241959]},"properties":{"lines":"402","color":"#0059a9","mode":"bus","arr":["402"],"angle":-34.2}},{"type":"Feature","geometry":{"type":"Point","coordinates":[21.737724,38.243469]},"properties":{"lines":"402","color":"#0059a9","mode":"bus","arr":["402"],"angle":-83.3,"mi":4}},{"type":"Feature","geometry":{"type":"Point","coordinates":[21.738752,38.246653]},"properties":{"lines":"402","color":"#0059a9","mode":"bus","arr":["402"],"angle":-43.9,"mi":2}},{"type":"Feature","geometry":{"type":"Point","coordinates":[21.730002,38.242758]},"properties":{"lines":"501, 502, 610","color":"#0059a9","mode":"bus","arr":["501","502","610"],"angle":-44.7,"mi":2}},{"type":"Feature","geometry":{"type":"Point","coordinates":[21.731408,38.24385]},"properties":{"lines":"501, 502, 610","color":"#0059a9","mode":"bus","arr":["501","502","610"],"angle":-44.2,"extra":1,"ei":0}},{"type":"Feature","geometry":{"type":"Point","coordinates":[21.727992,38.241193]},"properties":{"lines":"501, 502, 610","color":"#0059a9","mode":"bus","arr":["501","502","610"],"angle":-56.5,"extra":1,"ei":1}},{"type":"Feature","geometry":{"type":"Point","coordinates":[21.727112,38.241029]},"properties":{"lines":"501, 502","color":"#0059a9","mode":"bus","arr":["501","502"],"angle":8}},{"type":"Feature","geometry":{"type":"Point","coordinates":[21.669066,38.164852]},"properties":{"lines":"501, 503","color":"#0059a9","mode":"bus","arr":["501","503"],"angle":69.3,"mi":1}},{"type":"Feature","geometry":{"type":"Point","coordinates":[21.668483,38.166063]},"properties":{"lines":"501, 503","color":"#0059a9","mode":"bus","arr":["501","503"],"angle":69.3,"extra":1,"ei":0}},{"type":"Feature","geometry":{"type":"Point","coordinates":[21.688764,38.185187]},"properties":{"lines":"501, 502, 503","color":"#0059a9","mode":"bus","arr":["501","502","503"],"angle":-69.9}},{"type":"Feature","geometry":{"type":"Point","coordinates":[21.68717,38.181373]},"properties":{"lines":"501, 502, 503","color":"#0059a9","mode":"bus","arr":["501","502","503"],"angle":-65.2,"extra":1,"ei":0}},{"type":"Feature","geometry":{"type":"Point","coordinates":[21.687989,38.183147]},"properties":{"lines":"501, 502, 503","color":"#0059a9","mode":"bus","arr":["501","502","503"],"angle":-72.2,"extra":1,"ei":1}},{"type":"Feature","geometry":{"type":"Point","coordinates":[21.68964,38.186683]},"properties":{"lines":"501, 502, 503","color":"#0059a9","mode":"bus","arr":["501","502","503"],"angle":-63.5,"extra":1,"ei":2}},{"type":"Feature","geometry":{"type":"Point","coordinates":[21.690535,38.188433]},"properties":{"lines":"501, 502, 503","color":"#0059a9","mode":"bus","arr":["501","502","503"],"angle":-63.1,"extra":1,"ei":3}},{"type":"Feature","geometry":{"type":"Point","coordinates":[21.663676,38.16153]},"properties":{"lines":"501, 503","color":"#0059a9","mode":"bus","arr":["501","503"],"angle":-15.8}},{"type":"Feature","geometry":{"type":"Point","coordinates":[21.685943,38.179755]},"properties":{"lines":"501, 503","color":"#0059a9","mode":"bus","arr":["501","503"],"angle":-50.5,"extra":1,"ei":0}},{"type":"Feature","geometry":{"type":"Point","coordinates":[21.684332,38.178353]},"properties":{"lines":"501, 503","color":"#0059a9","mode":"bus","arr":["501","503"],"angle":-49.1,"extra":1,"ei":1}},{"type":"Feature","geometry":{"type":"Point","coordinates":[21.682933,38.176819]},"properties":{"lines":"501, 503","color":"#0059a9","mode":"bus","arr":["501","503"],"angle":-54.1,"extra":1,"ei":2}},{"type":"Feature","geometry":{"type":"Point","coordinates":[21.681592,38.175257]},"properties":{"lines":"501, 503","color":"#0059a9","mode":"bus","arr":["501","503"],"angle":-61.7,"extra":1,"ei":3}},{"type":"Feature","geometry":{"type":"Point","coordinates":[21.680645,38.173523]},"properties":{"lines":"501, 503","color":"#0059a9","mode":"bus","arr":["501","503"],"angle":-66,"extra":1,"ei":4}},{"type":"Feature","geometry":{"type":"Point","coordinates":[21.679447,38.171888]},"properties":{"lines":"501, 503","color":"#0059a9","mode":"bus","arr":["501","503"],"angle":-57.5,"extra":1,"ei":5}},{"type":"Feature","geometry":{"type":"Point","coordinates":[21.678131,38.170308]},"properties":{"lines":"501, 503","color":"#0059a9","mode":"bus","arr":["501","503"],"angle":-55.8,"extra":1,"ei":6}},{"type":"Feature","geometry":{"type":"Point","coordinates":[21.676734,38.168772]},"properties":{"lines":"501, 503","color":"#0059a9","mode":"bus","arr":["501","503"],"angle":-53.5,"extra":1,"ei":7}},{"type":"Feature","geometry":{"type":"Point","coordinates":[21.675311,38.167249]},"properties":{"lines":"501, 503","color":"#0059a9","mode":"bus","arr":["501","503"],"angle":-54.1,"extra":1,"ei":8}},{"type":"Feature","geometry":{"type":"Point","coordinates":[21.673581,38.16595]},"properties":{"lines":"501, 503","color":"#0059a9","mode":"bus","arr":["501","503"],"angle":-39.9,"extra":1,"ei":9}},{"type":"Feature","geometry":{"type":"Point","coordinates":[21.671935,38.16458]},"properties":{"lines":"501, 503","color":"#0059a9","mode":"bus","arr":["501","503"],"angle":-44.9,"extra":1,"ei":10}},{"type":"Feature","geometry":{"type":"Point","coordinates":[21.669969,38.163513]},"properties":{"lines":"501, 503","color":"#0059a9","mode":"bus","arr":["501","503"],"angle":-28.5,"extra":1,"ei":11}},{"type":"Feature","geometry":{"type":"Point","coordinates":[21.667995,38.162444]},"properties":{"lines":"501, 503","color":"#0059a9","mode":"bus","arr":["501","503"],"angle":-27.9,"extra":1,"ei":12}},{"type":"Feature","geometry":{"type":"Point","coordinates":[21.665738,38.161841]},"properties":{"lines":"501, 503","color":"#0059a9","mode":"bus","arr":["501","503"],"angle":-4.7,"extra":1,"ei":13}},{"type":"Feature","geometry":{"type":"Point","coordinates":[21.661009,38.16129]},"properties":{"lines":"501, 503","color":"#0059a9","mode":"bus","arr":["501","503"],"angle":1.8,"extra":1,"ei":14}},{"type":"Feature","geometry":{"type":"Point","coordinates":[21.658622,38.161493]},"properties":{"lines":"501, 503","color":"#0059a9","mode":"bus","arr":["501","503"],"angle":-0.6,"extra":1,"ei":15}},{"type":"Feature","geometry":{"type":"Point","coordinates":[21.65633,38.161015]},"properties":{"lines":"501, 503","color":"#0059a9","mode":"bus","arr":["501","503"],"angle":-27.9,"extra":1,"ei":16}},{"type":"Feature","geometry":{"type":"Point","coordinates":[21.654178,38.160174]},"properties":{"lines":"501, 503","color":"#0059a9","mode":"bus","arr":["501","503"],"angle":-25.4,"extra":1,"ei":17}},{"type":"Feature","geometry":{"type":"Point","coordinates":[21.652105,38.159222]},"properties":{"lines":"501, 503","color":"#0059a9","mode":"bus","arr":["501","503"],"angle":-32.4,"extra":1,"ei":18}},{"type":"Feature","geometry":{"type":"Point","coordinates":[21.650108,38.158173]},"properties":{"lines":"501, 503","color":"#0059a9","mode":"bus","arr":["501","503"],"angle":-30.7,"extra":1,"ei":19}},{"type":"Feature","geometry":{"type":"Point","coordinates":[21.648,38.157267]},"properties":{"lines":"501, 503","color":"#0059a9","mode":"bus","arr":["501","503"],"angle":-30.4,"extra":1,"ei":20}},{"type":"Feature","geometry":{"type":"Point","coordinates":[21.645915,38.156328]},"properties":{"lines":"501, 503","color":"#0059a9","mode":"bus","arr":["501","503"],"angle":-25,"extra":1,"ei":21}},{"type":"Feature","geometry":{"type":"Point","coordinates":[21.643642,38.155718]},"properties":{"lines":"501, 503","color":"#0059a9","mode":"bus","arr":["501","503"],"angle":-20.2,"extra":1,"ei":22}},{"type":"Feature","geometry":{"type":"Point","coordinates":[21.641305,38.155293]},"properties":{"lines":"501, 503","color":"#0059a9","mode":"bus","arr":["501","503"],"angle":-5.8,"extra":1,"ei":23}},{"type":"Feature","geometry":{"type":"Point","coordinates":[21.638915,38.15542]},"properties":{"lines":"501, 503","color":"#0059a9","mode":"bus","arr":["501","503"],"angle":12.1,"extra":1,"ei":24}},{"type":"Feature","geometry":{"type":"Point","coordinates":[21.636525,38.155465]},"properties":{"lines":"501, 503","color":"#0059a9","mode":"bus","arr":["501","503"],"angle":-7.5,"extra":1,"ei":25}},{"type":"Feature","geometry":{"type":"Point","coordinates":[21.634168,38.155097]},"properties":{"lines":"501, 503","color":"#0059a9","mode":"bus","arr":["501","503"],"angle":-14.1,"extra":1,"ei":26}},{"type":"Feature","geometry":{"type":"Point","coordinates":[21.631881,38.154519]},"properties":{"lines":"501, 503","color":"#0059a9","mode":"bus","arr":["501","503"],"angle":-20.2,"extra":1,"ei":27}},{"type":"Feature","geometry":{"type":"Point","coordinates":[21.715425,38.190718]},"properties":{"lines":"502, 801","color":"#0059a9","mode":"bus","arr":["502","801"],"angle":52.9}},{"type":"Feature","geometry":{"type":"Point","coordinates":[21.713547,38.192567]},"properties":{"lines":"502, 801","color":"#0059a9","mode":"bus","arr":["502","801"],"angle":60.9,"extra":1,"ei":0}},{"type":"Feature","geometry":{"type":"Point","coordinates":[21.716071,38.1896]},"properties":{"lines":"502, 801","color":"#0059a9","mode":"bus","arr":["502","801"],"angle":-45.7,"extra":1,"ei":1}},{"type":"Feature","geometry":{"type":"Point","coordinates":[21.714248,38.188417]},"properties":{"lines":"502, 801","color":"#0059a9","mode":"bus","arr":["502","801"],"angle":-65.6,"extra":1,"ei":2}},{"type":"Feature","geometry":{"type":"Point","coordinates":[21.719344,38.188672]},"properties":{"lines":"801, 804","color":"#0059a9","mode":"bus","arr":["801","804"],"angle":-24.8}},{"type":"Feature","geometry":{"type":"Point","coordinates":[21.71543,38.188269]},"properties":{"lines":"801, 804","color":"#0059a9","mode":"bus","arr":["801","804"],"angle":9.8,"extra":1,"ei":0}},{"type":"Feature","geometry":{"type":"Point","coordinates":[21.717816,38.188305]},"properties":{"lines":"801, 804","color":"#0059a9","mode":"bus","arr":["801","804"],"angle":-11.8,"extra":1,"ei":1}},{"type":"Feature","geometry":{"type":"Point","coordinates":[21.722065,38.189989]},"properties":{"lines":"801, 804","color":"#0059a9","mode":"bus","arr":["801","804"],"angle":-34.4,"extra":1,"ei":2}},{"type":"Feature","geometry":{"type":"Point","coordinates":[21.712248,38.187814]},"properties":{"lines":"502, 804","color":"#0059a9","mode":"bus","arr":["502","804"],"angle":-2.4}},{"type":"Feature","geometry":{"type":"Point","coordinates":[21.707492,38.187877]},"properties":{"lines":"502, 804","color":"#0059a9","mode":"bus","arr":["502","804"],"angle":-5,"mi":1}},{"type":"Feature","geometry":{"type":"Point","coordinates":[21.695948,38.183758]},"properties":{"lines":"502","color":"#0059a9","mode":"bus","arr":["502"],"angle":-34.5}},{"type":"Feature","geometry":{"type":"Point","coordinates":[21.70384,38.187148]},"properties":{"lines":"502","color":"#0059a9","mode":"bus","arr":["502"],"angle":-38.2,"extra":1,"ei":0}},{"type":"Feature","geometry":{"type":"Point","coordinates":[21.701696,38.186324]},"properties":{"lines":"502","color":"#0059a9","mode":"bus","arr":["502"],"angle":-13.7,"extra":1,"ei":1}},{"type":"Feature","geometry":{"type":"Point","coordinates":[21.699467,38.185698]},"properties":{"lines":"502","color":"#0059a9","mode":"bus","arr":["502"],"angle":-41.7,"extra":1,"ei":2}},{"type":"Feature","geometry":{"type":"Point","coordinates":[21.697528,38.184615]},"properties":{"lines":"502","color":"#0059a9","mode":"bus","arr":["502"],"angle":-34.1,"extra":1,"ei":3}},{"type":"Feature","geometry":{"type":"Point","coordinates":[21.693254,38.183047]},"properties":{"lines":"502","color":"#0059a9","mode":"bus","arr":["502"],"angle":-14.3,"extra":1,"ei":4}},{"type":"Feature","geometry":{"type":"Point","coordinates":[21.690924,38.182583]},"properties":{"lines":"502","color":"#0059a9","mode":"bus","arr":["502"],"angle":-14.6,"extra":1,"ei":5}},{"type":"Feature","geometry":{"type":"Point","coordinates":[21.688839,38.181687]},"properties":{"lines":"502","color":"#0059a9","mode":"bus","arr":["502"],"angle":-36,"extra":1,"ei":6}},{"type":"Feature","geometry":{"type":"Point","coordinates":[21.686887,38.180586]},"properties":{"lines":"502","color":"#0059a9","mode":"bus","arr":["502"],"angle":-34.2,"extra":1,"ei":7,"side":-1}},{"type":"Feature","geometry":{"type":"Point","coordinates":[21.70323,38.186584]},"properties":{"lines":"502","color":"#0059a9","mode":"bus","arr":["502"],"angle":37.3,"side":-1,"mi":3}},{"type":"Feature","geometry":{"type":"Point","coordinates":[21.694999,38.184669]},"properties":{"lines":"502","color":"#0059a9","mode":"bus","arr":["502"],"angle":48.4,"mi":1}},{"type":"Feature","geometry":{"type":"Point","coordinates":[21.6923,38.187053]},"properties":{"lines":"502","color":"#0059a9","mode":"bus","arr":["502"],"angle":49,"mi":4}},{"type":"Feature","geometry":{"type":"Point","coordinates":[21.721187,38.212777]},"properties":{"lines":"503","color":"#0059a9","mode":"bus","arr":["503"],"angle":6.2}},{"type":"Feature","geometry":{"type":"Point","coordinates":[21.723534,38.212312]},"properties":{"lines":"503","color":"#0059a9","mode":"bus","arr":["503"],"angle":-11.6,"mi":4}},{"type":"Feature","geometry":{"type":"Point","coordinates":[21.718017,38.212412]},"properties":{"lines":"503","color":"#0059a9","mode":"bus","arr":["503"],"angle":14.1,"mi":5}},{"type":"Feature","geometry":{"type":"Point","coordinates":[21.71996,38.212958]},"properties":{"lines":"503","color":"#0059a9","mode":"bus","arr":["503"],"angle":23.6,"mi":2}},{"type":"Feature","geometry":{"type":"Point","coordinates":[21.724538,38.212646]},"properties":{"lines":"503","color":"#0059a9","mode":"bus","arr":["503"],"angle":15,"mi":6}},{"type":"Feature","geometry":{"type":"Point","coordinates":[21.722302,38.212685]},"properties":{"lines":"503","color":"#0059a9","mode":"bus","arr":["503"],"angle":21.5,"mi":1}},{"type":"Feature","geometry":{"type":"Point","coordinates":[21.759671,38.27242]},"properties":{"lines":"601, 606, 608, 609","color":"#0059a9","mode":"bus","arr":["601","606","608","609"],"angle":-63}},{"type":"Feature","geometry":{"type":"Point","coordinates":[21.757743,38.26719]},"properties":{"lines":"601, 606, 608, 609","color":"#0059a9","mode":"bus","arr":["601","606","608","609"],"angle":-72.3,"extra":1,"ei":0}},{"type":"Feature","geometry":{"type":"Point","coordinates":[21.758169,38.269047]},"properties":{"lines":"601, 606, 608, 609","color":"#0059a9","mode":"bus","arr":["601","606","608","609"],"angle":-77.9,"extra":1,"ei":1}},{"type":"Feature","geometry":{"type":"Point","coordinates":[21.758708,38.270887]},"properties":{"lines":"601, 606, 608, 609","color":"#0059a9","mode":"bus","arr":["601","606","608","609"],"angle":-69.9,"extra":1,"ei":2}},{"type":"Feature","geometry":{"type":"Point","coordinates":[21.761233,38.274062]},"properties":{"lines":"601, 606, 608, 609","color":"#0059a9","mode":"bus","arr":["601","606","608","609"],"angle":-46.1,"extra":1,"ei":3}},{"type":"Feature","geometry":{"type":"Point","coordinates":[21.762903,38.27542]},"properties":{"lines":"601, 606, 608, 609","color":"#0059a9","mode":"bus","arr":["601","606","608","609"],"angle":-45.1,"extra":1,"ei":4}},{"type":"Feature","geometry":{"type":"Point","coordinates":[21.764546,38.276799]},"properties":{"lines":"601, 606, 608, 609","color":"#0059a9","mode":"bus","arr":["601","606","608","609"],"angle":-48.3,"extra":1,"ei":5}},{"type":"Feature","geometry":{"type":"Point","coordinates":[21.767036,38.279019]},"properties":{"lines":"601, 606, 608, 609, 902","color":"#0059a9","mode":"bus","arr":["601","606","608","609","902"],"angle":-41.3}},{"type":"Feature","geometry":{"type":"Point","coordinates":[21.765807,38.277964]},"properties":{"lines":"601, 606, 608, 609, 902","color":"#0059a9","mode":"bus","arr":["601","606","608","609","902"],"angle":-51.1,"extra":1,"ei":0}},{"type":"Feature","geometry":{"type":"Point","coordinates":[21.769147,38.280666]},"properties":{"lines":"601, 606, 608, 609, 902","color":"#0059a9","mode":"bus","arr":["601","606","608","609","902"],"angle":-41,"extra":1,"ei":1}},{"type":"Feature","geometry":{"type":"Point","coordinates":[21.769909,38.281199]},"properties":{"lines":"601, 602, 608, 609, 901, 902","color":"#0059a9","mode":"bus","arr":["601","602","608","609","901","902"],"angle":-41.9}},{"type":"Feature","geometry":{"type":"Point","coordinates":[21.772401,38.283837]},"properties":{"lines":"601, 602, 608, 901","color":"#0059a9","mode":"bus","arr":["601","602","608","901"],"angle":-61.2,"side":-1}},{"type":"Feature","geometry":{"type":"Point","coordinates":[21.77145,38.282379]},"properties":{"lines":"601, 602, 608, 901","color":"#0059a9","mode":"bus","arr":["601","602","608","901"],"angle":-60.6,"extra":1,"ei":0,"side":-1}},{"type":"Feature","geometry":{"type":"Point","coordinates":[21.773795,38.285673]},"properties":{"lines":"601, 602, 608, 901","color":"#0059a9","mode":"bus","arr":["601","602","608","901"],"angle":-58.6,"extra":1,"ei":1,"side":-1}},{"type":"Feature","geometry":{"type":"Point","coordinates":[21.775779,38.285806]},"properties":{"lines":"601, 602, 901","color":"#0059a9","mode":"bus","arr":["601","602","901"],"angle":29.1,"mi":5}},{"type":"Feature","geometry":{"type":"Point","coordinates":[21.77727,38.285281]},"properties":{"lines":"601, 602, 901","color":"#0059a9","mode":"bus","arr":["601","602","901"],"angle":-20.6,"extra":1,"ei":0,"side":-1}},{"type":"Feature","geometry":{"type":"Point","coordinates":[21.777544,38.285663]},"properties":{"lines":"601, 602, 901","color":"#0059a9","mode":"bus","arr":["601","602","901"],"angle":-68.9,"mi":4}},{"type":"Feature","geometry":{"type":"Point","coordinates":[21.792429,38.294755]},"properties":{"lines":"601, 602, 901","color":"#0059a9","mode":"bus","arr":["601","602","901"],"angle":-37.3,"side":-1,"mi":6}},{"type":"Feature","geometry":{"type":"Point","coordinates":[21.78822,38.292403]},"properties":{"lines":"601, 602, 901","color":"#0059a9","mode":"bus","arr":["601","602","901"],"angle":-34.9,"side":-1,"mi":3}},{"type":"Feature","geometry":{"type":"Point","coordinates":[21.78557,38.2909]},"properties":{"lines":"601, 602, 901","color":"#0059a9","mode":"bus","arr":["601","602","901"],"angle":-36.2,"side":-1}},{"type":"Feature","geometry":{"type":"Point","coordinates":[21.790903,38.293886]},"properties":{"lines":"601, 602, 901","color":"#0059a9","mode":"bus","arr":["601","602","901"],"angle":-35.4,"extra":1,"ei":0,"side":-1}},{"type":"Feature","geometry":{"type":"Point","coordinates":[21.794729,38.296172]},"properties":{"lines":"601, 602, 901","color":"#0059a9","mode":"bus","arr":["601","602","901"],"angle":-37.5,"extra":1,"ei":1,"side":-1}},{"type":"Feature","geometry":{"type":"Point","coordinates":[21.780524,38.28521]},"properties":{"lines":"601, 602, 901","color":"#0059a9","mode":"bus","arr":["601","602","901"],"angle":20.5,"mi":2}},{"type":"Feature","geometry":{"type":"Point","coordinates":[21.778969,38.285701]},"properties":{"lines":"601, 602, 901","color":"#0059a9","mode":"bus","arr":["601","602","901"],"angle":28.1,"extra":1,"ei":0}},{"type":"Feature","geometry":{"type":"Point","coordinates":[21.788027,38.279983]},"properties":{"lines":"608","color":"#0059a9","mode":"bus","arr":["608"],"angle":62.1,"side":-1,"mi":3}},{"type":"Feature","geometry":{"type":"Point","coordinates":[21.784453,38.28537]},"properties":{"lines":"601, 602, 901","color":"#0059a9","mode":"bus","arr":["601","602","901"],"angle":-34.1,"mi":1}},{"type":"Feature","geometry":{"type":"Point","coordinates":[21.78667,38.286554]},"properties":{"lines":"601, 602, 609, 610, 901, 902","color":"#0059a9","mode":"bus","arr":["601","602","609","610","901","902"],"angle":-34.4,"mi":1}},{"type":"Feature","geometry":{"type":"Point","coordinates":[21.785996,38.288601]},"properties":{"lines":"601, 602, 609, 610, 901, 902","color":"#0059a9","mode":"bus","arr":["601","602","609","610","901","902"],"angle":55.3}},{"type":"Feature","geometry":{"type":"Point","coordinates":[21.752975,38.265231]},"properties":{"lines":"602","color":"#0059a9","mode":"bus","arr":["602"],"angle":-58.3,"side":-1}},{"type":"Feature","geometry":{"type":"Point","coordinates":[21.748174,38.258636]},"properties":{"lines":"602","color":"#0059a9","mode":"bus","arr":["602"],"angle":-79.9,"extra":1,"ei":0,"side":-1}},{"type":"Feature","geometry":{"type":"Point","coordinates":[21.749242,38.260315]},"properties":{"lines":"602","color":"#0059a9","mode":"bus","arr":["602"],"angle":-58.9,"extra":1,"ei":1,"side":-1}},{"type":"Feature","geometry":{"type":"Point","coordinates":[21.750485,38.261931]},"properties":{"lines":"602","color":"#0059a9","mode":"bus","arr":["602"],"angle":-59.2,"extra":1,"ei":2,"side":-1}},{"type":"Feature","geometry":{"type":"Point","coordinates":[21.751707,38.263557]},"properties":{"lines":"602","color":"#0059a9","mode":"bus","arr":["602"],"angle":-60.5,"extra":1,"ei":3,"side":-1}},{"type":"Feature","geometry":{"type":"Point","coordinates":[21.754168,38.266802]},"properties":{"lines":"602","color":"#0059a9","mode":"bus","arr":["602"],"angle":-59.3,"extra":1,"ei":4,"side":-1}},{"type":"Feature","geometry":{"type":"Point","coordinates":[21.755394,38.268426]},"properties":{"lines":"602","color":"#0059a9","mode":"bus","arr":["602"],"angle":-59.8,"extra":1,"ei":5,"side":-1}},{"type":"Feature","geometry":{"type":"Point","coordinates":[21.756619,38.270051]},"properties":{"lines":"602","color":"#0059a9","mode":"bus","arr":["602"],"angle":-59.7,"extra":1,"ei":6,"side":-1}},{"type":"Feature","geometry":{"type":"Point","coordinates":[21.757852,38.271672]},"properties":{"lines":"602","color":"#0059a9","mode":"bus","arr":["602"],"angle":-59.3,"extra":1,"ei":7,"side":-1}},{"type":"Feature","geometry":{"type":"Point","coordinates":[21.763296,38.276931]},"properties":{"lines":"602, 901","color":"#0059a9","mode":"bus","arr":["602","901"],"angle":-49.7,"side":-1}},{"type":"Feature","geometry":{"type":"Point","coordinates":[21.759314,38.273314]},"properties":{"lines":"602, 901","color":"#0059a9","mode":"bus","arr":["602","901"],"angle":-50.3,"extra":1,"ei":0,"side":-1}},{"type":"Feature","geometry":{"type":"Point","coordinates":[21.760878,38.274747]},"properties":{"lines":"602, 901","color":"#0059a9","mode":"bus","arr":["602","901"],"angle":-49,"extra":1,"ei":1,"side":-1}},{"type":"Feature","geometry":{"type":"Point","coordinates":[21.765607,38.279025]},"properties":{"lines":"602, 901","color":"#0059a9","mode":"bus","arr":["602","901"],"angle":-49.2,"extra":1,"ei":2,"side":-1}},{"type":"Feature","geometry":{"type":"Point","coordinates":[21.767175,38.280457]},"properties":{"lines":"602, 901","color":"#0059a9","mode":"bus","arr":["602","901"],"angle":-49.4,"extra":1,"ei":3,"side":-1}},{"type":"Feature","geometry":{"type":"Point","coordinates":[21.768629,38.280968]},"properties":{"lines":"602, 606, 901","color":"#0059a9","mode":"bus","arr":["602","606","901"],"angle":32.5}},{"type":"Feature","geometry":{"type":"Point","coordinates":[21.766768,38.282031]},"properties":{"lines":"606","color":"#0059a9","mode":"bus","arr":["606"],"angle":36.5,"mi":12}},{"type":"Feature","geometry":{"type":"Point","coordinates":[21.772352,38.292704]},"properties":{"lines":"606","color":"#0059a9","mode":"bus","arr":["606"],"angle":-56.8,"mi":3}},{"type":"Feature","geometry":{"type":"Point","coordinates":[21.766872,38.28544]},"properties":{"lines":"606","color":"#0059a9","mode":"bus","arr":["606"],"angle":-66.6,"mi":5}},{"type":"Feature","geometry":{"type":"Point","coordinates":[21.767873,38.287197]},"properties":{"lines":"606","color":"#0059a9","mode":"bus","arr":["606"],"angle":-64.5,"extra":1,"ei":0}},{"type":"Feature","geometry":{"type":"Point","coordinates":[21.765949,38.283736]},"properties":{"lines":"606","color":"#0059a9","mode":"bus","arr":["606"],"angle":-67.6,"extra":1,"ei":1}},{"type":"Feature","geometry":{"type":"Point","coordinates":[21.769119,38.288899]},"properties":{"lines":"606","color":"#0059a9","mode":"bus","arr":["606"],"angle":-56.7,"extra":1,"ei":0}},{"type":"Feature","geometry":{"type":"Point","coordinates":[21.770449,38.290472]},"properties":{"lines":"606","color":"#0059a9","mode":"bus","arr":["606"],"angle":-55.6,"extra":1,"ei":1}},{"type":"Feature","geometry":{"type":"Point","coordinates":[21.774797,38.294963]},"properties":{"lines":"606","color":"#0059a9","mode":"bus","arr":["606"],"angle":-44.3,"extra":1,"ei":2}},{"type":"Feature","geometry":{"type":"Point","coordinates":[21.776232,38.296467]},"properties":{"lines":"606","color":"#0059a9","mode":"bus","arr":["606"],"angle":-59.2,"extra":1,"ei":3}},{"type":"Feature","geometry":{"type":"Point","coordinates":[21.764481,38.285311]},"properties":{"lines":"606","color":"#0059a9","mode":"bus","arr":["606"],"angle":37.1,"mi":7}},{"type":"Feature","geometry":{"type":"Point","coordinates":[21.763558,38.287188]},"properties":{"lines":"606","color":"#0059a9","mode":"bus","arr":["606"],"angle":-42.5,"mi":6}},{"type":"Feature","geometry":{"type":"Point","coordinates":[21.76582,38.286843]},"properties":{"lines":"606","color":"#0059a9","mode":"bus","arr":["606"],"angle":48,"mi":4}},{"type":"Feature","geometry":{"type":"Point","coordinates":[21.764847,38.287768]},"properties":{"lines":"606","color":"#0059a9","mode":"bus","arr":["606"],"angle":46,"extra":1,"ei":0}},{"type":"Feature","geometry":{"type":"Point","coordinates":[21.77576,38.296471]},"properties":{"lines":"606","color":"#0059a9","mode":"bus","arr":["606"],"angle":39.6,"mi":8}},{"type":"Feature","geometry":{"type":"Point","coordinates":[21.776198,38.297327]},"properties":{"lines":"606","color":"#0059a9","mode":"bus","arr":["606"],"angle":40,"mi":11}},{"type":"Feature","geometry":{"type":"Point","coordinates":[21.775456,38.297538]},"properties":{"lines":"606","color":"#0059a9","mode":"bus","arr":["606"],"angle":22.4,"mi":10}},{"type":"Feature","geometry":{"type":"Point","coordinates":[21.76975,38.291736]},"properties":{"lines":"606","color":"#0059a9","mode":"bus","arr":["606"],"angle":29.5}},{"type":"Feature","geometry":{"type":"Point","coordinates":[21.767902,38.291784]},"properties":{"lines":"606","color":"#0059a9","mode":"bus","arr":["606"],"angle":-50.7,"mi":2}},{"type":"Feature","geometry":{"type":"Point","coordinates":[21.768741,38.290576]},"properties":{"lines":"606","color":"#0059a9","mode":"bus","arr":["606"],"angle":29.8,"mi":1}},{"type":"Feature","geometry":{"type":"Point","coordinates":[21.754314,38.267212]},"properties":{"lines":"610","color":"#0059a9","mode":"bus","arr":["610"],"angle":-60.2}},{"type":"Feature","geometry":{"type":"Point","coordinates":[21.766451,38.279947]},"properties":{"lines":"610","color":"#0059a9","mode":"bus","arr":["610"],"angle":-49.4}},{"type":"Feature","geometry":{"type":"Point","coordinates":[21.750778,38.262522]},"properties":{"lines":"610","color":"#0059a9","mode":"bus","arr":["610"],"angle":-59,"extra":1,"ei":0}},{"type":"Feature","geometry":{"type":"Point","coordinates":[21.751982,38.264157]},"properties":{"lines":"610","color":"#0059a9","mode":"bus","arr":["610"],"angle":-60.3,"extra":1,"ei":1}},{"type":"Feature","geometry":{"type":"Point","coordinates":[21.753242,38.265765]},"properties":{"lines":"610","color":"#0059a9","mode":"bus","arr":["610"],"angle":-59,"extra":1,"ei":2}},{"type":"Feature","geometry":{"type":"Point","coordinates":[21.755703,38.269009]},"properties":{"lines":"610","color":"#0059a9","mode":"bus","arr":["610"],"angle":-59.2,"extra":1,"ei":3}},{"type":"Feature","geometry":{"type":"Point","coordinates":[21.756917,38.270639]},"properties":{"lines":"610","color":"#0059a9","mode":"bus","arr":["610"],"angle":-60,"extra":1,"ei":4}},{"type":"Feature","geometry":{"type":"Point","coordinates":[21.758155,38.272258]},"properties":{"lines":"610","color":"#0059a9","mode":"bus","arr":["610"],"angle":-57.9,"extra":1,"ei":5}},{"type":"Feature","geometry":{"type":"Point","coordinates":[21.767952,38.281312]},"properties":{"lines":"610","color":"#0059a9","mode":"bus","arr":["610"],"angle":-49.3,"extra":1,"ei":0}},{"type":"Feature","geometry":{"type":"Point","coordinates":[21.764816,38.278449]},"properties":{"lines":"610","color":"#0059a9","mode":"bus","arr":["610"],"angle":-48.8,"extra":1,"ei":1}},{"type":"Feature","geometry":{"type":"Point","coordinates":[21.748686,38.259778]},"properties":{"lines":"606, 609, 610","color":"#0059a9","mode":"bus","arr":["606","609","610"],"angle":-58.9,"mi":1}},{"type":"Feature","geometry":{"type":"Point","coordinates":[21.749544,38.260902]},"properties":{"lines":"606, 609, 610","color":"#0059a9","mode":"bus","arr":["606","609","610"],"angle":-59.1,"extra":1,"ei":0}},{"type":"Feature","geometry":{"type":"Point","coordinates":[21.742387,38.25688]},"properties":{"lines":"606, 609, 610","color":"#0059a9","mode":"bus","arr":["606","609","610"],"angle":18.2}},{"type":"Feature","geometry":{"type":"Point","coordinates":[21.763864,38.262215]},"properties":{"lines":"607, 609","color":"#0059a9","mode":"bus","arr":["607","609"],"angle":16.5}},{"type":"Feature","geometry":{"type":"Point","coordinates":[21.760876,38.26378]},"properties":{"lines":"607, 609","color":"#0059a9","mode":"bus","arr":["607","609"],"angle":31.2,"extra":1,"ei":0}},{"type":"Feature","geometry":{"type":"Point","coordinates":[21.765935,38.260076]},"properties":{"lines":"607, 609","color":"#0059a9","mode":"bus","arr":["607","609"],"angle":53,"extra":1,"ei":1}},{"type":"Feature","geometry":{"type":"Point","coordinates":[21.773333,38.259354]},"properties":{"lines":"607, 609","color":"#0059a9","mode":"bus","arr":["607","609"],"angle":-1.2,"mi":1}},{"type":"Feature","geometry":{"type":"Point","coordinates":[21.767314,38.258489]},"properties":{"lines":"607, 609","color":"#0059a9","mode":"bus","arr":["607","609"],"angle":14.7,"extra":1,"ei":0}},{"type":"Feature","geometry":{"type":"Point","coordinates":[21.769273,38.25805]},"properties":{"lines":"607, 609","color":"#0059a9","mode":"bus","arr":["607","609"],"angle":41.4,"extra":1,"ei":1}},{"type":"Feature","geometry":{"type":"Point","coordinates":[21.770204,38.259209]},"properties":{"lines":"607, 609","color":"#0059a9","mode":"bus","arr":["607","609"],"angle":8.6,"extra":1,"ei":2}},{"type":"Feature","geometry":{"type":"Point","coordinates":[21.774874,38.259147]},"properties":{"lines":"607, 609","color":"#0059a9","mode":"bus","arr":["607","609"],"angle":6.2,"extra":1,"ei":3}},{"type":"Feature","geometry":{"type":"Point","coordinates":[21.777088,38.259094]},"properties":{"lines":"607, 609","color":"#0059a9","mode":"bus","arr":["607","609"],"angle":29.4,"extra":1,"ei":4}},{"type":"Feature","geometry":{"type":"Point","coordinates":[21.77896,38.257934]},"properties":{"lines":"607, 609","color":"#0059a9","mode":"bus","arr":["607","609"],"angle":38.8,"extra":1,"ei":5}},{"type":"Feature","geometry":{"type":"Point","coordinates":[21.781299,38.25771]},"properties":{"lines":"607, 609","color":"#0059a9","mode":"bus","arr":["607","609"],"angle":-5.1,"extra":1,"ei":6}},{"type":"Feature","geometry":{"type":"Point","coordinates":[21.783622,38.257443]},"properties":{"lines":"607, 609","color":"#0059a9","mode":"bus","arr":["607","609"],"angle":2.5,"extra":1,"ei":7}},{"type":"Feature","geometry":{"type":"Point","coordinates":[21.786266,38.257225]},"properties":{"lines":"607, 609","color":"#0059a9","mode":"bus","arr":["607","609"],"angle":-3.1}},{"type":"Feature","geometry":{"type":"Point","coordinates":[21.776853,38.288516]},"properties":{"lines":"608","color":"#0059a9","mode":"bus","arr":["608"],"angle":-36.3,"side":-1,"mi":2}},{"type":"Feature","geometry":{"type":"Point","coordinates":[21.774691,38.28687]},"properties":{"lines":"608","color":"#0059a9","mode":"bus","arr":["608"],"angle":-56.8,"extra":1,"ei":0,"side":-1}},{"type":"Feature","geometry":{"type":"Point","coordinates":[21.778177,38.289439]},"properties":{"lines":"608","color":"#0059a9","mode":"bus","arr":["608"],"angle":-43.5,"extra":1,"ei":1,"side":-1}},{"type":"Feature","geometry":{"type":"Point","coordinates":[21.779991,38.290675]},"properties":{"lines":"608","color":"#0059a9","mode":"bus","arr":["608"],"angle":-36.6,"extra":1,"ei":2,"side":-1}},{"type":"Feature","geometry":{"type":"Point","coordinates":[21.781377,38.289952]},"properties":{"lines":"608, 609, 610, 902","color":"#0059a9","mode":"bus","arr":["608","609","610","902"],"angle":35.1,"mi":1}},{"type":"Feature","geometry":{"type":"Point","coordinates":[21.783615,38.289776]},"properties":{"lines":"608","color":"#0059a9","mode":"bus","arr":["608"],"angle":-38.5,"side":-1,"mi":1}},{"type":"Feature","geometry":{"type":"Point","coordinates":[21.78588,38.288535]},"properties":{"lines":"608, 609, 610, 902","color":"#0059a9","mode":"bus","arr":["608","609","610","902"],"angle":56.5,"side":-1}},{"type":"Feature","geometry":{"type":"Point","coordinates":[21.788494,38.285514]},"properties":{"lines":"608","color":"#0059a9","mode":"bus","arr":["608"],"angle":56.1,"side":-1}},{"type":"Feature","geometry":{"type":"Point","coordinates":[21.789315,38.28453]},"properties":{"lines":"608","color":"#0059a9","mode":"bus","arr":["608"],"angle":67.6,"extra":1,"ei":0,"side":-1}},{"type":"Feature","geometry":{"type":"Point","coordinates":[21.78993,38.283157]},"properties":{"lines":"608, 609","color":"#0059a9","mode":"bus","arr":["608","609"],"angle":55.4}},{"type":"Feature","geometry":{"type":"Point","coordinates":[21.789195,38.28147]},"properties":{"lines":"608, 609","color":"#0059a9","mode":"bus","arr":["608","609"],"angle":-37,"mi":1}},{"type":"Feature","geometry":{"type":"Point","coordinates":[21.790621,38.282312]},"properties":{"lines":"608, 609","color":"#0059a9","mode":"bus","arr":["608","609"],"angle":-36.8,"extra":1,"ei":0}},{"type":"Feature","geometry":{"type":"Point","coordinates":[21.814196,38.273937]},"properties":{"lines":"608, 609","color":"#0059a9","mode":"bus","arr":["608","609"],"angle":12.1}},{"type":"Feature","geometry":{"type":"Point","coordinates":[21.789129,38.278731]},"properties":{"lines":"608, 609","color":"#0059a9","mode":"bus","arr":["608","609"],"angle":30.3,"extra":1,"ei":0}},{"type":"Feature","geometry":{"type":"Point","coordinates":[21.791202,38.277777]},"properties":{"lines":"608, 609","color":"#0059a9","mode":"bus","arr":["608","609"],"angle":29.2,"extra":1,"ei":1}},{"type":"Feature","geometry":{"type":"Point","coordinates":[21.792798,38.276445]},"properties":{"lines":"608, 609","color":"#0059a9","mode":"bus","arr":["608","609"],"angle":63.3,"extra":1,"ei":2}},{"type":"Feature","geometry":{"type":"Point","coordinates":[21.794792,38.27557]},"properties":{"lines":"608, 609","color":"#0059a9","mode":"bus","arr":["608","609"],"angle":62.7,"extra":1,"ei":3}},{"type":"Feature","geometry":{"type":"Point","coordinates":[21.796439,38.27443]},"properties":{"lines":"608, 609","color":"#0059a9","mode":"bus","arr":["608","609"],"angle":40.1,"extra":1,"ei":4}},{"type":"Feature","geometry":{"type":"Point","coordinates":[21.798525,38.273992]},"properties":{"lines":"608, 609","color":"#0059a9","mode":"bus","arr":["608","609"],"angle":44.7,"extra":1,"ei":5}},{"type":"Feature","geometry":{"type":"Point","coordinates":[21.800075,38.272958]},"properties":{"lines":"608, 609","color":"#0059a9","mode":"bus","arr":["608","609"],"angle":14.3,"extra":1,"ei":6}},{"type":"Feature","geometry":{"type":"Point","coordinates":[21.802176,38.273608]},"properties":{"lines":"608, 609","color":"#0059a9","mode":"bus","arr":["608","609"],"angle":-42.3,"extra":1,"ei":7}},{"type":"Feature","geometry":{"type":"Point","coordinates":[21.803707,38.275055]},"properties":{"lines":"608, 609","color":"#0059a9","mode":"bus","arr":["608","609"],"angle":-56,"extra":1,"ei":8}},{"type":"Feature","geometry":{"type":"Point","coordinates":[21.806901,38.273827]},"properties":{"lines":"608, 609","color":"#0059a9","mode":"bus","arr":["608","609"],"angle":-7.4,"extra":1,"ei":9}},{"type":"Feature","geometry":{"type":"Point","coordinates":[21.808996,38.273913]},"properties":{"lines":"608, 609","color":"#0059a9","mode":"bus","arr":["608","609"],"angle":37.5,"extra":1,"ei":10}},{"type":"Feature","geometry":{"type":"Point","coordinates":[21.810999,38.273226]},"properties":{"lines":"608, 609","color":"#0059a9","mode":"bus","arr":["608","609"],"angle":-21.8,"extra":1,"ei":11}},{"type":"Feature","geometry":{"type":"Point","coordinates":[21.817306,38.272614]},"properties":{"lines":"608, 609","color":"#0059a9","mode":"bus","arr":["608","609"],"angle":15.6,"extra":1,"ei":12}},{"type":"Feature","geometry":{"type":"Point","coordinates":[21.819044,38.273655]},"properties":{"lines":"608, 609","color":"#0059a9","mode":"bus","arr":["608","609"],"angle":-16.2,"extra":1,"ei":13}},{"type":"Feature","geometry":{"type":"Point","coordinates":[21.821358,38.27416]},"properties":{"lines":"608, 609","color":"#0059a9","mode":"bus","arr":["608","609"],"angle":-20.1,"extra":1,"ei":14}},{"type":"Feature","geometry":{"type":"Point","coordinates":[21.823116,38.275074]},"properties":{"lines":"608, 609","color":"#0059a9","mode":"bus","arr":["608","609"],"angle":75.2,"extra":1,"ei":15}},{"type":"Feature","geometry":{"type":"Point","coordinates":[21.825261,38.274544]},"properties":{"lines":"608, 609","color":"#0059a9","mode":"bus","arr":["608","609"],"angle":-39.2,"extra":1,"ei":16}},{"type":"Feature","geometry":{"type":"Point","coordinates":[21.824352,38.273527]},"properties":{"lines":"608, 609","color":"#0059a9","mode":"bus","arr":["608","609"],"angle":14.3,"extra":1,"ei":17}},{"type":"Feature","geometry":{"type":"Point","coordinates":[21.827586,38.272985]},"properties":{"lines":"608, 609","color":"#0059a9","mode":"bus","arr":["608","609"],"angle":-21.9,"extra":1,"ei":18}},{"type":"Feature","geometry":{"type":"Point","coordinates":[21.828368,38.271917]},"properties":{"lines":"608, 609","color":"#0059a9","mode":"bus","arr":["608","609"],"angle":-13.1,"extra":1,"ei":19}},{"type":"Feature","geometry":{"type":"Point","coordinates":[21.830564,38.271501]},"properties":{"lines":"608, 609","color":"#0059a9","mode":"bus","arr":["608","609"],"angle":19.5,"extra":1,"ei":20}},{"type":"Feature","geometry":{"type":"Point","coordinates":[21.832148,38.272197]},"properties":{"lines":"608, 609","color":"#0059a9","mode":"bus","arr":["608","609"],"angle":-86.7,"extra":1,"ei":21}},{"type":"Feature","geometry":{"type":"Point","coordinates":[21.834321,38.271534]},"properties":{"lines":"608, 609","color":"#0059a9","mode":"bus","arr":["608","609"],"angle":25.7,"extra":1,"ei":22}},{"type":"Feature","geometry":{"type":"Point","coordinates":[21.792487,38.294989]},"properties":{"lines":"609, 610, 902","color":"#0059a9","mode":"bus","arr":["609","610","902"],"angle":-37.6,"mi":4}},{"type":"Feature","geometry":{"type":"Point","coordinates":[21.788101,38.292512]},"properties":{"lines":"609, 610, 902","color":"#0059a9","mode":"bus","arr":["609","610","902"],"angle":-35.1,"mi":2}},{"type":"Feature","geometry":{"type":"Point","coordinates":[21.785458,38.291034]},"properties":{"lines":"609, 610, 902","color":"#0059a9","mode":"bus","arr":["609","610","902"],"angle":-35.8}},{"type":"Feature","geometry":{"type":"Point","coordinates":[21.783519,38.28992]},"properties":{"lines":"609, 610, 902","color":"#0059a9","mode":"bus","arr":["609","610","902"],"angle":-39,"mi":1}},{"type":"Feature","geometry":{"type":"Point","coordinates":[21.794135,38.296011]},"properties":{"lines":"609, 610, 902","color":"#0059a9","mode":"bus","arr":["609","610","902"],"angle":-38.5,"extra":1,"ei":0}},{"type":"Feature","geometry":{"type":"Point","coordinates":[21.790298,38.293737]},"properties":{"lines":"609, 610, 902","color":"#0059a9","mode":"bus","arr":["609","610","902"],"angle":-35.2,"extra":1,"ei":1}},{"type":"Feature","geometry":{"type":"Point","coordinates":[21.787341,38.285309]},"properties":{"lines":"609, 610, 902","color":"#0059a9","mode":"bus","arr":["609","610","902"],"angle":-34.6,"mi":3}},{"type":"Feature","geometry":{"type":"Point","coordinates":[21.775022,38.287386]},"properties":{"lines":"609, 610, 902","color":"#0059a9","mode":"bus","arr":["609","610","902"],"angle":-50.2,"mi":5}},{"type":"Feature","geometry":{"type":"Point","coordinates":[21.779003,38.290175]},"properties":{"lines":"609, 610, 902","color":"#0059a9","mode":"bus","arr":["609","610","902"],"angle":-41.3,"extra":1,"ei":0}},{"type":"Feature","geometry":{"type":"Point","coordinates":[21.777215,38.288916]},"properties":{"lines":"609, 610, 902","color":"#0059a9","mode":"bus","arr":["609","610","902"],"angle":-35.4,"extra":1,"ei":1}},{"type":"Feature","geometry":{"type":"Point","coordinates":[21.774013,38.286162]},"properties":{"lines":"609, 610, 902","color":"#0059a9","mode":"bus","arr":["609","610","902"],"angle":-59.7,"extra":1,"ei":2}},{"type":"Feature","geometry":{"type":"Point","coordinates":[21.77278,38.284541]},"properties":{"lines":"609, 610, 902","color":"#0059a9","mode":"bus","arr":["609","610","902"],"angle":-59,"extra":1,"ei":3}},{"type":"Feature","geometry":{"type":"Point","coordinates":[21.771251,38.282283]},"properties":{"lines":"609, 902","color":"#0059a9","mode":"bus","arr":["609","902"],"angle":-60.1}},{"type":"Feature","geometry":{"type":"Point","coordinates":[21.739162,38.253513]},"properties":{"lines":"609, 610, 902","color":"#0059a9","mode":"bus","arr":["609","610","902"],"angle":15.9}},{"type":"Feature","geometry":{"type":"Point","coordinates":[21.788121,38.280027]},"properties":{"lines":"609","color":"#0059a9","mode":"bus","arr":["609"],"angle":64.3}},{"type":"Feature","geometry":{"type":"Point","coordinates":[21.788611,38.285552]},"properties":{"lines":"609","color":"#0059a9","mode":"bus","arr":["609"],"angle":57,"mi":1}},{"type":"Feature","geometry":{"type":"Point","coordinates":[21.769961,38.283449]},"properties":{"lines":"610","color":"#0059a9","mode":"bus","arr":["610"],"angle":-41.7,"mi":1}},{"type":"Feature","geometry":{"type":"Point","coordinates":[21.761312,38.275295]},"properties":{"lines":"610, 902","color":"#0059a9","mode":"bus","arr":["610","902"],"angle":-49.5}},{"type":"Feature","geometry":{"type":"Point","coordinates":[21.763372,38.277156]},"properties":{"lines":"610, 902","color":"#0059a9","mode":"bus","arr":["610","902"],"angle":-49.4,"extra":1,"ei":0}},{"type":"Feature","geometry":{"type":"Point","coordinates":[21.760236,38.274294]},"properties":{"lines":"610, 902","color":"#0059a9","mode":"bus","arr":["610","902"],"angle":-49,"extra":1,"ei":1}},{"type":"Feature","geometry":{"type":"Point","coordinates":[21.758667,38.272863]},"properties":{"lines":"610, 902","color":"#0059a9","mode":"bus","arr":["610","902"],"angle":-52.4,"extra":1,"ei":2}},{"type":"Feature","geometry":{"type":"Point","coordinates":[21.76252,38.209978]},"properties":{"lines":"701, 702","color":"#0059a9","mode":"bus","arr":["701","702"],"angle":-80,"mi":9}},{"type":"Feature","geometry":{"type":"Point","coordinates":[21.762817,38.211191]},"properties":{"lines":"701, 702","color":"#0059a9","mode":"bus","arr":["701","702"],"angle":-78.9,"extra":1,"ei":0,"side":-1}},{"type":"Feature","geometry":{"type":"Point","coordinates":[21.762439,38.208492]},"properties":{"lines":"701, 702","color":"#0059a9","mode":"bus","arr":["701","702"],"angle":-14.4,"mi":10}},{"type":"Feature","geometry":{"type":"Point","coordinates":[21.75074,38.219359]},"properties":{"lines":"701, 702","color":"#0059a9","mode":"bus","arr":["701","702"],"angle":53.6,"mi":4}},{"type":"Feature","geometry":{"type":"Point","coordinates":[21.75051,38.219868]},"properties":{"lines":"701, 702","color":"#0059a9","mode":"bus","arr":["701","702"],"angle":82.2,"mi":6}},{"type":"Feature","geometry":{"type":"Point","coordinates":[21.762595,38.211361]},"properties":{"lines":"701, 702","color":"#0059a9","mode":"bus","arr":["701","702"],"angle":-66.8,"mi":5}},{"type":"Feature","geometry":{"type":"Point","coordinates":[21.75393,38.216101]},"properties":{"lines":"701, 702","color":"#0059a9","mode":"bus","arr":["701","702"],"angle":51.9}},{"type":"Feature","geometry":{"type":"Point","coordinates":[21.748846,38.229132]},"properties":{"lines":"701, 702","color":"#0059a9","mode":"bus","arr":["701","702"],"angle":77.2,"mi":11}},{"type":"Feature","geometry":{"type":"Point","coordinates":[21.760732,38.209126]},"properties":{"lines":"701, 702","color":"#0059a9","mode":"bus","arr":["701","702"],"angle":50.9,"mi":7}},{"type":"Feature","geometry":{"type":"Point","coordinates":[21.750364,38.220542]},"properties":{"lines":"701, 702","color":"#0059a9","mode":"bus","arr":["701","702"],"angle":83.2,"mi":8}},{"type":"Feature","geometry":{"type":"Point","coordinates":[21.756221,38.21375]},"properties":{"lines":"701, 702","color":"#0059a9","mode":"bus","arr":["701","702"],"angle":53.9,"extra":1,"ei":0}},{"type":"Feature","geometry":{"type":"Point","coordinates":[21.751827,38.218242]},"properties":{"lines":"701, 702","color":"#0059a9","mode":"bus","arr":["701","702"],"angle":52.5,"extra":1,"ei":1}},{"type":"Feature","geometry":{"type":"Point","coordinates":[21.748163,38.231]},"properties":{"lines":"701, 702","color":"#0059a9","mode":"bus","arr":["701","702"],"angle":73.9,"extra":1,"ei":0}},{"type":"Feature","geometry":{"type":"Point","coordinates":[21.74922,38.227322]},"properties":{"lines":"701, 702","color":"#0059a9","mode":"bus","arr":["701","702"],"angle":80.8,"extra":1,"ei":1}},{"type":"Feature","geometry":{"type":"Point","coordinates":[21.74939,38.223522]},"properties":{"lines":"701","color":"#0059a9","mode":"bus","arr":["701"],"angle":78}},{"type":"Feature","geometry":{"type":"Point","coordinates":[21.758313,38.211568]},"properties":{"lines":"701","color":"#0059a9","mode":"bus","arr":["701"],"angle":53.4}},{"type":"Feature","geometry":{"type":"Point","coordinates":[21.750207,38.221847]},"properties":{"lines":"701","color":"#0059a9","mode":"bus","arr":["701"],"angle":82.9,"extra":1,"ei":0}},{"type":"Feature","geometry":{"type":"Point","coordinates":[21.749387,38.225475]},"properties":{"lines":"701","color":"#0059a9","mode":"bus","arr":["701"],"angle":-85.4,"extra":1,"ei":1,"side":-1}},{"type":"Feature","geometry":{"type":"Point","coordinates":[21.760208,38.20989]},"properties":{"lines":"701","color":"#0059a9","mode":"bus","arr":["701"],"angle":52.5,"mi":1}},{"type":"Feature","geometry":{"type":"Point","coordinates":[21.74978,38.223281]},"properties":{"lines":"701","color":"#0059a9","mode":"bus","arr":["701"],"angle":58.4,"mi":1}},{"type":"Feature","geometry":{"type":"Point","coordinates":[21.747381,38.233359]},"properties":{"lines":"701","color":"#0059a9","mode":"bus","arr":["701"],"angle":71.9}},{"type":"Feature","geometry":{"type":"Point","coordinates":[21.746866,38.234624]},"properties":{"lines":"701","color":"#0059a9","mode":"bus","arr":["701"],"angle":71.6,"extra":1,"ei":0}},{"type":"Feature","geometry":{"type":"Point","coordinates":[21.745606,38.237331]},"properties":{"lines":"701, 804","color":"#0059a9","mode":"bus","arr":["701","804"],"angle":70.5}},{"type":"Feature","geometry":{"type":"Point","coordinates":[21.744852,38.238216]},"properties":{"lines":"701, 702, 801, 803, 804","color":"#0059a9","mode":"bus","arr":["701","702","801","803","804"],"angle":37.5,"side":-1}},{"type":"Feature","geometry":{"type":"Point","coordinates":[21.760081,38.212652]},"properties":{"lines":"701, 702","color":"#0059a9","mode":"bus","arr":["701","702"],"angle":17.7,"mi":2}},{"type":"Feature","geometry":{"type":"Point","coordinates":[21.75813,38.212958]},"properties":{"lines":"701, 702","color":"#0059a9","mode":"bus","arr":["701","702"],"angle":7.5,"extra":1,"ei":0}},{"type":"Feature","geometry":{"type":"Point","coordinates":[21.762588,38.211661]},"properties":{"lines":"701, 702","color":"#0059a9","mode":"bus","arr":["701","702"],"angle":25.4,"extra":1,"ei":1}},{"type":"Feature","geometry":{"type":"Point","coordinates":[21.768839,38.210995]},"properties":{"lines":"702","color":"#0059a9","mode":"bus","arr":["702"],"angle":-31.2}},{"type":"Feature","geometry":{"type":"Point","coordinates":[21.77938,38.210107]},"properties":{"lines":"702","color":"#0059a9","mode":"bus","arr":["702"],"angle":47.8,"mi":5}},{"type":"Feature","geometry":{"type":"Point","coordinates":[21.764108,38.211338]},"properties":{"lines":"702","color":"#0059a9","mode":"bus","arr":["702"],"angle":10,"extra":1,"ei":0}},{"type":"Feature","geometry":{"type":"Point","coordinates":[21.766316,38.211557]},"properties":{"lines":"702","color":"#0059a9","mode":"bus","arr":["702"],"angle":7.9,"extra":1,"ei":1}},{"type":"Feature","geometry":{"type":"Point","coordinates":[21.770484,38.21196]},"properties":{"lines":"702","color":"#0059a9","mode":"bus","arr":["702"],"angle":-36.8,"extra":1,"ei":2}},{"type":"Feature","geometry":{"type":"Point","coordinates":[21.771886,38.213293]},"properties":{"lines":"702","color":"#0059a9","mode":"bus","arr":["702"],"angle":-75.3,"extra":1,"ei":3}},{"type":"Feature","geometry":{"type":"Point","coordinates":[21.756778,38.209626]},"properties":{"lines":"701, 702","color":"#0059a9","mode":"bus","arr":["701","702"],"angle":-11,"mi":3}},{"type":"Feature","geometry":{"type":"Point","coordinates":[21.755016,38.209319]},"properties":{"lines":"701, 702","color":"#0059a9","mode":"bus","arr":["701","702"],"angle":-11.8,"extra":1,"ei":0}},{"type":"Feature","geometry":{"type":"Point","coordinates":[21.759702,38.210153]},"properties":{"lines":"701, 702","color":"#0059a9","mode":"bus","arr":["701","702"],"angle":-16.3,"extra":1,"ei":1}},{"type":"Feature","geometry":{"type":"Point","coordinates":[21.752702,38.214392]},"properties":{"lines":"701, 702","color":"#0059a9","mode":"bus","arr":["701","702"],"angle":70.1,"mi":1}},{"type":"Feature","geometry":{"type":"Point","coordinates":[21.753502,38.210019]},"properties":{"lines":"701, 702","color":"#0059a9","mode":"bus","arr":["701","702"],"angle":58.9,"extra":1,"ei":0}},{"type":"Feature","geometry":{"type":"Point","coordinates":[21.753063,38.211826]},"properties":{"lines":"701, 702","color":"#0059a9","mode":"bus","arr":["701","702"],"angle":83.4,"extra":1,"ei":1}},{"type":"Feature","geometry":{"type":"Point","coordinates":[21.751859,38.215357]},"properties":{"lines":"701, 702","color":"#0059a9","mode":"bus","arr":["701","702"],"angle":63.1,"extra":1,"ei":2}},{"type":"Feature","geometry":{"type":"Point","coordinates":[21.750767,38.216871]},"properties":{"lines":"701, 702","color":"#0059a9","mode":"bus","arr":["701","702"],"angle":29.8,"extra":1,"ei":3}},{"type":"Feature","geometry":{"type":"Point","coordinates":[21.750468,38.218613]},"properties":{"lines":"701, 702","color":"#0059a9","mode":"bus","arr":["701","702"],"angle":-89.8,"extra":1,"ei":4}},{"type":"Feature","geometry":{"type":"Point","coordinates":[21.763328,38.208478]},"properties":{"lines":"702","color":"#0059a9","mode":"bus","arr":["702"],"angle":72,"mi":7}},{"type":"Feature","geometry":{"type":"Point","coordinates":[21.774738,38.212483]},"properties":{"lines":"702","color":"#0059a9","mode":"bus","arr":["702"],"angle":48.6,"mi":3}},{"type":"Feature","geometry":{"type":"Point","coordinates":[21.776542,38.211601]},"properties":{"lines":"702","color":"#0059a9","mode":"bus","arr":["702"],"angle":28.1,"extra":1,"ei":0}},{"type":"Feature","geometry":{"type":"Point","coordinates":[21.77329,38.214201]},"properties":{"lines":"702","color":"#0059a9","mode":"bus","arr":["702"],"angle":64.1,"extra":1,"ei":1}},{"type":"Feature","geometry":{"type":"Point","coordinates":[21.750439,38.219873]},"properties":{"lines":"702","color":"#0059a9","mode":"bus","arr":["702"],"angle":-87.2,"mi":1}},{"type":"Feature","geometry":{"type":"Point","coordinates":[21.762416,38.208453]},"properties":{"lines":"702","color":"#0059a9","mode":"bus","arr":["702"],"angle":9.7,"side":-1,"mi":9}},{"type":"Feature","geometry":{"type":"Point","coordinates":[21.761602,38.211843]},"properties":{"lines":"702","color":"#0059a9","mode":"bus","arr":["702"],"angle":-81.7,"mi":10}},{"type":"Feature","geometry":{"type":"Point","coordinates":[21.763235,38.209823]},"properties":{"lines":"702","color":"#0059a9","mode":"bus","arr":["702"],"angle":-81.5,"mi":6}},{"type":"Feature","geometry":{"type":"Point","coordinates":[21.771422,38.207914]},"properties":{"lines":"702","color":"#0059a9","mode":"bus","arr":["702"],"angle":5.8,"mi":1}},{"type":"Feature","geometry":{"type":"Point","coordinates":[21.764565,38.20837]},"properties":{"lines":"702","color":"#0059a9","mode":"bus","arr":["702"],"angle":6.5,"extra":1,"ei":0}},{"type":"Feature","geometry":{"type":"Point","coordinates":[21.766959,38.208206]},"properties":{"lines":"702","color":"#0059a9","mode":"bus","arr":["702"],"angle":4.3,"extra":1,"ei":1}},{"type":"Feature","geometry":{"type":"Point","coordinates":[21.769354,38.208044]},"properties":{"lines":"702","color":"#0059a9","mode":"bus","arr":["702"],"angle":4.8,"extra":1,"ei":2}},{"type":"Feature","geometry":{"type":"Point","coordinates":[21.77414,38.207691]},"properties":{"lines":"702","color":"#0059a9","mode":"bus","arr":["702"],"angle":7,"extra":1,"ei":3}},{"type":"Feature","geometry":{"type":"Point","coordinates":[21.776477,38.207258]},"properties":{"lines":"702","color":"#0059a9","mode":"bus","arr":["702"],"angle":13.8,"extra":1,"ei":4}},{"type":"Feature","geometry":{"type":"Point","coordinates":[21.778734,38.206691]},"properties":{"lines":"702","color":"#0059a9","mode":"bus","arr":["702"],"angle":28.4,"extra":1,"ei":5}},{"type":"Feature","geometry":{"type":"Point","coordinates":[21.780496,38.207833]},"properties":{"lines":"702","color":"#0059a9","mode":"bus","arr":["702"],"angle":-53.2,"mi":8}},{"type":"Feature","geometry":{"type":"Point","coordinates":[21.78406,38.213015]},"properties":{"lines":"702","color":"#0059a9","mode":"bus","arr":["702"],"angle":69.3,"mi":11}},{"type":"Feature","geometry":{"type":"Point","coordinates":[21.779162,38.211658]},"properties":{"lines":"702","color":"#0059a9","mode":"bus","arr":["702"],"angle":-16.7,"mi":4}},{"type":"Feature","geometry":{"type":"Point","coordinates":[21.781786,38.212336]},"properties":{"lines":"702","color":"#0059a9","mode":"bus","arr":["702"],"angle":-20.4,"extra":1,"ei":0}},{"type":"Feature","geometry":{"type":"Point","coordinates":[21.745774,38.236617]},"properties":{"lines":"702, 801, 803","color":"#0059a9","mode":"bus","arr":["702","801","803"],"angle":69.6,"side":-1}},{"type":"Feature","geometry":{"type":"Point","coordinates":[21.747244,38.233322]},"properties":{"lines":"702","color":"#0059a9","mode":"bus","arr":["702"],"angle":72.1,"side":-1}},{"type":"Feature","geometry":{"type":"Point","coordinates":[21.74777,38.232043]},"properties":{"lines":"702","color":"#0059a9","mode":"bus","arr":["702"],"angle":72.1,"extra":1,"ei":0}},{"type":"Feature","geometry":{"type":"Point","coordinates":[21.749302,38.223518]},"properties":{"lines":"702","color":"#0059a9","mode":"bus","arr":["702"],"angle":78,"side":-1}},{"type":"Feature","geometry":{"type":"Point","coordinates":[21.749297,38.225344]},"properties":{"lines":"702","color":"#0059a9","mode":"bus","arr":["702"],"angle":-87.6,"extra":1,"ei":0}},{"type":"Feature","geometry":{"type":"Point","coordinates":[21.75014,38.221715]},"properties":{"lines":"702","color":"#0059a9","mode":"bus","arr":["702"],"angle":83,"extra":1,"ei":1,"side":-1}},{"type":"Feature","geometry":{"type":"Point","coordinates":[21.772955,38.213379]},"properties":{"lines":"702","color":"#0059a9","mode":"bus","arr":["702"],"angle":-6.7,"mi":2}},{"type":"Feature","geometry":{"type":"Point","coordinates":[21.740611,38.214989]},"properties":{"lines":"801, 803, 804","color":"#0059a9","mode":"bus","arr":["801","803","804"],"angle":-66.7}},{"type":"Feature","geometry":{"type":"Point","coordinates":[21.741255,38.218939]},"properties":{"lines":"801, 803, 804","color":"#0059a9","mode":"bus","arr":["801","803","804"],"angle":-77.8,"extra":1,"ei":0}},{"type":"Feature","geometry":{"type":"Point","coordinates":[21.740716,38.2171]},"properties":{"lines":"801, 803, 804","color":"#0059a9","mode":"bus","arr":["801","803","804"],"angle":-81.8,"extra":1,"ei":1}},{"type":"Feature","geometry":{"type":"Point","coordinates":[21.739826,38.213476]},"properties":{"lines":"801, 803, 804","color":"#0059a9","mode":"bus","arr":["801","803","804"],"angle":-77.4,"extra":1,"ei":2}},{"type":"Feature","geometry":{"type":"Point","coordinates":[21.739334,38.211628]},"properties":{"lines":"801, 803, 804","color":"#0059a9","mode":"bus","arr":["801","803","804"],"angle":-77.7,"extra":1,"ei":3}},{"type":"Feature","geometry":{"type":"Point","coordinates":[21.733164,38.198806]},"properties":{"lines":"801, 803, 804","color":"#0059a9","mode":"bus","arr":["801","803","804"],"angle":-72}},{"type":"Feature","geometry":{"type":"Point","coordinates":[21.738494,38.209339]},"properties":{"lines":"801, 803, 804","color":"#0059a9","mode":"bus","arr":["801","803","804"],"angle":-71.9,"extra":1,"ei":0}},{"type":"Feature","geometry":{"type":"Point","coordinates":[21.73774,38.207546]},"properties":{"lines":"801, 803, 804","color":"#0059a9","mode":"bus","arr":["801","803","804"],"angle":-74.2,"extra":1,"ei":1}},{"type":"Feature","geometry":{"type":"Point","coordinates":[21.737187,38.20571]},"properties":{"lines":"801, 803, 804","color":"#0059a9","mode":"bus","arr":["801","803","804"],"angle":-70.9,"extra":1,"ei":2}},{"type":"Feature","geometry":{"type":"Point","coordinates":[21.736079,38.204041]},"properties":{"lines":"801, 803, 804","color":"#0059a9","mode":"bus","arr":["801","803","804"],"angle":-57.5,"extra":1,"ei":3}},{"type":"Feature","geometry":{"type":"Point","coordinates":[21.734576,38.202584]},"properties":{"lines":"801, 803, 804","color":"#0059a9","mode":"bus","arr":["801","803","804"],"angle":-41.6,"extra":1,"ei":4}},{"type":"Feature","geometry":{"type":"Point","coordinates":[21.733567,38.200973]},"properties":{"lines":"801, 803, 804","color":"#0059a9","mode":"bus","arr":["801","803","804"],"angle":-86,"extra":1,"ei":5}},{"type":"Feature","geometry":{"type":"Point","coordinates":[21.732421,38.197342]},"properties":{"lines":"801, 803, 804","color":"#0059a9","mode":"bus","arr":["801","803","804"],"angle":-63.7,"extra":1,"ei":6}},{"type":"Feature","geometry":{"type":"Point","coordinates":[21.731631,38.195594]},"properties":{"lines":"801, 803, 804","color":"#0059a9","mode":"bus","arr":["801","803","804"],"angle":85.3,"extra":1,"ei":7}},{"type":"Feature","geometry":{"type":"Point","coordinates":[21.731934,38.193721]},"properties":{"lines":"801, 803, 804","color":"#0059a9","mode":"bus","arr":["801","803","804"],"angle":84.3,"extra":1,"ei":8}},{"type":"Feature","geometry":{"type":"Point","coordinates":[21.732225,38.191847]},"properties":{"lines":"801, 803, 804","color":"#0059a9","mode":"bus","arr":["801","803","804"],"angle":-83.8,"extra":1,"ei":9}},{"type":"Feature","geometry":{"type":"Point","coordinates":[21.730584,38.190523]},"properties":{"lines":"801, 803, 804","color":"#0059a9","mode":"bus","arr":["801","803","804"],"angle":-44.2,"extra":1,"ei":10}},{"type":"Feature","geometry":{"type":"Point","coordinates":[21.729079,38.189052]},"properties":{"lines":"801, 803, 804","color":"#0059a9","mode":"bus","arr":["801","803","804"],"angle":-53.4,"extra":1,"ei":11}},{"type":"Feature","geometry":{"type":"Point","coordinates":[21.725338,38.188277]},"properties":{"lines":"801, 804","color":"#0059a9","mode":"bus","arr":["801","804"],"angle":24.1,"mi":1}},{"type":"Feature","geometry":{"type":"Point","coordinates":[21.727404,38.188302]},"properties":{"lines":"801, 804","color":"#0059a9","mode":"bus","arr":["801","804"],"angle":14.4,"extra":1,"ei":0}},{"type":"Feature","geometry":{"type":"Point","coordinates":[21.723916,38.189922]},"properties":{"lines":"801, 804","color":"#0059a9","mode":"bus","arr":["801","804"],"angle":73.5,"extra":1,"ei":1}},{"type":"Feature","geometry":{"type":"Point","coordinates":[21.711339,38.192735]},"properties":{"lines":"804","color":"#0059a9","mode":"bus","arr":["804"],"angle":-27.3,"mi":2}},{"type":"Feature","geometry":{"type":"Point","coordinates":[21.712796,38.193324]},"properties":{"lines":"801","color":"#0059a9","mode":"bus","arr":["801"],"angle":-27}},{"type":"Feature","geometry":{"type":"Point","coordinates":[21.731819,38.189664]},"properties":{"lines":"801","color":"#0059a9","mode":"bus","arr":["801"],"angle":27.6,"mi":4}},{"type":"Feature","geometry":{"type":"Point","coordinates":[21.734639,38.188321]},"properties":{"lines":"801","color":"#0059a9","mode":"bus","arr":["801"],"angle":39.2,"mi":1}},{"type":"Feature","geometry":{"type":"Point","coordinates":[21.734487,38.188163]},"properties":{"lines":"801","color":"#0059a9","mode":"bus","arr":["801"],"angle":-57.5}},{"type":"Feature","geometry":{"type":"Point","coordinates":[21.735049,38.187548]},"properties":{"lines":"801","color":"#0059a9","mode":"bus","arr":["801"],"angle":40,"mi":2}},{"type":"Feature","geometry":{"type":"Point","coordinates":[21.735905,38.187412]},"properties":{"lines":"801","color":"#0059a9","mode":"bus","arr":["801"],"angle":-63.6,"mi":3}},{"type":"Feature","geometry":{"type":"Point","coordinates":[21.741348,38.201874]},"properties":{"lines":"801, 804","color":"#0059a9","mode":"bus","arr":["801","804"],"angle":10}},{"type":"Feature","geometry":{"type":"Point","coordinates":[21.736184,38.202551]},"properties":{"lines":"801, 804","color":"#0059a9","mode":"bus","arr":["801","804"],"angle":28.2,"extra":1,"ei":0}},{"type":"Feature","geometry":{"type":"Point","coordinates":[21.738516,38.202194]},"properties":{"lines":"801, 804","color":"#0059a9","mode":"bus","arr":["801","804"],"angle":13.4,"extra":1,"ei":1}},{"type":"Feature","geometry":{"type":"Point","coordinates":[21.743259,38.201635]},"properties":{"lines":"801, 804","color":"#0059a9","mode":"bus","arr":["801","804"],"angle":8.3,"extra":1,"ei":2}},{"type":"Feature","geometry":{"type":"Point","coordinates":[21.745559,38.201179]},"properties":{"lines":"801, 804","color":"#0059a9","mode":"bus","arr":["801","804"],"angle":15.4,"extra":1,"ei":3}},{"type":"Feature","geometry":{"type":"Point","coordinates":[21.747686,38.201067]},"properties":{"lines":"801, 804","color":"#0059a9","mode":"bus","arr":["801","804"],"angle":-82.1,"mi":1}},{"type":"Feature","geometry":{"type":"Point","coordinates":[21.730266,38.171963]},"properties":{"lines":"803","color":"#0059a9","mode":"bus","arr":["803"],"angle":79.5}},{"type":"Feature","geometry":{"type":"Point","coordinates":[21.728896,38.159721]},"properties":{"lines":"803","color":"#0059a9","mode":"bus","arr":["803"],"angle":83.7,"extra":1,"ei":0}},{"type":"Feature","geometry":{"type":"Point","coordinates":[21.728685,38.161603]},"properties":{"lines":"803","color":"#0059a9","mode":"bus","arr":["803"],"angle":84.9,"extra":1,"ei":1}},{"type":"Feature","geometry":{"type":"Point","coordinates":[21.728463,38.163483]},"properties":{"lines":"803","color":"#0059a9","mode":"bus","arr":["803"],"angle":85,"extra":1,"ei":2}},{"type":"Feature","geometry":{"type":"Point","coordinates":[21.728802,38.165342]},"properties":{"lines":"803","color":"#0059a9","mode":"bus","arr":["803"],"angle":-77.1,"extra":1,"ei":3}},{"type":"Feature","geometry":{"type":"Point","coordinates":[21.72901,38.167213]},"properties":{"lines":"803","color":"#0059a9","mode":"bus","arr":["803"],"angle":88.2,"extra":1,"ei":4}},{"type":"Feature","geometry":{"type":"Point","coordinates":[21.729076,38.169094]},"properties":{"lines":"803","color":"#0059a9","mode":"bus","arr":["803"],"angle":-75.4,"extra":1,"ei":5}},{"type":"Feature","geometry":{"type":"Point","coordinates":[21.729631,38.174492]},"properties":{"lines":"803","color":"#0059a9","mode":"bus","arr":["803"],"angle":71.2,"extra":1,"ei":6}},{"type":"Feature","geometry":{"type":"Point","coordinates":[21.728512,38.176159]},"properties":{"lines":"803","color":"#0059a9","mode":"bus","arr":["803"],"angle":59.8,"extra":1,"ei":7}},{"type":"Feature","geometry":{"type":"Point","coordinates":[21.727723,38.177916]},"properties":{"lines":"803","color":"#0059a9","mode":"bus","arr":["803"],"angle":-87.4,"extra":1,"ei":8}},{"type":"Feature","geometry":{"type":"Point","coordinates":[21.728525,38.179681]},"properties":{"lines":"803","color":"#0059a9","mode":"bus","arr":["803"],"angle":-66.5,"extra":1,"ei":9}},{"type":"Feature","geometry":{"type":"Point","coordinates":[21.728766,38.181487]},"properties":{"lines":"803","color":"#0059a9","mode":"bus","arr":["803"],"angle":62.8,"extra":1,"ei":10}},{"type":"Feature","geometry":{"type":"Point","coordinates":[21.727205,38.182916]},"properties":{"lines":"803","color":"#0059a9","mode":"bus","arr":["803"],"angle":58.7,"extra":1,"ei":11}},{"type":"Feature","geometry":{"type":"Point","coordinates":[21.727516,38.185969]},"properties":{"lines":"803, 804","color":"#0059a9","mode":"bus","arr":["803","804"],"angle":-62.3}},{"type":"Feature","geometry":{"type":"Point","coordinates":[21.727957,38.160882]},"properties":{"lines":"803","color":"#0059a9","mode":"bus","arr":["803"],"angle":81.2}},{"type":"Feature","geometry":{"type":"Point","coordinates":[21.728268,38.159298]},"properties":{"lines":"803","color":"#0059a9","mode":"bus","arr":["803"],"angle":80.3,"extra":1,"ei":0}},{"type":"Feature","geometry":{"type":"Point","coordinates":[21.727527,38.16303]},"properties":{"lines":"803","color":"#0059a9","mode":"bus","arr":["803"],"angle":80,"extra":1,"ei":1}},{"type":"Feature","geometry":{"type":"Point","coordinates":[21.726156,38.174645]},"properties":{"lines":"804","color":"#0059a9","mode":"bus","arr":["804"],"angle":11.8}},{"type":"Feature","geometry":{"type":"Point","coordinates":[21.727246,38.164328]},"properties":{"lines":"804","color":"#0059a9","mode":"bus","arr":["804"],"angle":81.5,"extra":1,"ei":0}},{"type":"Feature","geometry":{"type":"Point","coordinates":[21.726899,38.166196]},"properties":{"lines":"804","color":"#0059a9","mode":"bus","arr":["804"],"angle":88.6,"extra":1,"ei":1}},{"type":"Feature","geometry":{"type":"Point","coordinates":[21.727204,38.167983]},"properties":{"lines":"804","color":"#0059a9","mode":"bus","arr":["804"],"angle":26.6,"extra":1,"ei":2}},{"type":"Feature","geometry":{"type":"Point","coordinates":[21.727054,38.169986]},"properties":{"lines":"804","color":"#0059a9","mode":"bus","arr":["804"],"angle":-77.6,"extra":1,"ei":3}},{"type":"Feature","geometry":{"type":"Point","coordinates":[21.726711,38.171834]},"properties":{"lines":"804","color":"#0059a9","mode":"bus","arr":["804"],"angle":82.7,"extra":1,"ei":4}},{"type":"Feature","geometry":{"type":"Point","coordinates":[21.726507,38.176325]},"properties":{"lines":"804","color":"#0059a9","mode":"bus","arr":["804"],"angle":34,"extra":1,"ei":5}},{"type":"Feature","geometry":{"type":"Point","coordinates":[21.726271,38.178962]},"properties":{"lines":"804","color":"#0059a9","mode":"bus","arr":["804"],"angle":89.2,"extra":1,"ei":6}},{"type":"Feature","geometry":{"type":"Point","coordinates":[21.726295,38.18085]},"properties":{"lines":"804","color":"#0059a9","mode":"bus","arr":["804"],"angle":-88.7,"extra":1,"ei":7}},{"type":"Feature","geometry":{"type":"Point","coordinates":[21.726266,38.182736]},"properties":{"lines":"804","color":"#0059a9","mode":"bus","arr":["804"],"angle":84.4,"extra":1,"ei":8}},{"type":"Feature","geometry":{"type":"Point","coordinates":[21.730383,38.163223]},"properties":{"lines":"803, 804","color":"#0059a9","mode":"bus","arr":["803","804"],"angle":66.5}},{"type":"Feature","geometry":{"type":"Point","coordinates":[21.728639,38.163457]},"properties":{"lines":"803, 804","color":"#0059a9","mode":"bus","arr":["803","804"],"angle":-4.5,"extra":1,"ei":0}},{"type":"Feature","geometry":{"type":"Point","coordinates":[21.732058,38.161687]},"properties":{"lines":"803, 804","color":"#0059a9","mode":"bus","arr":["803","804"],"angle":0.7,"extra":1,"ei":1}},{"type":"Feature","geometry":{"type":"Point","coordinates":[21.710972,38.190967]},"properties":{"lines":"804","color":"#0059a9","mode":"bus","arr":["804"],"angle":-57,"mi":1}},{"type":"Feature","geometry":{"type":"Point","coordinates":[21.709187,38.190907]},"properties":{"lines":"804","color":"#0059a9","mode":"bus","arr":["804"],"angle":-4.5,"extra":1,"ei":0}},{"type":"Feature","geometry":{"type":"Point","coordinates":[21.706839,38.19114]},"properties":{"lines":"804","color":"#0059a9","mode":"bus","arr":["804"],"angle":10.4}},{"type":"Feature","geometry":{"type":"Point","coordinates":[21.704443,38.189404]},"properties":{"lines":"804","color":"#0059a9","mode":"bus","arr":["804"],"angle":-77.2,"mi":3}},{"type":"Feature","geometry":{"type":"Point","coordinates":[21.725958,38.194332]},"properties":{"lines":"804","color":"#0059a9","mode":"bus","arr":["804"],"angle":-23.6}},{"type":"Feature","geometry":{"type":"Point","coordinates":[21.724516,38.191298]},"properties":{"lines":"804","color":"#0059a9","mode":"bus","arr":["804"],"angle":-59.5,"extra":1,"ei":0}},{"type":"Feature","geometry":{"type":"Point","coordinates":[21.725282,38.193002]},"properties":{"lines":"804","color":"#0059a9","mode":"bus","arr":["804"],"angle":76.2,"extra":1,"ei":1}},{"type":"Feature","geometry":{"type":"Point","coordinates":[21.72835,38.19491]},"properties":{"lines":"804","color":"#0059a9","mode":"bus","arr":["804"],"angle":-16.2,"extra":1,"ei":2}},{"type":"Feature","geometry":{"type":"Point","coordinates":[21.73066,38.195433]},"properties":{"lines":"804","color":"#0059a9","mode":"bus","arr":["804"],"angle":-15.9,"extra":1,"ei":3}},{"type":"Feature","geometry":{"type":"Point","coordinates":[21.738806,38.209969]},"properties":{"lines":"804","color":"#0059a9","mode":"bus","arr":["804"],"angle":-67.8,"side":-1,"mi":1}},{"type":"Feature","geometry":{"type":"Point","coordinates":[21.739039,38.210531]},"properties":{"lines":"804","color":"#0059a9","mode":"bus","arr":["804"],"angle":-75.8,"side":-1}},{"type":"Feature","geometry":{"type":"Point","coordinates":[21.719678,38.170191]},"properties":{"lines":"804","color":"#0059a9","mode":"bus","arr":["804"],"angle":-75.6,"mi":1}},{"type":"Feature","geometry":{"type":"Point","coordinates":[21.726133,38.169851]},"properties":{"lines":"804","color":"#0059a9","mode":"bus","arr":["804"],"angle":-18.2,"extra":1,"ei":0}},{"type":"Feature","geometry":{"type":"Point","coordinates":[21.724049,38.17069]},"properties":{"lines":"804","color":"#0059a9","mode":"bus","arr":["804"],"angle":6.3,"extra":1,"ei":1}},{"type":"Feature","geometry":{"type":"Point","coordinates":[21.722274,38.171487]},"properties":{"lines":"804","color":"#0059a9","mode":"bus","arr":["804"],"angle":-7.8,"extra":1,"ei":2}},{"type":"Feature","geometry":{"type":"Point","coordinates":[21.718401,38.168743]},"properties":{"lines":"804","color":"#0059a9","mode":"bus","arr":["804"],"angle":44.7,"extra":1,"ei":3}},{"type":"Feature","geometry":{"type":"Point","coordinates":[21.71659,38.168668]},"properties":{"lines":"804","color":"#0059a9","mode":"bus","arr":["804"],"angle":-50.3,"extra":1,"ei":4}},{"type":"Feature","geometry":{"type":"Point","coordinates":[21.715384,38.167069]},"properties":{"lines":"804","color":"#0059a9","mode":"bus","arr":["804"],"angle":-83.8,"extra":1,"ei":5}},{"type":"Feature","geometry":{"type":"Point","coordinates":[21.75043,38.269373]},"properties":{"lines":"901, 902","color":"#0059a9","mode":"bus","arr":["901","902"],"angle":-33.9}},{"type":"Feature","geometry":{"type":"Point","coordinates":[21.754032,38.272122]},"properties":{"lines":"901, 902","color":"#0059a9","mode":"bus","arr":["901","902"],"angle":-49,"mi":1}},{"type":"Feature","geometry":{"type":"Point","coordinates":[21.75254,38.270711]},"properties":{"lines":"901, 902","color":"#0059a9","mode":"bus","arr":["901","902"],"angle":-48.2,"extra":1,"ei":0}},{"type":"Feature","geometry":{"type":"Point","coordinates":[21.755663,38.273579]},"properties":{"lines":"901, 902","color":"#0059a9","mode":"bus","arr":["901","902"],"angle":-47.9,"extra":1,"ei":1}},{"type":"Feature","geometry":{"type":"Point","coordinates":[21.757456,38.273378]},"properties":{"lines":"901","color":"#0059a9","mode":"bus","arr":["901"],"angle":45.7,"side":-1}},{"type":"Feature","geometry":{"type":"Point","coordinates":[21.764647,38.277518]},"properties":{"lines":"902","color":"#0059a9","mode":"bus","arr":["902"],"angle":41.2}},{"type":"Feature","geometry":{"type":"Point","coordinates":[21.757452,38.273469]},"properties":{"lines":"902","color":"#0059a9","mode":"bus","arr":["902"],"angle":44.3,"mi":1}},{"type":"Feature","geometry":{"type":"Point","coordinates":[21.736521,38.247816]},"properties":{"lines":"101","color":"#0059a9","mode":"bus","arr":["101"],"angle":-44.6,"mi":5}},{"type":"Feature","geometry":{"type":"Point","coordinates":[21.73484,38.247103]},"properties":{"lines":"101","color":"#0059a9","mode":"bus","arr":["101"],"angle":-5.3,"mi":2}},{"type":"Feature","geometry":{"type":"Point","coordinates":[21.734458,38.246345]},"properties":{"lines":"101","color":"#0059a9","mode":"bus","arr":["101"],"angle":-89.9}},{"type":"Feature","geometry":{"type":"Point","coordinates":[21.733552,38.245508]},"properties":{"lines":"101","color":"#0059a9","mode":"bus","arr":["101"],"angle":-44.2,"mi":1}},{"type":"Feature","geometry":{"type":"Point","coordinates":[21.774766,38.29716]},"properties":{"lines":"606","color":"#0059a9","mode":"bus","arr":["606"],"angle":69.4,"mi":9}}]}