{"type":"FeatureCollection","features":[{"type":"Feature","properties":{"lines":"101, 102, 103, 104, 303","arr":["101","102","103","104","303"],"mode":"bus","angle":-29,"mi":2,"l0":"101, ","c0":"#ab0377","l1":"102, ","c1":"#ff627e","l2":"103, ","c2":"#07ad80","l3":"104, ","c3":"#11a2e3","l4":"303","c4":"#c17aef"},"geometry":{"type":"Point","coordinates":[21.74673,38.281874]}},{"type":"Feature","properties":{"lines":"101, 102, 103, 104, 303","arr":["101","102","103","104","303"],"mode":"bus","angle":9.6,"extra":1,"ei":0,"l0":"101, ","c0":"#ab0377","l1":"102, ","c1":"#ff627e","l2":"103, ","c2":"#07ad80","l3":"104, ","c3":"#11a2e3","l4":"303","c4":"#c17aef"},"geometry":{"type":"Point","coordinates":[21.751844,38.280774]}},{"type":"Feature","properties":{"lines":"101, 102, 103, 104, 303","arr":["101","102","103","104","303"],"mode":"bus","angle":25.2,"extra":1,"ei":1,"l0":"101, ","c0":"#ab0377","l1":"102, ","c1":"#ff627e","l2":"103, ","c2":"#07ad80","l3":"104, ","c3":"#11a2e3","l4":"303","c4":"#c17aef"},"geometry":{"type":"Point","coordinates":[21.749596,38.281423]}},{"type":"Feature","properties":{"lines":"101, 102, 103, 104, 303","arr":["101","102","103","104","303"],"mode":"bus","angle":-65.1,"extra":1,"ei":2,"l0":"101, ","c0":"#ab0377","l1":"102, ","c1":"#ff627e","l2":"103, ","c2":"#07ad80","l3":"104, ","c3":"#11a2e3","l4":"303","c4":"#c17aef"},"geometry":{"type":"Point","coordinates":[21.745716,38.280787]}},{"type":"Feature","properties":{"lines":"101, 102, 103, 104, 303","arr":["101","102","103","104","303"],"mode":"bus","angle":-86.8,"extra":1,"ei":3,"l0":"101, ","c0":"#ab0377","l1":"102, ","c1":"#ff627e","l2":"103, ","c2":"#07ad80","l3":"104, ","c3":"#11a2e3","l4":"303","c4":"#c17aef"},"geometry":{"type":"Point","coordinates":[21.745351,38.278934]}},{"type":"Feature","properties":{"lines":"101, 102, 103, 104, 303","arr":["101","102","103","104","303"],"mode":"bus","angle":-75.6,"extra":1,"ei":4,"l0":"101, ","c0":"#ab0377","l1":"102, ","c1":"#ff627e","l2":"103, ","c2":"#07ad80","l3":"104, ","c3":"#11a2e3","l4":"303","c4":"#c17aef"},"geometry":{"type":"Point","coordinates":[21.745135,38.277057]}},{"type":"Feature","properties":{"lines":"101, 102, 103, 104","arr":["101","102","103","104"],"mode":"bus","angle":24.3,"l0":"101, ","c0":"#ab0377","l1":"102, ","c1":"#ff627e","l2":"103, ","c2":"#07ad80","l3":"104","c3":"#11a2e3"},"geometry":{"type":"Point","coordinates":[21.753474,38.280598]}},{"type":"Feature","properties":{"lines":"101, 102, 103, 104, 303","arr":["101","102","103","104","303"],"mode":"bus","angle":-62.9,"l0":"101, ","c0":"#ab0377","l1":"102, ","c1":"#ff627e","l2":"103, ","c2":"#07ad80","l3":"104, ","c3":"#11a2e3","l4":"303","c4":"#c17aef"},"geometry":{"type":"Point","coordinates":[21.743385,38.274773]}},{"type":"Feature","properties":{"lines":"101, 102, 103, 104, 303","arr":["101","102","103","104","303"],"mode":"bus","angle":-57.2,"extra":1,"ei":0,"l0":"101, ","c0":"#ab0377","l1":"102, ","c1":"#ff627e","l2":"103, ","c2":"#07ad80","l3":"104, ","c3":"#11a2e3","l4":"303","c4":"#c17aef"},"geometry":{"type":"Point","coordinates":[21.744424,38.276197]}},{"type":"Feature","properties":{"lines":"101, 102, 103, 104, 303","arr":["101","102","103","104","303"],"mode":"bus","angle":-53.1,"extra":1,"ei":1,"l0":"101, ","c0":"#ab0377","l1":"102, ","c1":"#ff627e","l2":"103, ","c2":"#07ad80","l3":"104, ","c3":"#11a2e3","l4":"303","c4":"#c17aef"},"geometry":{"type":"Point","coordinates":[21.741726,38.273097]}},{"type":"Feature","properties":{"lines":"101, 102, 103, 104, 303","arr":["101","102","103","104","303"],"mode":"bus","angle":39.7,"mi":1,"l0":"101, ","c0":"#ab0377","l1":"102, ","c1":"#ff627e","l2":"103, ","c2":"#07ad80","l3":"104, ","c3":"#11a2e3","l4":"303","c4":"#c17aef"},"geometry":{"type":"Point","coordinates":[21.744816,38.270827]}},{"type":"Feature","properties":{"lines":"101, 102, 103, 104, 303","arr":["101","102","103","104","303"],"mode":"bus","angle":33,"extra":1,"ei":0,"l0":"101, ","c0":"#ab0377","l1":"102, ","c1":"#ff627e","l2":"103, ","c2":"#07ad80","l3":"104, ","c3":"#11a2e3","l4":"303","c4":"#c17aef"},"geometry":{"type":"Point","coordinates":[21.742453,38.272226]}},{"type":"Feature","properties":{"lines":"101, 102, 103, 104, 303","arr":["101","102","103","104","303"],"mode":"bus","angle":32.5,"extra":1,"ei":1,"l0":"101, ","c0":"#ab0377","l1":"102, ","c1":"#ff627e","l2":"103, ","c2":"#07ad80","l3":"104, ","c3":"#11a2e3","l4":"303","c4":"#c17aef"},"geometry":{"type":"Point","coordinates":[21.746221,38.26989]}},{"type":"Feature","properties":{"lines":"101, 102, 104, 303","arr":["101","102","104","303"],"mode":"bus","angle":19,"l0":"101, ","c0":"#ab0377","l1":"102, ","c1":"#ff627e","l2":"104, ","c2":"#11a2e3","l3":"303","c3":"#c17aef"},"geometry":{"type":"Point","coordinates":[21.748715,38.268898]}},{"type":"Feature","properties":{"lines":"101, 102, 103, 104, 303, 901, 902","arr":["101","102","103","104","303","901","902"],"mode":"bus","angle":-61,"l0":"101, ","c0":"#ab0377","l1":"102, ","c1":"#ff627e","l2":"103, ","c2":"#07ad80","l3":"104, ","c3":"#11a2e3","l4":"303, ","c4":"#c17aef","l5":"901, ","c5":"#999f01","l6":"902","c6":"#8e4604"},"geometry":{"type":"Point","coordinates":[21.746796,38.26606]}},{"type":"Feature","properties":{"lines":"101, 102, 103, 104, 303, 901, 902","arr":["101","102","103","104","303","901","902"],"mode":"bus","angle":-64,"extra":1,"ei":0,"l0":"101, ","c0":"#ab0377","l1":"102, ","c1":"#ff627e","l2":"103, ","c2":"#07ad80","l3":"104, ","c3":"#11a2e3","l4":"303, ","c4":"#c17aef","l5":"901, ","c5":"#999f01","l6":"902","c6":"#8e4604"},"geometry":{"type":"Point","coordinates":[21.748578,38.267886]}},{"type":"Feature","properties":{"lines":"101, 102, 103, 104, 303, 901, 902","arr":["101","102","103","104","303","901","902"],"mode":"bus","angle":-47.5,"extra":1,"ei":1,"l0":"101, ","c0":"#ab0377","l1":"102, ","c1":"#ff627e","l2":"103, ","c2":"#07ad80","l3":"104, ","c3":"#11a2e3","l4":"303, ","c4":"#c17aef","l5":"901, ","c5":"#999f01","l6":"902","c6":"#8e4604"},"geometry":{"type":"Point","coordinates":[21.745972,38.264781]}},{"type":"Feature","properties":{"lines":"101, 102, 103, 104, 901, 902","arr":["101","102","103","104","901","902"],"mode":"bus","angle":-67.2,"l0":"101, ","c0":"#ab0377","l1":"102, ","c1":"#ff627e","l2":"103, ","c2":"#07ad80","l3":"104, ","c3":"#11a2e3","l4":"901, ","c4":"#999f01","l5":"902","c5":"#8e4604"},"geometry":{"type":"Point","coordinates":[21.743826,38.263069]}},{"type":"Feature","properties":{"lines":"101, 102, 103, 104, 901, 902","arr":["101","102","103","104","901","902"],"mode":"bus","angle":-72.4,"mi":1,"l0":"101, ","c0":"#ab0377","l1":"102, ","c1":"#ff627e","l2":"103, ","c2":"#07ad80","l3":"104, ","c3":"#11a2e3","l4":"901, ","c4":"#999f01","l5":"902","c5":"#8e4604"},"geometry":{"type":"Point","coordinates":[21.742592,38.259804]}},{"type":"Feature","properties":{"lines":"101, 102, 103, 104, 901, 902","arr":["101","102","103","104","901","902"],"mode":"bus","angle":-68,"extra":1,"ei":0,"l0":"101, ","c0":"#ab0377","l1":"102, ","c1":"#ff627e","l2":"103, ","c2":"#07ad80","l3":"104, ","c3":"#11a2e3","l4":"901, ","c4":"#999f01","l5":"902","c5":"#8e4604"},"geometry":{"type":"Point","coordinates":[21.743383,38.261582]}},{"type":"Feature","properties":{"lines":"101, 102, 103, 104, 901, 902","arr":["101","102","103","104","901","902"],"mode":"bus","angle":-71.4,"extra":1,"ei":1,"l0":"101, ","c0":"#ab0377","l1":"102, ","c1":"#ff627e","l2":"103, ","c2":"#07ad80","l3":"104, ","c3":"#11a2e3","l4":"901, ","c4":"#999f01","l5":"902","c5":"#8e4604"},"geometry":{"type":"Point","coordinates":[21.741842,38.258005]}},{"type":"Feature","properties":{"lines":"101, 102, 103, 104, 606, 609, 610, 901, 902","arr":["101","102","103","104","606","609","610","901","902"],"mode":"bus","angle":-72,"l0":"101, ","c0":"#ab0377","l1":"102, ","c1":"#ff627e","l2":"103, ","c2":"#07ad80","l3":"104, ","c3":"#11a2e3","l4":"606, ","c4":"#126804","l5":"609, ","c5":"#05617d","l6":"610, ","c6":"#f661b9","l7":"901, ","c7":"#999f01","l8":"902","c8":"#8e4604"},"geometry":{"type":"Point","coordinates":[21.74087,38.255661]}},{"type":"Feature","properties":{"lines":"101, 102, 103, 104, 606, 609, 610, 901, 902","arr":["101","102","103","104","606","609","610","901","902"],"mode":"bus","angle":-71,"extra":1,"ei":0,"l0":"101, ","c0":"#ab0377","l1":"102, ","c1":"#ff627e","l2":"103, ","c2":"#07ad80","l3":"104, ","c3":"#11a2e3","l4":"606, ","c4":"#126804","l5":"609, ","c5":"#05617d","l6":"610, ","c6":"#f661b9","l7":"901, ","c7":"#999f01","l8":"902","c8":"#8e4604"},"geometry":{"type":"Point","coordinates":[21.740356,38.254423]}},{"type":"Feature","properties":{"lines":"101, 102, 103, 606, 609, 610, 902","arr":["101","102","103","606","609","610","902"],"mode":"bus","angle":-87.6,"l0":"101, ","c0":"#ab0377","l1":"102, ","c1":"#ff627e","l2":"103, ","c2":"#07ad80","l3":"606, ","c3":"#126804","l4":"609, ","c4":"#05617d","l5":"610, ","c5":"#f661b9","l6":"902","c6":"#8e4604"},"geometry":{"type":"Point","coordinates":[21.740229,38.253829]}},{"type":"Feature","properties":{"lines":"101, 102, 103","arr":["101","102","103"],"mode":"bus","angle":88.1,"l0":"101, ","c0":"#ab0377","l1":"102, ","c1":"#ff627e","l2":"103","c2":"#07ad80"},"geometry":{"type":"Point","coordinates":[21.740229,38.252509]}},{"type":"Feature","properties":{"lines":"101, 102, 302","arr":["101","102","302"],"mode":"bus","angle":12.9,"l0":"101, ","c0":"#ab0377","l1":"102, ","c1":"#ff627e","l2":"302","c2":"#bf5f03"},"geometry":{"type":"Point","coordinates":[21.740972,38.251614]}},{"type":"Feature","properties":{"lines":"101, 102, 201, 301, 302","arr":["101","102","201","301","302"],"mode":"bus","angle":-45,"mi":2,"l0":"101, ","c0":"#ab0377","l1":"102, ","c1":"#ff627e","l2":"201, ","c2":"#4d4aba","l3":"301, ","c3":"#10a5d2","l4":"302","c4":"#bf5f03"},"geometry":{"type":"Point","coordinates":[21.740848,38.251173]}},{"type":"Feature","properties":{"lines":"101, 102, 103, 201, 301, 302","arr":["101","102","103","201","301","302"],"mode":"bus","angle":-44.4,"mi":1,"l0":"101, ","c0":"#ab0377","l1":"102, ","c1":"#ff627e","l2":"103, ","c2":"#07ad80","l3":"201, ","c3":"#4d4aba","l4":"301, ","c4":"#10a5d2","l5":"302","c5":"#bf5f03"},"geometry":{"type":"Point","coordinates":[21.739359,38.250018]}},{"type":"Feature","properties":{"lines":"101, 102, 103, 201, 301, 302","arr":["101","102","103","201","301","302"],"mode":"bus","angle":45.2,"l0":"101, ","c0":"#ab0377","l1":"102, ","c1":"#ff627e","l2":"103, ","c2":"#07ad80","l3":"201, ","c3":"#4d4aba","l4":"301, ","c4":"#10a5d2","l5":"302","c5":"#bf5f03"},"geometry":{"type":"Point","coordinates":[21.738641,38.248983]}},{"type":"Feature","properties":{"lines":"101, 102, 201, 301, 302","arr":["101","102","201","301","302"],"mode":"bus","angle":45.4,"l0":"101, ","c0":"#ab0377","l1":"102, ","c1":"#ff627e","l2":"201, ","c2":"#4d4aba","l3":"301, ","c3":"#10a5d2","l4":"302","c4":"#bf5f03"},"geometry":{"type":"Point","coordinates":[21.739266,38.248487]}},{"type":"Feature","properties":{"lines":"101, 102, 201, 301, 302","arr":["101","102","201","301","302"],"mode":"bus","angle":-44.6,"mi":1,"l0":"101, ","c0":"#ab0377","l1":"102, ","c1":"#ff627e","l2":"201, ","c2":"#4d4aba","l3":"301, ","c3":"#10a5d2","l4":"302","c4":"#bf5f03"},"geometry":{"type":"Point","coordinates":[21.73913,38.247881]}},{"type":"Feature","properties":{"lines":"101, 102, 103, 201, 301, 302, 401","arr":["101","102","103","201","301","302","401"],"mode":"bus","angle":-44,"l0":"101, ","c0":"#ab0377","l1":"102, ","c1":"#ff627e","l2":"103, ","c2":"#07ad80","l3":"201, ","c3":"#4d4aba","l4":"301, ","c4":"#10a5d2","l5":"302, ","c5":"#bf5f03","l6":"401","c6":"#446303"},"geometry":{"type":"Point","coordinates":[21.73816,38.247133]}},{"type":"Feature","properties":{"lines":"101, 102, 103, 201, 301, 302","arr":["101","102","103","201","301","302"],"mode":"bus","angle":-44.3,"mi":2,"l0":"101, ","c0":"#ab0377","l1":"102, ","c1":"#ff627e","l2":"103, ","c2":"#07ad80","l3":"201, ","c3":"#4d4aba","l4":"301, ","c4":"#10a5d2","l5":"302","c5":"#bf5f03"},"geometry":{"type":"Point","coordinates":[21.737227,38.246425]}},{"type":"Feature","properties":{"lines":"101, 102, 103, 201, 301, 302, 702, 801, 803","arr":["101","102","103","201","301","302","702","801","803"],"mode":"bus","angle":-44.5,"l0":"101, ","c0":"#ab0377","l1":"102, ","c1":"#ff627e","l2":"103, ","c2":"#07ad80","l3":"201, ","c3":"#4d4aba","l4":"301, ","c4":"#10a5d2","l5":"302, ","c5":"#bf5f03","l6":"702, ","c6":"#446303","l7":"801, ","c7":"#e16cd6","l8":"803","c8":"#a72d06"},"geometry":{"type":"Point","coordinates":[21.73559,38.245167]}},{"type":"Feature","properties":{"lines":"101, 102, 103, 201, 301, 302, 701, 702, 801, 803","arr":["101","102","103","201","301","302","701","702","801","803"],"mode":"bus","angle":-44.3,"l0":"101, ","c0":"#ab0377","l1":"102, ","c1":"#ff627e","l2":"103, ","c2":"#07ad80","l3":"201, ","c3":"#4d4aba","l4":"301, ","c4":"#10a5d2","l5":"302, ","c5":"#bf5f03","l6":"701, ","c6":"#b59607","l7":"702, ","c7":"#446303","l8":"801, ","c8":"#e16cd6","l9":"803","c9":"#a72d06"},"geometry":{"type":"Point","coordinates":[21.733908,38.243872]}},{"type":"Feature","properties":{"lines":"402","arr":["402"],"mode":"bus","angle":46.1,"mi":3,"l0":"402","c0":"#cf8a11"},"geometry":{"type":"Point","coordinates":[21.73906,38.247214]}},{"type":"Feature","properties":{"lines":"101, 103, 302","arr":["101","103","302"],"mode":"bus","angle":46.1,"l0":"101, ","c0":"#ab0377","l1":"103, ","c1":"#07ad80","l2":"302","c2":"#bf5f03"},"geometry":{"type":"Point","coordinates":[21.738363,38.247784]}},{"type":"Feature","properties":{"lines":"101, 804","arr":["101","804"],"mode":"bus","angle":46.2,"l0":"101, ","c0":"#ab0377","l1":"804","c1":"#03636c"},"geometry":{"type":"Point","coordinates":[21.737748,38.248287]}},{"type":"Feature","properties":{"lines":"804","arr":["804"],"mode":"bus","angle":46.1,"l0":"804","c0":"#03636c"},"geometry":{"type":"Point","coordinates":[21.736739,38.249111]}},{"type":"Feature","properties":{"lines":"606, 607, 608, 609, 801, 803","arr":["606","607","608","609","801","803"],"mode":"bus","angle":45.9,"l0":"606, ","c0":"#126804","l1":"607, ","c1":"#cf8a11","l2":"608, ","c2":"#119efc","l3":"609, ","c3":"#05617d","l4":"801, ","c4":"#e16cd6","l5":"803","c5":"#a72d06"},"geometry":{"type":"Point","coordinates":[21.734674,38.247847]}},{"type":"Feature","properties":{"lines":"303, 701, 702, 801, 803","arr":["303","701","702","801","803"],"mode":"bus","angle":45.9,"l0":"303, ","c0":"#c17aef","l1":"701, ","c1":"#b59607","l2":"702, ","c2":"#446303","l3":"801, ","c3":"#e16cd6","l4":"803","c4":"#a72d06"},"geometry":{"type":"Point","coordinates":[21.736508,38.246358]}},{"type":"Feature","properties":{"lines":"701","arr":["701"],"mode":"bus","angle":47.1,"l0":"701","c0":"#b59607"},"geometry":{"type":"Point","coordinates":[21.734072,38.244472]}},{"type":"Feature","properties":{"lines":"101","arr":["101"],"mode":"bus","angle":47.1,"mi":3,"l0":"101","c0":"#ab0377"},"geometry":{"type":"Point","coordinates":[21.733483,38.24497]}},{"type":"Feature","properties":{"lines":"101, 202, 303, 602, 701, 804","arr":["101","202","303","602","701","804"],"mode":"bus","angle":-44.7,"l0":"101, ","c0":"#ab0377","l1":"202, ","c1":"#02af5a","l2":"303, ","c2":"#c17aef","l3":"602, ","c3":"#fe6761","l4":"701, ","c4":"#b59607","l5":"804","c5":"#03636c"},"geometry":{"type":"Point","coordinates":[21.733313,38.244375]}},{"type":"Feature","properties":{"lines":"202, 303, 602, 701, 804","arr":["202","303","602","701","804"],"mode":"bus","angle":-13.4,"l0":"202, ","c0":"#02af5a","l1":"303, ","c1":"#c17aef","l2":"602, ","c2":"#fe6761","l3":"701, ","c3":"#b59607","l4":"804","c4":"#03636c"},"geometry":{"type":"Point","coordinates":[21.735138,38.245756]}},{"type":"Feature","properties":{"lines":"101","arr":["101"],"mode":"bus","angle":47.3,"mi":4,"l0":"101","c0":"#ab0377"},"geometry":{"type":"Point","coordinates":[21.733083,38.244663]}},{"type":"Feature","properties":{"lines":"101, 104","arr":["101","104"],"mode":"bus","angle":46.5,"l0":"101, ","c0":"#ab0377","l1":"104","c1":"#11a2e3"},"geometry":{"type":"Point","coordinates":[21.732571,38.24426]}},{"type":"Feature","properties":{"lines":"101, 102, 103, 104, 701, 702, 801, 803, 804","arr":["101","102","103","104","701","702","801","803","804"],"mode":"bus","angle":25,"l0":"101, ","c0":"#ab0377","l1":"102, ","c1":"#ff627e","l2":"103, ","c2":"#07ad80","l3":"104, ","c3":"#11a2e3","l4":"701, ","c4":"#b59607","l5":"702, ","c5":"#446303","l6":"801, ","c6":"#e16cd6","l7":"803, ","c7":"#a72d06","l8":"804","c8":"#03636c"},"geometry":{"type":"Point","coordinates":[21.738411,38.241158]}},{"type":"Feature","properties":{"lines":"101, 102, 103, 104, 701, 702, 801, 803, 804","arr":["101","102","103","104","701","702","801","803","804"],"mode":"bus","angle":43.2,"extra":1,"ei":0,"l0":"101, ","c0":"#ab0377","l1":"102, ","c1":"#ff627e","l2":"103, ","c2":"#07ad80","l3":"104, ","c3":"#11a2e3","l4":"701, ","c4":"#b59607","l5":"702, ","c5":"#446303","l6":"801, ","c6":"#e16cd6","l7":"803, ","c7":"#a72d06","l8":"804","c8":"#03636c"},"geometry":{"type":"Point","coordinates":[21.734268,38.242827]}},{"type":"Feature","properties":{"lines":"101, 102, 103, 104, 701, 702, 801, 803, 804","arr":["101","102","103","104","701","702","801","803","804"],"mode":"bus","angle":26.3,"extra":1,"ei":1,"l0":"101, ","c0":"#ab0377","l1":"102, ","c1":"#ff627e","l2":"103, ","c2":"#07ad80","l3":"104, ","c3":"#11a2e3","l4":"701, ","c4":"#b59607","l5":"702, ","c5":"#446303","l6":"801, ","c6":"#e16cd6","l7":"803, ","c7":"#a72d06","l8":"804","c8":"#03636c"},"geometry":{"type":"Point","coordinates":[21.736377,38.241939]}},{"type":"Feature","properties":{"lines":"101, 102, 103, 104, 701, 702, 801, 803, 804","arr":["101","102","103","104","701","702","801","803","804"],"mode":"bus","angle":26.5,"extra":1,"ei":2,"l0":"101, ","c0":"#ab0377","l1":"102, ","c1":"#ff627e","l2":"103, ","c2":"#07ad80","l3":"104, ","c3":"#11a2e3","l4":"701, ","c4":"#b59607","l5":"702, ","c5":"#446303","l6":"801, ","c6":"#e16cd6","l7":"803, ","c7":"#a72d06","l8":"804","c8":"#03636c"},"geometry":{"type":"Point","coordinates":[21.740691,38.240272]}},{"type":"Feature","properties":{"lines":"101, 102, 103, 104, 701, 702, 801, 803, 804","arr":["101","102","103","104","701","702","801","803","804"],"mode":"bus","angle":34.8,"extra":1,"ei":3,"l0":"101, ","c0":"#ab0377","l1":"102, ","c1":"#ff627e","l2":"103, ","c2":"#07ad80","l3":"104, ","c3":"#11a2e3","l4":"701, ","c4":"#b59607","l5":"702, ","c5":"#446303","l6":"801, ","c6":"#e16cd6","l7":"803, ","c7":"#a72d06","l8":"804","c8":"#03636c"},"geometry":{"type":"Point","coordinates":[21.742793,38.239364]}},{"type":"Feature","properties":{"lines":"101, 104, 701, 804","arr":["101","104","701","804"],"mode":"bus","angle":47.2,"l0":"101, ","c0":"#ab0377","l1":"104, ","c1":"#11a2e3","l2":"701, ","c2":"#b59607","l3":"804","c3":"#03636c"},"geometry":{"type":"Point","coordinates":[21.733157,38.243768]}},{"type":"Feature","properties":{"lines":"101, 102, 103","arr":["101","102","103"],"mode":"bus","angle":-7.1,"mi":1,"l0":"101, ","c0":"#ab0377","l1":"102, ","c1":"#ff627e","l2":"103","c2":"#07ad80"},"geometry":{"type":"Point","coordinates":[21.744369,38.239059]}},{"type":"Feature","properties":{"lines":"101, 102, 103","arr":["101","102","103"],"mode":"bus","angle":-80.9,"side":-1,"l0":"101, ","c0":"#ab0377","l1":"102, ","c1":"#ff627e","l2":"103","c2":"#07ad80"},"geometry":{"type":"Point","coordinates":[21.745222,38.239372]}},{"type":"Feature","properties":{"lines":"101, 102, 103, 104, 401, 402","arr":["101","102","103","104","401","402"],"mode":"bus","angle":-13.1,"l0":"101, ","c0":"#ab0377","l1":"102, ","c1":"#ff627e","l2":"103, ","c2":"#07ad80","l3":"104, ","c3":"#11a2e3","l4":"401, ","c4":"#446303","l5":"402","c5":"#cf8a11"},"geometry":{"type":"Point","coordinates":[21.745798,38.240288]}},{"type":"Feature","properties":{"lines":"101, 102, 103, 104","arr":["101","102","103","104"],"mode":"bus","angle":28.4,"l0":"101, ","c0":"#ab0377","l1":"102, ","c1":"#ff627e","l2":"103, ","c2":"#07ad80","l3":"104","c3":"#11a2e3"},"geometry":{"type":"Point","coordinates":[21.748788,38.23921]}},{"type":"Feature","properties":{"lines":"101, 102, 103, 104","arr":["101","102","103","104"],"mode":"bus","angle":28.5,"extra":1,"ei":0,"l0":"101, ","c0":"#ab0377","l1":"102, ","c1":"#ff627e","l2":"103, ","c2":"#07ad80","l3":"104","c3":"#11a2e3"},"geometry":{"type":"Point","coordinates":[21.750099,38.238651]}},{"type":"Feature","properties":{"lines":"101","arr":["101"],"mode":"bus","angle":59.7,"mi":4,"l0":"101","c0":"#ab0377"},"geometry":{"type":"Point","coordinates":[21.761517,38.228721]}},{"type":"Feature","properties":{"lines":"101, 104","arr":["101","104"],"mode":"bus","angle":34.9,"l0":"101, ","c0":"#ab0377","l1":"104","c1":"#11a2e3"},"geometry":{"type":"Point","coordinates":[21.755393,38.233347]}},{"type":"Feature","properties":{"lines":"101, 104","arr":["101","104"],"mode":"bus","angle":29.2,"extra":1,"ei":0,"l0":"101, ","c0":"#ab0377","l1":"104","c1":"#11a2e3"},"geometry":{"type":"Point","coordinates":[21.759869,38.230133]}},{"type":"Feature","properties":{"lines":"101, 104","arr":["101","104"],"mode":"bus","angle":67.8,"extra":1,"ei":1,"l0":"101, ","c0":"#ab0377","l1":"104","c1":"#11a2e3"},"geometry":{"type":"Point","coordinates":[21.758038,38.231017]}},{"type":"Feature","properties":{"lines":"101, 104","arr":["101","104"],"mode":"bus","angle":47.1,"extra":1,"ei":2,"l0":"101, ","c0":"#ab0377","l1":"104","c1":"#11a2e3"},"geometry":{"type":"Point","coordinates":[21.756659,38.232549]}},{"type":"Feature","properties":{"lines":"101, 104","arr":["101","104"],"mode":"bus","angle":44.4,"extra":1,"ei":3,"l0":"101, ","c0":"#ab0377","l1":"104","c1":"#11a2e3"},"geometry":{"type":"Point","coordinates":[21.752935,38.234923]}},{"type":"Feature","properties":{"lines":"101, 104","arr":["101","104"],"mode":"bus","angle":63.2,"extra":1,"ei":4,"l0":"101, ","c0":"#ab0377","l1":"104","c1":"#11a2e3"},"geometry":{"type":"Point","coordinates":[21.751843,38.236582]}},{"type":"Feature","properties":{"lines":"101","arr":["101"],"mode":"bus","angle":84.5,"mi":1,"l0":"101","c0":"#ab0377"},"geometry":{"type":"Point","coordinates":[21.761857,38.22682]}},{"type":"Feature","properties":{"lines":"101","arr":["101"],"mode":"bus","angle":0.1,"l0":"101","c0":"#ab0377"},"geometry":{"type":"Point","coordinates":[21.760066,38.225571]}},{"type":"Feature","properties":{"lines":"101","arr":["101"],"mode":"bus","angle":-14,"extra":1,"ei":0,"l0":"101","c0":"#ab0377"},"geometry":{"type":"Point","coordinates":[21.761629,38.225687]}},{"type":"Feature","properties":{"lines":"101","arr":["101"],"mode":"bus","angle":0.1,"side":-1,"mi":2,"l0":"101","c0":"#ab0377"},"geometry":{"type":"Point","coordinates":[21.758728,38.225589]}},{"type":"Feature","properties":{"lines":"101","arr":["101"],"mode":"bus","angle":4.9,"mi":5,"l0":"101","c0":"#ab0377"},"geometry":{"type":"Point","coordinates":[21.764132,38.225749]}},{"type":"Feature","properties":{"lines":"101","arr":["101"],"mode":"bus","angle":-0.9,"extra":1,"ei":0,"l0":"101","c0":"#ab0377"},"geometry":{"type":"Point","coordinates":[21.765659,38.225671]}},{"type":"Feature","properties":{"lines":"104","arr":["104"],"mode":"bus","angle":80.1,"mi":1,"l0":"104","c0":"#11a2e3"},"geometry":{"type":"Point","coordinates":[21.765631,38.227288]}},{"type":"Feature","properties":{"lines":"101","arr":["101"],"mode":"bus","angle":87.4,"side":-1,"mi":3,"l0":"101","c0":"#ab0377"},"geometry":{"type":"Point","coordinates":[21.758152,38.22578]}},{"type":"Feature","properties":{"lines":"102, 103, 104","arr":["102","103","104"],"mode":"bus","angle":51.5,"l0":"102, ","c0":"#ff627e","l1":"103, ","c1":"#07ad80","l2":"104","c2":"#11a2e3"},"geometry":{"type":"Point","coordinates":[21.754749,38.238202]}},{"type":"Feature","properties":{"lines":"102, 103, 104","arr":["102","103","104"],"mode":"bus","angle":-23.9,"mi":1,"l0":"102, ","c0":"#ff627e","l1":"103, ","c1":"#07ad80","l2":"104","c2":"#11a2e3"},"geometry":{"type":"Point","coordinates":[21.751528,38.238238]}},{"type":"Feature","properties":{"lines":"102, 103","arr":["102","103"],"mode":"bus","angle":7.2,"l0":"102, ","c0":"#ff627e","l1":"103","c1":"#07ad80"},"geometry":{"type":"Point","coordinates":[21.753138,38.238181]}},{"type":"Feature","properties":{"lines":"102, 103, 104","arr":["102","103","104"],"mode":"bus","angle":30.4,"mi":2,"l0":"102, ","c0":"#ff627e","l1":"103, ","c1":"#07ad80","l2":"104","c2":"#11a2e3"},"geometry":{"type":"Point","coordinates":[21.759173,38.2363]}},{"type":"Feature","properties":{"lines":"102, 103, 104","arr":["102","103","104"],"mode":"bus","angle":30.4,"extra":1,"ei":0,"l0":"102, ","c0":"#ff627e","l1":"103, ","c1":"#07ad80","l2":"104","c2":"#11a2e3"},"geometry":{"type":"Point","coordinates":[21.75657,38.237191]}},{"type":"Feature","properties":{"lines":"102, 103, 104","arr":["102","103","104"],"mode":"bus","angle":-5,"extra":1,"ei":1,"l0":"102, ","c0":"#ff627e","l1":"103, ","c1":"#07ad80","l2":"104","c2":"#11a2e3"},"geometry":{"type":"Point","coordinates":[21.760892,38.235659]}},{"type":"Feature","properties":{"lines":"102","arr":["102"],"mode":"bus","angle":-6.7,"mi":2,"l0":"102","c0":"#ff627e"},"geometry":{"type":"Point","coordinates":[21.764732,38.235073]}},{"type":"Feature","properties":{"lines":"102","arr":["102"],"mode":"bus","angle":40.9,"extra":1,"ei":0,"l0":"102","c0":"#ff627e"},"geometry":{"type":"Point","coordinates":[21.763295,38.234743]}},{"type":"Feature","properties":{"lines":"102","arr":["102"],"mode":"bus","angle":86.2,"side":-1,"extra":1,"ei":1,"l0":"102","c0":"#ff627e"},"geometry":{"type":"Point","coordinates":[21.766168,38.235564]}},{"type":"Feature","properties":{"lines":"102","arr":["102"],"mode":"bus","angle":53.8,"mi":1,"l0":"102","c0":"#ff627e"},"geometry":{"type":"Point","coordinates":[21.765992,38.236329]}},{"type":"Feature","properties":{"lines":"102","arr":["102"],"mode":"bus","angle":63.4,"mi":3,"l0":"102","c0":"#ff627e"},"geometry":{"type":"Point","coordinates":[21.765063,38.238187]}},{"type":"Feature","properties":{"lines":"102","arr":["102"],"mode":"bus","angle":35.7,"l0":"102","c0":"#ff627e"},"geometry":{"type":"Point","coordinates":[21.771192,38.235116]}},{"type":"Feature","properties":{"lines":"102","arr":["102"],"mode":"bus","angle":13,"extra":1,"ei":0,"l0":"102","c0":"#ff627e"},"geometry":{"type":"Point","coordinates":[21.767507,38.235437]}},{"type":"Feature","properties":{"lines":"102","arr":["102"],"mode":"bus","angle":16.1,"extra":1,"ei":1,"l0":"102","c0":"#ff627e"},"geometry":{"type":"Point","coordinates":[21.774,38.233716]}},{"type":"Feature","properties":{"lines":"102","arr":["102"],"mode":"bus","angle":-38.1,"mi":4,"l0":"102","c0":"#ff627e"},"geometry":{"type":"Point","coordinates":[21.77606,38.233738]}},{"type":"Feature","properties":{"lines":"103","arr":["103"],"mode":"bus","angle":-74.6,"l0":"103","c0":"#07ad80"},"geometry":{"type":"Point","coordinates":[21.748112,38.268719]}},{"type":"Feature","properties":{"lines":"103","arr":["103"],"mode":"bus","angle":21.4,"mi":1,"l0":"103","c0":"#07ad80"},"geometry":{"type":"Point","coordinates":[21.748388,38.268311]}},{"type":"Feature","properties":{"lines":"103, 303","arr":["103","303"],"mode":"bus","angle":19.9,"l0":"103, ","c0":"#07ad80","l1":"303","c1":"#c17aef"},"geometry":{"type":"Point","coordinates":[21.744644,38.26342]}},{"type":"Feature","properties":{"lines":"103","arr":["103"],"mode":"bus","angle":77.7,"l0":"103","c0":"#07ad80"},"geometry":{"type":"Point","coordinates":[21.782199,38.228371]}},{"type":"Feature","properties":{"lines":"103","arr":["103"],"mode":"bus","angle":3.8,"l0":"103","c0":"#07ad80"},"geometry":{"type":"Point","coordinates":[21.792818,38.223567]}},{"type":"Feature","properties":{"lines":"103","arr":["103"],"mode":"bus","angle":4.5,"side":-1,"extra":1,"ei":0,"l0":"103","c0":"#07ad80"},"geometry":{"type":"Point","coordinates":[21.794546,38.223495]}},{"type":"Feature","properties":{"lines":"103","arr":["103"],"mode":"bus","angle":-38.6,"l0":"103","c0":"#07ad80"},"geometry":{"type":"Point","coordinates":[21.802097,38.217039]}},{"type":"Feature","properties":{"lines":"103","arr":["103"],"mode":"bus","angle":-45.7,"mi":1,"l0":"103","c0":"#07ad80"},"geometry":{"type":"Point","coordinates":[21.740326,38.251324]}},{"type":"Feature","properties":{"lines":"103","arr":["103"],"mode":"bus","angle":45.3,"l0":"103","c0":"#07ad80"},"geometry":{"type":"Point","coordinates":[21.740209,38.250948]}},{"type":"Feature","properties":{"lines":"202, 303, 601, 602, 606, 607, 608, 804","arr":["202","303","601","602","606","607","608","804"],"mode":"bus","angle":-44.6,"l0":"202, ","c0":"#02af5a","l1":"303, ","c1":"#c17aef","l2":"601, ","c2":"#b0045c","l3":"602, ","c3":"#fe6761","l4":"606, ","c4":"#126804","l5":"607, ","c5":"#cf8a11","l6":"608, ","c6":"#119efc","l7":"804","c7":"#03636c"},"geometry":{"type":"Point","coordinates":[21.737126,38.247322]}},{"type":"Feature","properties":{"lines":"103, 202, 302, 303, 601, 602, 606, 607, 608","arr":["103","202","302","303","601","602","606","607","608"],"mode":"bus","angle":-44.8,"l0":"103, ","c0":"#07ad80","l1":"202, ","c1":"#02af5a","l2":"302, ","c2":"#bf5f03","l3":"303, ","c3":"#c17aef","l4":"601, ","c4":"#b0045c","l5":"602, ","c5":"#fe6761","l6":"606, ","c6":"#126804","l7":"607, ","c7":"#cf8a11","l8":"608","c8":"#119efc"},"geometry":{"type":"Point","coordinates":[21.738499,38.24839]}},{"type":"Feature","properties":{"lines":"103","arr":["103"],"mode":"bus","angle":-56.6,"l0":"103","c0":"#07ad80"},"geometry":{"type":"Point","coordinates":[21.761713,38.235707]}},{"type":"Feature","properties":{"lines":"103, 104","arr":["103","104"],"mode":"bus","angle":46,"l0":"103, ","c0":"#07ad80","l1":"104","c1":"#11a2e3"},"geometry":{"type":"Point","coordinates":[21.767391,38.230502]}},{"type":"Feature","properties":{"lines":"103, 104","arr":["103","104"],"mode":"bus","angle":-84.1,"extra":1,"ei":0,"l0":"103, ","c0":"#07ad80","l1":"104","c1":"#11a2e3"},"geometry":{"type":"Point","coordinates":[21.762618,38.234359]}},{"type":"Feature","properties":{"lines":"103, 104","arr":["103","104"],"mode":"bus","angle":47.8,"extra":1,"ei":1,"l0":"103, ","c0":"#07ad80","l1":"104","c1":"#11a2e3"},"geometry":{"type":"Point","coordinates":[21.763614,38.23277]}},{"type":"Feature","properties":{"lines":"103, 104","arr":["103","104"],"mode":"bus","angle":22.8,"extra":1,"ei":2,"l0":"103, ","c0":"#07ad80","l1":"104","c1":"#11a2e3"},"geometry":{"type":"Point","coordinates":[21.765528,38.231647]}},{"type":"Feature","properties":{"lines":"103, 104","arr":["103","104"],"mode":"bus","angle":32.8,"extra":1,"ei":3,"l0":"103, ","c0":"#07ad80","l1":"104","c1":"#11a2e3"},"geometry":{"type":"Point","coordinates":[21.769207,38.229421]}},{"type":"Feature","properties":{"lines":"103, 104","arr":["103","104"],"mode":"bus","angle":12.8,"extra":1,"ei":4,"l0":"103, ","c0":"#07ad80","l1":"104","c1":"#11a2e3"},"geometry":{"type":"Point","coordinates":[21.771457,38.228781]}},{"type":"Feature","properties":{"lines":"103, 104","arr":["103","104"],"mode":"bus","angle":32.4,"extra":1,"ei":5,"l0":"103, ","c0":"#07ad80","l1":"104","c1":"#11a2e3"},"geometry":{"type":"Point","coordinates":[21.773655,38.228047]}},{"type":"Feature","properties":{"lines":"103, 104","arr":["103","104"],"mode":"bus","angle":-4.3,"mi":4,"l0":"103, ","c0":"#07ad80","l1":"104","c1":"#11a2e3"},"geometry":{"type":"Point","coordinates":[21.783041,38.228624]}},{"type":"Feature","properties":{"lines":"103, 104","arr":["103","104"],"mode":"bus","angle":-26.6,"extra":1,"ei":0,"l0":"103, ","c0":"#07ad80","l1":"104","c1":"#11a2e3"},"geometry":{"type":"Point","coordinates":[21.775815,38.227652]}},{"type":"Feature","properties":{"lines":"103, 104","arr":["103","104"],"mode":"bus","angle":0.3,"extra":1,"ei":1,"l0":"103, ","c0":"#07ad80","l1":"104","c1":"#11a2e3"},"geometry":{"type":"Point","coordinates":[21.778085,38.227814]}},{"type":"Feature","properties":{"lines":"103, 104","arr":["103","104"],"mode":"bus","angle":-6,"extra":1,"ei":2,"l0":"103, ","c0":"#07ad80","l1":"104","c1":"#11a2e3"},"geometry":{"type":"Point","coordinates":[21.780451,38.227879]}},{"type":"Feature","properties":{"lines":"103, 104","arr":["103","104"],"mode":"bus","angle":5.7,"extra":1,"ei":3,"l0":"103, ","c0":"#07ad80","l1":"104","c1":"#11a2e3"},"geometry":{"type":"Point","coordinates":[21.784907,38.228397]}},{"type":"Feature","properties":{"lines":"103, 104","arr":["103","104"],"mode":"bus","angle":-3.7,"extra":1,"ei":4,"l0":"103, ","c0":"#07ad80","l1":"104","c1":"#11a2e3"},"geometry":{"type":"Point","coordinates":[21.786943,38.229094]}},{"type":"Feature","properties":{"lines":"103, 104","arr":["103","104"],"mode":"bus","angle":26.7,"extra":1,"ei":5,"l0":"103, ","c0":"#07ad80","l1":"104","c1":"#11a2e3"},"geometry":{"type":"Point","coordinates":[21.78921,38.229025]}},{"type":"Feature","properties":{"lines":"103, 104","arr":["103","104"],"mode":"bus","angle":46.3,"mi":2,"l0":"103, ","c0":"#07ad80","l1":"104","c1":"#11a2e3"},"geometry":{"type":"Point","coordinates":[21.797657,38.221916]}},{"type":"Feature","properties":{"lines":"103, 104","arr":["103","104"],"mode":"bus","angle":71.3,"l0":"103, ","c0":"#07ad80","l1":"104","c1":"#11a2e3"},"geometry":{"type":"Point","coordinates":[21.791574,38.225711]}},{"type":"Feature","properties":{"lines":"103, 104","arr":["103","104"],"mode":"bus","angle":33.7,"mi":1,"l0":"103, ","c0":"#07ad80","l1":"104","c1":"#11a2e3"},"geometry":{"type":"Point","coordinates":[21.791588,38.227381]}},{"type":"Feature","properties":{"lines":"103, 104","arr":["103","104"],"mode":"bus","angle":25,"extra":1,"ei":0,"l0":"103, ","c0":"#07ad80","l1":"104","c1":"#11a2e3"},"geometry":{"type":"Point","coordinates":[21.792999,38.226794]}},{"type":"Feature","properties":{"lines":"103, 104","arr":["103","104"],"mode":"bus","angle":21,"extra":1,"ei":0,"l0":"103, ","c0":"#07ad80","l1":"104","c1":"#11a2e3"},"geometry":{"type":"Point","coordinates":[21.795407,38.223033]}},{"type":"Feature","properties":{"lines":"103, 104","arr":["103","104"],"mode":"bus","angle":34.6,"extra":1,"ei":1,"l0":"103, ","c0":"#07ad80","l1":"104","c1":"#11a2e3"},"geometry":{"type":"Point","coordinates":[21.798516,38.220945]}},{"type":"Feature","properties":{"lines":"103, 104","arr":["103","104"],"mode":"bus","angle":63.1,"extra":1,"ei":2,"l0":"103, ","c0":"#07ad80","l1":"104","c1":"#11a2e3"},"geometry":{"type":"Point","coordinates":[21.800095,38.219832]}},{"type":"Feature","properties":{"lines":"103, 104","arr":["103","104"],"mode":"bus","angle":76,"mi":3,"l0":"103, ","c0":"#07ad80","l1":"104","c1":"#11a2e3"},"geometry":{"type":"Point","coordinates":[21.802217,38.219027]}},{"type":"Feature","properties":{"lines":"104","arr":["104"],"mode":"bus","angle":38,"mi":2,"l0":"104","c0":"#11a2e3"},"geometry":{"type":"Point","coordinates":[21.793546,38.221485]}},{"type":"Feature","properties":{"lines":"104","arr":["104"],"mode":"bus","angle":65,"extra":1,"ei":0,"l0":"104","c0":"#11a2e3"},"geometry":{"type":"Point","coordinates":[21.791333,38.222904]}},{"type":"Feature","properties":{"lines":"104","arr":["104"],"mode":"bus","angle":-46.1,"extra":1,"ei":1,"l0":"104","c0":"#11a2e3"},"geometry":{"type":"Point","coordinates":[21.795067,38.221378]}},{"type":"Feature","properties":{"lines":"104","arr":["104"],"mode":"bus","angle":67.7,"side":-1,"extra":1,"ei":2,"l0":"104","c0":"#11a2e3"},"geometry":{"type":"Point","coordinates":[21.794813,38.223192]}},{"type":"Feature","properties":{"lines":"104","arr":["104"],"mode":"bus","angle":-85.8,"l0":"104","c0":"#11a2e3"},"geometry":{"type":"Point","coordinates":[21.801169,38.216785]}},{"type":"Feature","properties":{"lines":"104","arr":["104"],"mode":"bus","angle":-64.1,"side":-1,"mi":1,"l0":"104","c0":"#11a2e3"},"geometry":{"type":"Point","coordinates":[21.800886,38.215616]}},{"type":"Feature","properties":{"lines":"104","arr":["104"],"mode":"bus","angle":18.2,"l0":"104","c0":"#11a2e3"},"geometry":{"type":"Point","coordinates":[21.763091,38.229199]}},{"type":"Feature","properties":{"lines":"104","arr":["104"],"mode":"bus","angle":-81.5,"mi":2,"l0":"104","c0":"#11a2e3"},"geometry":{"type":"Point","coordinates":[21.745105,38.239347]}},{"type":"Feature","properties":{"lines":"104","arr":["104"],"mode":"bus","angle":-18.4,"mi":3,"l0":"104","c0":"#11a2e3"},"geometry":{"type":"Point","coordinates":[21.744811,38.238428]}},{"type":"Feature","properties":{"lines":"104, 701, 702, 801, 803, 804","arr":["104","701","702","801","803","804"],"mode":"bus","angle":36,"l0":"104, ","c0":"#11a2e3","l1":"701, ","c1":"#b59607","l2":"702, ","c2":"#446303","l3":"801, ","c3":"#e16cd6","l4":"803, ","c4":"#a72d06","l5":"804","c5":"#03636c"},"geometry":{"type":"Point","coordinates":[21.744076,38.238666]}},{"type":"Feature","properties":{"lines":"104, 501, 502, 610","arr":["104","501","502","610"],"mode":"bus","angle":47.1,"l0":"104, ","c0":"#11a2e3","l1":"501, ","c1":"#6b5806","l2":"502, ","c2":"#4d4aba","l3":"610","c3":"#f661b9"},"geometry":{"type":"Point","coordinates":[21.731591,38.245081]}},{"type":"Feature","properties":{"lines":"104, 118, 502, 503","arr":["104","118","502","503"],"mode":"bus","angle":-45.3,"l0":"104, ","c0":"#11a2e3","l1":"118, ","c1":"#f57145","l2":"502, ","c2":"#4d4aba","l3":"503","c3":"#b0045c"},"geometry":{"type":"Point","coordinates":[21.732179,38.246631]}},{"type":"Feature","properties":{"lines":"104, 111, 118, 502, 503","arr":["104","111","118","502","503"],"mode":"bus","angle":-45.3,"l0":"104, ","c0":"#11a2e3","l1":"111, ","c1":"#07ad80","l2":"118, ","c2":"#f57145","l3":"502, ","c3":"#4d4aba","l4":"503","c4":"#b0045c"},"geometry":{"type":"Point","coordinates":[21.734731,38.248656]}},{"type":"Feature","properties":{"lines":"104, 111, 118, 502, 503","arr":["104","111","118","502","503"],"mode":"bus","angle":-45.3,"extra":1,"ei":0,"l0":"104, ","c0":"#11a2e3","l1":"111, ","c1":"#07ad80","l2":"118, ","c2":"#f57145","l3":"502, ","c3":"#4d4aba","l4":"503","c4":"#b0045c"},"geometry":{"type":"Point","coordinates":[21.735967,38.249636]}},{"type":"Feature","properties":{"lines":"104, 111, 118, 502, 503, 804","arr":["104","111","118","502","503","804"],"mode":"bus","angle":-45.3,"l0":"104, ","c0":"#11a2e3","l1":"111, ","c1":"#07ad80","l2":"118, ","c2":"#f57145","l3":"502, ","c3":"#4d4aba","l4":"503, ","c4":"#b0045c","l5":"804","c5":"#03636c"},"geometry":{"type":"Point","coordinates":[21.736749,38.250257]}},{"type":"Feature","properties":{"lines":"104, 111, 502, 503, 804, 901","arr":["104","111","502","503","804","901"],"mode":"bus","angle":-71.9,"mi":1,"l0":"104, ","c0":"#11a2e3","l1":"111, ","c1":"#07ad80","l2":"502, ","c2":"#4d4aba","l3":"503, ","c3":"#b0045c","l4":"804, ","c4":"#03636c","l5":"901","c5":"#999f01"},"geometry":{"type":"Point","coordinates":[21.737829,38.251495]}},{"type":"Feature","properties":{"lines":"104, 111, 502, 503, 804, 901","arr":["104","111","502","503","804","901"],"mode":"bus","angle":-78,"l0":"104, ","c0":"#11a2e3","l1":"111, ","c1":"#07ad80","l2":"502, ","c2":"#4d4aba","l3":"503, ","c3":"#b0045c","l4":"804, ","c4":"#03636c","l5":"901","c5":"#999f01"},"geometry":{"type":"Point","coordinates":[21.738188,38.252711]}},{"type":"Feature","properties":{"lines":"104, 901","arr":["104","901"],"mode":"bus","angle":-75.4,"l0":"104, ","c0":"#11a2e3","l1":"901","c1":"#999f01"},"geometry":{"type":"Point","coordinates":[21.738582,38.254039]}},{"type":"Feature","properties":{"lines":"104, 901","arr":["104","901"],"mode":"bus","angle":17.5,"mi":1,"l0":"104, ","c0":"#11a2e3","l1":"901","c1":"#999f01"},"geometry":{"type":"Point","coordinates":[21.739511,38.254398]}},{"type":"Feature","properties":{"lines":"104","arr":["104"],"mode":"bus","angle":-13.4,"mi":4,"l0":"104","c0":"#11a2e3"},"geometry":{"type":"Point","coordinates":[21.759406,38.237918]}},{"type":"Feature","properties":{"lines":"104","arr":["104"],"mode":"bus","angle":-29.7,"extra":1,"ei":0,"l0":"104","c0":"#11a2e3"},"geometry":{"type":"Point","coordinates":[21.762166,38.238468]}},{"type":"Feature","properties":{"lines":"104","arr":["104"],"mode":"bus","angle":-8.3,"extra":1,"ei":1,"l0":"104","c0":"#11a2e3"},"geometry":{"type":"Point","coordinates":[21.75789,38.237626]}},{"type":"Feature","properties":{"lines":"104","arr":["104"],"mode":"bus","angle":-46.6,"extra":1,"ei":2,"l0":"104","c0":"#11a2e3"},"geometry":{"type":"Point","coordinates":[21.755696,38.237865]}},{"type":"Feature","properties":{"lines":"104","arr":["104"],"mode":"bus","angle":36,"mi":1,"l0":"104","c0":"#11a2e3"},"geometry":{"type":"Point","coordinates":[21.753524,38.239052]}},{"type":"Feature","properties":{"lines":"104","arr":["104"],"mode":"bus","angle":-59.6,"l0":"104","c0":"#11a2e3"},"geometry":{"type":"Point","coordinates":[21.752589,38.238864]}},{"type":"Feature","properties":{"lines":"501, 502, 610","arr":["501","502","610"],"mode":"bus","angle":47.2,"l0":"501, ","c0":"#6b5806","l1":"502, ","c1":"#4d4aba","l2":"610","c2":"#f661b9"},"geometry":{"type":"Point","coordinates":[21.730562,38.245951]}},{"type":"Feature","properties":{"lines":"111","arr":["111"],"mode":"bus","angle":54,"mi":1,"l0":"111","c0":"#07ad80"},"geometry":{"type":"Point","coordinates":[21.738937,38.267326]}},{"type":"Feature","properties":{"lines":"111","arr":["111"],"mode":"bus","angle":-83,"l0":"111","c0":"#07ad80"},"geometry":{"type":"Point","coordinates":[21.739222,38.262505]}},{"type":"Feature","properties":{"lines":"111","arr":["111"],"mode":"bus","angle":75.7,"mi":2,"l0":"111","c0":"#07ad80"},"geometry":{"type":"Point","coordinates":[21.738384,38.257713]}},{"type":"Feature","properties":{"lines":"111","arr":["111"],"mode":"bus","angle":89.7,"extra":1,"ei":0,"l0":"111","c0":"#07ad80"},"geometry":{"type":"Point","coordinates":[21.739378,38.266336]}},{"type":"Feature","properties":{"lines":"111","arr":["111"],"mode":"bus","angle":-89.8,"extra":1,"ei":1,"l0":"111","c0":"#07ad80"},"geometry":{"type":"Point","coordinates":[21.739404,38.264447]}},{"type":"Feature","properties":{"lines":"111","arr":["111"],"mode":"bus","angle":-82.4,"extra":1,"ei":2,"l0":"111","c0":"#07ad80"},"geometry":{"type":"Point","coordinates":[21.738926,38.260693]}},{"type":"Feature","properties":{"lines":"111","arr":["111"],"mode":"bus","angle":-65.7,"extra":1,"ei":0,"l0":"111","c0":"#07ad80"},"geometry":{"type":"Point","coordinates":[21.737571,38.254847]}},{"type":"Feature","properties":{"lines":"111, 609, 610, 902","arr":["111","609","610","902"],"mode":"bus","angle":-76.7,"mi":1,"l0":"111, ","c0":"#07ad80","l1":"609, ","c1":"#05617d","l2":"610, ","c2":"#f661b9","l3":"902","c3":"#8e4604"},"geometry":{"type":"Point","coordinates":[21.736918,38.253162]}},{"type":"Feature","properties":{"lines":"111, 609, 610","arr":["111","609","610"],"mode":"bus","angle":-78.5,"l0":"111, ","c0":"#07ad80","l1":"609, ","c1":"#05617d","l2":"610","c2":"#f661b9"},"geometry":{"type":"Point","coordinates":[21.736329,38.251031]}},{"type":"Feature","properties":{"lines":"111, 501, 502, 606, 607, 608, 609, 610, 801, 803","arr":["111","501","502","606","607","608","609","610","801","803"],"mode":"bus","angle":-44.3,"l0":"111, ","c0":"#07ad80","l1":"501, ","c1":"#6b5806","l2":"502, ","c2":"#4d4aba","l3":"606, ","c3":"#126804","l4":"607, ","c4":"#cf8a11","l5":"608, ","c5":"#119efc","l6":"609, ","c6":"#05617d","l7":"610, ","c7":"#f661b9","l8":"801, ","c8":"#e16cd6","l9":"803","c9":"#a72d06"},"geometry":{"type":"Point","coordinates":[21.734662,38.249219]}},{"type":"Feature","properties":{"lines":"111, 501, 502, 610","arr":["111","501","502","610"],"mode":"bus","angle":-45.8,"l0":"111, ","c0":"#07ad80","l1":"501, ","c1":"#6b5806","l2":"502, ","c2":"#4d4aba","l3":"610","c3":"#f661b9"},"geometry":{"type":"Point","coordinates":[21.733435,38.24823]}},{"type":"Feature","properties":{"lines":"501, 502, 610","arr":["501","502","610"],"mode":"bus","angle":-34.2,"mi":1,"l0":"501, ","c0":"#6b5806","l1":"502, ","c1":"#4d4aba","l2":"610","c2":"#f661b9"},"geometry":{"type":"Point","coordinates":[21.731762,38.246949]}},{"type":"Feature","properties":{"lines":"111","arr":["111"],"mode":"bus","angle":45.3,"l0":"111","c0":"#07ad80"},"geometry":{"type":"Point","coordinates":[21.733242,38.247773]}},{"type":"Feature","properties":{"lines":"111, 609, 610, 902","arr":["111","609","610","902"],"mode":"bus","angle":17.2,"l0":"111, ","c0":"#07ad80","l1":"609, ","c1":"#05617d","l2":"610, ","c2":"#f661b9","l3":"902","c3":"#8e4604"},"geometry":{"type":"Point","coordinates":[21.737834,38.253827]}},{"type":"Feature","properties":{"lines":"501, 502","arr":["501","502"],"mode":"bus","angle":-81,"mi":1,"l0":"501, ","c0":"#6b5806","l1":"502","c1":"#4d4aba"},"geometry":{"type":"Point","coordinates":[21.724569,38.232334]}},{"type":"Feature","properties":{"lines":"501, 502","arr":["501","502"],"mode":"bus","angle":-68,"l0":"501, ","c0":"#6b5806","l1":"502","c1":"#4d4aba"},"geometry":{"type":"Point","coordinates":[21.718126,38.214833]}},{"type":"Feature","properties":{"lines":"501, 502","arr":["501","502"],"mode":"bus","angle":-59.7,"extra":1,"ei":0,"l0":"501, ","c0":"#6b5806","l1":"502","c1":"#4d4aba"},"geometry":{"type":"Point","coordinates":[21.721488,38.224835]}},{"type":"Feature","properties":{"lines":"501, 502","arr":["501","502"],"mode":"bus","angle":-69.5,"extra":1,"ei":1,"l0":"501, ","c0":"#6b5806","l1":"502","c1":"#4d4aba"},"geometry":{"type":"Point","coordinates":[21.72266,38.226475]}},{"type":"Feature","properties":{"lines":"501, 502","arr":["501","502"],"mode":"bus","angle":-72.4,"extra":1,"ei":2,"l0":"501, ","c0":"#6b5806","l1":"502","c1":"#4d4aba"},"geometry":{"type":"Point","coordinates":[21.723431,38.228264]}},{"type":"Feature","properties":{"lines":"501, 502","arr":["501","502"],"mode":"bus","angle":-77.6,"extra":1,"ei":3,"l0":"501, ","c0":"#6b5806","l1":"502","c1":"#4d4aba"},"geometry":{"type":"Point","coordinates":[21.724017,38.230095]}},{"type":"Feature","properties":{"lines":"501, 502","arr":["501","502"],"mode":"bus","angle":-81,"extra":1,"ei":4,"l0":"501, ","c0":"#6b5806","l1":"502","c1":"#4d4aba"},"geometry":{"type":"Point","coordinates":[21.724869,38.233811]}},{"type":"Feature","properties":{"lines":"501, 502","arr":["501","502"],"mode":"bus","angle":-81,"extra":1,"ei":5,"l0":"501, ","c0":"#6b5806","l1":"502","c1":"#4d4aba"},"geometry":{"type":"Point","coordinates":[21.725247,38.235676]}},{"type":"Feature","properties":{"lines":"501, 502","arr":["501","502"],"mode":"bus","angle":-81.2,"extra":1,"ei":6,"l0":"501, ","c0":"#6b5806","l1":"502","c1":"#4d4aba"},"geometry":{"type":"Point","coordinates":[21.725617,38.237542]}},{"type":"Feature","properties":{"lines":"501, 502","arr":["501","502"],"mode":"bus","angle":-80.5,"extra":1,"ei":7,"l0":"501, ","c0":"#6b5806","l1":"502","c1":"#4d4aba"},"geometry":{"type":"Point","coordinates":[21.72599,38.239407]}},{"type":"Feature","properties":{"lines":"501, 502","arr":["501","502"],"mode":"bus","angle":-76.3,"extra":1,"ei":0,"l0":"501, ","c0":"#6b5806","l1":"502","c1":"#4d4aba"},"geometry":{"type":"Point","coordinates":[21.719671,38.218475]}},{"type":"Feature","properties":{"lines":"501, 502","arr":["501","502"],"mode":"bus","angle":-71.3,"extra":1,"ei":1,"l0":"501, ","c0":"#6b5806","l1":"502","c1":"#4d4aba"},"geometry":{"type":"Point","coordinates":[21.719065,38.216649]}},{"type":"Feature","properties":{"lines":"501, 502","arr":["501","502"],"mode":"bus","angle":-67.8,"extra":1,"ei":2,"l0":"501, ","c0":"#6b5806","l1":"502","c1":"#4d4aba"},"geometry":{"type":"Point","coordinates":[21.717333,38.213127]}},{"type":"Feature","properties":{"lines":"501, 502","arr":["501","502"],"mode":"bus","angle":-57.8,"extra":1,"ei":3,"l0":"501, ","c0":"#6b5806","l1":"502","c1":"#4d4aba"},"geometry":{"type":"Point","coordinates":[21.716347,38.211407]}},{"type":"Feature","properties":{"lines":"118, 501, 502","arr":["118","501","502"],"mode":"bus","angle":-78.7,"l0":"118, ","c0":"#f57145","l1":"501, ","c1":"#6b5806","l2":"502","c2":"#4d4aba"},"geometry":{"type":"Point","coordinates":[21.720599,38.221659]}},{"type":"Feature","properties":{"lines":"118, 501, 502","arr":["118","501","502"],"mode":"bus","angle":-80.8,"extra":1,"ei":0,"l0":"118, ","c0":"#f57145","l1":"501, ","c1":"#6b5806","l2":"502","c2":"#4d4aba"},"geometry":{"type":"Point","coordinates":[21.720908,38.223016]}},{"type":"Feature","properties":{"lines":"118","arr":["118"],"mode":"bus","angle":-59.5,"mi":1,"l0":"118","c0":"#f57145"},"geometry":{"type":"Point","coordinates":[21.71967,38.220183]}},{"type":"Feature","properties":{"lines":"118","arr":["118"],"mode":"bus","angle":-79.4,"l0":"118","c0":"#f57145"},"geometry":{"type":"Point","coordinates":[21.720711,38.224101]}},{"type":"Feature","properties":{"lines":"118","arr":["118"],"mode":"bus","angle":-73.8,"mi":2,"l0":"118","c0":"#f57145"},"geometry":{"type":"Point","coordinates":[21.723016,38.228578]}},{"type":"Feature","properties":{"lines":"118","arr":["118"],"mode":"bus","angle":-41.4,"extra":1,"ei":0,"l0":"118","c0":"#f57145"},"geometry":{"type":"Point","coordinates":[21.721829,38.226016]}},{"type":"Feature","properties":{"lines":"118","arr":["118"],"mode":"bus","angle":-80.9,"extra":1,"ei":1,"l0":"118","c0":"#f57145"},"geometry":{"type":"Point","coordinates":[21.723873,38.231403]}},{"type":"Feature","properties":{"lines":"118, 502, 503","arr":["118","502","503"],"mode":"bus","angle":-81.5,"side":-1,"mi":2,"l0":"118, ","c0":"#f57145","l1":"502, ","c1":"#4d4aba","l2":"503","c2":"#b0045c"},"geometry":{"type":"Point","coordinates":[21.725871,38.238067]}},{"type":"Feature","properties":{"lines":"118, 502, 503","arr":["118","502","503"],"mode":"bus","angle":-81.1,"side":-1,"extra":1,"ei":0,"l0":"118, ","c0":"#f57145","l1":"502, ","c1":"#4d4aba","l2":"503","c2":"#b0045c"},"geometry":{"type":"Point","coordinates":[21.724821,38.23277]}},{"type":"Feature","properties":{"lines":"118, 502, 503","arr":["118","502","503"],"mode":"bus","angle":-80.9,"side":-1,"extra":1,"ei":1,"l0":"118, ","c0":"#f57145","l1":"502, ","c1":"#4d4aba","l2":"503","c2":"#b0045c"},"geometry":{"type":"Point","coordinates":[21.725184,38.234637]}},{"type":"Feature","properties":{"lines":"118, 502, 503","arr":["118","502","503"],"mode":"bus","angle":-81.5,"side":-1,"extra":1,"ei":2,"l0":"118, ","c0":"#f57145","l1":"502, ","c1":"#4d4aba","l2":"503","c2":"#b0045c"},"geometry":{"type":"Point","coordinates":[21.725574,38.236501]}},{"type":"Feature","properties":{"lines":"118, 502, 503","arr":["118","502","503"],"mode":"bus","angle":-80.4,"side":-1,"extra":1,"ei":3,"l0":"118, ","c0":"#f57145","l1":"502, ","c1":"#4d4aba","l2":"503","c2":"#b0045c"},"geometry":{"type":"Point","coordinates":[21.726321,38.240232]}},{"type":"Feature","properties":{"lines":"118, 502, 503","arr":["118","502","503"],"mode":"bus","angle":-83.9,"extra":1,"ei":4,"l0":"118, ","c0":"#f57145","l1":"502, ","c1":"#4d4aba","l2":"503","c2":"#b0045c"},"geometry":{"type":"Point","coordinates":[21.726661,38.2421]}},{"type":"Feature","properties":{"lines":"118, 502, 503","arr":["118","502","503"],"mode":"bus","angle":-39.8,"extra":1,"ei":5,"l0":"118, ","c0":"#f57145","l1":"502, ","c1":"#4d4aba","l2":"503","c2":"#b0045c"},"geometry":{"type":"Point","coordinates":[21.727048,38.243941]}},{"type":"Feature","properties":{"lines":"118, 502, 503","arr":["118","502","503"],"mode":"bus","angle":33.7,"l0":"118, ","c0":"#f57145","l1":"502, ","c1":"#4d4aba","l2":"503","c2":"#b0045c"},"geometry":{"type":"Point","coordinates":[21.727907,38.2438]}},{"type":"Feature","properties":{"lines":"118, 502, 503","arr":["118","502","503"],"mode":"bus","angle":-45.7,"mi":1,"l0":"118, ","c0":"#f57145","l1":"502, ","c1":"#4d4aba","l2":"503","c2":"#b0045c"},"geometry":{"type":"Point","coordinates":[21.729641,38.244602]}},{"type":"Feature","properties":{"lines":"118, 502, 503","arr":["118","502","503"],"mode":"bus","angle":-45.7,"side":-1,"extra":1,"ei":0,"l0":"118, ","c0":"#f57145","l1":"502, ","c1":"#4d4aba","l2":"503","c2":"#b0045c"},"geometry":{"type":"Point","coordinates":[21.730871,38.245592]}},{"type":"Feature","properties":{"lines":"118","arr":["118"],"mode":"bus","angle":39.9,"l0":"118","c0":"#f57145"},"geometry":{"type":"Point","coordinates":[21.737165,38.251059]}},{"type":"Feature","properties":{"lines":"201, 609","arr":["201","609"],"mode":"bus","angle":21.6,"l0":"201, ","c0":"#4d4aba","l1":"609","c1":"#05617d"},"geometry":{"type":"Point","coordinates":[21.759421,38.265639]}},{"type":"Feature","properties":{"lines":"201, 202, 303, 601, 606, 607, 608","arr":["201","202","303","601","606","607","608"],"mode":"bus","angle":-52.2,"l0":"201, ","c0":"#4d4aba","l1":"202, ","c1":"#02af5a","l2":"303, ","c2":"#c17aef","l3":"601, ","c3":"#b0045c","l4":"606, ","c4":"#126804","l5":"607, ","c5":"#cf8a11","l6":"608","c6":"#119efc"},"geometry":{"type":"Point","coordinates":[21.750754,38.258915]}},{"type":"Feature","properties":{"lines":"201, 202, 601, 606, 607, 608, 609","arr":["201","202","601","606","607","608","609"],"mode":"bus","angle":75.6,"l0":"201, ","c0":"#4d4aba","l1":"202, ","c1":"#02af5a","l2":"601, ","c2":"#b0045c","l3":"606, ","c3":"#126804","l4":"607, ","c4":"#cf8a11","l5":"608, ","c5":"#119efc","l6":"609","c6":"#05617d"},"geometry":{"type":"Point","coordinates":[21.753966,38.263279]}},{"type":"Feature","properties":{"lines":"201, 202, 601, 606, 607, 608, 609","arr":["201","202","601","606","607","608","609"],"mode":"bus","angle":-13.1,"extra":1,"ei":0,"l0":"201, ","c0":"#4d4aba","l1":"202, ","c1":"#02af5a","l2":"601, ","c2":"#b0045c","l3":"606, ","c3":"#126804","l4":"607, ","c4":"#cf8a11","l5":"608, ","c5":"#119efc","l6":"609","c6":"#05617d"},"geometry":{"type":"Point","coordinates":[21.753028,38.261279]}},{"type":"Feature","properties":{"lines":"201, 202, 601, 606, 607, 608, 609","arr":["201","202","601","606","607","608","609"],"mode":"bus","angle":-37.4,"extra":1,"ei":1,"l0":"201, ","c0":"#4d4aba","l1":"202, ","c1":"#02af5a","l2":"601, ","c2":"#b0045c","l3":"606, ","c3":"#126804","l4":"607, ","c4":"#cf8a11","l5":"608, ","c5":"#119efc","l6":"609","c6":"#05617d"},"geometry":{"type":"Point","coordinates":[21.755879,38.265743]}},{"type":"Feature","properties":{"lines":"201, 601, 606, 608, 609","arr":["201","601","606","608","609"],"mode":"bus","angle":-38.9,"l0":"201, ","c0":"#4d4aba","l1":"601, ","c1":"#b0045c","l2":"606, ","c2":"#126804","l3":"608, ","c3":"#119efc","l4":"609","c4":"#05617d"},"geometry":{"type":"Point","coordinates":[21.7569,38.266157]}},{"type":"Feature","properties":{"lines":"201, 303, 606, 609, 610","arr":["201","303","606","609","610"],"mode":"bus","angle":-46.5,"l0":"201, ","c0":"#4d4aba","l1":"303, ","c1":"#c17aef","l2":"606, ","c2":"#126804","l3":"609, ","c3":"#05617d","l4":"610","c4":"#f661b9"},"geometry":{"type":"Point","coordinates":[21.747669,38.25667]}},{"type":"Feature","properties":{"lines":"201, 606, 609, 610","arr":["201","606","609","610"],"mode":"bus","angle":-11.7,"l0":"201, ","c0":"#4d4aba","l1":"606, ","c1":"#126804","l2":"609, ","c2":"#05617d","l3":"610","c3":"#f661b9"},"geometry":{"type":"Point","coordinates":[21.746306,38.255959]}},{"type":"Feature","properties":{"lines":"201, 606, 609, 610","arr":["201","606","609","610"],"mode":"bus","angle":17.5,"mi":1,"l0":"201, ","c0":"#4d4aba","l1":"606, ","c1":"#126804","l2":"609, ","c2":"#05617d","l3":"610","c3":"#f661b9"},"geometry":{"type":"Point","coordinates":[21.745483,38.256093]}},{"type":"Feature","properties":{"lines":"201, 301, 302, 606, 609, 610","arr":["201","301","302","606","609","610"],"mode":"bus","angle":18.2,"l0":"201, ","c0":"#4d4aba","l1":"301, ","c1":"#10a5d2","l2":"302, ","c2":"#bf5f03","l3":"606, ","c3":"#126804","l4":"609, ","c4":"#05617d","l5":"610","c5":"#f661b9"},"geometry":{"type":"Point","coordinates":[21.744138,38.256427]}},{"type":"Feature","properties":{"lines":"201, 301, 302","arr":["201","301","302"],"mode":"bus","angle":-72.7,"l0":"201, ","c0":"#4d4aba","l1":"301, ","c1":"#10a5d2","l2":"302","c2":"#bf5f03"},"geometry":{"type":"Point","coordinates":[21.742261,38.254108]}},{"type":"Feature","properties":{"lines":"201, 301, 302","arr":["201","301","302"],"mode":"bus","angle":-71.9,"extra":1,"ei":0,"l0":"201, ","c0":"#4d4aba","l1":"301, ","c1":"#10a5d2","l2":"302","c2":"#bf5f03"},"geometry":{"type":"Point","coordinates":[21.742915,38.255749]}},{"type":"Feature","properties":{"lines":"201, 301, 302","arr":["201","301","302"],"mode":"bus","angle":-73.1,"extra":1,"ei":1,"l0":"201, ","c0":"#4d4aba","l1":"301, ","c1":"#10a5d2","l2":"302","c2":"#bf5f03"},"geometry":{"type":"Point","coordinates":[21.741487,38.252143]}},{"type":"Feature","properties":{"lines":"201, 301, 302","arr":["201","301","302"],"mode":"bus","angle":-44.2,"l0":"201, ","c0":"#4d4aba","l1":"301, ","c1":"#10a5d2","l2":"302","c2":"#bf5f03"},"geometry":{"type":"Point","coordinates":[21.731661,38.242147]}},{"type":"Feature","properties":{"lines":"201","arr":["201"],"mode":"bus","angle":-80.8,"mi":3,"l0":"201","c0":"#4d4aba"},"geometry":{"type":"Point","coordinates":[21.729577,38.238373]}},{"type":"Feature","properties":{"lines":"201","arr":["201"],"mode":"bus","angle":-80.9,"extra":1,"ei":0,"l0":"201","c0":"#4d4aba"},"geometry":{"type":"Point","coordinates":[21.729868,38.239763]}},{"type":"Feature","properties":{"lines":"201","arr":["201"],"mode":"bus","angle":1.2,"mi":2,"l0":"201","c0":"#4d4aba"},"geometry":{"type":"Point","coordinates":[21.729677,38.236035]}},{"type":"Feature","properties":{"lines":"201, 202","arr":["201","202"],"mode":"bus","angle":-16.8,"mi":1,"l0":"201, ","c0":"#4d4aba","l1":"202","c1":"#02af5a"},"geometry":{"type":"Point","coordinates":[21.732859,38.236654]}},{"type":"Feature","properties":{"lines":"201, 202","arr":["201","202"],"mode":"bus","angle":-16.9,"extra":1,"ei":0,"l0":"201, ","c0":"#4d4aba","l1":"202","c1":"#02af5a"},"geometry":{"type":"Point","coordinates":[21.731363,38.236299]}},{"type":"Feature","properties":{"lines":"201, 202","arr":["201","202"],"mode":"bus","angle":10.9,"l0":"201, ","c0":"#4d4aba","l1":"202","c1":"#02af5a"},"geometry":{"type":"Point","coordinates":[21.736067,38.237174]}},{"type":"Feature","properties":{"lines":"201","arr":["201"],"mode":"bus","angle":-2.4,"l0":"201","c0":"#4d4aba"},"geometry":{"type":"Point","coordinates":[21.738281,38.237075]}},{"type":"Feature","properties":{"lines":"201, 202","arr":["201","202"],"mode":"bus","angle":85.3,"mi":2,"l0":"201, ","c0":"#4d4aba","l1":"202","c1":"#02af5a"},"geometry":{"type":"Point","coordinates":[21.739984,38.236646]}},{"type":"Feature","properties":{"lines":"201","arr":["201"],"mode":"bus","angle":85.3,"mi":1,"l0":"201","c0":"#4d4aba"},"geometry":{"type":"Point","coordinates":[21.740084,38.235709]}},{"type":"Feature","properties":{"lines":"201","arr":["201"],"mode":"bus","angle":-2,"mi":4,"l0":"201","c0":"#4d4aba"},"geometry":{"type":"Point","coordinates":[21.743233,38.235339]}},{"type":"Feature","properties":{"lines":"201","arr":["201"],"mode":"bus","angle":-2,"extra":1,"ei":0,"l0":"201","c0":"#4d4aba"},"geometry":{"type":"Point","coordinates":[21.741333,38.235286]}},{"type":"Feature","properties":{"lines":"201","arr":["201"],"mode":"bus","angle":-2.1,"side":-1,"extra":1,"ei":1,"l0":"201","c0":"#4d4aba"},"geometry":{"type":"Point","coordinates":[21.746138,38.235419]}},{"type":"Feature","properties":{"lines":"201, 702, 801, 803","arr":["201","702","801","803"],"mode":"bus","angle":70,"side":-1,"l0":"201, ","c0":"#4d4aba","l1":"702, ","c1":"#446303","l2":"801, ","c2":"#e16cd6","l3":"803","c3":"#a72d06"},"geometry":{"type":"Point","coordinates":[21.746491,38.23508]}},{"type":"Feature","properties":{"lines":"201, 202, 801, 803, 804","arr":["201","202","801","803","804"],"mode":"bus","angle":-54.4,"l0":"201, ","c0":"#4d4aba","l1":"202, ","c1":"#02af5a","l2":"801, ","c2":"#e16cd6","l3":"803, ","c3":"#a72d06","l4":"804","c4":"#03636c"},"geometry":{"type":"Point","coordinates":[21.74408,38.232204]}},{"type":"Feature","properties":{"lines":"201, 202, 801, 803, 804","arr":["201","202","801","803","804"],"mode":"bus","angle":-53,"extra":1,"ei":0,"l0":"201, ","c0":"#4d4aba","l1":"202, ","c1":"#02af5a","l2":"801, ","c2":"#e16cd6","l3":"803, ","c3":"#a72d06","l4":"804","c4":"#03636c"},"geometry":{"type":"Point","coordinates":[21.74586,38.234034]}},{"type":"Feature","properties":{"lines":"201, 202, 801, 803, 804","arr":["201","202","801","803","804"],"mode":"bus","angle":-50.1,"extra":1,"ei":1,"l0":"201, ","c0":"#4d4aba","l1":"202, ","c1":"#02af5a","l2":"801, ","c2":"#e16cd6","l3":"803, ","c3":"#a72d06","l4":"804","c4":"#03636c"},"geometry":{"type":"Point","coordinates":[21.742989,38.231006]}},{"type":"Feature","properties":{"lines":"201, 801, 803","arr":["201","801","803"],"mode":"bus","angle":-67,"l0":"201, ","c0":"#4d4aba","l1":"801, ","c1":"#e16cd6","l2":"803","c2":"#a72d06"},"geometry":{"type":"Point","coordinates":[21.741168,38.229315]}},{"type":"Feature","properties":{"lines":"201, 202, 503, 801, 803","arr":["201","202","503","801","803"],"mode":"bus","angle":13.5,"side":-1,"l0":"201, ","c0":"#4d4aba","l1":"202, ","c1":"#02af5a","l2":"503, ","c2":"#b0045c","l3":"801, ","c3":"#e16cd6","l4":"803","c4":"#a72d06"},"geometry":{"type":"Point","coordinates":[21.741203,38.227956]}},{"type":"Feature","properties":{"lines":"201, 202, 503, 801, 803, 804","arr":["201","202","503","801","803","804"],"mode":"bus","angle":-86.1,"l0":"201, ","c0":"#4d4aba","l1":"202, ","c1":"#02af5a","l2":"503, ","c2":"#b0045c","l3":"801, ","c3":"#e16cd6","l4":"803, ","c4":"#a72d06","l5":"804","c5":"#03636c"},"geometry":{"type":"Point","coordinates":[21.742603,38.223849]}},{"type":"Feature","properties":{"lines":"201, 202, 503, 801, 803, 804","arr":["201","202","503","801","803","804"],"mode":"bus","angle":-74.5,"extra":1,"ei":0,"l0":"201, ","c0":"#4d4aba","l1":"202, ","c1":"#02af5a","l2":"503, ","c2":"#b0045c","l3":"801, ","c3":"#e16cd6","l4":"803, ","c4":"#a72d06","l5":"804","c5":"#03636c"},"geometry":{"type":"Point","coordinates":[21.741754,38.220786]}},{"type":"Feature","properties":{"lines":"201, 202, 503, 801, 803, 804","arr":["201","202","503","801","803","804"],"mode":"bus","angle":-76,"extra":1,"ei":1,"l0":"201, ","c0":"#4d4aba","l1":"202, ","c1":"#02af5a","l2":"503, ","c2":"#b0045c","l3":"801, ","c3":"#e16cd6","l4":"803, ","c4":"#a72d06","l5":"804","c5":"#03636c"},"geometry":{"type":"Point","coordinates":[21.742414,38.222602]}},{"type":"Feature","properties":{"lines":"201, 202, 503, 801, 803, 804","arr":["201","202","503","801","803","804"],"mode":"bus","angle":79.1,"extra":1,"ei":2,"l0":"201, ","c0":"#4d4aba","l1":"202, ","c1":"#02af5a","l2":"503, ","c2":"#b0045c","l3":"801, ","c3":"#e16cd6","l4":"803, ","c4":"#a72d06","l5":"804","c5":"#03636c"},"geometry":{"type":"Point","coordinates":[21.742225,38.226334]}},{"type":"Feature","properties":{"lines":"201, 202, 503","arr":["201","202","503"],"mode":"bus","angle":21.7,"l0":"201, ","c0":"#4d4aba","l1":"202, ","c1":"#02af5a","l2":"503","c2":"#b0045c"},"geometry":{"type":"Point","coordinates":[21.7426,38.219547]}},{"type":"Feature","properties":{"lines":"201, 503","arr":["201","503"],"mode":"bus","angle":21.7,"l0":"201, ","c0":"#4d4aba","l1":"503","c1":"#b0045c"},"geometry":{"type":"Point","coordinates":[21.744445,38.218968]}},{"type":"Feature","properties":{"lines":"202","arr":["202"],"mode":"bus","angle":-69.4,"mi":3,"l0":"202","c0":"#02af5a"},"geometry":{"type":"Point","coordinates":[21.74572,38.219699]}},{"type":"Feature","properties":{"lines":"202","arr":["202"],"mode":"bus","angle":14.1,"mi":2,"l0":"202","c0":"#02af5a"},"geometry":{"type":"Point","coordinates":[21.745277,38.220516]}},{"type":"Feature","properties":{"lines":"202","arr":["202"],"mode":"bus","angle":-66.5,"l0":"202","c0":"#02af5a"},"geometry":{"type":"Point","coordinates":[21.744082,38.21994]}},{"type":"Feature","properties":{"lines":"202, 804","arr":["202","804"],"mode":"bus","angle":44.3,"l0":"202, ","c0":"#02af5a","l1":"804","c1":"#03636c"},"geometry":{"type":"Point","coordinates":[21.741223,38.228148]}},{"type":"Feature","properties":{"lines":"202, 804","arr":["202","804"],"mode":"bus","angle":-60.1,"side":-1,"mi":1,"l0":"202, ","c0":"#02af5a","l1":"804","c1":"#03636c"},"geometry":{"type":"Point","coordinates":[21.741392,38.229508]}},{"type":"Feature","properties":{"lines":"202, 801, 804","arr":["202","801","804"],"mode":"bus","angle":-67.2,"side":-1,"l0":"202, ","c0":"#02af5a","l1":"801, ","c1":"#e16cd6","l2":"804","c2":"#03636c"},"geometry":{"type":"Point","coordinates":[21.741151,38.229113]}},{"type":"Feature","properties":{"lines":"202, 701, 804","arr":["202","701","804"],"mode":"bus","angle":69.6,"l0":"202, ","c0":"#02af5a","l1":"701, ","c1":"#b59607","l2":"804","c2":"#03636c"},"geometry":{"type":"Point","coordinates":[21.746387,38.235663]}},{"type":"Feature","properties":{"lines":"202","arr":["202"],"mode":"bus","angle":-4.4,"mi":4,"l0":"202","c0":"#02af5a"},"geometry":{"type":"Point","coordinates":[21.743006,38.236344]}},{"type":"Feature","properties":{"lines":"202","arr":["202"],"mode":"bus","angle":-4.4,"extra":1,"ei":0,"l0":"202","c0":"#02af5a"},"geometry":{"type":"Point","coordinates":[21.744778,38.236451]}},{"type":"Feature","properties":{"lines":"202","arr":["202"],"mode":"bus","angle":77.6,"mi":2,"l0":"202","c0":"#02af5a"},"geometry":{"type":"Point","coordinates":[21.739833,38.237628]}},{"type":"Feature","properties":{"lines":"202","arr":["202"],"mode":"bus","angle":-4.9,"mi":1,"l0":"202","c0":"#02af5a"},"geometry":{"type":"Point","coordinates":[21.738649,38.238043]}},{"type":"Feature","properties":{"lines":"202","arr":["202"],"mode":"bus","angle":-57.6,"l0":"202","c0":"#02af5a"},"geometry":{"type":"Point","coordinates":[21.737219,38.237472]}},{"type":"Feature","properties":{"lines":"202","arr":["202"],"mode":"bus","angle":-81.3,"mi":3,"l0":"202","c0":"#02af5a"},"geometry":{"type":"Point","coordinates":[21.730656,38.238303]}},{"type":"Feature","properties":{"lines":"202","arr":["202"],"mode":"bus","angle":-81.2,"extra":1,"ei":0,"l0":"202","c0":"#02af5a"},"geometry":{"type":"Point","coordinates":[21.730399,38.236959]}},{"type":"Feature","properties":{"lines":"202","arr":["202"],"mode":"bus","angle":8.1,"mi":5,"l0":"202","c0":"#02af5a"},"geometry":{"type":"Point","coordinates":[21.730606,38.240635]}},{"type":"Feature","properties":{"lines":"202, 301, 302","arr":["202","301","302"],"mode":"bus","angle":8.6,"l0":"202, ","c0":"#02af5a","l1":"301, ","c1":"#10a5d2","l2":"302","c2":"#bf5f03"},"geometry":{"type":"Point","coordinates":[21.729723,38.240736]}},{"type":"Feature","properties":{"lines":"301, 302","arr":["301","302"],"mode":"bus","angle":7.7,"mi":2,"l0":"301, ","c0":"#10a5d2","l1":"302","c1":"#bf5f03"},"geometry":{"type":"Point","coordinates":[21.728426,38.240885]}},{"type":"Feature","properties":{"lines":"303, 602","arr":["303","602"],"mode":"bus","angle":-81.3,"l0":"303, ","c0":"#c17aef","l1":"602","c1":"#fe6761"},"geometry":{"type":"Point","coordinates":[21.728403,38.238789]}},{"type":"Feature","properties":{"lines":"303, 602","arr":["303","602"],"mode":"bus","angle":-82.3,"extra":1,"ei":0,"l0":"303, ","c0":"#c17aef","l1":"602","c1":"#fe6761"},"geometry":{"type":"Point","coordinates":[21.728646,38.240089]}},{"type":"Feature","properties":{"lines":"202, 303, 602","arr":["202","303","602"],"mode":"bus","angle":-44.8,"l0":"202, ","c0":"#02af5a","l1":"303, ","c1":"#c17aef","l2":"602","c2":"#fe6761"},"geometry":{"type":"Point","coordinates":[21.730905,38.242492]}},{"type":"Feature","properties":{"lines":"202, 303, 602","arr":["202","303","602"],"mode":"bus","angle":-44.8,"extra":1,"ei":0,"l0":"202, ","c0":"#02af5a","l1":"303, ","c1":"#c17aef","l2":"602","c2":"#fe6761"},"geometry":{"type":"Point","coordinates":[21.7298,38.241632]}},{"type":"Feature","properties":{"lines":"202, 303, 601, 602, 606, 607, 608","arr":["202","303","601","602","606","607","608"],"mode":"bus","angle":-45.8,"mi":3,"l0":"202, ","c0":"#02af5a","l1":"303, ","c1":"#c17aef","l2":"601, ","c2":"#b0045c","l3":"602, ","c3":"#fe6761","l4":"606, ","c4":"#126804","l5":"607, ","c5":"#cf8a11","l6":"608","c6":"#119efc"},"geometry":{"type":"Point","coordinates":[21.743099,38.251943]}},{"type":"Feature","properties":{"lines":"202, 303, 601, 602, 606, 607, 608","arr":["202","303","601","602","606","607","608"],"mode":"bus","angle":-44.5,"extra":1,"ei":0,"l0":"202, ","c0":"#02af5a","l1":"303, ","c1":"#c17aef","l2":"601, ","c2":"#b0045c","l3":"602, ","c3":"#fe6761","l4":"606, ","c4":"#126804","l5":"607, ","c5":"#cf8a11","l6":"608","c6":"#119efc"},"geometry":{"type":"Point","coordinates":[21.739802,38.249404]}},{"type":"Feature","properties":{"lines":"202, 303, 601, 602, 606, 607, 608","arr":["202","303","601","602","606","607","608"],"mode":"bus","angle":-45.1,"extra":1,"ei":1,"l0":"202, ","c0":"#02af5a","l1":"303, ","c1":"#c17aef","l2":"601, ","c2":"#b0045c","l3":"602, ","c3":"#fe6761","l4":"606, ","c4":"#126804","l5":"607, ","c5":"#cf8a11","l6":"608","c6":"#119efc"},"geometry":{"type":"Point","coordinates":[21.741517,38.250727]}},{"type":"Feature","properties":{"lines":"202, 303, 601, 602, 606, 607, 608","arr":["202","303","601","602","606","607","608"],"mode":"bus","angle":-56.6,"extra":1,"ei":2,"l0":"202, ","c0":"#02af5a","l1":"303, ","c1":"#c17aef","l2":"601, ","c2":"#b0045c","l3":"602, ","c3":"#fe6761","l4":"606, ","c4":"#126804","l5":"607, ","c5":"#cf8a11","l6":"608","c6":"#119efc"},"geometry":{"type":"Point","coordinates":[21.744611,38.253595]}},{"type":"Feature","properties":{"lines":"202, 303, 601, 602, 606, 607, 608","arr":["202","303","601","602","606","607","608"],"mode":"bus","angle":-57,"extra":1,"ei":3,"l0":"202, ","c0":"#02af5a","l1":"303, ","c1":"#c17aef","l2":"601, ","c2":"#b0045c","l3":"602, ","c3":"#fe6761","l4":"606, ","c4":"#126804","l5":"607, ","c5":"#cf8a11","l6":"608","c6":"#119efc"},"geometry":{"type":"Point","coordinates":[21.745928,38.255175]}},{"type":"Feature","properties":{"lines":"202, 303, 601, 602, 606, 607, 608","arr":["202","303","601","602","606","607","608"],"mode":"bus","angle":-26,"l0":"202, ","c0":"#02af5a","l1":"303, ","c1":"#c17aef","l2":"601, ","c2":"#b0045c","l3":"602, ","c3":"#fe6761","l4":"606, ","c4":"#126804","l5":"607, ","c5":"#cf8a11","l6":"608","c6":"#119efc"},"geometry":{"type":"Point","coordinates":[21.74728,38.255576]}},{"type":"Feature","properties":{"lines":"202, 303, 601, 602, 606, 607, 608","arr":["202","303","601","602","606","607","608"],"mode":"bus","angle":-69,"mi":1,"l0":"202, ","c0":"#02af5a","l1":"303, ","c1":"#c17aef","l2":"601, ","c2":"#b0045c","l3":"602, ","c3":"#fe6761","l4":"606, ","c4":"#126804","l5":"607, ","c5":"#cf8a11","l6":"608","c6":"#119efc"},"geometry":{"type":"Point","coordinates":[21.7477,38.256285]}},{"type":"Feature","properties":{"lines":"202, 303, 601, 602, 606, 607, 608","arr":["202","303","601","602","606","607","608"],"mode":"bus","angle":-79.1,"side":-1,"mi":2,"l0":"202, ","c0":"#02af5a","l1":"303, ","c1":"#c17aef","l2":"601, ","c2":"#b0045c","l3":"602, ","c3":"#fe6761","l4":"606, ","c4":"#126804","l5":"607, ","c5":"#cf8a11","l6":"608","c6":"#119efc"},"geometry":{"type":"Point","coordinates":[21.748093,38.257138]}},{"type":"Feature","properties":{"lines":"202, 303, 601, 606, 607","arr":["202","303","601","606","607"],"mode":"bus","angle":-45.9,"side":-1,"l0":"202, ","c0":"#02af5a","l1":"303, ","c1":"#c17aef","l2":"601, ","c2":"#b0045c","l3":"606, ","c3":"#126804","l4":"607","c4":"#cf8a11"},"geometry":{"type":"Point","coordinates":[21.748302,38.257685]}},{"type":"Feature","properties":{"lines":"202, 607","arr":["202","607"],"mode":"bus","angle":30.1,"l0":"202, ","c0":"#02af5a","l1":"607","c1":"#cf8a11"},"geometry":{"type":"Point","coordinates":[21.758417,38.265137]}},{"type":"Feature","properties":{"lines":"202, 609","arr":["202","609"],"mode":"bus","angle":-27.7,"l0":"202, ","c0":"#02af5a","l1":"609","c1":"#05617d"},"geometry":{"type":"Point","coordinates":[21.760835,38.264544]}},{"type":"Feature","properties":{"lines":"202","arr":["202"],"mode":"bus","angle":-67.9,"mi":1,"l0":"202","c0":"#02af5a"},"geometry":{"type":"Point","coordinates":[21.745046,38.220177]}},{"type":"Feature","properties":{"lines":"202","arr":["202"],"mode":"bus","angle":-78.4,"mi":4,"l0":"202","c0":"#02af5a"},"geometry":{"type":"Point","coordinates":[21.742238,38.219878]}},{"type":"Feature","properties":{"lines":"202, 503","arr":["202","503"],"mode":"bus","angle":2.1,"mi":2,"l0":"202, ","c0":"#02af5a","l1":"503","c1":"#b0045c"},"geometry":{"type":"Point","coordinates":[21.737887,38.228583]}},{"type":"Feature","properties":{"lines":"202, 503","arr":["202","503"],"mode":"bus","angle":16,"extra":1,"ei":0,"l0":"202, ","c0":"#02af5a","l1":"503","c1":"#b0045c"},"geometry":{"type":"Point","coordinates":[21.739418,38.228342]}},{"type":"Feature","properties":{"lines":"202, 503","arr":["202","503"],"mode":"bus","angle":-79.7,"l0":"202, ","c0":"#02af5a","l1":"503","c1":"#b0045c"},"geometry":{"type":"Point","coordinates":[21.735072,38.228473]}},{"type":"Feature","properties":{"lines":"202, 503","arr":["202","503"],"mode":"bus","angle":11.6,"mi":1,"l0":"202, ","c0":"#02af5a","l1":"503","c1":"#b0045c"},"geometry":{"type":"Point","coordinates":[21.734444,38.228369]}},{"type":"Feature","properties":{"lines":"301, 302, 303, 503","arr":["301","302","303","503"],"mode":"bus","angle":-66.6,"l0":"301, ","c0":"#10a5d2","l1":"302, ","c1":"#bf5f03","l2":"303, ","c2":"#c17aef","l3":"503","c3":"#b0045c"},"geometry":{"type":"Point","coordinates":[21.730484,38.223155]}},{"type":"Feature","properties":{"lines":"202, 301, 302, 303, 503","arr":["202","301","302","303","503"],"mode":"bus","angle":-53.8,"mi":2,"l0":"202, ","c0":"#02af5a","l1":"301, ","c1":"#10a5d2","l2":"302, ","c2":"#bf5f03","l3":"303, ","c3":"#c17aef","l4":"503","c4":"#b0045c"},"geometry":{"type":"Point","coordinates":[21.73186,38.226221]}},{"type":"Feature","properties":{"lines":"202, 301, 302, 303, 503","arr":["202","301","302","303","503"],"mode":"bus","angle":-81.5,"extra":1,"ei":0,"l0":"202, ","c0":"#02af5a","l1":"301, ","c1":"#10a5d2","l2":"302, ","c2":"#bf5f03","l3":"303, ","c3":"#c17aef","l4":"503","c4":"#b0045c"},"geometry":{"type":"Point","coordinates":[21.731129,38.224341]}},{"type":"Feature","properties":{"lines":"202, 301, 302, 303, 503","arr":["202","301","302","303","503"],"mode":"bus","angle":-65.3,"extra":1,"ei":1,"l0":"202, ","c0":"#02af5a","l1":"301, ","c1":"#10a5d2","l2":"302, ","c2":"#bf5f03","l3":"303, ","c3":"#c17aef","l4":"503","c4":"#b0045c"},"geometry":{"type":"Point","coordinates":[21.733456,38.227389]}},{"type":"Feature","properties":{"lines":"301, 302, 303","arr":["301","302","303"],"mode":"bus","angle":-67,"mi":3,"l0":"301, ","c0":"#10a5d2","l1":"302, ","c1":"#bf5f03","l2":"303","c2":"#c17aef"},"geometry":{"type":"Point","coordinates":[21.734798,38.229858]}},{"type":"Feature","properties":{"lines":"301, 302, 303","arr":["301","302","303"],"mode":"bus","angle":-65,"extra":1,"ei":0,"l0":"301, ","c0":"#10a5d2","l1":"302, ","c1":"#bf5f03","l2":"303","c2":"#c17aef"},"geometry":{"type":"Point","coordinates":[21.735381,38.231]}},{"type":"Feature","properties":{"lines":"202, 302","arr":["202","302"],"mode":"bus","angle":-83,"l0":"202, ","c0":"#02af5a","l1":"302","c1":"#bf5f03"},"geometry":{"type":"Point","coordinates":[21.730972,38.22295]}},{"type":"Feature","properties":{"lines":"202, 301, 302, 303, 503","arr":["202","301","302","303","503"],"mode":"bus","angle":30.7,"l0":"202, ","c0":"#02af5a","l1":"301, ","c1":"#10a5d2","l2":"302, ","c2":"#bf5f03","l3":"303, ","c3":"#c17aef","l4":"503","c4":"#b0045c"},"geometry":{"type":"Point","coordinates":[21.73391,38.221941]}},{"type":"Feature","properties":{"lines":"202, 301, 302, 303, 503","arr":["202","301","302","303","503"],"mode":"bus","angle":-3.3,"extra":1,"ei":0,"l0":"202, ","c0":"#02af5a","l1":"301, ","c1":"#10a5d2","l2":"302, ","c2":"#bf5f03","l3":"303, ","c3":"#c17aef","l4":"503","c4":"#b0045c"},"geometry":{"type":"Point","coordinates":[21.731547,38.222275]}},{"type":"Feature","properties":{"lines":"202, 301, 302, 303, 503","arr":["202","301","302","303","503"],"mode":"bus","angle":15.9,"extra":1,"ei":1,"l0":"202, ","c0":"#02af5a","l1":"301, ","c1":"#10a5d2","l2":"302, ","c2":"#bf5f03","l3":"303, ","c3":"#c17aef","l4":"503","c4":"#b0045c"},"geometry":{"type":"Point","coordinates":[21.73591,38.221088]}},{"type":"Feature","properties":{"lines":"301, 302, 303","arr":["301","302","303"],"mode":"bus","angle":17.3,"mi":1,"l0":"301, ","c0":"#10a5d2","l1":"302, ","c1":"#bf5f03","l2":"303","c2":"#c17aef"},"geometry":{"type":"Point","coordinates":[21.737455,38.220697]}},{"type":"Feature","properties":{"lines":"202, 303, 503","arr":["202","303","503"],"mode":"bus","angle":-71.3,"l0":"202, ","c0":"#02af5a","l1":"303, ","c1":"#c17aef","l2":"503","c2":"#b0045c"},"geometry":{"type":"Point","coordinates":[21.736949,38.220129]}},{"type":"Feature","properties":{"lines":"202, 303, 503","arr":["202","303","503"],"mode":"bus","angle":28.4,"mi":1,"l0":"202, ","c0":"#02af5a","l1":"303, ","c1":"#c17aef","l2":"503","c2":"#b0045c"},"geometry":{"type":"Point","coordinates":[21.736953,38.219385]}},{"type":"Feature","properties":{"lines":"301, 302, 303","arr":["301","302","303"],"mode":"bus","angle":-73,"l0":"301, ","c0":"#10a5d2","l1":"302, ","c1":"#bf5f03","l2":"303","c2":"#c17aef"},"geometry":{"type":"Point","coordinates":[21.737556,38.220145]}},{"type":"Feature","properties":{"lines":"202, 301, 302, 303","arr":["202","301","302","303"],"mode":"bus","angle":-74.3,"l0":"202, ","c0":"#02af5a","l1":"301, ","c1":"#10a5d2","l2":"302, ","c2":"#bf5f03","l3":"303","c3":"#c17aef"},"geometry":{"type":"Point","coordinates":[21.737301,38.219466]}},{"type":"Feature","properties":{"lines":"202, 301, 302, 303, 503","arr":["202","301","302","303","503"],"mode":"bus","angle":-74.4,"mi":1,"l0":"202, ","c0":"#02af5a","l1":"301, ","c1":"#10a5d2","l2":"302, ","c2":"#bf5f03","l3":"303, ","c3":"#c17aef","l4":"503","c4":"#b0045c"},"geometry":{"type":"Point","coordinates":[21.737122,38.218947]}},{"type":"Feature","properties":{"lines":"202, 302, 503","arr":["202","302","503"],"mode":"bus","angle":-24.1,"l0":"202, ","c0":"#02af5a","l1":"302, ","c1":"#bf5f03","l2":"503","c2":"#b0045c"},"geometry":{"type":"Point","coordinates":[21.733647,38.214928]}},{"type":"Feature","properties":{"lines":"202, 302, 503","arr":["202","302","503"],"mode":"bus","angle":-59.4,"extra":1,"ei":0,"l0":"202, ","c0":"#02af5a","l1":"302, ","c1":"#bf5f03","l2":"503","c2":"#b0045c"},"geometry":{"type":"Point","coordinates":[21.736347,38.217697]}},{"type":"Feature","properties":{"lines":"202, 302, 503","arr":["202","302","503"],"mode":"bus","angle":-51.3,"extra":1,"ei":1,"l0":"202, ","c0":"#02af5a","l1":"302, ","c1":"#bf5f03","l2":"503","c2":"#b0045c"},"geometry":{"type":"Point","coordinates":[21.735165,38.216057]}},{"type":"Feature","properties":{"lines":"202, 302, 503","arr":["202","302","503"],"mode":"bus","angle":-27.6,"extra":1,"ei":2,"l0":"202, ","c0":"#02af5a","l1":"302, ","c1":"#bf5f03","l2":"503","c2":"#b0045c"},"geometry":{"type":"Point","coordinates":[21.731813,38.213594]}},{"type":"Feature","properties":{"lines":"202, 302, 503","arr":["202","302","503"],"mode":"bus","angle":-65.3,"extra":1,"ei":3,"l0":"202, ","c0":"#02af5a","l1":"302, ","c1":"#bf5f03","l2":"503","c2":"#b0045c"},"geometry":{"type":"Point","coordinates":[21.730617,38.211987]}},{"type":"Feature","properties":{"lines":"202, 302","arr":["202","302"],"mode":"bus","angle":-65.9,"mi":1,"l0":"202, ","c0":"#02af5a","l1":"302","c1":"#bf5f03"},"geometry":{"type":"Point","coordinates":[21.728995,38.209823]}},{"type":"Feature","properties":{"lines":"302","arr":["302"],"mode":"bus","angle":-31,"mi":4,"l0":"302","c0":"#bf5f03"},"geometry":{"type":"Point","coordinates":[21.727443,38.208049]}},{"type":"Feature","properties":{"lines":"202","arr":["202"],"mode":"bus","angle":-79.6,"l0":"202","c0":"#02af5a"},"geometry":{"type":"Point","coordinates":[21.727635,38.207659]}},{"type":"Feature","properties":{"lines":"202, 302","arr":["202","302"],"mode":"bus","angle":19.7,"mi":2,"l0":"202, ","c0":"#02af5a","l1":"302","c1":"#bf5f03"},"geometry":{"type":"Point","coordinates":[21.721139,38.207746]}},{"type":"Feature","properties":{"lines":"202, 302","arr":["202","302"],"mode":"bus","angle":-54,"l0":"202, ","c0":"#02af5a","l1":"302","c1":"#bf5f03"},"geometry":{"type":"Point","coordinates":[21.726786,38.206225]}},{"type":"Feature","properties":{"lines":"202, 302","arr":["202","302"],"mode":"bus","angle":10.9,"extra":1,"ei":0,"l0":"202, ","c0":"#02af5a","l1":"302","c1":"#bf5f03"},"geometry":{"type":"Point","coordinates":[21.717706,38.209464]}},{"type":"Feature","properties":{"lines":"202, 302","arr":["202","302"],"mode":"bus","angle":38.4,"extra":1,"ei":1,"l0":"202, ","c0":"#02af5a","l1":"302","c1":"#bf5f03"},"geometry":{"type":"Point","coordinates":[21.719617,38.208329]}},{"type":"Feature","properties":{"lines":"202, 302","arr":["202","302"],"mode":"bus","angle":35.8,"extra":1,"ei":2,"l0":"202, ","c0":"#02af5a","l1":"302","c1":"#bf5f03"},"geometry":{"type":"Point","coordinates":[21.723737,38.20652]}},{"type":"Feature","properties":{"lines":"302","arr":["302"],"mode":"bus","angle":84.8,"mi":5,"l0":"302","c0":"#bf5f03"},"geometry":{"type":"Point","coordinates":[21.727164,38.207545]}},{"type":"Feature","properties":{"lines":"202","arr":["202"],"mode":"bus","angle":47.7,"l0":"202","c0":"#02af5a"},"geometry":{"type":"Point","coordinates":[21.716009,38.210094]}},{"type":"Feature","properties":{"lines":"302","arr":["302"],"mode":"bus","angle":-55.9,"mi":11,"l0":"302","c0":"#bf5f03"},"geometry":{"type":"Point","coordinates":[21.717933,38.210906]}},{"type":"Feature","properties":{"lines":"302","arr":["302"],"mode":"bus","angle":-65.5,"extra":1,"ei":0,"l0":"302","c0":"#bf5f03"},"geometry":{"type":"Point","coordinates":[21.718772,38.212051]}},{"type":"Feature","properties":{"lines":"503","arr":["503"],"mode":"bus","angle":-71.1,"mi":3,"l0":"503","c0":"#b0045c"},"geometry":{"type":"Point","coordinates":[21.719037,38.212722]}},{"type":"Feature","properties":{"lines":"502, 503","arr":["502","503"],"mode":"bus","angle":-78.1,"side":-1,"l0":"502, ","c0":"#4d4aba","l1":"503","c1":"#b0045c"},"geometry":{"type":"Point","coordinates":[21.720596,38.221029]}},{"type":"Feature","properties":{"lines":"502, 503","arr":["502","503"],"mode":"bus","angle":-62.2,"side":-1,"l0":"502, ","c0":"#4d4aba","l1":"503","c1":"#b0045c"},"geometry":{"type":"Point","coordinates":[21.711675,38.207736]}},{"type":"Feature","properties":{"lines":"502, 503","arr":["502","503"],"mode":"bus","angle":-50.9,"side":-1,"extra":1,"ei":0,"l0":"502, ","c0":"#4d4aba","l1":"503","c1":"#b0045c"},"geometry":{"type":"Point","coordinates":[21.70988,38.205284]}},{"type":"Feature","properties":{"lines":"502, 503","arr":["502","503"],"mode":"bus","angle":-38.6,"side":-1,"extra":1,"ei":1,"l0":"502, ","c0":"#4d4aba","l1":"503","c1":"#b0045c"},"geometry":{"type":"Point","coordinates":[21.714086,38.2098]}},{"type":"Feature","properties":{"lines":"502, 503","arr":["502","503"],"mode":"bus","angle":-54.6,"side":-1,"extra":1,"ei":0,"l0":"502, ","c0":"#4d4aba","l1":"503","c1":"#b0045c"},"geometry":{"type":"Point","coordinates":[21.716306,38.211224]}},{"type":"Feature","properties":{"lines":"502, 503","arr":["502","503"],"mode":"bus","angle":-67.3,"side":-1,"extra":1,"ei":1,"l0":"502, ","c0":"#4d4aba","l1":"503","c1":"#b0045c"},"geometry":{"type":"Point","coordinates":[21.71735,38.212921]}},{"type":"Feature","properties":{"lines":"502, 503","arr":["502","503"],"mode":"bus","angle":-69.3,"side":-1,"extra":1,"ei":2,"l0":"502, ","c0":"#4d4aba","l1":"503","c1":"#b0045c"},"geometry":{"type":"Point","coordinates":[21.718194,38.214689]}},{"type":"Feature","properties":{"lines":"502, 503","arr":["502","503"],"mode":"bus","angle":-70.2,"side":-1,"extra":1,"ei":3,"l0":"502, ","c0":"#4d4aba","l1":"503","c1":"#b0045c"},"geometry":{"type":"Point","coordinates":[21.719124,38.21643]}},{"type":"Feature","properties":{"lines":"502, 503","arr":["502","503"],"mode":"bus","angle":-76.3,"side":-1,"extra":1,"ei":4,"l0":"502, ","c0":"#4d4aba","l1":"503","c1":"#b0045c"},"geometry":{"type":"Point","coordinates":[21.719783,38.218244]}},{"type":"Feature","properties":{"lines":"502, 503","arr":["502","503"],"mode":"bus","angle":-80.4,"side":-1,"extra":1,"ei":5,"l0":"502, ","c0":"#4d4aba","l1":"503","c1":"#b0045c"},"geometry":{"type":"Point","coordinates":[21.721231,38.223792]}},{"type":"Feature","properties":{"lines":"502, 503","arr":["502","503"],"mode":"bus","angle":-57.3,"side":-1,"extra":1,"ei":6,"l0":"502, ","c0":"#4d4aba","l1":"503","c1":"#b0045c"},"geometry":{"type":"Point","coordinates":[21.722216,38.225484]}},{"type":"Feature","properties":{"lines":"502, 503","arr":["502","503"],"mode":"bus","angle":-71.8,"side":-1,"extra":1,"ei":7,"l0":"502, ","c0":"#4d4aba","l1":"503","c1":"#b0045c"},"geometry":{"type":"Point","coordinates":[21.723153,38.227216]}},{"type":"Feature","properties":{"lines":"502, 503","arr":["502","503"],"mode":"bus","angle":-75.6,"side":-1,"extra":1,"ei":8,"l0":"502, ","c0":"#4d4aba","l1":"503","c1":"#b0045c"},"geometry":{"type":"Point","coordinates":[21.723843,38.229025]}},{"type":"Feature","properties":{"lines":"502, 503","arr":["502","503"],"mode":"bus","angle":-77.1,"side":-1,"extra":1,"ei":9,"l0":"502, ","c0":"#4d4aba","l1":"503","c1":"#b0045c"},"geometry":{"type":"Point","coordinates":[21.724396,38.230862]}},{"type":"Feature","properties":{"lines":"202, 502, 503","arr":["202","502","503"],"mode":"bus","angle":-32.6,"side":-1,"l0":"202, ","c0":"#02af5a","l1":"502, ","c1":"#4d4aba","l2":"503","c2":"#b0045c"},"geometry":{"type":"Point","coordinates":[21.715272,38.210457]}},{"type":"Feature","properties":{"lines":"202, 501, 502","arr":["202","501","502"],"mode":"bus","angle":-60.8,"mi":1,"l0":"202, ","c0":"#02af5a","l1":"501, ","c1":"#6b5806","l2":"502","c2":"#4d4aba"},"geometry":{"type":"Point","coordinates":[21.711701,38.207987]}},{"type":"Feature","properties":{"lines":"202, 501, 502","arr":["202","501","502"],"mode":"bus","angle":-35,"extra":1,"ei":0,"l0":"202, ","c0":"#02af5a","l1":"501, ","c1":"#6b5806","l2":"502","c2":"#4d4aba"},"geometry":{"type":"Point","coordinates":[21.714403,38.210097]}},{"type":"Feature","properties":{"lines":"202, 501, 502","arr":["202","501","502"],"mode":"bus","angle":-53.6,"extra":1,"ei":1,"l0":"202, ","c0":"#02af5a","l1":"501, ","c1":"#6b5806","l2":"502","c2":"#4d4aba"},"geometry":{"type":"Point","coordinates":[21.710108,38.205657]}},{"type":"Feature","properties":{"lines":"202, 501, 502","arr":["202","501","502"],"mode":"bus","angle":-27.9,"l0":"202, ","c0":"#02af5a","l1":"501, ","c1":"#6b5806","l2":"502","c2":"#4d4aba"},"geometry":{"type":"Point","coordinates":[21.707379,38.203939]}},{"type":"Feature","properties":{"lines":"202, 501, 502","arr":["202","501","502"],"mode":"bus","angle":-23.7,"extra":1,"ei":0,"l0":"202, ","c0":"#02af5a","l1":"501, ","c1":"#6b5806","l2":"502","c2":"#4d4aba"},"geometry":{"type":"Point","coordinates":[21.705845,38.203323]}},{"type":"Feature","properties":{"lines":"501, 502","arr":["501","502"],"mode":"bus","angle":-17.5,"l0":"501, ","c0":"#6b5806","l1":"502","c1":"#4d4aba"},"geometry":{"type":"Point","coordinates":[21.704239,38.203007]}},{"type":"Feature","properties":{"lines":"502","arr":["502"],"mode":"bus","angle":62.9,"l0":"502","c0":"#4d4aba"},"geometry":{"type":"Point","coordinates":[21.709334,38.198298]}},{"type":"Feature","properties":{"lines":"502","arr":["502"],"mode":"bus","angle":-65.7,"mi":2,"l0":"502","c0":"#4d4aba"},"geometry":{"type":"Point","coordinates":[21.703044,38.18514]}},{"type":"Feature","properties":{"lines":"502","arr":["502"],"mode":"bus","angle":60,"extra":1,"ei":0,"l0":"502","c0":"#4d4aba"},"geometry":{"type":"Point","coordinates":[21.706263,38.202358]}},{"type":"Feature","properties":{"lines":"502","arr":["502"],"mode":"bus","angle":58.4,"extra":1,"ei":1,"l0":"502","c0":"#4d4aba"},"geometry":{"type":"Point","coordinates":[21.707524,38.200768]}},{"type":"Feature","properties":{"lines":"502","arr":["502"],"mode":"bus","angle":57.6,"extra":1,"ei":2,"l0":"502","c0":"#4d4aba"},"geometry":{"type":"Point","coordinates":[21.710995,38.195835]}},{"type":"Feature","properties":{"lines":"502","arr":["502"],"mode":"bus","angle":49,"extra":1,"ei":3,"l0":"502","c0":"#4d4aba"},"geometry":{"type":"Point","coordinates":[21.712266,38.19425]}},{"type":"Feature","properties":{"lines":"202, 502, 503","arr":["202","502","503"],"mode":"bus","angle":-16.8,"side":-1,"l0":"202, ","c0":"#02af5a","l1":"502, ","c1":"#4d4aba","l2":"503","c2":"#b0045c"},"geometry":{"type":"Point","coordinates":[21.704295,38.202937]}},{"type":"Feature","properties":{"lines":"502, 503","arr":["502","503"],"mode":"bus","angle":-28,"side":-1,"mi":1,"l0":"502, ","c0":"#4d4aba","l1":"503","c1":"#b0045c"},"geometry":{"type":"Point","coordinates":[21.707414,38.203882]}},{"type":"Feature","properties":{"lines":"502, 503","arr":["502","503"],"mode":"bus","angle":-28.8,"side":-1,"extra":1,"ei":0,"l0":"502, ","c0":"#4d4aba","l1":"503","c1":"#b0045c"},"geometry":{"type":"Point","coordinates":[21.70893,38.204518]}},{"type":"Feature","properties":{"lines":"202, 501, 502, 503","arr":["202","501","502","503"],"mode":"bus","angle":-59.9,"l0":"202, ","c0":"#02af5a","l1":"501, ","c1":"#6b5806","l2":"502, ","c2":"#4d4aba","l3":"503","c3":"#b0045c"},"geometry":{"type":"Point","coordinates":[21.696162,38.196263]}},{"type":"Feature","properties":{"lines":"202, 501, 502, 503","arr":["202","501","502","503"],"mode":"bus","angle":-43.7,"extra":1,"ei":0,"l0":"202, ","c0":"#02af5a","l1":"501, ","c1":"#6b5806","l2":"502, ","c2":"#4d4aba","l3":"503","c3":"#b0045c"},"geometry":{"type":"Point","coordinates":[21.70213,38.201735]}},{"type":"Feature","properties":{"lines":"202, 501, 502, 503","arr":["202","501","502","503"],"mode":"bus","angle":-43,"extra":1,"ei":1,"l0":"202, ","c0":"#02af5a","l1":"501, ","c1":"#6b5806","l2":"502, ","c2":"#4d4aba","l3":"503","c3":"#b0045c"},"geometry":{"type":"Point","coordinates":[21.700381,38.200439]}},{"type":"Feature","properties":{"lines":"202, 501, 502, 503","arr":["202","501","502","503"],"mode":"bus","angle":-43.9,"extra":1,"ei":2,"l0":"202, ","c0":"#02af5a","l1":"501, ","c1":"#6b5806","l2":"502, ","c2":"#4d4aba","l3":"503","c3":"#b0045c"},"geometry":{"type":"Point","coordinates":[21.698616,38.199157]}},{"type":"Feature","properties":{"lines":"202, 501, 502, 503","arr":["202","501","502","503"],"mode":"bus","angle":-57.9,"extra":1,"ei":3,"l0":"202, ","c0":"#02af5a","l1":"501, ","c1":"#6b5806","l2":"502, ","c2":"#4d4aba","l3":"503","c3":"#b0045c"},"geometry":{"type":"Point","coordinates":[21.697213,38.197633]}},{"type":"Feature","properties":{"lines":"202, 501, 502, 503","arr":["202","501","502","503"],"mode":"bus","angle":-44.7,"extra":1,"ei":4,"l0":"202, ","c0":"#02af5a","l1":"501, ","c1":"#6b5806","l2":"502, ","c2":"#4d4aba","l3":"503","c3":"#b0045c"},"geometry":{"type":"Point","coordinates":[21.694578,38.19449]}},{"type":"Feature","properties":{"lines":"202, 501, 502, 503","arr":["202","501","502","503"],"mode":"bus","angle":-45.5,"extra":1,"ei":5,"l0":"202, ","c0":"#02af5a","l1":"501, ","c1":"#6b5806","l2":"502, ","c2":"#4d4aba","l3":"503","c3":"#b0045c"},"geometry":{"type":"Point","coordinates":[21.692897,38.19314]}},{"type":"Feature","properties":{"lines":"202, 501, 502, 503","arr":["202","501","502","503"],"mode":"bus","angle":-63.5,"extra":1,"ei":6,"l0":"202, ","c0":"#02af5a","l1":"501, ","c1":"#6b5806","l2":"502, ","c2":"#4d4aba","l3":"503","c3":"#b0045c"},"geometry":{"type":"Point","coordinates":[21.691436,38.191659]}},{"type":"Feature","properties":{"lines":"202, 501, 502, 503","arr":["202","501","502","503"],"mode":"bus","angle":-57.2,"extra":1,"ei":7,"l0":"202, ","c0":"#02af5a","l1":"501, ","c1":"#6b5806","l2":"502, ","c2":"#4d4aba","l3":"503","c3":"#b0045c"},"geometry":{"type":"Point","coordinates":[21.690372,38.189969]}},{"type":"Feature","properties":{"lines":"202, 501, 503","arr":["202","501","503"],"mode":"bus","angle":-7.7,"l0":"202, ","c0":"#02af5a","l1":"501, ","c1":"#6b5806","l2":"503","c2":"#b0045c"},"geometry":{"type":"Point","coordinates":[21.682899,38.186019]}},{"type":"Feature","properties":{"lines":"202, 501, 503","arr":["202","501","503"],"mode":"bus","angle":-57.6,"extra":1,"ei":0,"l0":"202, ","c0":"#02af5a","l1":"501, ","c1":"#6b5806","l2":"503","c2":"#b0045c"},"geometry":{"type":"Point","coordinates":[21.689396,38.188927]}},{"type":"Feature","properties":{"lines":"202, 501, 503","arr":["202","501","503"],"mode":"bus","angle":-41.4,"extra":1,"ei":1,"l0":"202, ","c0":"#02af5a","l1":"501, ","c1":"#6b5806","l2":"503","c2":"#b0045c"},"geometry":{"type":"Point","coordinates":[21.687971,38.187419]}},{"type":"Feature","properties":{"lines":"202, 501, 503","arr":["202","501","503"],"mode":"bus","angle":-20.6,"extra":1,"ei":2,"l0":"202, ","c0":"#02af5a","l1":"501, ","c1":"#6b5806","l2":"503","c2":"#b0045c"},"geometry":{"type":"Point","coordinates":[21.685839,38.18657]}},{"type":"Feature","properties":{"lines":"202, 501, 503","arr":["202","501","503"],"mode":"bus","angle":-4.6,"extra":1,"ei":3,"l0":"202, ","c0":"#02af5a","l1":"501, ","c1":"#6b5806","l2":"503","c2":"#b0045c"},"geometry":{"type":"Point","coordinates":[21.681124,38.185956]}},{"type":"Feature","properties":{"lines":"202, 501, 503","arr":["202","501","503"],"mode":"bus","angle":-54.9,"extra":1,"ei":4,"l0":"202, ","c0":"#02af5a","l1":"501, ","c1":"#6b5806","l2":"503","c2":"#b0045c"},"geometry":{"type":"Point","coordinates":[21.679078,38.185149]}},{"type":"Feature","properties":{"lines":"202, 501, 503","arr":["202","501","503"],"mode":"bus","angle":-63.9,"extra":1,"ei":5,"l0":"202, ","c0":"#02af5a","l1":"501, ","c1":"#6b5806","l2":"503","c2":"#b0045c"},"geometry":{"type":"Point","coordinates":[21.678061,38.183442]}},{"type":"Feature","properties":{"lines":"202, 501, 503","arr":["202","501","503"],"mode":"bus","angle":81.1,"extra":1,"ei":6,"l0":"202, ","c0":"#02af5a","l1":"501, ","c1":"#6b5806","l2":"503","c2":"#b0045c"},"geometry":{"type":"Point","coordinates":[21.677517,38.18167]}},{"type":"Feature","properties":{"lines":"202, 501, 503","arr":["202","501","503"],"mode":"bus","angle":-83.9,"l0":"202, ","c0":"#02af5a","l1":"501, ","c1":"#6b5806","l2":"503","c2":"#b0045c"},"geometry":{"type":"Point","coordinates":[21.677469,38.177772]}},{"type":"Feature","properties":{"lines":"202, 501, 503","arr":["202","501","503"],"mode":"bus","angle":-70.6,"extra":1,"ei":0,"l0":"202, ","c0":"#02af5a","l1":"501, ","c1":"#6b5806","l2":"503","c2":"#b0045c"},"geometry":{"type":"Point","coordinates":[21.676762,38.174847]}},{"type":"Feature","properties":{"lines":"202, 501, 503","arr":["202","501","503"],"mode":"bus","angle":78.9,"extra":1,"ei":1,"l0":"202, ","c0":"#02af5a","l1":"501, ","c1":"#6b5806","l2":"503","c2":"#b0045c"},"geometry":{"type":"Point","coordinates":[21.677829,38.180424]}},{"type":"Feature","properties":{"lines":"202, 501, 503","arr":["202","501","503"],"mode":"bus","angle":-52.6,"mi":1,"l0":"202, ","c0":"#02af5a","l1":"501, ","c1":"#6b5806","l2":"503","c2":"#b0045c"},"geometry":{"type":"Point","coordinates":[21.673509,38.169348]}},{"type":"Feature","properties":{"lines":"202, 501, 503","arr":["202","501","503"],"mode":"bus","angle":-68.8,"extra":1,"ei":0,"l0":"202, ","c0":"#02af5a","l1":"501, ","c1":"#6b5806","l2":"503","c2":"#b0045c"},"geometry":{"type":"Point","coordinates":[21.675905,38.173084]}},{"type":"Feature","properties":{"lines":"202, 501, 503","arr":["202","501","503"],"mode":"bus","angle":-63.7,"extra":1,"ei":1,"l0":"202, ","c0":"#02af5a","l1":"501, ","c1":"#6b5806","l2":"503","c2":"#b0045c"},"geometry":{"type":"Point","coordinates":[21.674914,38.171364]}},{"type":"Feature","properties":{"lines":"202, 501, 503","arr":["202","501","503"],"mode":"bus","angle":-44.6,"extra":1,"ei":2,"l0":"202, ","c0":"#02af5a","l1":"501, ","c1":"#6b5806","l2":"503","c2":"#b0045c"},"geometry":{"type":"Point","coordinates":[21.67224,38.168263]}},{"type":"Feature","properties":{"lines":"202, 501, 503","arr":["202","501","503"],"mode":"bus","angle":-28.9,"extra":1,"ei":3,"l0":"202, ","c0":"#02af5a","l1":"501, ","c1":"#6b5806","l2":"503","c2":"#b0045c"},"geometry":{"type":"Point","coordinates":[21.670416,38.167043]}},{"type":"Feature","properties":{"lines":"303","arr":["303"],"mode":"bus","angle":28.8,"mi":6,"l0":"303","c0":"#c17aef"},"geometry":{"type":"Point","coordinates":[21.74954,38.264815]}},{"type":"Feature","properties":{"lines":"301, 302","arr":["301","302"],"mode":"bus","angle":-68.1,"mi":2,"l0":"301, ","c0":"#10a5d2","l1":"302","c1":"#bf5f03"},"geometry":{"type":"Point","coordinates":[21.749189,38.262112]}},{"type":"Feature","properties":{"lines":"301, 302","arr":["301","302"],"mode":"bus","angle":-75.5,"extra":1,"ei":0,"l0":"301, ","c0":"#10a5d2","l1":"302","c1":"#bf5f03"},"geometry":{"type":"Point","coordinates":[21.748452,38.260645]}},{"type":"Feature","properties":{"lines":"301, 302","arr":["301","302"],"mode":"bus","angle":-66.8,"extra":1,"ei":1,"l0":"301, ","c0":"#10a5d2","l1":"302","c1":"#bf5f03"},"geometry":{"type":"Point","coordinates":[21.75017,38.264169]}},{"type":"Feature","properties":{"lines":"301, 302","arr":["301","302"],"mode":"bus","angle":25.4,"l0":"301, ","c0":"#10a5d2","l1":"302","c1":"#bf5f03"},"geometry":{"type":"Point","coordinates":[21.747453,38.259978]}},{"type":"Feature","properties":{"lines":"301, 302","arr":["301","302"],"mode":"bus","angle":-68.2,"mi":1,"l0":"301, ","c0":"#10a5d2","l1":"302","c1":"#bf5f03"},"geometry":{"type":"Point","coordinates":[21.745938,38.2582]}},{"type":"Feature","properties":{"lines":"301, 302","arr":["301","302"],"mode":"bus","angle":-69.5,"extra":1,"ei":0,"l0":"301, ","c0":"#10a5d2","l1":"302","c1":"#bf5f03"},"geometry":{"type":"Point","coordinates":[21.746503,38.259291]}},{"type":"Feature","properties":{"lines":"301, 302, 610","arr":["301","302","610"],"mode":"bus","angle":-82.2,"l0":"301, ","c0":"#10a5d2","l1":"302, ","c1":"#bf5f03","l2":"610","c2":"#f661b9"},"geometry":{"type":"Point","coordinates":[21.727493,38.238764]}},{"type":"Feature","properties":{"lines":"301, 302, 610","arr":["301","302","610"],"mode":"bus","angle":-82.2,"extra":1,"ei":0,"l0":"301, ","c0":"#10a5d2","l1":"302, ","c1":"#bf5f03","l2":"610","c2":"#f661b9"},"geometry":{"type":"Point","coordinates":[21.72771,38.240008]}},{"type":"Feature","properties":{"lines":"301, 302","arr":["301","302"],"mode":"bus","angle":-86.1,"l0":"301, ","c0":"#10a5d2","l1":"302","c1":"#bf5f03"},"geometry":{"type":"Point","coordinates":[21.726912,38.235008]}},{"type":"Feature","properties":{"lines":"301, 302","arr":["301","302"],"mode":"bus","angle":-85.4,"extra":1,"ei":0,"l0":"301, ","c0":"#10a5d2","l1":"302","c1":"#bf5f03"},"geometry":{"type":"Point","coordinates":[21.726794,38.233763]}},{"type":"Feature","properties":{"lines":"301, 302","arr":["301","302"],"mode":"bus","angle":5.2,"side":-1,"mi":1,"l0":"301, ","c0":"#10a5d2","l1":"302","c1":"#bf5f03"},"geometry":{"type":"Point","coordinates":[21.727218,38.233396]}},{"type":"Feature","properties":{"lines":"301, 302, 303","arr":["301","302","303"],"mode":"bus","angle":-14.6,"mi":2,"l0":"301, ","c0":"#10a5d2","l1":"302, ","c1":"#bf5f03","l2":"303","c2":"#c17aef"},"geometry":{"type":"Point","coordinates":[21.732196,38.233672]}},{"type":"Feature","properties":{"lines":"301, 302, 303","arr":["301","302","303"],"mode":"bus","angle":5,"extra":1,"ei":0,"l0":"301, ","c0":"#10a5d2","l1":"302, ","c1":"#bf5f03","l2":"303","c2":"#c17aef"},"geometry":{"type":"Point","coordinates":[21.728871,38.233271]}},{"type":"Feature","properties":{"lines":"301, 302, 303","arr":["301","302","303"],"mode":"bus","angle":-36.8,"extra":1,"ei":1,"l0":"301, ","c0":"#10a5d2","l1":"302, ","c1":"#bf5f03","l2":"303","c2":"#c17aef"},"geometry":{"type":"Point","coordinates":[21.735606,38.234943]}},{"type":"Feature","properties":{"lines":"301, 302, 303","arr":["301","302","303"],"mode":"bus","angle":28.6,"mi":1,"l0":"301, ","c0":"#10a5d2","l1":"302, ","c1":"#bf5f03","l2":"303","c2":"#c17aef"},"geometry":{"type":"Point","coordinates":[21.736951,38.234996]}},{"type":"Feature","properties":{"lines":"301, 302, 303","arr":["301","302","303"],"mode":"bus","angle":-63.2,"l0":"301, ","c0":"#10a5d2","l1":"302, ","c1":"#bf5f03","l2":"303","c2":"#c17aef"},"geometry":{"type":"Point","coordinates":[21.736971,38.233558]}},{"type":"Feature","properties":{"lines":"301, 302","arr":["301","302"],"mode":"bus","angle":-62.5,"mi":3,"l0":"301, ","c0":"#10a5d2","l1":"302","c1":"#bf5f03"},"geometry":{"type":"Point","coordinates":[21.735857,38.231736]}},{"type":"Feature","properties":{"lines":"302","arr":["302"],"mode":"bus","angle":21.9,"mi":9,"l0":"302","c0":"#bf5f03"},"geometry":{"type":"Point","coordinates":[21.727451,38.206205]}},{"type":"Feature","properties":{"lines":"302","arr":["302"],"mode":"bus","angle":31.1,"l0":"302","c0":"#bf5f03"},"geometry":{"type":"Point","coordinates":[21.724138,38.210722]}},{"type":"Feature","properties":{"lines":"302","arr":["302"],"mode":"bus","angle":-79.1,"mi":3,"l0":"302","c0":"#bf5f03"},"geometry":{"type":"Point","coordinates":[21.724991,38.211607]}},{"type":"Feature","properties":{"lines":"302","arr":["302"],"mode":"bus","angle":37.6,"side":-1,"mi":1,"l0":"302","c0":"#bf5f03"},"geometry":{"type":"Point","coordinates":[21.74693,38.259409]}},{"type":"Feature","properties":{"lines":"302","arr":["302"],"mode":"bus","angle":22.5,"side":-1,"mi":8,"l0":"302","c0":"#bf5f03"},"geometry":{"type":"Point","coordinates":[21.72126,38.207561]}},{"type":"Feature","properties":{"lines":"302","arr":["302"],"mode":"bus","angle":10,"mi":6,"l0":"302","c0":"#bf5f03"},"geometry":{"type":"Point","coordinates":[21.727302,38.211374]}},{"type":"Feature","properties":{"lines":"302","arr":["302"],"mode":"bus","angle":15.3,"mi":10,"l0":"302","c0":"#bf5f03"},"geometry":{"type":"Point","coordinates":[21.729227,38.205878]}},{"type":"Feature","properties":{"lines":"302","arr":["302"],"mode":"bus","angle":37.1,"mi":7,"l0":"302","c0":"#bf5f03"},"geometry":{"type":"Point","coordinates":[21.721325,38.21075]}},{"type":"Feature","properties":{"lines":"302","arr":["302"],"mode":"bus","angle":44.5,"extra":1,"ei":0,"l0":"302","c0":"#bf5f03"},"geometry":{"type":"Point","coordinates":[21.719846,38.211712]}},{"type":"Feature","properties":{"lines":"302","arr":["302"],"mode":"bus","angle":18.7,"extra":1,"ei":1,"l0":"302","c0":"#bf5f03"},"geometry":{"type":"Point","coordinates":[21.723722,38.20961]}},{"type":"Feature","properties":{"lines":"302","arr":["302"],"mode":"bus","angle":0.6,"mi":1,"l0":"302","c0":"#bf5f03"},"geometry":{"type":"Point","coordinates":[21.72482,38.2108]}},{"type":"Feature","properties":{"lines":"302, 503","arr":["302","503"],"mode":"bus","angle":12.9,"l0":"302, ","c0":"#bf5f03","l1":"503","c1":"#b0045c"},"geometry":{"type":"Point","coordinates":[21.72776,38.211936]}},{"type":"Feature","properties":{"lines":"302","arr":["302"],"mode":"bus","angle":-60.6,"mi":3,"l0":"302","c0":"#bf5f03"},"geometry":{"type":"Point","coordinates":[21.747818,38.259551]}},{"type":"Feature","properties":{"lines":"302","arr":["302"],"mode":"bus","angle":30.1,"mi":2,"l0":"302","c0":"#bf5f03"},"geometry":{"type":"Point","coordinates":[21.747398,38.259433]}},{"type":"Feature","properties":{"lines":"302","arr":["302"],"mode":"bus","angle":-73,"l0":"302","c0":"#bf5f03"},"geometry":{"type":"Point","coordinates":[21.747134,38.259029]}},{"type":"Feature","properties":{"lines":"302","arr":["302"],"mode":"bus","angle":-31.8,"mi":4,"l0":"302","c0":"#bf5f03"},"geometry":{"type":"Point","coordinates":[21.744013,38.256159]}},{"type":"Feature","properties":{"lines":"302","arr":["302"],"mode":"bus","angle":69.4,"mi":5,"l0":"302","c0":"#bf5f03"},"geometry":{"type":"Point","coordinates":[21.743532,38.256213]}},{"type":"Feature","properties":{"lines":"302","arr":["302"],"mode":"bus","angle":10.8,"l0":"302","c0":"#bf5f03"},"geometry":{"type":"Point","coordinates":[21.727239,38.233604]}},{"type":"Feature","properties":{"lines":"303","arr":["303"],"mode":"bus","angle":-85.5,"mi":3,"l0":"303","c0":"#c17aef"},"geometry":{"type":"Point","coordinates":[21.727843,38.235044]}},{"type":"Feature","properties":{"lines":"303","arr":["303"],"mode":"bus","angle":-83.9,"extra":1,"ei":0,"l0":"303","c0":"#c17aef"},"geometry":{"type":"Point","coordinates":[21.727984,38.236357]}},{"type":"Feature","properties":{"lines":"302","arr":["302"],"mode":"bus","angle":78.4,"side":-1,"mi":1,"l0":"302","c0":"#bf5f03"},"geometry":{"type":"Point","coordinates":[21.736299,38.235126]}},{"type":"Feature","properties":{"lines":"302, 303","arr":["302","303"],"mode":"bus","angle":4.9,"l0":"302, ","c0":"#bf5f03","l1":"303","c1":"#c17aef"},"geometry":{"type":"Point","coordinates":[21.737112,38.234153]}},{"type":"Feature","properties":{"lines":"302","arr":["302"],"mode":"bus","angle":-69,"mi":2,"l0":"302","c0":"#bf5f03"},"geometry":{"type":"Point","coordinates":[21.722728,38.210128]}},{"type":"Feature","properties":{"lines":"303","arr":["303"],"mode":"bus","angle":-74.5,"side":-1,"mi":4,"l0":"303","c0":"#c17aef"},"geometry":{"type":"Point","coordinates":[21.735998,38.231678]}},{"type":"Feature","properties":{"lines":"303","arr":["303"],"mode":"bus","angle":88.5,"mi":2,"l0":"303","c0":"#c17aef"},"geometry":{"type":"Point","coordinates":[21.737528,38.235377]}},{"type":"Feature","properties":{"lines":"303","arr":["303"],"mode":"bus","angle":-35.2,"l0":"303","c0":"#c17aef"},"geometry":{"type":"Point","coordinates":[21.736826,38.235641]}},{"type":"Feature","properties":{"lines":"303, 606, 609","arr":["303","606","609"],"mode":"bus","angle":33.3,"l0":"303, ","c0":"#c17aef","l1":"606, ","c1":"#126804","l2":"609","c2":"#05617d"},"geometry":{"type":"Point","coordinates":[21.751158,38.261194]}},{"type":"Feature","properties":{"lines":"303","arr":["303"],"mode":"bus","angle":19.2,"side":-1,"mi":2,"l0":"303","c0":"#c17aef"},"geometry":{"type":"Point","coordinates":[21.747631,38.2626]}},{"type":"Feature","properties":{"lines":"303","arr":["303"],"mode":"bus","angle":20.8,"extra":1,"ei":0,"l0":"303","c0":"#c17aef"},"geometry":{"type":"Point","coordinates":[21.749131,38.26219]}},{"type":"Feature","properties":{"lines":"303","arr":["303"],"mode":"bus","angle":-61.1,"mi":5,"l0":"303","c0":"#c17aef"},"geometry":{"type":"Point","coordinates":[21.74825,38.263836]}},{"type":"Feature","properties":{"lines":"303","arr":["303"],"mode":"bus","angle":-13.5,"mi":1,"l0":"303","c0":"#c17aef"},"geometry":{"type":"Point","coordinates":[21.737263,38.235526]}},{"type":"Feature","properties":{"lines":"303","arr":["303"],"mode":"bus","angle":-82.2,"mi":6,"l0":"303","c0":"#c17aef"},"geometry":{"type":"Point","coordinates":[21.729321,38.240472]}},{"type":"Feature","properties":{"lines":"303","arr":["303"],"mode":"bus","angle":8.6,"mi":5,"l0":"303","c0":"#c17aef"},"geometry":{"type":"Point","coordinates":[21.728969,38.240202]}},{"type":"Feature","properties":{"lines":"303","arr":["303"],"mode":"bus","angle":-60.3,"mi":4,"l0":"303","c0":"#c17aef"},"geometry":{"type":"Point","coordinates":[21.750512,38.259208]}},{"type":"Feature","properties":{"lines":"303","arr":["303"],"mode":"bus","angle":-57.8,"mi":3,"l0":"303","c0":"#c17aef"},"geometry":{"type":"Point","coordinates":[21.750634,38.259863]}},{"type":"Feature","properties":{"lines":"303","arr":["303"],"mode":"bus","angle":31.2,"mi":1,"l0":"303","c0":"#c17aef"},"geometry":{"type":"Point","coordinates":[21.750366,38.260041]}},{"type":"Feature","properties":{"lines":"303","arr":["303"],"mode":"bus","angle":-59,"l0":"303","c0":"#c17aef"},"geometry":{"type":"Point","coordinates":[21.7505,38.260745]}},{"type":"Feature","properties":{"lines":"401","arr":["401"],"mode":"bus","angle":45.8,"mi":2,"l0":"401","c0":"#446303"},"geometry":{"type":"Point","coordinates":[21.737937,38.246502]}},{"type":"Feature","properties":{"lines":"401, 402","arr":["401","402"],"mode":"bus","angle":45.8,"mi":2,"l0":"401, ","c0":"#446303","l1":"402","c1":"#cf8a11"},"geometry":{"type":"Point","coordinates":[21.738671,38.245909]}},{"type":"Feature","properties":{"lines":"401, 402","arr":["401","402"],"mode":"bus","angle":-60.5,"mi":1,"l0":"401, ","c0":"#446303","l1":"402","c1":"#cf8a11"},"geometry":{"type":"Point","coordinates":[21.738754,38.244534]}},{"type":"Feature","properties":{"lines":"401","arr":["401"],"mode":"bus","angle":-20.8,"l0":"401","c0":"#446303"},"geometry":{"type":"Point","coordinates":[21.737291,38.243668]}},{"type":"Feature","properties":{"lines":"401","arr":["401"],"mode":"bus","angle":29.2,"mi":1,"l0":"401","c0":"#446303"},"geometry":{"type":"Point","coordinates":[21.73723,38.243311]}},{"type":"Feature","properties":{"lines":"401, 402","arr":["401","402"],"mode":"bus","angle":28.3,"l0":"401, ","c0":"#446303","l1":"402","c1":"#cf8a11"},"geometry":{"type":"Point","coordinates":[21.741465,38.241518]}},{"type":"Feature","properties":{"lines":"401, 402","arr":["401","402"],"mode":"bus","angle":28.4,"extra":1,"ei":0,"l0":"401, ","c0":"#446303","l1":"402","c1":"#cf8a11"},"geometry":{"type":"Point","coordinates":[21.738731,38.242677]}},{"type":"Feature","properties":{"lines":"401, 402","arr":["401","402"],"mode":"bus","angle":28.4,"extra":1,"ei":1,"l0":"401, ","c0":"#446303","l1":"402","c1":"#cf8a11"},"geometry":{"type":"Point","coordinates":[21.742963,38.240884]}},{"type":"Feature","properties":{"lines":"401, 402","arr":["401","402"],"mode":"bus","angle":-11.2,"extra":1,"ei":2,"l0":"401, ","c0":"#446303","l1":"402","c1":"#cf8a11"},"geometry":{"type":"Point","coordinates":[21.745106,38.240159]}},{"type":"Feature","properties":{"lines":"401, 402","arr":["401","402"],"mode":"bus","angle":-27.3,"mi":3,"l0":"401, ","c0":"#446303","l1":"402","c1":"#cf8a11"},"geometry":{"type":"Point","coordinates":[21.746769,38.240633]}},{"type":"Feature","properties":{"lines":"401","arr":["401"],"mode":"bus","angle":-38.1,"mi":2,"l0":"401","c0":"#446303"},"geometry":{"type":"Point","coordinates":[21.750636,38.24255]}},{"type":"Feature","properties":{"lines":"401","arr":["401"],"mode":"bus","angle":-31.7,"extra":1,"ei":0,"l0":"401","c0":"#446303"},"geometry":{"type":"Point","coordinates":[21.748406,38.241594]}},{"type":"Feature","properties":{"lines":"401","arr":["401"],"mode":"bus","angle":1.4,"extra":1,"ei":1,"l0":"401","c0":"#446303"},"geometry":{"type":"Point","coordinates":[21.75277,38.243023]}},{"type":"Feature","properties":{"lines":"401","arr":["401"],"mode":"bus","angle":-44.7,"l0":"401","c0":"#446303"},"geometry":{"type":"Point","coordinates":[21.753794,38.242551]}},{"type":"Feature","properties":{"lines":"401","arr":["401"],"mode":"bus","angle":-34.4,"mi":1,"l0":"401","c0":"#446303"},"geometry":{"type":"Point","coordinates":[21.755547,38.24216]}},{"type":"Feature","properties":{"lines":"401","arr":["401"],"mode":"bus","angle":-58,"extra":1,"ei":0,"l0":"401","c0":"#446303"},"geometry":{"type":"Point","coordinates":[21.756528,38.243053]}},{"type":"Feature","properties":{"lines":"401, 402","arr":["401","402"],"mode":"bus","angle":60.8,"l0":"401, ","c0":"#446303","l1":"402","c1":"#cf8a11"},"geometry":{"type":"Point","coordinates":[21.760417,38.242095]}},{"type":"Feature","properties":{"lines":"401, 402","arr":["401","402"],"mode":"bus","angle":24.7,"extra":1,"ei":0,"l0":"401, ","c0":"#446303","l1":"402","c1":"#cf8a11"},"geometry":{"type":"Point","coordinates":[21.757949,38.243242]}},{"type":"Feature","properties":{"lines":"401, 402","arr":["401","402"],"mode":"bus","angle":70.8,"extra":1,"ei":1,"l0":"401, ","c0":"#446303","l1":"402","c1":"#cf8a11"},"geometry":{"type":"Point","coordinates":[21.759847,38.240957]}},{"type":"Feature","properties":{"lines":"401, 402","arr":["401","402"],"mode":"bus","angle":-14.5,"extra":1,"ei":2,"l0":"401, ","c0":"#446303","l1":"402","c1":"#cf8a11"},"geometry":{"type":"Point","coordinates":[21.761768,38.240041]}},{"type":"Feature","properties":{"lines":"402","arr":["402"],"mode":"bus","angle":12.5,"mi":5,"l0":"402","c0":"#cf8a11"},"geometry":{"type":"Point","coordinates":[21.75385,38.243551]}},{"type":"Feature","properties":{"lines":"402","arr":["402"],"mode":"bus","angle":-8.7,"extra":1,"ei":0,"l0":"402","c0":"#cf8a11"},"geometry":{"type":"Point","coordinates":[21.755736,38.24322]}},{"type":"Feature","properties":{"lines":"402","arr":["402"],"mode":"bus","angle":43,"extra":1,"ei":1,"l0":"402","c0":"#cf8a11"},"geometry":{"type":"Point","coordinates":[21.751462,38.244552]}},{"type":"Feature","properties":{"lines":"402","arr":["402"],"mode":"bus","angle":-42.9,"mi":1,"l0":"402","c0":"#cf8a11"},"geometry":{"type":"Point","coordinates":[21.749635,38.24339]}},{"type":"Feature","properties":{"lines":"402","arr":["402"],"mode":"bus","angle":-34.2,"l0":"402","c0":"#cf8a11"},"geometry":{"type":"Point","coordinates":[21.747145,38.241959]}},{"type":"Feature","properties":{"lines":"402","arr":["402"],"mode":"bus","angle":-83.3,"mi":4,"l0":"402","c0":"#cf8a11"},"geometry":{"type":"Point","coordinates":[21.737724,38.243469]}},{"type":"Feature","properties":{"lines":"402","arr":["402"],"mode":"bus","angle":-43.9,"mi":2,"l0":"402","c0":"#cf8a11"},"geometry":{"type":"Point","coordinates":[21.738752,38.246653]}},{"type":"Feature","properties":{"lines":"501, 502, 610","arr":["501","502","610"],"mode":"bus","angle":-44.7,"mi":2,"l0":"501, ","c0":"#6b5806","l1":"502, ","c1":"#4d4aba","l2":"610","c2":"#f661b9"},"geometry":{"type":"Point","coordinates":[21.730002,38.242758]}},{"type":"Feature","properties":{"lines":"501, 502, 610","arr":["501","502","610"],"mode":"bus","angle":-44.2,"extra":1,"ei":0,"l0":"501, ","c0":"#6b5806","l1":"502, ","c1":"#4d4aba","l2":"610","c2":"#f661b9"},"geometry":{"type":"Point","coordinates":[21.731408,38.24385]}},{"type":"Feature","properties":{"lines":"501, 502, 610","arr":["501","502","610"],"mode":"bus","angle":-56.5,"extra":1,"ei":1,"l0":"501, ","c0":"#6b5806","l1":"502, ","c1":"#4d4aba","l2":"610","c2":"#f661b9"},"geometry":{"type":"Point","coordinates":[21.727992,38.241193]}},{"type":"Feature","properties":{"lines":"501, 502","arr":["501","502"],"mode":"bus","angle":8,"l0":"501, ","c0":"#6b5806","l1":"502","c1":"#4d4aba"},"geometry":{"type":"Point","coordinates":[21.727112,38.241029]}},{"type":"Feature","properties":{"lines":"501, 503","arr":["501","503"],"mode":"bus","angle":69.3,"mi":1,"l0":"501, ","c0":"#6b5806","l1":"503","c1":"#b0045c"},"geometry":{"type":"Point","coordinates":[21.669066,38.164852]}},{"type":"Feature","properties":{"lines":"501, 503","arr":["501","503"],"mode":"bus","angle":69.3,"extra":1,"ei":0,"l0":"501, ","c0":"#6b5806","l1":"503","c1":"#b0045c"},"geometry":{"type":"Point","coordinates":[21.668483,38.166063]}},{"type":"Feature","properties":{"lines":"501, 502, 503","arr":["501","502","503"],"mode":"bus","angle":-69.9,"l0":"501, ","c0":"#6b5806","l1":"502, ","c1":"#4d4aba","l2":"503","c2":"#b0045c"},"geometry":{"type":"Point","coordinates":[21.688764,38.185187]}},{"type":"Feature","properties":{"lines":"501, 502, 503","arr":["501","502","503"],"mode":"bus","angle":-65.2,"extra":1,"ei":0,"l0":"501, ","c0":"#6b5806","l1":"502, ","c1":"#4d4aba","l2":"503","c2":"#b0045c"},"geometry":{"type":"Point","coordinates":[21.68717,38.181373]}},{"type":"Feature","properties":{"lines":"501, 502, 503","arr":["501","502","503"],"mode":"bus","angle":-72.2,"extra":1,"ei":1,"l0":"501, ","c0":"#6b5806","l1":"502, ","c1":"#4d4aba","l2":"503","c2":"#b0045c"},"geometry":{"type":"Point","coordinates":[21.687989,38.183147]}},{"type":"Feature","properties":{"lines":"501, 502, 503","arr":["501","502","503"],"mode":"bus","angle":-63.5,"extra":1,"ei":2,"l0":"501, ","c0":"#6b5806","l1":"502, ","c1":"#4d4aba","l2":"503","c2":"#b0045c"},"geometry":{"type":"Point","coordinates":[21.68964,38.186683]}},{"type":"Feature","properties":{"lines":"501, 502, 503","arr":["501","502","503"],"mode":"bus","angle":-63.1,"extra":1,"ei":3,"l0":"501, ","c0":"#6b5806","l1":"502, ","c1":"#4d4aba","l2":"503","c2":"#b0045c"},"geometry":{"type":"Point","coordinates":[21.690535,38.188433]}},{"type":"Feature","properties":{"lines":"501, 503","arr":["501","503"],"mode":"bus","angle":-15.8,"l0":"501, ","c0":"#6b5806","l1":"503","c1":"#b0045c"},"geometry":{"type":"Point","coordinates":[21.663676,38.16153]}},{"type":"Feature","properties":{"lines":"501, 503","arr":["501","503"],"mode":"bus","angle":-50.5,"extra":1,"ei":0,"l0":"501, ","c0":"#6b5806","l1":"503","c1":"#b0045c"},"geometry":{"type":"Point","coordinates":[21.685943,38.179755]}},{"type":"Feature","properties":{"lines":"501, 503","arr":["501","503"],"mode":"bus","angle":-49.1,"extra":1,"ei":1,"l0":"501, ","c0":"#6b5806","l1":"503","c1":"#b0045c"},"geometry":{"type":"Point","coordinates":[21.684332,38.178353]}},{"type":"Feature","properties":{"lines":"501, 503","arr":["501","503"],"mode":"bus","angle":-54.1,"extra":1,"ei":2,"l0":"501, ","c0":"#6b5806","l1":"503","c1":"#b0045c"},"geometry":{"type":"Point","coordinates":[21.682933,38.176819]}},{"type":"Feature","properties":{"lines":"501, 503","arr":["501","503"],"mode":"bus","angle":-61.7,"extra":1,"ei":3,"l0":"501, ","c0":"#6b5806","l1":"503","c1":"#b0045c"},"geometry":{"type":"Point","coordinates":[21.681592,38.175257]}},{"type":"Feature","properties":{"lines":"501, 503","arr":["501","503"],"mode":"bus","angle":-66,"extra":1,"ei":4,"l0":"501, ","c0":"#6b5806","l1":"503","c1":"#b0045c"},"geometry":{"type":"Point","coordinates":[21.680645,38.173523]}},{"type":"Feature","properties":{"lines":"501, 503","arr":["501","503"],"mode":"bus","angle":-57.5,"extra":1,"ei":5,"l0":"501, ","c0":"#6b5806","l1":"503","c1":"#b0045c"},"geometry":{"type":"Point","coordinates":[21.679447,38.171888]}},{"type":"Feature","properties":{"lines":"501, 503","arr":["501","503"],"mode":"bus","angle":-55.8,"extra":1,"ei":6,"l0":"501, ","c0":"#6b5806","l1":"503","c1":"#b0045c"},"geometry":{"type":"Point","coordinates":[21.678131,38.170308]}},{"type":"Feature","properties":{"lines":"501, 503","arr":["501","503"],"mode":"bus","angle":-53.5,"extra":1,"ei":7,"l0":"501, ","c0":"#6b5806","l1":"503","c1":"#b0045c"},"geometry":{"type":"Point","coordinates":[21.676734,38.168772]}},{"type":"Feature","properties":{"lines":"501, 503","arr":["501","503"],"mode":"bus","angle":-54.1,"extra":1,"ei":8,"l0":"501, ","c0":"#6b5806","l1":"503","c1":"#b0045c"},"geometry":{"type":"Point","coordinates":[21.675311,38.167249]}},{"type":"Feature","properties":{"lines":"501, 503","arr":["501","503"],"mode":"bus","angle":-39.9,"extra":1,"ei":9,"l0":"501, ","c0":"#6b5806","l1":"503","c1":"#b0045c"},"geometry":{"type":"Point","coordinates":[21.673581,38.16595]}},{"type":"Feature","properties":{"lines":"501, 503","arr":["501","503"],"mode":"bus","angle":-44.9,"extra":1,"ei":10,"l0":"501, ","c0":"#6b5806","l1":"503","c1":"#b0045c"},"geometry":{"type":"Point","coordinates":[21.671935,38.16458]}},{"type":"Feature","properties":{"lines":"501, 503","arr":["501","503"],"mode":"bus","angle":-28.5,"extra":1,"ei":11,"l0":"501, ","c0":"#6b5806","l1":"503","c1":"#b0045c"},"geometry":{"type":"Point","coordinates":[21.669969,38.163513]}},{"type":"Feature","properties":{"lines":"501, 503","arr":["501","503"],"mode":"bus","angle":-27.9,"extra":1,"ei":12,"l0":"501, ","c0":"#6b5806","l1":"503","c1":"#b0045c"},"geometry":{"type":"Point","coordinates":[21.667995,38.162444]}},{"type":"Feature","properties":{"lines":"501, 503","arr":["501","503"],"mode":"bus","angle":-4.7,"extra":1,"ei":13,"l0":"501, ","c0":"#6b5806","l1":"503","c1":"#b0045c"},"geometry":{"type":"Point","coordinates":[21.665738,38.161841]}},{"type":"Feature","properties":{"lines":"501, 503","arr":["501","503"],"mode":"bus","angle":1.8,"extra":1,"ei":14,"l0":"501, ","c0":"#6b5806","l1":"503","c1":"#b0045c"},"geometry":{"type":"Point","coordinates":[21.661009,38.16129]}},{"type":"Feature","properties":{"lines":"501, 503","arr":["501","503"],"mode":"bus","angle":-0.6,"extra":1,"ei":15,"l0":"501, ","c0":"#6b5806","l1":"503","c1":"#b0045c"},"geometry":{"type":"Point","coordinates":[21.658622,38.161493]}},{"type":"Feature","properties":{"lines":"501, 503","arr":["501","503"],"mode":"bus","angle":-27.9,"extra":1,"ei":16,"l0":"501, ","c0":"#6b5806","l1":"503","c1":"#b0045c"},"geometry":{"type":"Point","coordinates":[21.65633,38.161015]}},{"type":"Feature","properties":{"lines":"501, 503","arr":["501","503"],"mode":"bus","angle":-25.4,"extra":1,"ei":17,"l0":"501, ","c0":"#6b5806","l1":"503","c1":"#b0045c"},"geometry":{"type":"Point","coordinates":[21.654178,38.160174]}},{"type":"Feature","properties":{"lines":"501, 503","arr":["501","503"],"mode":"bus","angle":-32.4,"extra":1,"ei":18,"l0":"501, ","c0":"#6b5806","l1":"503","c1":"#b0045c"},"geometry":{"type":"Point","coordinates":[21.652105,38.159222]}},{"type":"Feature","properties":{"lines":"501, 503","arr":["501","503"],"mode":"bus","angle":-30.7,"extra":1,"ei":19,"l0":"501, ","c0":"#6b5806","l1":"503","c1":"#b0045c"},"geometry":{"type":"Point","coordinates":[21.650108,38.158173]}},{"type":"Feature","properties":{"lines":"501, 503","arr":["501","503"],"mode":"bus","angle":-30.4,"extra":1,"ei":20,"l0":"501, ","c0":"#6b5806","l1":"503","c1":"#b0045c"},"geometry":{"type":"Point","coordinates":[21.648,38.157267]}},{"type":"Feature","properties":{"lines":"501, 503","arr":["501","503"],"mode":"bus","angle":-25,"extra":1,"ei":21,"l0":"501, ","c0":"#6b5806","l1":"503","c1":"#b0045c"},"geometry":{"type":"Point","coordinates":[21.645915,38.156328]}},{"type":"Feature","properties":{"lines":"501, 503","arr":["501","503"],"mode":"bus","angle":-20.2,"extra":1,"ei":22,"l0":"501, ","c0":"#6b5806","l1":"503","c1":"#b0045c"},"geometry":{"type":"Point","coordinates":[21.643642,38.155718]}},{"type":"Feature","properties":{"lines":"501, 503","arr":["501","503"],"mode":"bus","angle":-5.8,"extra":1,"ei":23,"l0":"501, ","c0":"#6b5806","l1":"503","c1":"#b0045c"},"geometry":{"type":"Point","coordinates":[21.641305,38.155293]}},{"type":"Feature","properties":{"lines":"501, 503","arr":["501","503"],"mode":"bus","angle":12.1,"extra":1,"ei":24,"l0":"501, ","c0":"#6b5806","l1":"503","c1":"#b0045c"},"geometry":{"type":"Point","coordinates":[21.638915,38.15542]}},{"type":"Feature","properties":{"lines":"501, 503","arr":["501","503"],"mode":"bus","angle":-7.5,"extra":1,"ei":25,"l0":"501, ","c0":"#6b5806","l1":"503","c1":"#b0045c"},"geometry":{"type":"Point","coordinates":[21.636525,38.155465]}},{"type":"Feature","properties":{"lines":"501, 503","arr":["501","503"],"mode":"bus","angle":-14.1,"extra":1,"ei":26,"l0":"501, ","c0":"#6b5806","l1":"503","c1":"#b0045c"},"geometry":{"type":"Point","coordinates":[21.634168,38.155097]}},{"type":"Feature","properties":{"lines":"501, 503","arr":["501","503"],"mode":"bus","angle":-20.2,"extra":1,"ei":27,"l0":"501, ","c0":"#6b5806","l1":"503","c1":"#b0045c"},"geometry":{"type":"Point","coordinates":[21.631881,38.154519]}},{"type":"Feature","properties":{"lines":"502, 801","arr":["502","801"],"mode":"bus","angle":52.9,"l0":"502, ","c0":"#4d4aba","l1":"801","c1":"#e16cd6"},"geometry":{"type":"Point","coordinates":[21.715425,38.190718]}},{"type":"Feature","properties":{"lines":"502, 801","arr":["502","801"],"mode":"bus","angle":60.9,"extra":1,"ei":0,"l0":"502, ","c0":"#4d4aba","l1":"801","c1":"#e16cd6"},"geometry":{"type":"Point","coordinates":[21.713547,38.192567]}},{"type":"Feature","properties":{"lines":"502, 801","arr":["502","801"],"mode":"bus","angle":-45.7,"extra":1,"ei":1,"l0":"502, ","c0":"#4d4aba","l1":"801","c1":"#e16cd6"},"geometry":{"type":"Point","coordinates":[21.716071,38.1896]}},{"type":"Feature","properties":{"lines":"502, 801","arr":["502","801"],"mode":"bus","angle":-65.6,"extra":1,"ei":2,"l0":"502, ","c0":"#4d4aba","l1":"801","c1":"#e16cd6"},"geometry":{"type":"Point","coordinates":[21.714248,38.188417]}},{"type":"Feature","properties":{"lines":"801, 804","arr":["801","804"],"mode":"bus","angle":-24.8,"l0":"801, ","c0":"#e16cd6","l1":"804","c1":"#03636c"},"geometry":{"type":"Point","coordinates":[21.719344,38.188672]}},{"type":"Feature","properties":{"lines":"801, 804","arr":["801","804"],"mode":"bus","angle":9.8,"extra":1,"ei":0,"l0":"801, ","c0":"#e16cd6","l1":"804","c1":"#03636c"},"geometry":{"type":"Point","coordinates":[21.71543,38.188269]}},{"type":"Feature","properties":{"lines":"801, 804","arr":["801","804"],"mode":"bus","angle":-11.8,"extra":1,"ei":1,"l0":"801, ","c0":"#e16cd6","l1":"804","c1":"#03636c"},"geometry":{"type":"Point","coordinates":[21.717816,38.188305]}},{"type":"Feature","properties":{"lines":"801, 804","arr":["801","804"],"mode":"bus","angle":-34.4,"extra":1,"ei":2,"l0":"801, ","c0":"#e16cd6","l1":"804","c1":"#03636c"},"geometry":{"type":"Point","coordinates":[21.722065,38.189989]}},{"type":"Feature","properties":{"lines":"502, 804","arr":["502","804"],"mode":"bus","angle":-2.4,"l0":"502, ","c0":"#4d4aba","l1":"804","c1":"#03636c"},"geometry":{"type":"Point","coordinates":[21.712248,38.187814]}},{"type":"Feature","properties":{"lines":"502, 804","arr":["502","804"],"mode":"bus","angle":-5,"mi":1,"l0":"502, ","c0":"#4d4aba","l1":"804","c1":"#03636c"},"geometry":{"type":"Point","coordinates":[21.707492,38.187877]}},{"type":"Feature","properties":{"lines":"502","arr":["502"],"mode":"bus","angle":-34.5,"l0":"502","c0":"#4d4aba"},"geometry":{"type":"Point","coordinates":[21.695948,38.183758]}},{"type":"Feature","properties":{"lines":"502","arr":["502"],"mode":"bus","angle":-38.2,"extra":1,"ei":0,"l0":"502","c0":"#4d4aba"},"geometry":{"type":"Point","coordinates":[21.70384,38.187148]}},{"type":"Feature","properties":{"lines":"502","arr":["502"],"mode":"bus","angle":-13.7,"extra":1,"ei":1,"l0":"502","c0":"#4d4aba"},"geometry":{"type":"Point","coordinates":[21.701696,38.186324]}},{"type":"Feature","properties":{"lines":"502","arr":["502"],"mode":"bus","angle":-41.7,"extra":1,"ei":2,"l0":"502","c0":"#4d4aba"},"geometry":{"type":"Point","coordinates":[21.699467,38.185698]}},{"type":"Feature","properties":{"lines":"502","arr":["502"],"mode":"bus","angle":-34.1,"extra":1,"ei":3,"l0":"502","c0":"#4d4aba"},"geometry":{"type":"Point","coordinates":[21.697528,38.184615]}},{"type":"Feature","properties":{"lines":"502","arr":["502"],"mode":"bus","angle":-14.3,"extra":1,"ei":4,"l0":"502","c0":"#4d4aba"},"geometry":{"type":"Point","coordinates":[21.693254,38.183047]}},{"type":"Feature","properties":{"lines":"502","arr":["502"],"mode":"bus","angle":-14.6,"extra":1,"ei":5,"l0":"502","c0":"#4d4aba"},"geometry":{"type":"Point","coordinates":[21.690924,38.182583]}},{"type":"Feature","properties":{"lines":"502","arr":["502"],"mode":"bus","angle":-36,"extra":1,"ei":6,"l0":"502","c0":"#4d4aba"},"geometry":{"type":"Point","coordinates":[21.688839,38.181687]}},{"type":"Feature","properties":{"lines":"502","arr":["502"],"mode":"bus","angle":-34.2,"side":-1,"extra":1,"ei":7,"l0":"502","c0":"#4d4aba"},"geometry":{"type":"Point","coordinates":[21.686887,38.180586]}},{"type":"Feature","properties":{"lines":"502","arr":["502"],"mode":"bus","angle":37.3,"side":-1,"mi":3,"l0":"502","c0":"#4d4aba"},"geometry":{"type":"Point","coordinates":[21.70323,38.186584]}},{"type":"Feature","properties":{"lines":"502","arr":["502"],"mode":"bus","angle":48.4,"mi":1,"l0":"502","c0":"#4d4aba"},"geometry":{"type":"Point","coordinates":[21.694999,38.184669]}},{"type":"Feature","properties":{"lines":"502","arr":["502"],"mode":"bus","angle":49,"mi":4,"l0":"502","c0":"#4d4aba"},"geometry":{"type":"Point","coordinates":[21.6923,38.187053]}},{"type":"Feature","properties":{"lines":"503","arr":["503"],"mode":"bus","angle":6.2,"l0":"503","c0":"#b0045c"},"geometry":{"type":"Point","coordinates":[21.721187,38.212777]}},{"type":"Feature","properties":{"lines":"503","arr":["503"],"mode":"bus","angle":-11.6,"mi":4,"l0":"503","c0":"#b0045c"},"geometry":{"type":"Point","coordinates":[21.723534,38.212312]}},{"type":"Feature","properties":{"lines":"503","arr":["503"],"mode":"bus","angle":14.1,"mi":5,"l0":"503","c0":"#b0045c"},"geometry":{"type":"Point","coordinates":[21.718017,38.212412]}},{"type":"Feature","properties":{"lines":"503","arr":["503"],"mode":"bus","angle":23.6,"mi":2,"l0":"503","c0":"#b0045c"},"geometry":{"type":"Point","coordinates":[21.71996,38.212958]}},{"type":"Feature","properties":{"lines":"503","arr":["503"],"mode":"bus","angle":15,"mi":6,"l0":"503","c0":"#b0045c"},"geometry":{"type":"Point","coordinates":[21.724538,38.212646]}},{"type":"Feature","properties":{"lines":"503","arr":["503"],"mode":"bus","angle":21.5,"mi":1,"l0":"503","c0":"#b0045c"},"geometry":{"type":"Point","coordinates":[21.722302,38.212685]}},{"type":"Feature","properties":{"lines":"601, 606, 608, 609","arr":["601","606","608","609"],"mode":"bus","angle":-63,"l0":"601, ","c0":"#b0045c","l1":"606, ","c1":"#126804","l2":"608, ","c2":"#119efc","l3":"609","c3":"#05617d"},"geometry":{"type":"Point","coordinates":[21.759671,38.27242]}},{"type":"Feature","properties":{"lines":"601, 606, 608, 609","arr":["601","606","608","609"],"mode":"bus","angle":-72.3,"extra":1,"ei":0,"l0":"601, ","c0":"#b0045c","l1":"606, ","c1":"#126804","l2":"608, ","c2":"#119efc","l3":"609","c3":"#05617d"},"geometry":{"type":"Point","coordinates":[21.757743,38.26719]}},{"type":"Feature","properties":{"lines":"601, 606, 608, 609","arr":["601","606","608","609"],"mode":"bus","angle":-77.9,"extra":1,"ei":1,"l0":"601, ","c0":"#b0045c","l1":"606, ","c1":"#126804","l2":"608, ","c2":"#119efc","l3":"609","c3":"#05617d"},"geometry":{"type":"Point","coordinates":[21.758169,38.269047]}},{"type":"Feature","properties":{"lines":"601, 606, 608, 609","arr":["601","606","608","609"],"mode":"bus","angle":-69.9,"extra":1,"ei":2,"l0":"601, ","c0":"#b0045c","l1":"606, ","c1":"#126804","l2":"608, ","c2":"#119efc","l3":"609","c3":"#05617d"},"geometry":{"type":"Point","coordinates":[21.758708,38.270887]}},{"type":"Feature","properties":{"lines":"601, 606, 608, 609","arr":["601","606","608","609"],"mode":"bus","angle":-46.1,"extra":1,"ei":3,"l0":"601, ","c0":"#b0045c","l1":"606, ","c1":"#126804","l2":"608, ","c2":"#119efc","l3":"609","c3":"#05617d"},"geometry":{"type":"Point","coordinates":[21.761233,38.274062]}},{"type":"Feature","properties":{"lines":"601, 606, 608, 609","arr":["601","606","608","609"],"mode":"bus","angle":-45.1,"extra":1,"ei":4,"l0":"601, ","c0":"#b0045c","l1":"606, ","c1":"#126804","l2":"608, ","c2":"#119efc","l3":"609","c3":"#05617d"},"geometry":{"type":"Point","coordinates":[21.762903,38.27542]}},{"type":"Feature","properties":{"lines":"601, 606, 608, 609","arr":["601","606","608","609"],"mode":"bus","angle":-48.3,"extra":1,"ei":5,"l0":"601, ","c0":"#b0045c","l1":"606, ","c1":"#126804","l2":"608, ","c2":"#119efc","l3":"609","c3":"#05617d"},"geometry":{"type":"Point","coordinates":[21.764546,38.276799]}},{"type":"Feature","properties":{"lines":"601, 606, 608, 609, 902","arr":["601","606","608","609","902"],"mode":"bus","angle":-41.3,"l0":"601, ","c0":"#b0045c","l1":"606, ","c1":"#126804","l2":"608, ","c2":"#119efc","l3":"609, ","c3":"#05617d","l4":"902","c4":"#8e4604"},"geometry":{"type":"Point","coordinates":[21.767036,38.279019]}},{"type":"Feature","properties":{"lines":"601, 606, 608, 609, 902","arr":["601","606","608","609","902"],"mode":"bus","angle":-51.1,"extra":1,"ei":0,"l0":"601, ","c0":"#b0045c","l1":"606, ","c1":"#126804","l2":"608, ","c2":"#119efc","l3":"609, ","c3":"#05617d","l4":"902","c4":"#8e4604"},"geometry":{"type":"Point","coordinates":[21.765807,38.277964]}},{"type":"Feature","properties":{"lines":"601, 606, 608, 609, 902","arr":["601","606","608","609","902"],"mode":"bus","angle":-41,"extra":1,"ei":1,"l0":"601, ","c0":"#b0045c","l1":"606, ","c1":"#126804","l2":"608, ","c2":"#119efc","l3":"609, ","c3":"#05617d","l4":"902","c4":"#8e4604"},"geometry":{"type":"Point","coordinates":[21.769147,38.280666]}},{"type":"Feature","properties":{"lines":"601, 602, 608, 609, 901, 902","arr":["601","602","608","609","901","902"],"mode":"bus","angle":-41.9,"l0":"601, ","c0":"#b0045c","l1":"602, ","c1":"#fe6761","l2":"608, ","c2":"#119efc","l3":"609, ","c3":"#05617d","l4":"901, ","c4":"#999f01","l5":"902","c5":"#8e4604"},"geometry":{"type":"Point","coordinates":[21.769909,38.281199]}},{"type":"Feature","properties":{"lines":"601, 602, 608, 901","arr":["601","602","608","901"],"mode":"bus","angle":-61.2,"side":-1,"l0":"601, ","c0":"#b0045c","l1":"602, ","c1":"#fe6761","l2":"608, ","c2":"#119efc","l3":"901","c3":"#999f01"},"geometry":{"type":"Point","coordinates":[21.772401,38.283837]}},{"type":"Feature","properties":{"lines":"601, 602, 608, 901","arr":["601","602","608","901"],"mode":"bus","angle":-60.6,"side":-1,"extra":1,"ei":0,"l0":"601, ","c0":"#b0045c","l1":"602, ","c1":"#fe6761","l2":"608, ","c2":"#119efc","l3":"901","c3":"#999f01"},"geometry":{"type":"Point","coordinates":[21.77145,38.282379]}},{"type":"Feature","properties":{"lines":"601, 602, 608, 901","arr":["601","602","608","901"],"mode":"bus","angle":-58.6,"side":-1,"extra":1,"ei":1,"l0":"601, ","c0":"#b0045c","l1":"602, ","c1":"#fe6761","l2":"608, ","c2":"#119efc","l3":"901","c3":"#999f01"},"geometry":{"type":"Point","coordinates":[21.773795,38.285673]}},{"type":"Feature","properties":{"lines":"601, 602, 901","arr":["601","602","901"],"mode":"bus","angle":29.1,"mi":5,"l0":"601, ","c0":"#b0045c","l1":"602, ","c1":"#fe6761","l2":"901","c2":"#999f01"},"geometry":{"type":"Point","coordinates":[21.775779,38.285806]}},{"type":"Feature","properties":{"lines":"601, 602, 901","arr":["601","602","901"],"mode":"bus","angle":-20.6,"side":-1,"extra":1,"ei":0,"l0":"601, ","c0":"#b0045c","l1":"602, ","c1":"#fe6761","l2":"901","c2":"#999f01"},"geometry":{"type":"Point","coordinates":[21.77727,38.285281]}},{"type":"Feature","properties":{"lines":"601, 602, 901","arr":["601","602","901"],"mode":"bus","angle":-68.9,"mi":4,"l0":"601, ","c0":"#b0045c","l1":"602, ","c1":"#fe6761","l2":"901","c2":"#999f01"},"geometry":{"type":"Point","coordinates":[21.777544,38.285663]}},{"type":"Feature","properties":{"lines":"601, 602, 901","arr":["601","602","901"],"mode":"bus","angle":-37.3,"side":-1,"mi":6,"l0":"601, ","c0":"#b0045c","l1":"602, ","c1":"#fe6761","l2":"901","c2":"#999f01"},"geometry":{"type":"Point","coordinates":[21.792429,38.294755]}},{"type":"Feature","properties":{"lines":"601, 602, 901","arr":["601","602","901"],"mode":"bus","angle":-34.9,"side":-1,"mi":3,"l0":"601, ","c0":"#b0045c","l1":"602, ","c1":"#fe6761","l2":"901","c2":"#999f01"},"geometry":{"type":"Point","coordinates":[21.78822,38.292403]}},{"type":"Feature","properties":{"lines":"601, 602, 901","arr":["601","602","901"],"mode":"bus","angle":-36.2,"side":-1,"l0":"601, ","c0":"#b0045c","l1":"602, ","c1":"#fe6761","l2":"901","c2":"#999f01"},"geometry":{"type":"Point","coordinates":[21.78557,38.2909]}},{"type":"Feature","properties":{"lines":"601, 602, 901","arr":["601","602","901"],"mode":"bus","angle":-35.4,"side":-1,"extra":1,"ei":0,"l0":"601, ","c0":"#b0045c","l1":"602, ","c1":"#fe6761","l2":"901","c2":"#999f01"},"geometry":{"type":"Point","coordinates":[21.790903,38.293886]}},{"type":"Feature","properties":{"lines":"601, 602, 901","arr":["601","602","901"],"mode":"bus","angle":-37.5,"side":-1,"extra":1,"ei":1,"l0":"601, ","c0":"#b0045c","l1":"602, ","c1":"#fe6761","l2":"901","c2":"#999f01"},"geometry":{"type":"Point","coordinates":[21.794729,38.296172]}},{"type":"Feature","properties":{"lines":"601, 602, 901","arr":["601","602","901"],"mode":"bus","angle":20.5,"mi":2,"l0":"601, ","c0":"#b0045c","l1":"602, ","c1":"#fe6761","l2":"901","c2":"#999f01"},"geometry":{"type":"Point","coordinates":[21.780524,38.28521]}},{"type":"Feature","properties":{"lines":"601, 602, 901","arr":["601","602","901"],"mode":"bus","angle":28.1,"extra":1,"ei":0,"l0":"601, ","c0":"#b0045c","l1":"602, ","c1":"#fe6761","l2":"901","c2":"#999f01"},"geometry":{"type":"Point","coordinates":[21.778969,38.285701]}},{"type":"Feature","properties":{"lines":"608","arr":["608"],"mode":"bus","angle":62.1,"side":-1,"mi":3,"l0":"608","c0":"#119efc"},"geometry":{"type":"Point","coordinates":[21.788027,38.279983]}},{"type":"Feature","properties":{"lines":"601, 602, 901","arr":["601","602","901"],"mode":"bus","angle":-34.1,"mi":1,"l0":"601, ","c0":"#b0045c","l1":"602, ","c1":"#fe6761","l2":"901","c2":"#999f01"},"geometry":{"type":"Point","coordinates":[21.784453,38.28537]}},{"type":"Feature","properties":{"lines":"601, 602, 609, 610, 901, 902","arr":["601","602","609","610","901","902"],"mode":"bus","angle":-34.4,"mi":1,"l0":"601, ","c0":"#b0045c","l1":"602, ","c1":"#fe6761","l2":"609, ","c2":"#05617d","l3":"610, ","c3":"#f661b9","l4":"901, ","c4":"#999f01","l5":"902","c5":"#8e4604"},"geometry":{"type":"Point","coordinates":[21.78667,38.286554]}},{"type":"Feature","properties":{"lines":"601, 602, 609, 610, 901, 902","arr":["601","602","609","610","901","902"],"mode":"bus","angle":55.3,"l0":"601, ","c0":"#b0045c","l1":"602, ","c1":"#fe6761","l2":"609, ","c2":"#05617d","l3":"610, ","c3":"#f661b9","l4":"901, ","c4":"#999f01","l5":"902","c5":"#8e4604"},"geometry":{"type":"Point","coordinates":[21.785996,38.288601]}},{"type":"Feature","properties":{"lines":"602","arr":["602"],"mode":"bus","angle":-58.3,"side":-1,"l0":"602","c0":"#fe6761"},"geometry":{"type":"Point","coordinates":[21.752975,38.265231]}},{"type":"Feature","properties":{"lines":"602","arr":["602"],"mode":"bus","angle":-79.9,"side":-1,"extra":1,"ei":0,"l0":"602","c0":"#fe6761"},"geometry":{"type":"Point","coordinates":[21.748174,38.258636]}},{"type":"Feature","properties":{"lines":"602","arr":["602"],"mode":"bus","angle":-58.9,"side":-1,"extra":1,"ei":1,"l0":"602","c0":"#fe6761"},"geometry":{"type":"Point","coordinates":[21.749242,38.260315]}},{"type":"Feature","properties":{"lines":"602","arr":["602"],"mode":"bus","angle":-59.2,"side":-1,"extra":1,"ei":2,"l0":"602","c0":"#fe6761"},"geometry":{"type":"Point","coordinates":[21.750485,38.261931]}},{"type":"Feature","properties":{"lines":"602","arr":["602"],"mode":"bus","angle":-60.5,"side":-1,"extra":1,"ei":3,"l0":"602","c0":"#fe6761"},"geometry":{"type":"Point","coordinates":[21.751707,38.263557]}},{"type":"Feature","properties":{"lines":"602","arr":["602"],"mode":"bus","angle":-59.3,"side":-1,"extra":1,"ei":4,"l0":"602","c0":"#fe6761"},"geometry":{"type":"Point","coordinates":[21.754168,38.266802]}},{"type":"Feature","properties":{"lines":"602","arr":["602"],"mode":"bus","angle":-59.8,"side":-1,"extra":1,"ei":5,"l0":"602","c0":"#fe6761"},"geometry":{"type":"Point","coordinates":[21.755394,38.268426]}},{"type":"Feature","properties":{"lines":"602","arr":["602"],"mode":"bus","angle":-59.7,"side":-1,"extra":1,"ei":6,"l0":"602","c0":"#fe6761"},"geometry":{"type":"Point","coordinates":[21.756619,38.270051]}},{"type":"Feature","properties":{"lines":"602","arr":["602"],"mode":"bus","angle":-59.3,"side":-1,"extra":1,"ei":7,"l0":"602","c0":"#fe6761"},"geometry":{"type":"Point","coordinates":[21.757852,38.271672]}},{"type":"Feature","properties":{"lines":"602, 901","arr":["602","901"],"mode":"bus","angle":-49.7,"side":-1,"l0":"602, ","c0":"#fe6761","l1":"901","c1":"#999f01"},"geometry":{"type":"Point","coordinates":[21.763296,38.276931]}},{"type":"Feature","properties":{"lines":"602, 901","arr":["602","901"],"mode":"bus","angle":-50.3,"side":-1,"extra":1,"ei":0,"l0":"602, ","c0":"#fe6761","l1":"901","c1":"#999f01"},"geometry":{"type":"Point","coordinates":[21.759314,38.273314]}},{"type":"Feature","properties":{"lines":"602, 901","arr":["602","901"],"mode":"bus","angle":-49,"side":-1,"extra":1,"ei":1,"l0":"602, ","c0":"#fe6761","l1":"901","c1":"#999f01"},"geometry":{"type":"Point","coordinates":[21.760878,38.274747]}},{"type":"Feature","properties":{"lines":"602, 901","arr":["602","901"],"mode":"bus","angle":-49.2,"side":-1,"extra":1,"ei":2,"l0":"602, ","c0":"#fe6761","l1":"901","c1":"#999f01"},"geometry":{"type":"Point","coordinates":[21.765607,38.279025]}},{"type":"Feature","properties":{"lines":"602, 901","arr":["602","901"],"mode":"bus","angle":-49.4,"side":-1,"extra":1,"ei":3,"l0":"602, ","c0":"#fe6761","l1":"901","c1":"#999f01"},"geometry":{"type":"Point","coordinates":[21.767175,38.280457]}},{"type":"Feature","properties":{"lines":"602, 606, 901","arr":["602","606","901"],"mode":"bus","angle":32.5,"l0":"602, ","c0":"#fe6761","l1":"606, ","c1":"#126804","l2":"901","c2":"#999f01"},"geometry":{"type":"Point","coordinates":[21.768629,38.280968]}},{"type":"Feature","properties":{"lines":"606","arr":["606"],"mode":"bus","angle":36.5,"mi":12,"l0":"606","c0":"#126804"},"geometry":{"type":"Point","coordinates":[21.766768,38.282031]}},{"type":"Feature","properties":{"lines":"606","arr":["606"],"mode":"bus","angle":-56.8,"mi":3,"l0":"606","c0":"#126804"},"geometry":{"type":"Point","coordinates":[21.772352,38.292704]}},{"type":"Feature","properties":{"lines":"606","arr":["606"],"mode":"bus","angle":-66.6,"mi":5,"l0":"606","c0":"#126804"},"geometry":{"type":"Point","coordinates":[21.766872,38.28544]}},{"type":"Feature","properties":{"lines":"606","arr":["606"],"mode":"bus","angle":-64.5,"extra":1,"ei":0,"l0":"606","c0":"#126804"},"geometry":{"type":"Point","coordinates":[21.767873,38.287197]}},{"type":"Feature","properties":{"lines":"606","arr":["606"],"mode":"bus","angle":-67.6,"extra":1,"ei":1,"l0":"606","c0":"#126804"},"geometry":{"type":"Point","coordinates":[21.765949,38.283736]}},{"type":"Feature","properties":{"lines":"606","arr":["606"],"mode":"bus","angle":-56.7,"extra":1,"ei":0,"l0":"606","c0":"#126804"},"geometry":{"type":"Point","coordinates":[21.769119,38.288899]}},{"type":"Feature","properties":{"lines":"606","arr":["606"],"mode":"bus","angle":-55.6,"extra":1,"ei":1,"l0":"606","c0":"#126804"},"geometry":{"type":"Point","coordinates":[21.770449,38.290472]}},{"type":"Feature","properties":{"lines":"606","arr":["606"],"mode":"bus","angle":-44.3,"extra":1,"ei":2,"l0":"606","c0":"#126804"},"geometry":{"type":"Point","coordinates":[21.774797,38.294963]}},{"type":"Feature","properties":{"lines":"606","arr":["606"],"mode":"bus","angle":-59.2,"extra":1,"ei":3,"l0":"606","c0":"#126804"},"geometry":{"type":"Point","coordinates":[21.776232,38.296467]}},{"type":"Feature","properties":{"lines":"606","arr":["606"],"mode":"bus","angle":37.1,"mi":7,"l0":"606","c0":"#126804"},"geometry":{"type":"Point","coordinates":[21.764481,38.285311]}},{"type":"Feature","properties":{"lines":"606","arr":["606"],"mode":"bus","angle":-42.5,"mi":6,"l0":"606","c0":"#126804"},"geometry":{"type":"Point","coordinates":[21.763558,38.287188]}},{"type":"Feature","properties":{"lines":"606","arr":["606"],"mode":"bus","angle":48,"mi":4,"l0":"606","c0":"#126804"},"geometry":{"type":"Point","coordinates":[21.76582,38.286843]}},{"type":"Feature","properties":{"lines":"606","arr":["606"],"mode":"bus","angle":46,"extra":1,"ei":0,"l0":"606","c0":"#126804"},"geometry":{"type":"Point","coordinates":[21.764847,38.287768]}},{"type":"Feature","properties":{"lines":"606","arr":["606"],"mode":"bus","angle":39.6,"mi":8,"l0":"606","c0":"#126804"},"geometry":{"type":"Point","coordinates":[21.77576,38.296471]}},{"type":"Feature","properties":{"lines":"606","arr":["606"],"mode":"bus","angle":40,"mi":11,"l0":"606","c0":"#126804"},"geometry":{"type":"Point","coordinates":[21.776198,38.297327]}},{"type":"Feature","properties":{"lines":"606","arr":["606"],"mode":"bus","angle":22.4,"mi":10,"l0":"606","c0":"#126804"},"geometry":{"type":"Point","coordinates":[21.775456,38.297538]}},{"type":"Feature","properties":{"lines":"606","arr":["606"],"mode":"bus","angle":29.5,"l0":"606","c0":"#126804"},"geometry":{"type":"Point","coordinates":[21.76975,38.291736]}},{"type":"Feature","properties":{"lines":"606","arr":["606"],"mode":"bus","angle":-50.7,"mi":2,"l0":"606","c0":"#126804"},"geometry":{"type":"Point","coordinates":[21.767902,38.291784]}},{"type":"Feature","properties":{"lines":"606","arr":["606"],"mode":"bus","angle":29.8,"mi":1,"l0":"606","c0":"#126804"},"geometry":{"type":"Point","coordinates":[21.768741,38.290576]}},{"type":"Feature","properties":{"lines":"610","arr":["610"],"mode":"bus","angle":-60.2,"l0":"610","c0":"#f661b9"},"geometry":{"type":"Point","coordinates":[21.754314,38.267212]}},{"type":"Feature","properties":{"lines":"610","arr":["610"],"mode":"bus","angle":-49.4,"l0":"610","c0":"#f661b9"},"geometry":{"type":"Point","coordinates":[21.766451,38.279947]}},{"type":"Feature","properties":{"lines":"610","arr":["610"],"mode":"bus","angle":-59,"extra":1,"ei":0,"l0":"610","c0":"#f661b9"},"geometry":{"type":"Point","coordinates":[21.750778,38.262522]}},{"type":"Feature","properties":{"lines":"610","arr":["610"],"mode":"bus","angle":-60.3,"extra":1,"ei":1,"l0":"610","c0":"#f661b9"},"geometry":{"type":"Point","coordinates":[21.751982,38.264157]}},{"type":"Feature","properties":{"lines":"610","arr":["610"],"mode":"bus","angle":-59,"extra":1,"ei":2,"l0":"610","c0":"#f661b9"},"geometry":{"type":"Point","coordinates":[21.753242,38.265765]}},{"type":"Feature","properties":{"lines":"610","arr":["610"],"mode":"bus","angle":-59.2,"extra":1,"ei":3,"l0":"610","c0":"#f661b9"},"geometry":{"type":"Point","coordinates":[21.755703,38.269009]}},{"type":"Feature","properties":{"lines":"610","arr":["610"],"mode":"bus","angle":-60,"extra":1,"ei":4,"l0":"610","c0":"#f661b9"},"geometry":{"type":"Point","coordinates":[21.756917,38.270639]}},{"type":"Feature","properties":{"lines":"610","arr":["610"],"mode":"bus","angle":-57.9,"extra":1,"ei":5,"l0":"610","c0":"#f661b9"},"geometry":{"type":"Point","coordinates":[21.758155,38.272258]}},{"type":"Feature","properties":{"lines":"610","arr":["610"],"mode":"bus","angle":-49.3,"extra":1,"ei":0,"l0":"610","c0":"#f661b9"},"geometry":{"type":"Point","coordinates":[21.767952,38.281312]}},{"type":"Feature","properties":{"lines":"610","arr":["610"],"mode":"bus","angle":-48.8,"extra":1,"ei":1,"l0":"610","c0":"#f661b9"},"geometry":{"type":"Point","coordinates":[21.764816,38.278449]}},{"type":"Feature","properties":{"lines":"606, 609, 610","arr":["606","609","610"],"mode":"bus","angle":-58.9,"mi":1,"l0":"606, ","c0":"#126804","l1":"609, ","c1":"#05617d","l2":"610","c2":"#f661b9"},"geometry":{"type":"Point","coordinates":[21.748686,38.259778]}},{"type":"Feature","properties":{"lines":"606, 609, 610","arr":["606","609","610"],"mode":"bus","angle":-59.1,"extra":1,"ei":0,"l0":"606, ","c0":"#126804","l1":"609, ","c1":"#05617d","l2":"610","c2":"#f661b9"},"geometry":{"type":"Point","coordinates":[21.749544,38.260902]}},{"type":"Feature","properties":{"lines":"606, 609, 610","arr":["606","609","610"],"mode":"bus","angle":18.2,"l0":"606, ","c0":"#126804","l1":"609, ","c1":"#05617d","l2":"610","c2":"#f661b9"},"geometry":{"type":"Point","coordinates":[21.742387,38.25688]}},{"type":"Feature","properties":{"lines":"607, 609","arr":["607","609"],"mode":"bus","angle":16.5,"l0":"607, ","c0":"#cf8a11","l1":"609","c1":"#05617d"},"geometry":{"type":"Point","coordinates":[21.763864,38.262215]}},{"type":"Feature","properties":{"lines":"607, 609","arr":["607","609"],"mode":"bus","angle":31.2,"extra":1,"ei":0,"l0":"607, ","c0":"#cf8a11","l1":"609","c1":"#05617d"},"geometry":{"type":"Point","coordinates":[21.760876,38.26378]}},{"type":"Feature","properties":{"lines":"607, 609","arr":["607","609"],"mode":"bus","angle":53,"extra":1,"ei":1,"l0":"607, ","c0":"#cf8a11","l1":"609","c1":"#05617d"},"geometry":{"type":"Point","coordinates":[21.765935,38.260076]}},{"type":"Feature","properties":{"lines":"607, 609","arr":["607","609"],"mode":"bus","angle":-1.2,"mi":1,"l0":"607, ","c0":"#cf8a11","l1":"609","c1":"#05617d"},"geometry":{"type":"Point","coordinates":[21.773333,38.259354]}},{"type":"Feature","properties":{"lines":"607, 609","arr":["607","609"],"mode":"bus","angle":14.7,"extra":1,"ei":0,"l0":"607, ","c0":"#cf8a11","l1":"609","c1":"#05617d"},"geometry":{"type":"Point","coordinates":[21.767314,38.258489]}},{"type":"Feature","properties":{"lines":"607, 609","arr":["607","609"],"mode":"bus","angle":41.4,"extra":1,"ei":1,"l0":"607, ","c0":"#cf8a11","l1":"609","c1":"#05617d"},"geometry":{"type":"Point","coordinates":[21.769273,38.25805]}},{"type":"Feature","properties":{"lines":"607, 609","arr":["607","609"],"mode":"bus","angle":8.6,"extra":1,"ei":2,"l0":"607, ","c0":"#cf8a11","l1":"609","c1":"#05617d"},"geometry":{"type":"Point","coordinates":[21.770204,38.259209]}},{"type":"Feature","properties":{"lines":"607, 609","arr":["607","609"],"mode":"bus","angle":6.2,"extra":1,"ei":3,"l0":"607, ","c0":"#cf8a11","l1":"609","c1":"#05617d"},"geometry":{"type":"Point","coordinates":[21.774874,38.259147]}},{"type":"Feature","properties":{"lines":"607, 609","arr":["607","609"],"mode":"bus","angle":29.4,"extra":1,"ei":4,"l0":"607, ","c0":"#cf8a11","l1":"609","c1":"#05617d"},"geometry":{"type":"Point","coordinates":[21.777088,38.259094]}},{"type":"Feature","properties":{"lines":"607, 609","arr":["607","609"],"mode":"bus","angle":38.8,"extra":1,"ei":5,"l0":"607, ","c0":"#cf8a11","l1":"609","c1":"#05617d"},"geometry":{"type":"Point","coordinates":[21.77896,38.257934]}},{"type":"Feature","properties":{"lines":"607, 609","arr":["607","609"],"mode":"bus","angle":-5.1,"extra":1,"ei":6,"l0":"607, ","c0":"#cf8a11","l1":"609","c1":"#05617d"},"geometry":{"type":"Point","coordinates":[21.781299,38.25771]}},{"type":"Feature","properties":{"lines":"607, 609","arr":["607","609"],"mode":"bus","angle":2.5,"extra":1,"ei":7,"l0":"607, ","c0":"#cf8a11","l1":"609","c1":"#05617d"},"geometry":{"type":"Point","coordinates":[21.783622,38.257443]}},{"type":"Feature","properties":{"lines":"607, 609","arr":["607","609"],"mode":"bus","angle":-3.1,"l0":"607, ","c0":"#cf8a11","l1":"609","c1":"#05617d"},"geometry":{"type":"Point","coordinates":[21.786266,38.257225]}},{"type":"Feature","properties":{"lines":"608","arr":["608"],"mode":"bus","angle":-36.3,"side":-1,"mi":2,"l0":"608","c0":"#119efc"},"geometry":{"type":"Point","coordinates":[21.776853,38.288516]}},{"type":"Feature","properties":{"lines":"608","arr":["608"],"mode":"bus","angle":-56.8,"side":-1,"extra":1,"ei":0,"l0":"608","c0":"#119efc"},"geometry":{"type":"Point","coordinates":[21.774691,38.28687]}},{"type":"Feature","properties":{"lines":"608","arr":["608"],"mode":"bus","angle":-43.5,"side":-1,"extra":1,"ei":1,"l0":"608","c0":"#119efc"},"geometry":{"type":"Point","coordinates":[21.778177,38.289439]}},{"type":"Feature","properties":{"lines":"608","arr":["608"],"mode":"bus","angle":-36.6,"side":-1,"extra":1,"ei":2,"l0":"608","c0":"#119efc"},"geometry":{"type":"Point","coordinates":[21.779991,38.290675]}},{"type":"Feature","properties":{"lines":"608, 609, 610, 902","arr":["608","609","610","902"],"mode":"bus","angle":35.1,"mi":1,"l0":"608, ","c0":"#119efc","l1":"609, ","c1":"#05617d","l2":"610, ","c2":"#f661b9","l3":"902","c3":"#8e4604"},"geometry":{"type":"Point","coordinates":[21.781377,38.289952]}},{"type":"Feature","properties":{"lines":"608","arr":["608"],"mode":"bus","angle":-38.5,"side":-1,"mi":1,"l0":"608","c0":"#119efc"},"geometry":{"type":"Point","coordinates":[21.783615,38.289776]}},{"type":"Feature","properties":{"lines":"608, 609, 610, 902","arr":["608","609","610","902"],"mode":"bus","angle":56.5,"side":-1,"l0":"608, ","c0":"#119efc","l1":"609, ","c1":"#05617d","l2":"610, ","c2":"#f661b9","l3":"902","c3":"#8e4604"},"geometry":{"type":"Point","coordinates":[21.78588,38.288535]}},{"type":"Feature","properties":{"lines":"608","arr":["608"],"mode":"bus","angle":56.1,"side":-1,"l0":"608","c0":"#119efc"},"geometry":{"type":"Point","coordinates":[21.788494,38.285514]}},{"type":"Feature","properties":{"lines":"608","arr":["608"],"mode":"bus","angle":67.6,"side":-1,"extra":1,"ei":0,"l0":"608","c0":"#119efc"},"geometry":{"type":"Point","coordinates":[21.789315,38.28453]}},{"type":"Feature","properties":{"lines":"608, 609","arr":["608","609"],"mode":"bus","angle":55.4,"l0":"608, ","c0":"#119efc","l1":"609","c1":"#05617d"},"geometry":{"type":"Point","coordinates":[21.78993,38.283157]}},{"type":"Feature","properties":{"lines":"608, 609","arr":["608","609"],"mode":"bus","angle":-37,"mi":1,"l0":"608, ","c0":"#119efc","l1":"609","c1":"#05617d"},"geometry":{"type":"Point","coordinates":[21.789195,38.28147]}},{"type":"Feature","properties":{"lines":"608, 609","arr":["608","609"],"mode":"bus","angle":-36.8,"extra":1,"ei":0,"l0":"608, ","c0":"#119efc","l1":"609","c1":"#05617d"},"geometry":{"type":"Point","coordinates":[21.790621,38.282312]}},{"type":"Feature","properties":{"lines":"608, 609","arr":["608","609"],"mode":"bus","angle":12.1,"l0":"608, ","c0":"#119efc","l1":"609","c1":"#05617d"},"geometry":{"type":"Point","coordinates":[21.814196,38.273937]}},{"type":"Feature","properties":{"lines":"608, 609","arr":["608","609"],"mode":"bus","angle":30.3,"extra":1,"ei":0,"l0":"608, ","c0":"#119efc","l1":"609","c1":"#05617d"},"geometry":{"type":"Point","coordinates":[21.789129,38.278731]}},{"type":"Feature","properties":{"lines":"608, 609","arr":["608","609"],"mode":"bus","angle":29.2,"extra":1,"ei":1,"l0":"608, ","c0":"#119efc","l1":"609","c1":"#05617d"},"geometry":{"type":"Point","coordinates":[21.791202,38.277777]}},{"type":"Feature","properties":{"lines":"608, 609","arr":["608","609"],"mode":"bus","angle":63.3,"extra":1,"ei":2,"l0":"608, ","c0":"#119efc","l1":"609","c1":"#05617d"},"geometry":{"type":"Point","coordinates":[21.792798,38.276445]}},{"type":"Feature","properties":{"lines":"608, 609","arr":["608","609"],"mode":"bus","angle":62.7,"extra":1,"ei":3,"l0":"608, ","c0":"#119efc","l1":"609","c1":"#05617d"},"geometry":{"type":"Point","coordinates":[21.794792,38.27557]}},{"type":"Feature","properties":{"lines":"608, 609","arr":["608","609"],"mode":"bus","angle":40.1,"extra":1,"ei":4,"l0":"608, ","c0":"#119efc","l1":"609","c1":"#05617d"},"geometry":{"type":"Point","coordinates":[21.796439,38.27443]}},{"type":"Feature","properties":{"lines":"608, 609","arr":["608","609"],"mode":"bus","angle":44.7,"extra":1,"ei":5,"l0":"608, ","c0":"#119efc","l1":"609","c1":"#05617d"},"geometry":{"type":"Point","coordinates":[21.798525,38.273992]}},{"type":"Feature","properties":{"lines":"608, 609","arr":["608","609"],"mode":"bus","angle":14.3,"extra":1,"ei":6,"l0":"608, ","c0":"#119efc","l1":"609","c1":"#05617d"},"geometry":{"type":"Point","coordinates":[21.800075,38.272958]}},{"type":"Feature","properties":{"lines":"608, 609","arr":["608","609"],"mode":"bus","angle":-42.3,"extra":1,"ei":7,"l0":"608, ","c0":"#119efc","l1":"609","c1":"#05617d"},"geometry":{"type":"Point","coordinates":[21.802176,38.273608]}},{"type":"Feature","properties":{"lines":"608, 609","arr":["608","609"],"mode":"bus","angle":-56,"extra":1,"ei":8,"l0":"608, ","c0":"#119efc","l1":"609","c1":"#05617d"},"geometry":{"type":"Point","coordinates":[21.803707,38.275055]}},{"type":"Feature","properties":{"lines":"608, 609","arr":["608","609"],"mode":"bus","angle":-7.4,"extra":1,"ei":9,"l0":"608, ","c0":"#119efc","l1":"609","c1":"#05617d"},"geometry":{"type":"Point","coordinates":[21.806901,38.273827]}},{"type":"Feature","properties":{"lines":"608, 609","arr":["608","609"],"mode":"bus","angle":37.5,"extra":1,"ei":10,"l0":"608, ","c0":"#119efc","l1":"609","c1":"#05617d"},"geometry":{"type":"Point","coordinates":[21.808996,38.273913]}},{"type":"Feature","properties":{"lines":"608, 609","arr":["608","609"],"mode":"bus","angle":-21.8,"extra":1,"ei":11,"l0":"608, ","c0":"#119efc","l1":"609","c1":"#05617d"},"geometry":{"type":"Point","coordinates":[21.810999,38.273226]}},{"type":"Feature","properties":{"lines":"608, 609","arr":["608","609"],"mode":"bus","angle":15.6,"extra":1,"ei":12,"l0":"608, ","c0":"#119efc","l1":"609","c1":"#05617d"},"geometry":{"type":"Point","coordinates":[21.817306,38.272614]}},{"type":"Feature","properties":{"lines":"608, 609","arr":["608","609"],"mode":"bus","angle":-16.2,"extra":1,"ei":13,"l0":"608, ","c0":"#119efc","l1":"609","c1":"#05617d"},"geometry":{"type":"Point","coordinates":[21.819044,38.273655]}},{"type":"Feature","properties":{"lines":"608, 609","arr":["608","609"],"mode":"bus","angle":-20.1,"extra":1,"ei":14,"l0":"608, ","c0":"#119efc","l1":"609","c1":"#05617d"},"geometry":{"type":"Point","coordinates":[21.821358,38.27416]}},{"type":"Feature","properties":{"lines":"608, 609","arr":["608","609"],"mode":"bus","angle":75.2,"extra":1,"ei":15,"l0":"608, ","c0":"#119efc","l1":"609","c1":"#05617d"},"geometry":{"type":"Point","coordinates":[21.823116,38.275074]}},{"type":"Feature","properties":{"lines":"608, 609","arr":["608","609"],"mode":"bus","angle":-39.2,"extra":1,"ei":16,"l0":"608, ","c0":"#119efc","l1":"609","c1":"#05617d"},"geometry":{"type":"Point","coordinates":[21.825261,38.274544]}},{"type":"Feature","properties":{"lines":"608, 609","arr":["608","609"],"mode":"bus","angle":14.3,"extra":1,"ei":17,"l0":"608, ","c0":"#119efc","l1":"609","c1":"#05617d"},"geometry":{"type":"Point","coordinates":[21.824352,38.273527]}},{"type":"Feature","properties":{"lines":"608, 609","arr":["608","609"],"mode":"bus","angle":-21.9,"extra":1,"ei":18,"l0":"608, ","c0":"#119efc","l1":"609","c1":"#05617d"},"geometry":{"type":"Point","coordinates":[21.827586,38.272985]}},{"type":"Feature","properties":{"lines":"608, 609","arr":["608","609"],"mode":"bus","angle":-13.1,"extra":1,"ei":19,"l0":"608, ","c0":"#119efc","l1":"609","c1":"#05617d"},"geometry":{"type":"Point","coordinates":[21.828368,38.271917]}},{"type":"Feature","properties":{"lines":"608, 609","arr":["608","609"],"mode":"bus","angle":19.5,"extra":1,"ei":20,"l0":"608, ","c0":"#119efc","l1":"609","c1":"#05617d"},"geometry":{"type":"Point","coordinates":[21.830564,38.271501]}},{"type":"Feature","properties":{"lines":"608, 609","arr":["608","609"],"mode":"bus","angle":-86.7,"extra":1,"ei":21,"l0":"608, ","c0":"#119efc","l1":"609","c1":"#05617d"},"geometry":{"type":"Point","coordinates":[21.832148,38.272197]}},{"type":"Feature","properties":{"lines":"608, 609","arr":["608","609"],"mode":"bus","angle":25.7,"extra":1,"ei":22,"l0":"608, ","c0":"#119efc","l1":"609","c1":"#05617d"},"geometry":{"type":"Point","coordinates":[21.834321,38.271534]}},{"type":"Feature","properties":{"lines":"609, 610, 902","arr":["609","610","902"],"mode":"bus","angle":-37.6,"mi":4,"l0":"609, ","c0":"#05617d","l1":"610, ","c1":"#f661b9","l2":"902","c2":"#8e4604"},"geometry":{"type":"Point","coordinates":[21.792487,38.294989]}},{"type":"Feature","properties":{"lines":"609, 610, 902","arr":["609","610","902"],"mode":"bus","angle":-35.1,"mi":2,"l0":"609, ","c0":"#05617d","l1":"610, ","c1":"#f661b9","l2":"902","c2":"#8e4604"},"geometry":{"type":"Point","coordinates":[21.788101,38.292512]}},{"type":"Feature","properties":{"lines":"609, 610, 902","arr":["609","610","902"],"mode":"bus","angle":-35.8,"l0":"609, ","c0":"#05617d","l1":"610, ","c1":"#f661b9","l2":"902","c2":"#8e4604"},"geometry":{"type":"Point","coordinates":[21.785458,38.291034]}},{"type":"Feature","properties":{"lines":"609, 610, 902","arr":["609","610","902"],"mode":"bus","angle":-39,"mi":1,"l0":"609, ","c0":"#05617d","l1":"610, ","c1":"#f661b9","l2":"902","c2":"#8e4604"},"geometry":{"type":"Point","coordinates":[21.783519,38.28992]}},{"type":"Feature","properties":{"lines":"609, 610, 902","arr":["609","610","902"],"mode":"bus","angle":-38.5,"extra":1,"ei":0,"l0":"609, ","c0":"#05617d","l1":"610, ","c1":"#f661b9","l2":"902","c2":"#8e4604"},"geometry":{"type":"Point","coordinates":[21.794135,38.296011]}},{"type":"Feature","properties":{"lines":"609, 610, 902","arr":["609","610","902"],"mode":"bus","angle":-35.2,"extra":1,"ei":1,"l0":"609, ","c0":"#05617d","l1":"610, ","c1":"#f661b9","l2":"902","c2":"#8e4604"},"geometry":{"type":"Point","coordinates":[21.790298,38.293737]}},{"type":"Feature","properties":{"lines":"609, 610, 902","arr":["609","610","902"],"mode":"bus","angle":-34.6,"mi":3,"l0":"609, ","c0":"#05617d","l1":"610, ","c1":"#f661b9","l2":"902","c2":"#8e4604"},"geometry":{"type":"Point","coordinates":[21.787341,38.285309]}},{"type":"Feature","properties":{"lines":"609, 610, 902","arr":["609","610","902"],"mode":"bus","angle":-50.2,"mi":5,"l0":"609, ","c0":"#05617d","l1":"610, ","c1":"#f661b9","l2":"902","c2":"#8e4604"},"geometry":{"type":"Point","coordinates":[21.775022,38.287386]}},{"type":"Feature","properties":{"lines":"609, 610, 902","arr":["609","610","902"],"mode":"bus","angle":-41.3,"extra":1,"ei":0,"l0":"609, ","c0":"#05617d","l1":"610, ","c1":"#f661b9","l2":"902","c2":"#8e4604"},"geometry":{"type":"Point","coordinates":[21.779003,38.290175]}},{"type":"Feature","properties":{"lines":"609, 610, 902","arr":["609","610","902"],"mode":"bus","angle":-35.4,"extra":1,"ei":1,"l0":"609, ","c0":"#05617d","l1":"610, ","c1":"#f661b9","l2":"902","c2":"#8e4604"},"geometry":{"type":"Point","coordinates":[21.777215,38.288916]}},{"type":"Feature","properties":{"lines":"609, 610, 902","arr":["609","610","902"],"mode":"bus","angle":-59.7,"extra":1,"ei":2,"l0":"609, ","c0":"#05617d","l1":"610, ","c1":"#f661b9","l2":"902","c2":"#8e4604"},"geometry":{"type":"Point","coordinates":[21.774013,38.286162]}},{"type":"Feature","properties":{"lines":"609, 610, 902","arr":["609","610","902"],"mode":"bus","angle":-59,"extra":1,"ei":3,"l0":"609, ","c0":"#05617d","l1":"610, ","c1":"#f661b9","l2":"902","c2":"#8e4604"},"geometry":{"type":"Point","coordinates":[21.77278,38.284541]}},{"type":"Feature","properties":{"lines":"609, 902","arr":["609","902"],"mode":"bus","angle":-60.1,"l0":"609, ","c0":"#05617d","l1":"902","c1":"#8e4604"},"geometry":{"type":"Point","coordinates":[21.771251,38.282283]}},{"type":"Feature","properties":{"lines":"609, 610, 902","arr":["609","610","902"],"mode":"bus","angle":15.9,"l0":"609, ","c0":"#05617d","l1":"610, ","c1":"#f661b9","l2":"902","c2":"#8e4604"},"geometry":{"type":"Point","coordinates":[21.739162,38.253513]}},{"type":"Feature","properties":{"lines":"609","arr":["609"],"mode":"bus","angle":64.3,"l0":"609","c0":"#05617d"},"geometry":{"type":"Point","coordinates":[21.788121,38.280027]}},{"type":"Feature","properties":{"lines":"609","arr":["609"],"mode":"bus","angle":57,"mi":1,"l0":"609","c0":"#05617d"},"geometry":{"type":"Point","coordinates":[21.788611,38.285552]}},{"type":"Feature","properties":{"lines":"610","arr":["610"],"mode":"bus","angle":-41.7,"mi":1,"l0":"610","c0":"#f661b9"},"geometry":{"type":"Point","coordinates":[21.769961,38.283449]}},{"type":"Feature","properties":{"lines":"610, 902","arr":["610","902"],"mode":"bus","angle":-49.5,"l0":"610, ","c0":"#f661b9","l1":"902","c1":"#8e4604"},"geometry":{"type":"Point","coordinates":[21.761312,38.275295]}},{"type":"Feature","properties":{"lines":"610, 902","arr":["610","902"],"mode":"bus","angle":-49.4,"extra":1,"ei":0,"l0":"610, ","c0":"#f661b9","l1":"902","c1":"#8e4604"},"geometry":{"type":"Point","coordinates":[21.763372,38.277156]}},{"type":"Feature","properties":{"lines":"610, 902","arr":["610","902"],"mode":"bus","angle":-49,"extra":1,"ei":1,"l0":"610, ","c0":"#f661b9","l1":"902","c1":"#8e4604"},"geometry":{"type":"Point","coordinates":[21.760236,38.274294]}},{"type":"Feature","properties":{"lines":"610, 902","arr":["610","902"],"mode":"bus","angle":-52.4,"extra":1,"ei":2,"l0":"610, ","c0":"#f661b9","l1":"902","c1":"#8e4604"},"geometry":{"type":"Point","coordinates":[21.758667,38.272863]}},{"type":"Feature","properties":{"lines":"701, 702","arr":["701","702"],"mode":"bus","angle":-80,"mi":9,"l0":"701, ","c0":"#b59607","l1":"702","c1":"#446303"},"geometry":{"type":"Point","coordinates":[21.76252,38.209978]}},{"type":"Feature","properties":{"lines":"701, 702","arr":["701","702"],"mode":"bus","angle":-78.9,"side":-1,"extra":1,"ei":0,"l0":"701, ","c0":"#b59607","l1":"702","c1":"#446303"},"geometry":{"type":"Point","coordinates":[21.762817,38.211191]}},{"type":"Feature","properties":{"lines":"701, 702","arr":["701","702"],"mode":"bus","angle":-14.4,"mi":10,"l0":"701, ","c0":"#b59607","l1":"702","c1":"#446303"},"geometry":{"type":"Point","coordinates":[21.762439,38.208492]}},{"type":"Feature","properties":{"lines":"701, 702","arr":["701","702"],"mode":"bus","angle":53.6,"mi":4,"l0":"701, ","c0":"#b59607","l1":"702","c1":"#446303"},"geometry":{"type":"Point","coordinates":[21.75074,38.219359]}},{"type":"Feature","properties":{"lines":"701, 702","arr":["701","702"],"mode":"bus","angle":82.2,"mi":6,"l0":"701, ","c0":"#b59607","l1":"702","c1":"#446303"},"geometry":{"type":"Point","coordinates":[21.75051,38.219868]}},{"type":"Feature","properties":{"lines":"701, 702","arr":["701","702"],"mode":"bus","angle":-66.8,"mi":5,"l0":"701, ","c0":"#b59607","l1":"702","c1":"#446303"},"geometry":{"type":"Point","coordinates":[21.762595,38.211361]}},{"type":"Feature","properties":{"lines":"701, 702","arr":["701","702"],"mode":"bus","angle":51.9,"l0":"701, ","c0":"#b59607","l1":"702","c1":"#446303"},"geometry":{"type":"Point","coordinates":[21.75393,38.216101]}},{"type":"Feature","properties":{"lines":"701, 702","arr":["701","702"],"mode":"bus","angle":77.2,"mi":11,"l0":"701, ","c0":"#b59607","l1":"702","c1":"#446303"},"geometry":{"type":"Point","coordinates":[21.748846,38.229132]}},{"type":"Feature","properties":{"lines":"701, 702","arr":["701","702"],"mode":"bus","angle":50.9,"mi":7,"l0":"701, ","c0":"#b59607","l1":"702","c1":"#446303"},"geometry":{"type":"Point","coordinates":[21.760732,38.209126]}},{"type":"Feature","properties":{"lines":"701, 702","arr":["701","702"],"mode":"bus","angle":83.2,"mi":8,"l0":"701, ","c0":"#b59607","l1":"702","c1":"#446303"},"geometry":{"type":"Point","coordinates":[21.750364,38.220542]}},{"type":"Feature","properties":{"lines":"701, 702","arr":["701","702"],"mode":"bus","angle":53.9,"extra":1,"ei":0,"l0":"701, ","c0":"#b59607","l1":"702","c1":"#446303"},"geometry":{"type":"Point","coordinates":[21.756221,38.21375]}},{"type":"Feature","properties":{"lines":"701, 702","arr":["701","702"],"mode":"bus","angle":52.5,"extra":1,"ei":1,"l0":"701, ","c0":"#b59607","l1":"702","c1":"#446303"},"geometry":{"type":"Point","coordinates":[21.751827,38.218242]}},{"type":"Feature","properties":{"lines":"701, 702","arr":["701","702"],"mode":"bus","angle":73.9,"extra":1,"ei":0,"l0":"701, ","c0":"#b59607","l1":"702","c1":"#446303"},"geometry":{"type":"Point","coordinates":[21.748163,38.231]}},{"type":"Feature","properties":{"lines":"701, 702","arr":["701","702"],"mode":"bus","angle":80.8,"extra":1,"ei":1,"l0":"701, ","c0":"#b59607","l1":"702","c1":"#446303"},"geometry":{"type":"Point","coordinates":[21.74922,38.227322]}},{"type":"Feature","properties":{"lines":"701","arr":["701"],"mode":"bus","angle":78,"l0":"701","c0":"#b59607"},"geometry":{"type":"Point","coordinates":[21.74939,38.223522]}},{"type":"Feature","properties":{"lines":"701","arr":["701"],"mode":"bus","angle":53.4,"l0":"701","c0":"#b59607"},"geometry":{"type":"Point","coordinates":[21.758313,38.211568]}},{"type":"Feature","properties":{"lines":"701","arr":["701"],"mode":"bus","angle":82.9,"extra":1,"ei":0,"l0":"701","c0":"#b59607"},"geometry":{"type":"Point","coordinates":[21.750207,38.221847]}},{"type":"Feature","properties":{"lines":"701","arr":["701"],"mode":"bus","angle":-85.4,"side":-1,"extra":1,"ei":1,"l0":"701","c0":"#b59607"},"geometry":{"type":"Point","coordinates":[21.749387,38.225475]}},{"type":"Feature","properties":{"lines":"701","arr":["701"],"mode":"bus","angle":52.5,"mi":1,"l0":"701","c0":"#b59607"},"geometry":{"type":"Point","coordinates":[21.760208,38.20989]}},{"type":"Feature","properties":{"lines":"701","arr":["701"],"mode":"bus","angle":58.4,"mi":1,"l0":"701","c0":"#b59607"},"geometry":{"type":"Point","coordinates":[21.74978,38.223281]}},{"type":"Feature","properties":{"lines":"701","arr":["701"],"mode":"bus","angle":71.9,"l0":"701","c0":"#b59607"},"geometry":{"type":"Point","coordinates":[21.747381,38.233359]}},{"type":"Feature","properties":{"lines":"701","arr":["701"],"mode":"bus","angle":71.6,"extra":1,"ei":0,"l0":"701","c0":"#b59607"},"geometry":{"type":"Point","coordinates":[21.746866,38.234624]}},{"type":"Feature","properties":{"lines":"701, 804","arr":["701","804"],"mode":"bus","angle":70.5,"l0":"701, ","c0":"#b59607","l1":"804","c1":"#03636c"},"geometry":{"type":"Point","coordinates":[21.745606,38.237331]}},{"type":"Feature","properties":{"lines":"701, 702, 801, 803, 804","arr":["701","702","801","803","804"],"mode":"bus","angle":37.5,"side":-1,"l0":"701, ","c0":"#b59607","l1":"702, ","c1":"#446303","l2":"801, ","c2":"#e16cd6","l3":"803, ","c3":"#a72d06","l4":"804","c4":"#03636c"},"geometry":{"type":"Point","coordinates":[21.744852,38.238216]}},{"type":"Feature","properties":{"lines":"701, 702","arr":["701","702"],"mode":"bus","angle":17.7,"mi":2,"l0":"701, ","c0":"#b59607","l1":"702","c1":"#446303"},"geometry":{"type":"Point","coordinates":[21.760081,38.212652]}},{"type":"Feature","properties":{"lines":"701, 702","arr":["701","702"],"mode":"bus","angle":7.5,"extra":1,"ei":0,"l0":"701, ","c0":"#b59607","l1":"702","c1":"#446303"},"geometry":{"type":"Point","coordinates":[21.75813,38.212958]}},{"type":"Feature","properties":{"lines":"701, 702","arr":["701","702"],"mode":"bus","angle":25.4,"extra":1,"ei":1,"l0":"701, ","c0":"#b59607","l1":"702","c1":"#446303"},"geometry":{"type":"Point","coordinates":[21.762588,38.211661]}},{"type":"Feature","properties":{"lines":"702","arr":["702"],"mode":"bus","angle":-31.2,"l0":"702","c0":"#446303"},"geometry":{"type":"Point","coordinates":[21.768839,38.210995]}},{"type":"Feature","properties":{"lines":"702","arr":["702"],"mode":"bus","angle":47.8,"mi":5,"l0":"702","c0":"#446303"},"geometry":{"type":"Point","coordinates":[21.77938,38.210107]}},{"type":"Feature","properties":{"lines":"702","arr":["702"],"mode":"bus","angle":10,"extra":1,"ei":0,"l0":"702","c0":"#446303"},"geometry":{"type":"Point","coordinates":[21.764108,38.211338]}},{"type":"Feature","properties":{"lines":"702","arr":["702"],"mode":"bus","angle":7.9,"extra":1,"ei":1,"l0":"702","c0":"#446303"},"geometry":{"type":"Point","coordinates":[21.766316,38.211557]}},{"type":"Feature","properties":{"lines":"702","arr":["702"],"mode":"bus","angle":-36.8,"extra":1,"ei":2,"l0":"702","c0":"#446303"},"geometry":{"type":"Point","coordinates":[21.770484,38.21196]}},{"type":"Feature","properties":{"lines":"702","arr":["702"],"mode":"bus","angle":-75.3,"extra":1,"ei":3,"l0":"702","c0":"#446303"},"geometry":{"type":"Point","coordinates":[21.771886,38.213293]}},{"type":"Feature","properties":{"lines":"701, 702","arr":["701","702"],"mode":"bus","angle":-11,"mi":3,"l0":"701, ","c0":"#b59607","l1":"702","c1":"#446303"},"geometry":{"type":"Point","coordinates":[21.756778,38.209626]}},{"type":"Feature","properties":{"lines":"701, 702","arr":["701","702"],"mode":"bus","angle":-11.8,"extra":1,"ei":0,"l0":"701, ","c0":"#b59607","l1":"702","c1":"#446303"},"geometry":{"type":"Point","coordinates":[21.755016,38.209319]}},{"type":"Feature","properties":{"lines":"701, 702","arr":["701","702"],"mode":"bus","angle":-16.3,"extra":1,"ei":1,"l0":"701, ","c0":"#b59607","l1":"702","c1":"#446303"},"geometry":{"type":"Point","coordinates":[21.759702,38.210153]}},{"type":"Feature","properties":{"lines":"701, 702","arr":["701","702"],"mode":"bus","angle":70.1,"mi":1,"l0":"701, ","c0":"#b59607","l1":"702","c1":"#446303"},"geometry":{"type":"Point","coordinates":[21.752702,38.214392]}},{"type":"Feature","properties":{"lines":"701, 702","arr":["701","702"],"mode":"bus","angle":58.9,"extra":1,"ei":0,"l0":"701, ","c0":"#b59607","l1":"702","c1":"#446303"},"geometry":{"type":"Point","coordinates":[21.753502,38.210019]}},{"type":"Feature","properties":{"lines":"701, 702","arr":["701","702"],"mode":"bus","angle":83.4,"extra":1,"ei":1,"l0":"701, ","c0":"#b59607","l1":"702","c1":"#446303"},"geometry":{"type":"Point","coordinates":[21.753063,38.211826]}},{"type":"Feature","properties":{"lines":"701, 702","arr":["701","702"],"mode":"bus","angle":63.1,"extra":1,"ei":2,"l0":"701, ","c0":"#b59607","l1":"702","c1":"#446303"},"geometry":{"type":"Point","coordinates":[21.751859,38.215357]}},{"type":"Feature","properties":{"lines":"701, 702","arr":["701","702"],"mode":"bus","angle":29.8,"extra":1,"ei":3,"l0":"701, ","c0":"#b59607","l1":"702","c1":"#446303"},"geometry":{"type":"Point","coordinates":[21.750767,38.216871]}},{"type":"Feature","properties":{"lines":"701, 702","arr":["701","702"],"mode":"bus","angle":-89.8,"extra":1,"ei":4,"l0":"701, ","c0":"#b59607","l1":"702","c1":"#446303"},"geometry":{"type":"Point","coordinates":[21.750468,38.218613]}},{"type":"Feature","properties":{"lines":"702","arr":["702"],"mode":"bus","angle":72,"mi":7,"l0":"702","c0":"#446303"},"geometry":{"type":"Point","coordinates":[21.763328,38.208478]}},{"type":"Feature","properties":{"lines":"702","arr":["702"],"mode":"bus","angle":48.6,"mi":3,"l0":"702","c0":"#446303"},"geometry":{"type":"Point","coordinates":[21.774738,38.212483]}},{"type":"Feature","properties":{"lines":"702","arr":["702"],"mode":"bus","angle":28.1,"extra":1,"ei":0,"l0":"702","c0":"#446303"},"geometry":{"type":"Point","coordinates":[21.776542,38.211601]}},{"type":"Feature","properties":{"lines":"702","arr":["702"],"mode":"bus","angle":64.1,"extra":1,"ei":1,"l0":"702","c0":"#446303"},"geometry":{"type":"Point","coordinates":[21.77329,38.214201]}},{"type":"Feature","properties":{"lines":"702","arr":["702"],"mode":"bus","angle":-87.2,"mi":1,"l0":"702","c0":"#446303"},"geometry":{"type":"Point","coordinates":[21.750439,38.219873]}},{"type":"Feature","properties":{"lines":"702","arr":["702"],"mode":"bus","angle":9.7,"side":-1,"mi":9,"l0":"702","c0":"#446303"},"geometry":{"type":"Point","coordinates":[21.762416,38.208453]}},{"type":"Feature","properties":{"lines":"702","arr":["702"],"mode":"bus","angle":-81.7,"mi":10,"l0":"702","c0":"#446303"},"geometry":{"type":"Point","coordinates":[21.761602,38.211843]}},{"type":"Feature","properties":{"lines":"702","arr":["702"],"mode":"bus","angle":-81.5,"mi":6,"l0":"702","c0":"#446303"},"geometry":{"type":"Point","coordinates":[21.763235,38.209823]}},{"type":"Feature","properties":{"lines":"702","arr":["702"],"mode":"bus","angle":5.8,"mi":1,"l0":"702","c0":"#446303"},"geometry":{"type":"Point","coordinates":[21.771422,38.207914]}},{"type":"Feature","properties":{"lines":"702","arr":["702"],"mode":"bus","angle":6.5,"extra":1,"ei":0,"l0":"702","c0":"#446303"},"geometry":{"type":"Point","coordinates":[21.764565,38.20837]}},{"type":"Feature","properties":{"lines":"702","arr":["702"],"mode":"bus","angle":4.3,"extra":1,"ei":1,"l0":"702","c0":"#446303"},"geometry":{"type":"Point","coordinates":[21.766959,38.208206]}},{"type":"Feature","properties":{"lines":"702","arr":["702"],"mode":"bus","angle":4.8,"extra":1,"ei":2,"l0":"702","c0":"#446303"},"geometry":{"type":"Point","coordinates":[21.769354,38.208044]}},{"type":"Feature","properties":{"lines":"702","arr":["702"],"mode":"bus","angle":7,"extra":1,"ei":3,"l0":"702","c0":"#446303"},"geometry":{"type":"Point","coordinates":[21.77414,38.207691]}},{"type":"Feature","properties":{"lines":"702","arr":["702"],"mode":"bus","angle":13.8,"extra":1,"ei":4,"l0":"702","c0":"#446303"},"geometry":{"type":"Point","coordinates":[21.776477,38.207258]}},{"type":"Feature","properties":{"lines":"702","arr":["702"],"mode":"bus","angle":28.4,"extra":1,"ei":5,"l0":"702","c0":"#446303"},"geometry":{"type":"Point","coordinates":[21.778734,38.206691]}},{"type":"Feature","properties":{"lines":"702","arr":["702"],"mode":"bus","angle":-53.2,"mi":8,"l0":"702","c0":"#446303"},"geometry":{"type":"Point","coordinates":[21.780496,38.207833]}},{"type":"Feature","properties":{"lines":"702","arr":["702"],"mode":"bus","angle":69.3,"mi":11,"l0":"702","c0":"#446303"},"geometry":{"type":"Point","coordinates":[21.78406,38.213015]}},{"type":"Feature","properties":{"lines":"702","arr":["702"],"mode":"bus","angle":-16.7,"mi":4,"l0":"702","c0":"#446303"},"geometry":{"type":"Point","coordinates":[21.779162,38.211658]}},{"type":"Feature","properties":{"lines":"702","arr":["702"],"mode":"bus","angle":-20.4,"extra":1,"ei":0,"l0":"702","c0":"#446303"},"geometry":{"type":"Point","coordinates":[21.781786,38.212336]}},{"type":"Feature","properties":{"lines":"702, 801, 803","arr":["702","801","803"],"mode":"bus","angle":69.6,"side":-1,"l0":"702, ","c0":"#446303","l1":"801, ","c1":"#e16cd6","l2":"803","c2":"#a72d06"},"geometry":{"type":"Point","coordinates":[21.745774,38.236617]}},{"type":"Feature","properties":{"lines":"702","arr":["702"],"mode":"bus","angle":72.1,"side":-1,"l0":"702","c0":"#446303"},"geometry":{"type":"Point","coordinates":[21.747244,38.233322]}},{"type":"Feature","properties":{"lines":"702","arr":["702"],"mode":"bus","angle":72.1,"extra":1,"ei":0,"l0":"702","c0":"#446303"},"geometry":{"type":"Point","coordinates":[21.74777,38.232043]}},{"type":"Feature","properties":{"lines":"702","arr":["702"],"mode":"bus","angle":78,"side":-1,"l0":"702","c0":"#446303"},"geometry":{"type":"Point","coordinates":[21.749302,38.223518]}},{"type":"Feature","properties":{"lines":"702","arr":["702"],"mode":"bus","angle":-87.6,"extra":1,"ei":0,"l0":"702","c0":"#446303"},"geometry":{"type":"Point","coordinates":[21.749297,38.225344]}},{"type":"Feature","properties":{"lines":"702","arr":["702"],"mode":"bus","angle":83,"side":-1,"extra":1,"ei":1,"l0":"702","c0":"#446303"},"geometry":{"type":"Point","coordinates":[21.75014,38.221715]}},{"type":"Feature","properties":{"lines":"702","arr":["702"],"mode":"bus","angle":-6.7,"mi":2,"l0":"702","c0":"#446303"},"geometry":{"type":"Point","coordinates":[21.772955,38.213379]}},{"type":"Feature","properties":{"lines":"801, 803, 804","arr":["801","803","804"],"mode":"bus","angle":-66.7,"l0":"801, ","c0":"#e16cd6","l1":"803, ","c1":"#a72d06","l2":"804","c2":"#03636c"},"geometry":{"type":"Point","coordinates":[21.740611,38.214989]}},{"type":"Feature","properties":{"lines":"801, 803, 804","arr":["801","803","804"],"mode":"bus","angle":-77.8,"extra":1,"ei":0,"l0":"801, ","c0":"#e16cd6","l1":"803, ","c1":"#a72d06","l2":"804","c2":"#03636c"},"geometry":{"type":"Point","coordinates":[21.741255,38.218939]}},{"type":"Feature","properties":{"lines":"801, 803, 804","arr":["801","803","804"],"mode":"bus","angle":-81.8,"extra":1,"ei":1,"l0":"801, ","c0":"#e16cd6","l1":"803, ","c1":"#a72d06","l2":"804","c2":"#03636c"},"geometry":{"type":"Point","coordinates":[21.740716,38.2171]}},{"type":"Feature","properties":{"lines":"801, 803, 804","arr":["801","803","804"],"mode":"bus","angle":-77.4,"extra":1,"ei":2,"l0":"801, ","c0":"#e16cd6","l1":"803, ","c1":"#a72d06","l2":"804","c2":"#03636c"},"geometry":{"type":"Point","coordinates":[21.739826,38.213476]}},{"type":"Feature","properties":{"lines":"801, 803, 804","arr":["801","803","804"],"mode":"bus","angle":-77.7,"extra":1,"ei":3,"l0":"801, ","c0":"#e16cd6","l1":"803, ","c1":"#a72d06","l2":"804","c2":"#03636c"},"geometry":{"type":"Point","coordinates":[21.739334,38.211628]}},{"type":"Feature","properties":{"lines":"801, 803, 804","arr":["801","803","804"],"mode":"bus","angle":-72,"l0":"801, ","c0":"#e16cd6","l1":"803, ","c1":"#a72d06","l2":"804","c2":"#03636c"},"geometry":{"type":"Point","coordinates":[21.733164,38.198806]}},{"type":"Feature","properties":{"lines":"801, 803, 804","arr":["801","803","804"],"mode":"bus","angle":-71.9,"extra":1,"ei":0,"l0":"801, ","c0":"#e16cd6","l1":"803, ","c1":"#a72d06","l2":"804","c2":"#03636c"},"geometry":{"type":"Point","coordinates":[21.738494,38.209339]}},{"type":"Feature","properties":{"lines":"801, 803, 804","arr":["801","803","804"],"mode":"bus","angle":-74.2,"extra":1,"ei":1,"l0":"801, ","c0":"#e16cd6","l1":"803, ","c1":"#a72d06","l2":"804","c2":"#03636c"},"geometry":{"type":"Point","coordinates":[21.73774,38.207546]}},{"type":"Feature","properties":{"lines":"801, 803, 804","arr":["801","803","804"],"mode":"bus","angle":-70.9,"extra":1,"ei":2,"l0":"801, ","c0":"#e16cd6","l1":"803, ","c1":"#a72d06","l2":"804","c2":"#03636c"},"geometry":{"type":"Point","coordinates":[21.737187,38.20571]}},{"type":"Feature","properties":{"lines":"801, 803, 804","arr":["801","803","804"],"mode":"bus","angle":-57.5,"extra":1,"ei":3,"l0":"801, ","c0":"#e16cd6","l1":"803, ","c1":"#a72d06","l2":"804","c2":"#03636c"},"geometry":{"type":"Point","coordinates":[21.736079,38.204041]}},{"type":"Feature","properties":{"lines":"801, 803, 804","arr":["801","803","804"],"mode":"bus","angle":-41.6,"extra":1,"ei":4,"l0":"801, ","c0":"#e16cd6","l1":"803, ","c1":"#a72d06","l2":"804","c2":"#03636c"},"geometry":{"type":"Point","coordinates":[21.734576,38.202584]}},{"type":"Feature","properties":{"lines":"801, 803, 804","arr":["801","803","804"],"mode":"bus","angle":-86,"extra":1,"ei":5,"l0":"801, ","c0":"#e16cd6","l1":"803, ","c1":"#a72d06","l2":"804","c2":"#03636c"},"geometry":{"type":"Point","coordinates":[21.733567,38.200973]}},{"type":"Feature","properties":{"lines":"801, 803, 804","arr":["801","803","804"],"mode":"bus","angle":-63.7,"extra":1,"ei":6,"l0":"801, ","c0":"#e16cd6","l1":"803, ","c1":"#a72d06","l2":"804","c2":"#03636c"},"geometry":{"type":"Point","coordinates":[21.732421,38.197342]}},{"type":"Feature","properties":{"lines":"801, 803, 804","arr":["801","803","804"],"mode":"bus","angle":85.3,"extra":1,"ei":7,"l0":"801, ","c0":"#e16cd6","l1":"803, ","c1":"#a72d06","l2":"804","c2":"#03636c"},"geometry":{"type":"Point","coordinates":[21.731631,38.195594]}},{"type":"Feature","properties":{"lines":"801, 803, 804","arr":["801","803","804"],"mode":"bus","angle":84.3,"extra":1,"ei":8,"l0":"801, ","c0":"#e16cd6","l1":"803, ","c1":"#a72d06","l2":"804","c2":"#03636c"},"geometry":{"type":"Point","coordinates":[21.731934,38.193721]}},{"type":"Feature","properties":{"lines":"801, 803, 804","arr":["801","803","804"],"mode":"bus","angle":-83.8,"extra":1,"ei":9,"l0":"801, ","c0":"#e16cd6","l1":"803, ","c1":"#a72d06","l2":"804","c2":"#03636c"},"geometry":{"type":"Point","coordinates":[21.732225,38.191847]}},{"type":"Feature","properties":{"lines":"801, 803, 804","arr":["801","803","804"],"mode":"bus","angle":-44.2,"extra":1,"ei":10,"l0":"801, ","c0":"#e16cd6","l1":"803, ","c1":"#a72d06","l2":"804","c2":"#03636c"},"geometry":{"type":"Point","coordinates":[21.730584,38.190523]}},{"type":"Feature","properties":{"lines":"801, 803, 804","arr":["801","803","804"],"mode":"bus","angle":-53.4,"extra":1,"ei":11,"l0":"801, ","c0":"#e16cd6","l1":"803, ","c1":"#a72d06","l2":"804","c2":"#03636c"},"geometry":{"type":"Point","coordinates":[21.729079,38.189052]}},{"type":"Feature","properties":{"lines":"801, 804","arr":["801","804"],"mode":"bus","angle":24.1,"mi":1,"l0":"801, ","c0":"#e16cd6","l1":"804","c1":"#03636c"},"geometry":{"type":"Point","coordinates":[21.725338,38.188277]}},{"type":"Feature","properties":{"lines":"801, 804","arr":["801","804"],"mode":"bus","angle":14.4,"extra":1,"ei":0,"l0":"801, ","c0":"#e16cd6","l1":"804","c1":"#03636c"},"geometry":{"type":"Point","coordinates":[21.727404,38.188302]}},{"type":"Feature","properties":{"lines":"801, 804","arr":["801","804"],"mode":"bus","angle":73.5,"extra":1,"ei":1,"l0":"801, ","c0":"#e16cd6","l1":"804","c1":"#03636c"},"geometry":{"type":"Point","coordinates":[21.723916,38.189922]}},{"type":"Feature","properties":{"lines":"804","arr":["804"],"mode":"bus","angle":-27.3,"mi":2,"l0":"804","c0":"#03636c"},"geometry":{"type":"Point","coordinates":[21.711339,38.192735]}},{"type":"Feature","properties":{"lines":"801","arr":["801"],"mode":"bus","angle":-27,"l0":"801","c0":"#e16cd6"},"geometry":{"type":"Point","coordinates":[21.712796,38.193324]}},{"type":"Feature","properties":{"lines":"801","arr":["801"],"mode":"bus","angle":27.6,"mi":4,"l0":"801","c0":"#e16cd6"},"geometry":{"type":"Point","coordinates":[21.731819,38.189664]}},{"type":"Feature","properties":{"lines":"801","arr":["801"],"mode":"bus","angle":39.2,"mi":1,"l0":"801","c0":"#e16cd6"},"geometry":{"type":"Point","coordinates":[21.734639,38.188321]}},{"type":"Feature","properties":{"lines":"801","arr":["801"],"mode":"bus","angle":-57.5,"l0":"801","c0":"#e16cd6"},"geometry":{"type":"Point","coordinates":[21.734487,38.188163]}},{"type":"Feature","properties":{"lines":"801","arr":["801"],"mode":"bus","angle":40,"mi":2,"l0":"801","c0":"#e16cd6"},"geometry":{"type":"Point","coordinates":[21.735049,38.187548]}},{"type":"Feature","properties":{"lines":"801","arr":["801"],"mode":"bus","angle":-63.6,"mi":3,"l0":"801","c0":"#e16cd6"},"geometry":{"type":"Point","coordinates":[21.735905,38.187412]}},{"type":"Feature","properties":{"lines":"801, 804","arr":["801","804"],"mode":"bus","angle":10,"l0":"801, ","c0":"#e16cd6","l1":"804","c1":"#03636c"},"geometry":{"type":"Point","coordinates":[21.741348,38.201874]}},{"type":"Feature","properties":{"lines":"801, 804","arr":["801","804"],"mode":"bus","angle":28.2,"extra":1,"ei":0,"l0":"801, ","c0":"#e16cd6","l1":"804","c1":"#03636c"},"geometry":{"type":"Point","coordinates":[21.736184,38.202551]}},{"type":"Feature","properties":{"lines":"801, 804","arr":["801","804"],"mode":"bus","angle":13.4,"extra":1,"ei":1,"l0":"801, ","c0":"#e16cd6","l1":"804","c1":"#03636c"},"geometry":{"type":"Point","coordinates":[21.738516,38.202194]}},{"type":"Feature","properties":{"lines":"801, 804","arr":["801","804"],"mode":"bus","angle":8.3,"extra":1,"ei":2,"l0":"801, ","c0":"#e16cd6","l1":"804","c1":"#03636c"},"geometry":{"type":"Point","coordinates":[21.743259,38.201635]}},{"type":"Feature","properties":{"lines":"801, 804","arr":["801","804"],"mode":"bus","angle":15.4,"extra":1,"ei":3,"l0":"801, ","c0":"#e16cd6","l1":"804","c1":"#03636c"},"geometry":{"type":"Point","coordinates":[21.745559,38.201179]}},{"type":"Feature","properties":{"lines":"801, 804","arr":["801","804"],"mode":"bus","angle":-82.1,"mi":1,"l0":"801, ","c0":"#e16cd6","l1":"804","c1":"#03636c"},"geometry":{"type":"Point","coordinates":[21.747686,38.201067]}},{"type":"Feature","properties":{"lines":"803","arr":["803"],"mode":"bus","angle":79.5,"l0":"803","c0":"#a72d06"},"geometry":{"type":"Point","coordinates":[21.730266,38.171963]}},{"type":"Feature","properties":{"lines":"803","arr":["803"],"mode":"bus","angle":83.7,"extra":1,"ei":0,"l0":"803","c0":"#a72d06"},"geometry":{"type":"Point","coordinates":[21.728896,38.159721]}},{"type":"Feature","properties":{"lines":"803","arr":["803"],"mode":"bus","angle":84.9,"extra":1,"ei":1,"l0":"803","c0":"#a72d06"},"geometry":{"type":"Point","coordinates":[21.728685,38.161603]}},{"type":"Feature","properties":{"lines":"803","arr":["803"],"mode":"bus","angle":85,"extra":1,"ei":2,"l0":"803","c0":"#a72d06"},"geometry":{"type":"Point","coordinates":[21.728463,38.163483]}},{"type":"Feature","properties":{"lines":"803","arr":["803"],"mode":"bus","angle":-77.1,"extra":1,"ei":3,"l0":"803","c0":"#a72d06"},"geometry":{"type":"Point","coordinates":[21.728802,38.165342]}},{"type":"Feature","properties":{"lines":"803","arr":["803"],"mode":"bus","angle":88.2,"extra":1,"ei":4,"l0":"803","c0":"#a72d06"},"geometry":{"type":"Point","coordinates":[21.72901,38.167213]}},{"type":"Feature","properties":{"lines":"803","arr":["803"],"mode":"bus","angle":-75.4,"extra":1,"ei":5,"l0":"803","c0":"#a72d06"},"geometry":{"type":"Point","coordinates":[21.729076,38.169094]}},{"type":"Feature","properties":{"lines":"803","arr":["803"],"mode":"bus","angle":71.2,"extra":1,"ei":6,"l0":"803","c0":"#a72d06"},"geometry":{"type":"Point","coordinates":[21.729631,38.174492]}},{"type":"Feature","properties":{"lines":"803","arr":["803"],"mode":"bus","angle":59.8,"extra":1,"ei":7,"l0":"803","c0":"#a72d06"},"geometry":{"type":"Point","coordinates":[21.728512,38.176159]}},{"type":"Feature","properties":{"lines":"803","arr":["803"],"mode":"bus","angle":-87.4,"extra":1,"ei":8,"l0":"803","c0":"#a72d06"},"geometry":{"type":"Point","coordinates":[21.727723,38.177916]}},{"type":"Feature","properties":{"lines":"803","arr":["803"],"mode":"bus","angle":-66.5,"extra":1,"ei":9,"l0":"803","c0":"#a72d06"},"geometry":{"type":"Point","coordinates":[21.728525,38.179681]}},{"type":"Feature","properties":{"lines":"803","arr":["803"],"mode":"bus","angle":62.8,"extra":1,"ei":10,"l0":"803","c0":"#a72d06"},"geometry":{"type":"Point","coordinates":[21.728766,38.181487]}},{"type":"Feature","properties":{"lines":"803","arr":["803"],"mode":"bus","angle":58.7,"extra":1,"ei":11,"l0":"803","c0":"#a72d06"},"geometry":{"type":"Point","coordinates":[21.727205,38.182916]}},{"type":"Feature","properties":{"lines":"803, 804","arr":["803","804"],"mode":"bus","angle":-62.3,"l0":"803, ","c0":"#a72d06","l1":"804","c1":"#03636c"},"geometry":{"type":"Point","coordinates":[21.727516,38.185969]}},{"type":"Feature","properties":{"lines":"803","arr":["803"],"mode":"bus","angle":81.2,"l0":"803","c0":"#a72d06"},"geometry":{"type":"Point","coordinates":[21.727957,38.160882]}},{"type":"Feature","properties":{"lines":"803","arr":["803"],"mode":"bus","angle":80.3,"extra":1,"ei":0,"l0":"803","c0":"#a72d06"},"geometry":{"type":"Point","coordinates":[21.728268,38.159298]}},{"type":"Feature","properties":{"lines":"803","arr":["803"],"mode":"bus","angle":80,"extra":1,"ei":1,"l0":"803","c0":"#a72d06"},"geometry":{"type":"Point","coordinates":[21.727527,38.16303]}},{"type":"Feature","properties":{"lines":"804","arr":["804"],"mode":"bus","angle":11.8,"l0":"804","c0":"#03636c"},"geometry":{"type":"Point","coordinates":[21.726156,38.174645]}},{"type":"Feature","properties":{"lines":"804","arr":["804"],"mode":"bus","angle":81.5,"extra":1,"ei":0,"l0":"804","c0":"#03636c"},"geometry":{"type":"Point","coordinates":[21.727246,38.164328]}},{"type":"Feature","properties":{"lines":"804","arr":["804"],"mode":"bus","angle":88.6,"extra":1,"ei":1,"l0":"804","c0":"#03636c"},"geometry":{"type":"Point","coordinates":[21.726899,38.166196]}},{"type":"Feature","properties":{"lines":"804","arr":["804"],"mode":"bus","angle":26.6,"extra":1,"ei":2,"l0":"804","c0":"#03636c"},"geometry":{"type":"Point","coordinates":[21.727204,38.167983]}},{"type":"Feature","properties":{"lines":"804","arr":["804"],"mode":"bus","angle":-77.6,"extra":1,"ei":3,"l0":"804","c0":"#03636c"},"geometry":{"type":"Point","coordinates":[21.727054,38.169986]}},{"type":"Feature","properties":{"lines":"804","arr":["804"],"mode":"bus","angle":82.7,"extra":1,"ei":4,"l0":"804","c0":"#03636c"},"geometry":{"type":"Point","coordinates":[21.726711,38.171834]}},{"type":"Feature","properties":{"lines":"804","arr":["804"],"mode":"bus","angle":34,"extra":1,"ei":5,"l0":"804","c0":"#03636c"},"geometry":{"type":"Point","coordinates":[21.726507,38.176325]}},{"type":"Feature","properties":{"lines":"804","arr":["804"],"mode":"bus","angle":89.2,"extra":1,"ei":6,"l0":"804","c0":"#03636c"},"geometry":{"type":"Point","coordinates":[21.726271,38.178962]}},{"type":"Feature","properties":{"lines":"804","arr":["804"],"mode":"bus","angle":-88.7,"extra":1,"ei":7,"l0":"804","c0":"#03636c"},"geometry":{"type":"Point","coordinates":[21.726295,38.18085]}},{"type":"Feature","properties":{"lines":"804","arr":["804"],"mode":"bus","angle":84.4,"extra":1,"ei":8,"l0":"804","c0":"#03636c"},"geometry":{"type":"Point","coordinates":[21.726266,38.182736]}},{"type":"Feature","properties":{"lines":"803, 804","arr":["803","804"],"mode":"bus","angle":66.5,"l0":"803, ","c0":"#a72d06","l1":"804","c1":"#03636c"},"geometry":{"type":"Point","coordinates":[21.730383,38.163223]}},{"type":"Feature","properties":{"lines":"803, 804","arr":["803","804"],"mode":"bus","angle":-4.5,"extra":1,"ei":0,"l0":"803, ","c0":"#a72d06","l1":"804","c1":"#03636c"},"geometry":{"type":"Point","coordinates":[21.728639,38.163457]}},{"type":"Feature","properties":{"lines":"803, 804","arr":["803","804"],"mode":"bus","angle":0.7,"extra":1,"ei":1,"l0":"803, ","c0":"#a72d06","l1":"804","c1":"#03636c"},"geometry":{"type":"Point","coordinates":[21.732058,38.161687]}},{"type":"Feature","properties":{"lines":"804","arr":["804"],"mode":"bus","angle":-57,"mi":1,"l0":"804","c0":"#03636c"},"geometry":{"type":"Point","coordinates":[21.710972,38.190967]}},{"type":"Feature","properties":{"lines":"804","arr":["804"],"mode":"bus","angle":-4.5,"extra":1,"ei":0,"l0":"804","c0":"#03636c"},"geometry":{"type":"Point","coordinates":[21.709187,38.190907]}},{"type":"Feature","properties":{"lines":"804","arr":["804"],"mode":"bus","angle":10.4,"l0":"804","c0":"#03636c"},"geometry":{"type":"Point","coordinates":[21.706839,38.19114]}},{"type":"Feature","properties":{"lines":"804","arr":["804"],"mode":"bus","angle":-77.2,"mi":3,"l0":"804","c0":"#03636c"},"geometry":{"type":"Point","coordinates":[21.704443,38.189404]}},{"type":"Feature","properties":{"lines":"804","arr":["804"],"mode":"bus","angle":-23.6,"l0":"804","c0":"#03636c"},"geometry":{"type":"Point","coordinates":[21.725958,38.194332]}},{"type":"Feature","properties":{"lines":"804","arr":["804"],"mode":"bus","angle":-59.5,"extra":1,"ei":0,"l0":"804","c0":"#03636c"},"geometry":{"type":"Point","coordinates":[21.724516,38.191298]}},{"type":"Feature","properties":{"lines":"804","arr":["804"],"mode":"bus","angle":76.2,"extra":1,"ei":1,"l0":"804","c0":"#03636c"},"geometry":{"type":"Point","coordinates":[21.725282,38.193002]}},{"type":"Feature","properties":{"lines":"804","arr":["804"],"mode":"bus","angle":-16.2,"extra":1,"ei":2,"l0":"804","c0":"#03636c"},"geometry":{"type":"Point","coordinates":[21.72835,38.19491]}},{"type":"Feature","properties":{"lines":"804","arr":["804"],"mode":"bus","angle":-15.9,"extra":1,"ei":3,"l0":"804","c0":"#03636c"},"geometry":{"type":"Point","coordinates":[21.73066,38.195433]}},{"type":"Feature","properties":{"lines":"804","arr":["804"],"mode":"bus","angle":-67.8,"side":-1,"mi":1,"l0":"804","c0":"#03636c"},"geometry":{"type":"Point","coordinates":[21.738806,38.209969]}},{"type":"Feature","properties":{"lines":"804","arr":["804"],"mode":"bus","angle":-75.8,"side":-1,"l0":"804","c0":"#03636c"},"geometry":{"type":"Point","coordinates":[21.739039,38.210531]}},{"type":"Feature","properties":{"lines":"804","arr":["804"],"mode":"bus","angle":-75.6,"mi":1,"l0":"804","c0":"#03636c"},"geometry":{"type":"Point","coordinates":[21.719678,38.170191]}},{"type":"Feature","properties":{"lines":"804","arr":["804"],"mode":"bus","angle":-18.2,"extra":1,"ei":0,"l0":"804","c0":"#03636c"},"geometry":{"type":"Point","coordinates":[21.726133,38.169851]}},{"type":"Feature","properties":{"lines":"804","arr":["804"],"mode":"bus","angle":6.3,"extra":1,"ei":1,"l0":"804","c0":"#03636c"},"geometry":{"type":"Point","coordinates":[21.724049,38.17069]}},{"type":"Feature","properties":{"lines":"804","arr":["804"],"mode":"bus","angle":-7.8,"extra":1,"ei":2,"l0":"804","c0":"#03636c"},"geometry":{"type":"Point","coordinates":[21.722274,38.171487]}},{"type":"Feature","properties":{"lines":"804","arr":["804"],"mode":"bus","angle":44.7,"extra":1,"ei":3,"l0":"804","c0":"#03636c"},"geometry":{"type":"Point","coordinates":[21.718401,38.168743]}},{"type":"Feature","properties":{"lines":"804","arr":["804"],"mode":"bus","angle":-50.3,"extra":1,"ei":4,"l0":"804","c0":"#03636c"},"geometry":{"type":"Point","coordinates":[21.71659,38.168668]}},{"type":"Feature","properties":{"lines":"804","arr":["804"],"mode":"bus","angle":-83.8,"extra":1,"ei":5,"l0":"804","c0":"#03636c"},"geometry":{"type":"Point","coordinates":[21.715384,38.167069]}},{"type":"Feature","properties":{"lines":"901, 902","arr":["901","902"],"mode":"bus","angle":-33.9,"l0":"901, ","c0":"#999f01","l1":"902","c1":"#8e4604"},"geometry":{"type":"Point","coordinates":[21.75043,38.269373]}},{"type":"Feature","properties":{"lines":"901, 902","arr":["901","902"],"mode":"bus","angle":-49,"mi":1,"l0":"901, ","c0":"#999f01","l1":"902","c1":"#8e4604"},"geometry":{"type":"Point","coordinates":[21.754032,38.272122]}},{"type":"Feature","properties":{"lines":"901, 902","arr":["901","902"],"mode":"bus","angle":-48.2,"extra":1,"ei":0,"l0":"901, ","c0":"#999f01","l1":"902","c1":"#8e4604"},"geometry":{"type":"Point","coordinates":[21.75254,38.270711]}},{"type":"Feature","properties":{"lines":"901, 902","arr":["901","902"],"mode":"bus","angle":-47.9,"extra":1,"ei":1,"l0":"901, ","c0":"#999f01","l1":"902","c1":"#8e4604"},"geometry":{"type":"Point","coordinates":[21.755663,38.273579]}},{"type":"Feature","properties":{"lines":"901","arr":["901"],"mode":"bus","angle":45.7,"side":-1,"l0":"901","c0":"#999f01"},"geometry":{"type":"Point","coordinates":[21.757456,38.273378]}},{"type":"Feature","properties":{"lines":"902","arr":["902"],"mode":"bus","angle":41.2,"l0":"902","c0":"#8e4604"},"geometry":{"type":"Point","coordinates":[21.764647,38.277518]}},{"type":"Feature","properties":{"lines":"902","arr":["902"],"mode":"bus","angle":44.3,"mi":1,"l0":"902","c0":"#8e4604"},"geometry":{"type":"Point","coordinates":[21.757452,38.273469]}},{"type":"Feature","properties":{"lines":"101","arr":["101"],"mode":"bus","angle":-44.6,"mi":5,"l0":"101","c0":"#ab0377"},"geometry":{"type":"Point","coordinates":[21.736521,38.247816]}},{"type":"Feature","properties":{"lines":"101","arr":["101"],"mode":"bus","angle":-5.3,"mi":2,"l0":"101","c0":"#ab0377"},"geometry":{"type":"Point","coordinates":[21.73484,38.247103]}},{"type":"Feature","properties":{"lines":"101","arr":["101"],"mode":"bus","angle":-89.9,"l0":"101","c0":"#ab0377"},"geometry":{"type":"Point","coordinates":[21.734458,38.246345]}},{"type":"Feature","properties":{"lines":"101","arr":["101"],"mode":"bus","angle":-44.2,"mi":1,"l0":"101","c0":"#ab0377"},"geometry":{"type":"Point","coordinates":[21.733552,38.245508]}},{"type":"Feature","properties":{"lines":"606","arr":["606"],"mode":"bus","angle":69.4,"mi":9,"l0":"606","c0":"#126804"},"geometry":{"type":"Point","coordinates":[21.774766,38.29716]}},{"type":"Feature","properties":{"lines":"502, 804","arr":["502","804"],"mode":"bus","angle":-3.7,"l0":"502, ","c0":"#4d4aba","l1":"804","c1":"#03636c"},"geometry":{"type":"Point","coordinates":[21.709612,38.187897]}}]}