{"type":"FeatureCollection","features":[{"type":"Feature","geometry":{"type":"Point","coordinates":[21.753837,38.280401]},"properties":{"name":"Τέρμα_ΠΛΑΖ","lines":"101, 102, 103, 104","arr":["101","102","103","104"],"terminus":1,"mode":"bus","color":"#0059a9","colorDark":"#00294f","angle":51,"snapDist":18,"label":1}},{"type":"Feature","geometry":{"type":"Point","coordinates":[21.749086,38.281607]},"properties":{"name":"Πλάζ 3","lines":"101, 102, 103","arr":["101","102","103"],"terminus":0,"mode":"bus","color":"#0059a9","colorDark":"#00294f","angle":22.9,"snapDist":1,"label":1}},{"type":"Feature","geometry":{"type":"Point","coordinates":[21.745271,38.277799]},"properties":{"name":"Πλάζ 2","lines":"101, 102, 103","arr":["101","102","103"],"terminus":0,"mode":"bus","color":"#0059a9","colorDark":"#00294f","angle":273.2,"snapDist":5,"label":1}},{"type":"Feature","geometry":{"type":"Point","coordinates":[21.742837,38.274065]},"properties":{"name":"Πλάζ 1","lines":"101, 102, 103","arr":["101","102","103"],"terminus":0,"mode":"bus","color":"#0059a9","colorDark":"#00294f","angle":307.5,"snapDist":2,"label":1}},{"type":"Feature","geometry":{"type":"Point","coordinates":[21.742372,38.272267]},"properties":{"name":"Ρομάντζα","lines":"101, 102","arr":["101","102"],"terminus":0,"mode":"bus","color":"#0059a9","colorDark":"#00294f","angle":213.1,"snapDist":3,"label":1}},{"type":"Feature","geometry":{"type":"Point","coordinates":[21.743944,38.271363]},"properties":{"name":"Ματθαίου","lines":"101, 102, 103","arr":["101","102","103"],"terminus":0,"mode":"bus","color":"#0059a9","colorDark":"#00294f","angle":216.7,"snapDist":5,"label":1}},{"type":"Feature","geometry":{"type":"Point","coordinates":[21.74544,38.27042]},"properties":{"name":"Αγυιά (Γραμμές)","lines":"101, 102, 103","arr":["101","102","103"],"terminus":0,"mode":"bus","color":"#0059a9","colorDark":"#00294f","angle":220.8,"snapDist":2,"label":1}},{"type":"Feature","geometry":{"type":"Point","coordinates":[21.747225,38.269318]},"properties":{"name":"Αγ. Κωνσταντίνος","lines":"101, 102, 103","arr":["101","102","103"],"terminus":0,"mode":"bus","color":"#0059a9","colorDark":"#00294f","angle":217,"snapDist":1,"label":1}},{"type":"Feature","geometry":{"type":"Point","coordinates":[21.748849,38.268301]},"properties":{"name":"Νοταρά και Χορτατζη","lines":"101, 102, 103, 902","arr":["101","102","103","902"],"terminus":0,"mode":"bus","color":"#0059a9","colorDark":"#00294f","angle":301.4,"snapDist":5,"label":1}},{"type":"Feature","geometry":{"type":"Point","coordinates":[21.748115,38.267199]},"properties":{"name":"Πινδάρου","lines":"101, 102, 103, 902","arr":["101","102","103","902"],"terminus":0,"mode":"bus","color":"#0059a9","colorDark":"#00294f","angle":299.5,"snapDist":4,"label":1}},{"type":"Feature","geometry":{"type":"Point","coordinates":[21.746713,38.265925]},"properties":{"name":"Ανθοπωλείο","lines":"101, 102, 103, 902","arr":["101","102","103","902"],"terminus":0,"mode":"bus","color":"#0059a9","colorDark":"#00294f","angle":293.5,"snapDist":4,"label":1}},{"type":"Feature","geometry":{"type":"Point","coordinates":[21.744762,38.263889]},"properties":{"name":"Νοταρά και Αμερικής","lines":"101, 102, 103, 902","arr":["101","102","103","902"],"terminus":0,"mode":"bus","color":"#0059a9","colorDark":"#00294f","angle":315.9,"snapDist":4,"label":1}},{"type":"Feature","geometry":{"type":"Point","coordinates":[21.743482,38.261768]},"properties":{"name":"Γήπεδο Παναχαϊκής","lines":"101, 102, 103, 902","arr":["101","102","103","902"],"terminus":0,"mode":"bus","color":"#0059a9","colorDark":"#00294f","angle":293,"snapDist":7,"label":1}},{"type":"Feature","geometry":{"type":"Point","coordinates":[21.742737,38.260168]},"properties":{"name":"Λευκωσίας","lines":"101, 102, 103, 104, 902","arr":["101","102","103","104","902"],"terminus":0,"mode":"bus","color":"#0059a9","colorDark":"#00294f","angle":107.4,"snapDist":5,"label":1}},{"type":"Feature","geometry":{"type":"Point","coordinates":[21.742097,38.258601]},"properties":{"name":"ΕΛΤΑ","lines":"101, 102, 103, 902","arr":["101","102","103","902"],"terminus":0,"mode":"bus","color":"#0059a9","colorDark":"#00294f","angle":288.6,"snapDist":5,"label":1}},{"type":"Feature","geometry":{"type":"Point","coordinates":[21.741344,38.256795]},"properties":{"name":"Αγ. Σοφίας","lines":"101, 102, 103, 606, 609, 610, 902","arr":["101","102","103","606","609","610","902"],"terminus":0,"mode":"bus","color":"#0059a9","colorDark":"#00294f","angle":288.2,"snapDist":4,"label":1}},{"type":"Feature","geometry":{"type":"Point","coordinates":[21.740673,38.255174]},"properties":{"name":"Πλατεία Αγ. Λαύρας-ΙΚΑ","lines":"101, 102, 103, 606, 609, 610, 902","arr":["101","102","103","606","609","610","902"],"terminus":0,"mode":"bus","color":"#0059a9","colorDark":"#00294f","angle":288.1,"snapDist":2,"label":1}},{"type":"Feature","geometry":{"type":"Point","coordinates":[21.740208,38.253481]},"properties":{"name":"Νόρμαν","lines":"101, 102, 103, 606, 609, 610, 902","arr":["101","102","103","606","609","610","902"],"terminus":1,"mode":"bus","color":"#0059a9","colorDark":"#00294f","angle":270.6,"snapDist":3,"label":1}},{"type":"Feature","geometry":{"type":"Point","coordinates":[21.740233,38.252414]},"properties":{"name":"Μουρούζη","lines":"101, 102, 103","arr":["101","102","103"],"terminus":0,"mode":"bus","color":"#0059a9","colorDark":"#00294f","angle":268,"snapDist":4,"label":1}},{"type":"Feature","geometry":{"type":"Point","coordinates":[21.740288,38.250734]},"properties":{"name":"Παλιό Αρσάκειο","lines":"101, 102, 103, 201, 301, 302","arr":["101","102","103","201","301","302"],"terminus":0,"mode":"bus","color":"#0059a9","colorDark":"#00294f","angle":315.5,"snapDist":3,"label":1}},{"type":"Feature","geometry":{"type":"Point","coordinates":[21.738546,38.249389]},"properties":{"name":"Παλαιό Μουσείο","lines":"101, 102, 103, 201, 301, 302","arr":["101","102","103","201","301","302"],"terminus":0,"mode":"bus","color":"#0059a9","colorDark":"#00294f","angle":315.2,"snapDist":2,"label":1}},{"type":"Feature","geometry":{"type":"Point","coordinates":[21.736808,38.248038]},"properties":{"name":"Αγ. Νικολάου","lines":"101","arr":["101"],"terminus":0,"mode":"bus","color":"#0059a9","colorDark":"#00294f","angle":315.4,"snapDist":3,"label":1}},{"type":"Feature","geometry":{"type":"Point","coordinates":[21.734354,38.24653]},"properties":{"name":"Πλατεία Γεωργίου","lines":"101","arr":["101"],"terminus":0,"mode":"bus","color":"#0059a9","colorDark":"#00294f","angle":253,"snapDist":6,"label":1}},{"type":"Feature","geometry":{"type":"Point","coordinates":[21.732798,38.244905]},"properties":{"name":"Δημαρχείο Πάτρας","lines":"101","arr":["101"],"terminus":0,"mode":"bus","color":"#0059a9","colorDark":"#00294f","angle":47.3,"snapDist":24,"label":1}},{"type":"Feature","geometry":{"type":"Point","coordinates":[21.733639,38.243358]},"properties":{"name":"ΟΤΕ","lines":"101, 102, 103, 702, 801, 803","arr":["101","102","103","702","801","803"],"terminus":0,"mode":"bus","color":"#0059a9","colorDark":"#00294f","angle":227.3,"snapDist":6,"label":1}},{"type":"Feature","geometry":{"type":"Point","coordinates":[21.735924,38.242114]},"properties":{"name":"Ψηλά Αλώνια (άνοδος Γούναρη)","lines":"101, 102, 103, 702, 801, 803","arr":["101","102","103","702","801","803"],"terminus":0,"mode":"bus","color":"#0059a9","colorDark":"#00294f","angle":206.1,"snapDist":2,"label":1}},{"type":"Feature","geometry":{"type":"Point","coordinates":[21.739132,38.240886]},"properties":{"name":"Ομόνοια","lines":"101, 102, 103, 702, 801, 803","arr":["101","102","103","702","801","803"],"terminus":0,"mode":"bus","color":"#0059a9","colorDark":"#00294f","angle":206.2,"snapDist":3,"label":1}},{"type":"Feature","geometry":{"type":"Point","coordinates":[21.741591,38.239925]},"properties":{"name":"Αγ. Δημήτριος","lines":"101, 102, 103, 702, 801, 803","arr":["101","102","103","702","801","803"],"terminus":0,"mode":"bus","color":"#0059a9","colorDark":"#00294f","angle":205.8,"snapDist":2,"label":1}},{"type":"Feature","geometry":{"type":"Point","coordinates":[21.74389,38.239011]},"properties":{"name":"Παλαιολόγου Γρ.","lines":"101, 102, 103","arr":["101","102","103"],"terminus":0,"mode":"bus","color":"#0059a9","colorDark":"#00294f","angle":172.8,"snapDist":2,"label":1}},{"type":"Feature","geometry":{"type":"Point","coordinates":[21.745203,38.239277]},"properties":{"name":"3ου Ορειβατικού","lines":"101, 102, 103","arr":["101","102","103"],"terminus":0,"mode":"bus","color":"#0059a9","colorDark":"#00294f","angle":99,"snapDist":4,"label":1}},{"type":"Feature","geometry":{"type":"Point","coordinates":[21.745658,38.240263]},"properties":{"name":"Πλ.Ταμπάχανα","lines":"101, 102, 103","arr":["101","102","103"],"terminus":0,"mode":"bus","color":"#0059a9","colorDark":"#00294f","angle":167.2,"snapDist":6,"label":1}},{"type":"Feature","geometry":{"type":"Point","coordinates":[21.747998,38.239544]},"properties":{"name":"12ου Συντάγματος","lines":"101, 102, 103","arr":["101","102","103"],"terminus":0,"mode":"bus","color":"#0059a9","colorDark":"#00294f","angle":207.9,"snapDist":4,"label":1}},{"type":"Feature","geometry":{"type":"Point","coordinates":[21.751326,38.237403]},"properties":{"name":"Εγλυκάδος","lines":"101","arr":["101"],"terminus":0,"mode":"bus","color":"#0059a9","colorDark":"#00294f","angle":244.8,"snapDist":4,"label":1}},{"type":"Feature","geometry":{"type":"Point","coordinates":[21.749668,38.238835]},"properties":{"name":"Γ' Νεκροταφείο Πατρών","lines":"101, 102, 103, 104","arr":["101","102","103","104"],"terminus":0,"mode":"bus","color":"#0059a9","colorDark":"#00294f","angle":208.5,"snapDist":5,"label":1}},{"type":"Feature","geometry":{"type":"Point","coordinates":[21.752522,38.235382]},"properties":{"name":"Πάρκο","lines":"101","arr":["101"],"terminus":0,"mode":"bus","color":"#0059a9","colorDark":"#00294f","angle":250.2,"snapDist":6,"label":1}},{"type":"Feature","geometry":{"type":"Point","coordinates":[21.754682,38.233731]},"properties":{"name":"Παρασκευοπούλου","lines":"101","arr":["101"],"terminus":0,"mode":"bus","color":"#0059a9","colorDark":"#00294f","angle":214.6,"snapDist":5,"label":1}},{"type":"Feature","geometry":{"type":"Point","coordinates":[21.756902,38.232326]},"properties":{"name":"Κλεάρχου","lines":"101","arr":["101"],"terminus":0,"mode":"bus","color":"#0059a9","colorDark":"#00294f","angle":230.2,"snapDist":4,"label":1}},{"type":"Feature","geometry":{"type":"Point","coordinates":[21.75815,38.230779]},"properties":{"name":"Σαντο","lines":"101","arr":["101"],"terminus":0,"mode":"bus","color":"#0059a9","colorDark":"#00294f","angle":250.3,"snapDist":3,"label":1}},{"type":"Feature","geometry":{"type":"Point","coordinates":[21.760972,38.229476]},"properties":{"name":"Λυσάνδρου","lines":"101","arr":["101"],"terminus":0,"mode":"bus","color":"#0059a9","colorDark":"#00294f","angle":225.8,"snapDist":1,"label":1}},{"type":"Feature","geometry":{"type":"Point","coordinates":[21.762069,38.227808]},"properties":{"name":"Λεωνίδου","lines":"101","arr":["101"],"terminus":0,"mode":"bus","color":"#0059a9","colorDark":"#00294f","angle":277.8,"snapDist":2,"label":1}},{"type":"Feature","geometry":{"type":"Point","coordinates":[21.761853,38.226867]},"properties":{"name":"Αγ. Ανδρέας Εγλυκάδας","lines":"101","arr":["101"],"terminus":0,"mode":"bus","color":"#0059a9","colorDark":"#00294f","angle":271,"snapDist":2,"label":1}},{"type":"Feature","geometry":{"type":"Point","coordinates":[21.762045,38.225819]},"properties":{"name":"41ο Δημοτικό Σχολείο Πατρών","lines":"101","arr":["101"],"terminus":0,"mode":"bus","color":"#0059a9","colorDark":"#00294f","angle":266.9,"snapDist":2,"label":1}},{"type":"Feature","geometry":{"type":"Point","coordinates":[21.759768,38.225573]},"properties":{"name":"Πέλοπος","lines":"101","arr":["101"],"terminus":0,"mode":"bus","color":"#0059a9","colorDark":"#00294f","angle":1.4,"snapDist":0,"label":1}},{"type":"Feature","geometry":{"type":"Point","coordinates":[21.758153,38.22567]},"properties":{"name":"Χαραμα","lines":"101","arr":["101"],"terminus":0,"mode":"bus","color":"#0059a9","colorDark":"#00294f","angle":269.6,"snapDist":1,"label":1}},{"type":"Feature","geometry":{"type":"Point","coordinates":[21.759612,38.225577]},"properties":{"name":"Σικελιανού","lines":"101","arr":["101"],"terminus":0,"mode":"bus","color":"#0059a9","colorDark":"#00294f","angle":1.9,"snapDist":4,"label":1}},{"type":"Feature","geometry":{"type":"Point","coordinates":[21.76217,38.22577]},"properties":{"name":"Μαραθωνομάχων","lines":"101","arr":["101"],"terminus":0,"mode":"bus","color":"#0059a9","colorDark":"#00294f","angle":181.8,"snapDist":4,"label":1}},{"type":"Feature","geometry":{"type":"Point","coordinates":[21.763346,38.225722]},"properties":{"name":"Λοχ.Φωτόπουλου","lines":"101","arr":["101"],"terminus":0,"mode":"bus","color":"#0059a9","colorDark":"#00294f","angle":176,"snapDist":2,"label":1}},{"type":"Feature","geometry":{"type":"Point","coordinates":[21.766064,38.225946]},"properties":{"name":"Νεκροταφείο","lines":"101, 104","arr":["101","104"],"terminus":1,"mode":"bus","color":"#0059a9","colorDark":"#00294f","angle":66.9,"snapDist":2,"label":1}},{"type":"Feature","geometry":{"type":"Point","coordinates":[21.738275,38.24722]},"properties":{"name":"Α ΔΟΥ Πατρών","lines":"101, 102, 103, 201, 301, 302, 401","arr":["101","102","103","201","301","302","401"],"terminus":0,"mode":"bus","color":"#0059a9","colorDark":"#00294f","angle":315.6,"snapDist":4,"label":1}},{"type":"Feature","geometry":{"type":"Point","coordinates":[21.735878,38.245389]},"properties":{"name":"Κανακάρη & Γεροκωστοπούλου","lines":"101, 102, 103, 201, 301, 302, 702, 801, 803","arr":["101","102","103","201","301","302","702","801","803"],"terminus":0,"mode":"bus","color":"#0059a9","colorDark":"#00294f","angle":315.5,"snapDist":3,"label":1}},{"type":"Feature","geometry":{"type":"Point","coordinates":[21.733794,38.243784]},"properties":{"name":"Κανακάρη & Φιλοποίμενος","lines":"101, 102, 103, 201, 301, 302, 702, 801, 803","arr":["101","102","103","201","301","302","702","801","803"],"terminus":0,"mode":"bus","color":"#0059a9","colorDark":"#00294f","angle":315.6,"snapDist":1,"label":1}},{"type":"Feature","geometry":{"type":"Point","coordinates":[21.75075,38.238328]},"properties":{"name":"Σύνορα - Κετχ","lines":"102, 103, 104","arr":["102","103","104"],"terminus":0,"mode":"bus","color":"#0059a9","colorDark":"#00294f","angle":61,"snapDist":5,"label":1}},{"type":"Feature","geometry":{"type":"Point","coordinates":[21.755556,38.237649]},"properties":{"name":"409 Στρατιωτικό Νοσοκομείο","lines":"102, 103","arr":["102","103"],"terminus":0,"mode":"bus","color":"#0059a9","colorDark":"#00294f","angle":211.9,"snapDist":3,"label":1}},{"type":"Feature","geometry":{"type":"Point","coordinates":[21.75916,38.236308]},"properties":{"name":"Προφήτης Ηλίας","lines":"102, 103","arr":["102","103"],"terminus":0,"mode":"bus","color":"#0059a9","colorDark":"#00294f","angle":217.6,"snapDist":8,"label":1}},{"type":"Feature","geometry":{"type":"Point","coordinates":[21.760338,38.235795]},"properties":{"name":"Οδ.Γηροκομείου","lines":"102, 103","arr":["102","103"],"terminus":0,"mode":"bus","color":"#0059a9","colorDark":"#00294f","angle":200.1,"snapDist":5,"label":1}},{"type":"Feature","geometry":{"type":"Point","coordinates":[21.762194,38.235319]},"properties":{"name":"Παπακου","lines":"102, 103","arr":["102","103"],"terminus":0,"mode":"bus","color":"#0059a9","colorDark":"#00294f","angle":235.1,"snapDist":2,"label":1}},{"type":"Feature","geometry":{"type":"Point","coordinates":[21.763646,38.234492]},"properties":{"name":"Στροφές","lines":"102","arr":["102"],"terminus":0,"mode":"bus","color":"#0059a9","colorDark":"#00294f","angle":222.3,"snapDist":1,"label":1}},{"type":"Feature","geometry":{"type":"Point","coordinates":[21.766969,38.234872]},"properties":{"name":"Νοσημάτων Θώρακος","lines":"102","arr":["102"],"terminus":0,"mode":"bus","color":"#0059a9","colorDark":"#00294f","angle":171.9,"snapDist":2,"label":1}},{"type":"Feature","geometry":{"type":"Point","coordinates":[21.766378,38.235802]},"properties":{"name":"Στροφή Λυκοχώρου","lines":"102","arr":["102"],"terminus":0,"mode":"bus","color":"#0059a9","colorDark":"#00294f","angle":98.9,"snapDist":4,"label":1}},{"type":"Feature","geometry":{"type":"Point","coordinates":[21.765889,38.236454]},"properties":{"name":"Μονή Γηροκομείου","lines":"102","arr":["102"],"terminus":0,"mode":"bus","color":"#0059a9","colorDark":"#00294f","angle":71.3,"snapDist":5,"label":1}},{"type":"Feature","geometry":{"type":"Point","coordinates":[21.765013,38.237907]},"properties":{"name":"Μέριμνα","lines":"102","arr":["102"],"terminus":0,"mode":"bus","color":"#0059a9","colorDark":"#00294f","angle":112.4,"snapDist":1,"label":1}},{"type":"Feature","geometry":{"type":"Point","coordinates":[21.763555,38.238972]},"properties":{"name":"Τέρμα Διάκου","lines":"102","arr":["102"],"terminus":1,"mode":"bus","color":"#0059a9","colorDark":"#00294f","angle":326,"snapDist":6,"label":1}},{"type":"Feature","geometry":{"type":"Point","coordinates":[21.768239,38.235399]},"properties":{"name":"Λυκοχωρος","lines":"102","arr":["102"],"terminus":0,"mode":"bus","color":"#0059a9","colorDark":"#00294f","angle":177.6,"snapDist":1,"label":1}},{"type":"Feature","geometry":{"type":"Point","coordinates":[21.770028,38.235567]},"properties":{"name":"Λυκοχωρος","lines":"102","arr":["102"],"terminus":0,"mode":"bus","color":"#0059a9","colorDark":"#00294f","angle":176.3,"snapDist":1,"label":0}},{"type":"Feature","geometry":{"type":"Point","coordinates":[21.771938,38.23466]},"properties":{"name":"Λυκοχωρος - Πηγή","lines":"102","arr":["102"],"terminus":0,"mode":"bus","color":"#0059a9","colorDark":"#00294f","angle":217.3,"snapDist":0,"label":1}},{"type":"Feature","geometry":{"type":"Point","coordinates":[21.774184,38.233688]},"properties":{"name":"Λυκοχωρος - ADAMS","lines":"102","arr":["102"],"terminus":0,"mode":"bus","color":"#0059a9","colorDark":"#00294f","angle":185.8,"snapDist":1,"label":1}},{"type":"Feature","geometry":{"type":"Point","coordinates":[21.776446,38.233946]},"properties":{"name":"Τέρμα Λυκοχωρος","lines":"102","arr":["102"],"terminus":0,"mode":"bus","color":"#0059a9","colorDark":"#00294f","angle":150.7,"snapDist":2,"label":1}},{"type":"Feature","geometry":{"type":"Point","coordinates":[21.763126,38.233447]},"properties":{"name":"46ο Δημοτικό Σχολείο Πατρών","lines":"103, 104","arr":["103","104"],"terminus":0,"mode":"bus","color":"#0059a9","colorDark":"#00294f","angle":269.4,"snapDist":9,"label":1}},{"type":"Feature","geometry":{"type":"Point","coordinates":[21.764201,38.232313]},"properties":{"name":"Στροφή Εγλυκάδας","lines":"103, 104","arr":["103","104"],"terminus":0,"mode":"bus","color":"#0059a9","colorDark":"#00294f","angle":220.1,"snapDist":5,"label":1}},{"type":"Feature","geometry":{"type":"Point","coordinates":[21.766783,38.231273]},"properties":{"name":"Ιωάννου Δαμασκηνού","lines":"103, 104","arr":["103","104"],"terminus":0,"mode":"bus","color":"#0059a9","colorDark":"#00294f","angle":227.6,"snapDist":4,"label":1}},{"type":"Feature","geometry":{"type":"Point","coordinates":[21.771285,38.228813]},"properties":{"name":"Τζολλας","lines":"103, 104","arr":["103","104"],"terminus":0,"mode":"bus","color":"#0059a9","colorDark":"#00294f","angle":193.9,"snapDist":1,"label":1}},{"type":"Feature","geometry":{"type":"Point","coordinates":[21.774157,38.227773]},"properties":{"name":"Στροφή Τζολα","lines":"103, 104","arr":["103","104"],"terminus":0,"mode":"bus","color":"#0059a9","colorDark":"#00294f","angle":37,"snapDist":0,"label":1}},{"type":"Feature","geometry":{"type":"Point","coordinates":[21.774768,38.227319]},"properties":{"name":"Αγία Ειρήνη","lines":"103, 104","arr":["103","104"],"terminus":0,"mode":"bus","color":"#0059a9","colorDark":"#00294f","angle":148.4,"snapDist":3,"label":1}},{"type":"Feature","geometry":{"type":"Point","coordinates":[21.776651,38.227978]},"properties":{"name":"Περιμετρική","lines":"103, 104","arr":["103","104"],"terminus":0,"mode":"bus","color":"#0059a9","colorDark":"#00294f","angle":175.3,"snapDist":0,"label":1}},{"type":"Feature","geometry":{"type":"Point","coordinates":[21.781121,38.227987]},"properties":{"name":"Απόλαυση","lines":"103, 104","arr":["103","104"],"terminus":0,"mode":"bus","color":"#0059a9","colorDark":"#00294f","angle":342.8,"snapDist":1,"label":1}},{"type":"Feature","geometry":{"type":"Point","coordinates":[21.784256,38.228536]},"properties":{"name":"Ζωοδόχου Πηγής","lines":"103, 104","arr":["103","104"],"terminus":0,"mode":"bus","color":"#0059a9","colorDark":"#00294f","angle":198.5,"snapDist":2,"label":1}},{"type":"Feature","geometry":{"type":"Point","coordinates":[21.788064,38.229143]},"properties":{"name":"Ρωμανού 2","lines":"103, 104","arr":["103","104"],"terminus":0,"mode":"bus","color":"#0059a9","colorDark":"#00294f","angle":180,"snapDist":0,"label":1}},{"type":"Feature","geometry":{"type":"Point","coordinates":[21.791196,38.228737]},"properties":{"name":"Ρωμανού","lines":"103, 104","arr":["103","104"],"terminus":0,"mode":"bus","color":"#0059a9","colorDark":"#00294f","angle":82.7,"snapDist":3,"label":1}},{"type":"Feature","geometry":{"type":"Point","coordinates":[21.801417,38.215973]},"properties":{"name":"Ελεκιστρα","lines":"103, 104","arr":["103","104"],"terminus":1,"mode":"bus","color":"#0059a9","colorDark":"#00294f","angle":323,"snapDist":1,"label":1}},{"type":"Feature","geometry":{"type":"Point","coordinates":[21.765402,38.228654]},"properties":{"name":"Λεωνίδου","lines":"104","arr":["104"],"terminus":0,"mode":"bus","color":"#0059a9","colorDark":"#00294f","angle":85.3,"snapDist":2,"label":1}},{"type":"Feature","geometry":{"type":"Point","coordinates":[21.763307,38.229143]},"properties":{"name":"Ευρυβιάδου","lines":"104","arr":["104"],"terminus":0,"mode":"bus","color":"#0059a9","colorDark":"#00294f","angle":17.5,"snapDist":4,"label":1}},{"type":"Feature","geometry":{"type":"Point","coordinates":[21.760962,38.229682]},"properties":{"name":"Λυσάνδρου","lines":"104","arr":["104"],"terminus":0,"mode":"bus","color":"#0059a9","colorDark":"#00294f","angle":319.3,"snapDist":1,"label":0}},{"type":"Feature","geometry":{"type":"Point","coordinates":[21.758156,38.230767]},"properties":{"name":"Σαντο","lines":"104","arr":["104"],"terminus":0,"mode":"bus","color":"#0059a9","colorDark":"#00294f","angle":70.3,"snapDist":2,"label":0}},{"type":"Feature","geometry":{"type":"Point","coordinates":[21.756936,38.23229]},"properties":{"name":"Κλεάρχου","lines":"104","arr":["104"],"terminus":0,"mode":"bus","color":"#0059a9","colorDark":"#00294f","angle":54.1,"snapDist":3,"label":0}},{"type":"Feature","geometry":{"type":"Point","coordinates":[21.754691,38.233726]},"properties":{"name":"Παρασκευοπούλου","lines":"104","arr":["104"],"terminus":0,"mode":"bus","color":"#0059a9","colorDark":"#00294f","angle":34.6,"snapDist":3,"label":0}},{"type":"Feature","geometry":{"type":"Point","coordinates":[21.752534,38.235357]},"properties":{"name":"Πάρκο","lines":"104","arr":["104"],"terminus":0,"mode":"bus","color":"#0059a9","colorDark":"#00294f","angle":70.2,"snapDist":3,"label":0}},{"type":"Feature","geometry":{"type":"Point","coordinates":[21.748031,38.23953]},"properties":{"name":"12ου Συντάγματος","lines":"104","arr":["104"],"terminus":0,"mode":"bus","color":"#0059a9","colorDark":"#00294f","angle":27.9,"snapDist":1,"label":0}},{"type":"Feature","geometry":{"type":"Point","coordinates":[21.745272,38.240031]},"properties":{"name":"Πλατεία Ταμπαχανών","lines":"104","arr":["104"],"terminus":0,"mode":"bus","color":"#0059a9","colorDark":"#00294f","angle":281.4,"snapDist":0,"label":1}},{"type":"Feature","geometry":{"type":"Point","coordinates":[21.743908,38.238762]},"properties":{"name":"Πλατεία Μαρούδα","lines":"104, 701, 702, 801, 804","arr":["104","701","702","801","804"],"terminus":0,"mode":"bus","color":"#0059a9","colorDark":"#00294f","angle":35.9,"snapDist":2,"label":1}},{"type":"Feature","geometry":{"type":"Point","coordinates":[21.741425,38.239987]},"properties":{"name":"Αγ. Δημήτριος","lines":"104, 701, 804","arr":["104","701","804"],"terminus":0,"mode":"bus","color":"#0059a9","colorDark":"#00294f","angle":25.8,"snapDist":3,"label":0}},{"type":"Feature","geometry":{"type":"Point","coordinates":[21.738928,38.240965]},"properties":{"name":"Ομόνοια","lines":"104, 701, 804","arr":["104","701","804"],"terminus":0,"mode":"bus","color":"#0059a9","colorDark":"#00294f","angle":26.2,"snapDist":3,"label":0}},{"type":"Feature","geometry":{"type":"Point","coordinates":[21.73597,38.242096]},"properties":{"name":"Ψηλά Αλώνια (κάθοδος Γούναρη)","lines":"104, 701, 804","arr":["104","701","804"],"terminus":0,"mode":"bus","color":"#0059a9","colorDark":"#00294f","angle":26.1,"snapDist":4,"label":1}},{"type":"Feature","geometry":{"type":"Point","coordinates":[21.733746,38.243267]},"properties":{"name":"ΟΤΕ (κάθοδος Γούναρη)","lines":"104, 701, 804","arr":["104","701","804"],"terminus":0,"mode":"bus","color":"#0059a9","colorDark":"#00294f","angle":47.3,"snapDist":1,"label":1}},{"type":"Feature","geometry":{"type":"Point","coordinates":[21.731581,38.246156]},"properties":{"name":"Αγ. Ανδρέου & Φιλοποίμενος","lines":"104, 118, 502, 503","arr":["104","118","502","503"],"terminus":0,"mode":"bus","color":"#0059a9","colorDark":"#00294f","angle":134.7,"snapDist":2,"label":1}},{"type":"Feature","geometry":{"type":"Point","coordinates":[21.733186,38.24743]},"properties":{"name":"Γεροκωστοπούλου","lines":"104, 118, 502, 503","arr":["104","118","502","503"],"terminus":0,"mode":"bus","color":"#0059a9","colorDark":"#00294f","angle":134.7,"snapDist":2,"label":1}},{"type":"Feature","geometry":{"type":"Point","coordinates":[21.735677,38.249406]},"properties":{"name":"Αγ. Ανδρέου & Κολοκοτρώνη","lines":"104, 111, 118, 502, 503","arr":["104","111","118","502","503"],"terminus":0,"mode":"bus","color":"#0059a9","colorDark":"#00294f","angle":134.7,"snapDist":4,"label":1}},{"type":"Feature","geometry":{"type":"Point","coordinates":[21.73768,38.251185]},"properties":{"name":"Υπεραστικό ΚΤΕΛ Αχαΐας","lines":"104, 111, 502, 503, 804, 901","arr":["104","111","502","503","804","901"],"terminus":1,"mode":"bus","color":"#0059a9","colorDark":"#00294f","angle":110.7,"snapDist":1,"label":1}},{"type":"Feature","geometry":{"type":"Point","coordinates":[21.738591,38.254065]},"properties":{"name":"Αγ. Διονύσιος","lines":"104, 901","arr":["104","901"],"terminus":0,"mode":"bus","color":"#0059a9","colorDark":"#00294f","angle":104.6,"snapDist":2,"label":1}},{"type":"Feature","geometry":{"type":"Point","coordinates":[21.740711,38.255265]},"properties":{"name":"Πλ. Λαύρας-ΙΚΑ","lines":"104, 901","arr":["104","901"],"terminus":0,"mode":"bus","color":"#0059a9","colorDark":"#00294f","angle":108.1,"snapDist":2,"label":1}},{"type":"Feature","geometry":{"type":"Point","coordinates":[21.741617,38.257464]},"properties":{"name":"Αγ. Σοφίας","lines":"104, 901","arr":["104","901"],"terminus":0,"mode":"bus","color":"#0059a9","colorDark":"#00294f","angle":107.4,"snapDist":2,"label":0}},{"type":"Feature","geometry":{"type":"Point","coordinates":[21.742259,38.258986]},"properties":{"name":"ΕΛΤΑ","lines":"104, 901","arr":["104","901"],"terminus":0,"mode":"bus","color":"#0059a9","colorDark":"#00294f","angle":107.7,"snapDist":1,"label":0}},{"type":"Feature","geometry":{"type":"Point","coordinates":[21.742727,38.260141]},"properties":{"name":"Λευκωσίας","lines":"104, 901","arr":["104","901"],"terminus":0,"mode":"bus","color":"#0059a9","colorDark":"#00294f","angle":107.4,"snapDist":0,"label":0}},{"type":"Feature","geometry":{"type":"Point","coordinates":[21.743497,38.261795]},"properties":{"name":"Γήπεδο Παναχαϊκής","lines":"104, 901","arr":["104","901"],"terminus":0,"mode":"bus","color":"#0059a9","colorDark":"#00294f","angle":113,"snapDist":0,"label":0}},{"type":"Feature","geometry":{"type":"Point","coordinates":[21.745203,38.264198]},"properties":{"name":"Πεύκο","lines":"104, 303, 901","arr":["104","303","901"],"terminus":0,"mode":"bus","color":"#0059a9","colorDark":"#00294f","angle":139.3,"snapDist":0,"label":1}},{"type":"Feature","geometry":{"type":"Point","coordinates":[21.746713,38.265926]},"properties":{"name":"Πολυνείκους","lines":"104, 901","arr":["104","901"],"terminus":0,"mode":"bus","color":"#0059a9","colorDark":"#00294f","angle":113.5,"snapDist":2,"label":1}},{"type":"Feature","geometry":{"type":"Point","coordinates":[21.748151,38.26725]},"properties":{"name":"Πινδάρου","lines":"104, 901","arr":["104","901"],"terminus":0,"mode":"bus","color":"#0059a9","colorDark":"#00294f","angle":119.5,"snapDist":2,"label":0}},{"type":"Feature","geometry":{"type":"Point","coordinates":[21.748894,38.268358]},"properties":{"name":"Νοταρά","lines":"104, 901","arr":["104","901"],"terminus":0,"mode":"bus","color":"#0059a9","colorDark":"#00294f","angle":121.4,"snapDist":0,"label":1}},{"type":"Feature","geometry":{"type":"Point","coordinates":[21.747191,38.269338]},"properties":{"name":"Αγ. Κωνσταντίνος","lines":"104","arr":["104"],"terminus":0,"mode":"bus","color":"#0059a9","colorDark":"#00294f","angle":37.2,"snapDist":4,"label":0}},{"type":"Feature","geometry":{"type":"Point","coordinates":[21.745405,38.270444]},"properties":{"name":"Σιδηροδρομικές Γραμμές Αγυιά","lines":"104, 303","arr":["104","303"],"terminus":0,"mode":"bus","color":"#0059a9","colorDark":"#00294f","angle":40.8,"snapDist":4,"label":1}},{"type":"Feature","geometry":{"type":"Point","coordinates":[21.743974,38.271345]},"properties":{"name":"Ματθαίου","lines":"104","arr":["104"],"terminus":0,"mode":"bus","color":"#0059a9","colorDark":"#00294f","angle":36.7,"snapDist":0,"label":0}},{"type":"Feature","geometry":{"type":"Point","coordinates":[21.742815,38.274042]},"properties":{"name":"Πλάζ 1","lines":"104, 303","arr":["104","303"],"terminus":0,"mode":"bus","color":"#0059a9","colorDark":"#00294f","angle":127.5,"snapDist":3,"label":0}},{"type":"Feature","geometry":{"type":"Point","coordinates":[21.745269,38.277765]},"properties":{"name":"Πλάζ 2","lines":"104","arr":["104"],"terminus":0,"mode":"bus","color":"#0059a9","colorDark":"#00294f","angle":93.2,"snapDist":2,"label":0}},{"type":"Feature","geometry":{"type":"Point","coordinates":[21.74916,38.281582]},"properties":{"name":"Πλάζ 3","lines":"104","arr":["104"],"terminus":0,"mode":"bus","color":"#0059a9","colorDark":"#00294f","angle":202.9,"snapDist":5,"label":0}},{"type":"Feature","geometry":{"type":"Point","coordinates":[21.753227,38.280661]},"properties":{"name":"Πλάζ 4","lines":"104, 303","arr":["104","303"],"terminus":1,"mode":"bus","color":"#0059a9","colorDark":"#00294f","angle":193.7,"snapDist":4,"label":1}},{"type":"Feature","geometry":{"type":"Point","coordinates":[21.763191,38.23896]},"properties":{"name":"Τέρμα Διάκου","lines":"104","arr":["104"],"terminus":1,"mode":"bus","color":"#0059a9","colorDark":"#00294f","angle":152.9,"snapDist":4,"label":0}},{"type":"Feature","geometry":{"type":"Point","coordinates":[21.760561,38.237704]},"properties":{"name":"Καραμανδάνειο Νοσοκομείο","lines":"104","arr":["104"],"terminus":0,"mode":"bus","color":"#0059a9","colorDark":"#00294f","angle":317.9,"snapDist":0,"label":1}},{"type":"Feature","geometry":{"type":"Point","coordinates":[21.758659,38.23767]},"properties":{"name":"Ερυθρού Σταυρού","lines":"104","arr":["104"],"terminus":0,"mode":"bus","color":"#0059a9","colorDark":"#00294f","angle":6.8,"snapDist":4,"label":1}},{"type":"Feature","geometry":{"type":"Point","coordinates":[21.755504,38.237676]},"properties":{"name":"409 Στρατιωτικό Νοσοκομείο","lines":"104","arr":["104"],"terminus":0,"mode":"bus","color":"#0059a9","colorDark":"#00294f","angle":35,"snapDist":2,"label":0}},{"type":"Feature","geometry":{"type":"Point","coordinates":[21.754689,38.238285]},"properties":{"name":"Δουρος","lines":"104","arr":["104"],"terminus":0,"mode":"bus","color":"#0059a9","colorDark":"#00294f","angle":58.5,"snapDist":1,"label":1}},{"type":"Feature","geometry":{"type":"Point","coordinates":[21.750636,38.238412]},"properties":{"name":"Σύνορα","lines":"104","arr":["104"],"terminus":0,"mode":"bus","color":"#0059a9","colorDark":"#00294f","angle":33.4,"snapDist":0,"label":1}},{"type":"Feature","geometry":{"type":"Point","coordinates":[21.749502,38.238906]},"properties":{"name":"Γ' Νεκροταφείο Πατρών","lines":"104","arr":["104"],"terminus":0,"mode":"bus","color":"#0059a9","colorDark":"#00294f","angle":28.4,"snapDist":1,"label":0}},{"type":"Feature","geometry":{"type":"Point","coordinates":[21.742742,38.273972]},"properties":{"name":"Αφετηρία Ρομάντζα","lines":"104","arr":["104"],"terminus":0,"mode":"bus","color":"#0059a9","colorDark":"#00294f","angle":130.9,"snapDist":112,"label":1}},{"type":"Feature","geometry":{"type":"Point","coordinates":[21.762159,38.235359]},"properties":{"name":"Παπακου","lines":"104","arr":["104"],"terminus":0,"mode":"bus","color":"#0059a9","colorDark":"#00294f","angle":56,"snapDist":0,"label":0}},{"type":"Feature","geometry":{"type":"Point","coordinates":[21.760235,38.235825]},"properties":{"name":"Οδ.Γηροκομείου","lines":"104","arr":["104"],"terminus":0,"mode":"bus","color":"#0059a9","colorDark":"#00294f","angle":19.2,"snapDist":0,"label":0}},{"type":"Feature","geometry":{"type":"Point","coordinates":[21.759058,38.236353]},"properties":{"name":"Προφήτης Ηλίας","lines":"104","arr":["104"],"terminus":0,"mode":"bus","color":"#0059a9","colorDark":"#00294f","angle":24.3,"snapDist":3,"label":0}},{"type":"Feature","geometry":{"type":"Point","coordinates":[21.738932,38.267708]},"properties":{"name":"Αφετηρία Πάρκινγκ Τερψιθέα","lines":"111","arr":["111"],"terminus":1,"mode":"bus","color":"#0059a9","colorDark":"#00294f","angle":269.5,"snapDist":3,"label":1}},{"type":"Feature","geometry":{"type":"Point","coordinates":[21.739404,38.264471]},"properties":{"name":"Μαρίνα","lines":"111","arr":["111"],"terminus":0,"mode":"bus","color":"#0059a9","colorDark":"#00294f","angle":270.6,"snapDist":5,"label":1}},{"type":"Feature","geometry":{"type":"Point","coordinates":[21.738884,38.260444]},"properties":{"name":"Μωρέας","lines":"111","arr":["111"],"terminus":0,"mode":"bus","color":"#0059a9","colorDark":"#00294f","angle":277.2,"snapDist":5,"label":1}},{"type":"Feature","geometry":{"type":"Point","coordinates":[21.737993,38.256006]},"properties":{"name":"Σταθμός Υποδοχής-Μελίνα Μερκούρη","lines":"111","arr":["111"],"terminus":0,"mode":"bus","color":"#0059a9","colorDark":"#00294f","angle":280.5,"snapDist":0,"label":1}},{"type":"Feature","geometry":{"type":"Point","coordinates":[21.735347,38.249732]},"properties":{"name":"ΟΣΕ","lines":"111, 501, 502, 606, 607, 608, 609, 610, 801, 803","arr":["111","501","502","606","607","608","609","610","801","803"],"terminus":1,"mode":"bus","color":"#0059a9","colorDark":"#00294f","angle":315.7,"snapDist":3,"label":1}},{"type":"Feature","geometry":{"type":"Point","coordinates":[21.733293,38.247731]},"properties":{"name":"Γεροκωστοπούλου (Γραμμή 11)","lines":"111","arr":["111"],"terminus":0,"mode":"bus","color":"#0059a9","colorDark":"#00294f","angle":225.2,"snapDist":1,"label":1}},{"type":"Feature","geometry":{"type":"Point","coordinates":[21.738316,38.253193]},"properties":{"name":"Αγ. Διονύσιος - Επίκεντρο","lines":"111, 502, 503, 804","arr":["111","502","503","804"],"terminus":1,"mode":"bus","color":"#0059a9","colorDark":"#00294f","angle":101.3,"snapDist":0,"label":1}},{"type":"Feature","geometry":{"type":"Point","coordinates":[21.738139,38.255987]},"properties":{"name":"Σταθμός Υποδοχής-Μελίνα","lines":"111","arr":["111"],"terminus":0,"mode":"bus","color":"#0059a9","colorDark":"#00294f","angle":101.5,"snapDist":1,"label":1}},{"type":"Feature","geometry":{"type":"Point","coordinates":[21.738884,38.26044]},"properties":{"name":"Μωρέας","lines":"111","arr":["111"],"terminus":0,"mode":"bus","color":"#0059a9","colorDark":"#00294f","angle":277.2,"snapDist":1,"label":0}},{"type":"Feature","geometry":{"type":"Point","coordinates":[21.739401,38.264241]},"properties":{"name":"Μαρίνα","lines":"111","arr":["111"],"terminus":0,"mode":"bus","color":"#0059a9","colorDark":"#00294f","angle":270.5,"snapDist":1,"label":0}},{"type":"Feature","geometry":{"type":"Point","coordinates":[21.739372,38.267211]},"properties":{"name":"PARKING 11","lines":"111","arr":["111"],"terminus":1,"mode":"bus","color":"#0059a9","colorDark":"#00294f","angle":269.7,"snapDist":3,"label":1}},{"type":"Feature","geometry":{"type":"Point","coordinates":[21.721259,38.223925]},"properties":{"name":"Αβεξ","lines":"118, 502, 503","arr":["118","502","503"],"terminus":1,"mode":"bus","color":"#0059a9","colorDark":"#00294f","angle":99.6,"snapDist":1,"label":1}},{"type":"Feature","geometry":{"type":"Point","coordinates":[21.721421,38.226383]},"properties":{"name":"Νέο Λιμάνι","lines":"118","arr":["118"],"terminus":0,"mode":"bus","color":"#0059a9","colorDark":"#00294f","angle":-72.2,"snapDist":21,"label":1}},{"type":"Feature","geometry":{"type":"Point","coordinates":[21.726583,38.241497]},"properties":{"name":"Ι.Ν. Αγ. Ανδρέας","lines":"118, 502, 503","arr":["118","502","503"],"terminus":0,"mode":"bus","color":"#0059a9","colorDark":"#00294f","angle":96.2,"snapDist":3,"label":1}},{"type":"Feature","geometry":{"type":"Point","coordinates":[21.728729,38.243868]},"properties":{"name":"Τριών Ναυάρχων","lines":"118, 502, 503","arr":["118","502","503"],"terminus":0,"mode":"bus","color":"#0059a9","colorDark":"#00294f","angle":134.3,"snapDist":4,"label":1}},{"type":"Feature","geometry":{"type":"Point","coordinates":[21.730212,38.245062]},"properties":{"name":"Πλατεία Πίνδου","lines":"118, 502, 503","arr":["118","502","503"],"terminus":0,"mode":"bus","color":"#0059a9","colorDark":"#00294f","angle":134.3,"snapDist":4,"label":1}},{"type":"Feature","geometry":{"type":"Point","coordinates":[21.736761,38.251276]},"properties":{"name":"Σταθμός Υπεραστικών","lines":"118","arr":["118"],"terminus":1,"mode":"bus","color":"#0059a9","colorDark":"#00294f","angle":33.6,"snapDist":3,"label":1}},{"type":"Feature","geometry":{"type":"Point","coordinates":[21.761482,38.2648]},"properties":{"name":"Τέρμα Αρέθα","lines":"201, 202","arr":["201","202"],"terminus":1,"mode":"bus","color":"#0059a9","colorDark":"#00294f","angle":155.9,"snapDist":6,"label":1}},{"type":"Feature","geometry":{"type":"Point","coordinates":[21.760603,38.265259]},"properties":{"name":"Αμπελόκηποι","lines":"201","arr":["201"],"terminus":0,"mode":"bus","color":"#0059a9","colorDark":"#00294f","angle":21.2,"snapDist":2,"label":1}},{"type":"Feature","geometry":{"type":"Point","coordinates":[21.758886,38.265806]},"properties":{"name":"Πλατεία Αμπελοκήπων","lines":"201","arr":["201"],"terminus":0,"mode":"bus","color":"#0059a9","colorDark":"#00294f","angle":20.6,"snapDist":3,"label":1}},{"type":"Feature","geometry":{"type":"Point","coordinates":[21.756847,38.266125]},"properties":{"name":"Πανεπιστημίου & Αρέθα","lines":"201, 606, 609","arr":["201","606","609"],"terminus":0,"mode":"bus","color":"#0059a9","colorDark":"#00294f","angle":323.1,"snapDist":5,"label":1}},{"type":"Feature","geometry":{"type":"Point","coordinates":[21.754811,38.264604]},"properties":{"name":"Γεωργική Σχολή","lines":"201, 606, 609","arr":["201","606","609"],"terminus":0,"mode":"bus","color":"#0059a9","colorDark":"#00294f","angle":310.8,"snapDist":2,"label":1}},{"type":"Feature","geometry":{"type":"Point","coordinates":[21.753748,38.261333]},"properties":{"name":"Ανθούπολη","lines":"201, 606, 609","arr":["201","606","609"],"terminus":0,"mode":"bus","color":"#0059a9","colorDark":"#00294f","angle":-15.5,"snapDist":4,"label":1}},{"type":"Feature","geometry":{"type":"Point","coordinates":[21.752064,38.260563]},"properties":{"name":"Νεκροταφείο Α'","lines":"201","arr":["201"],"terminus":0,"mode":"bus","color":"#0059a9","colorDark":"#00294f","angle":302.8,"snapDist":3,"label":1}},{"type":"Feature","geometry":{"type":"Point","coordinates":[21.749497,38.25828]},"properties":{"name":"Φίλιππα","lines":"201","arr":["201"],"terminus":0,"mode":"bus","color":"#0059a9","colorDark":"#00294f","angle":335.5,"snapDist":1,"label":1}},{"type":"Feature","geometry":{"type":"Point","coordinates":[21.745434,38.256105]},"properties":{"name":"Αγ. Σοφίας","lines":"201, 606, 609, 610","arr":["201","606","609","610"],"terminus":0,"mode":"bus","color":"#0059a9","colorDark":"#00294f","angle":17.4,"snapDist":2,"label":1}},{"type":"Feature","geometry":{"type":"Point","coordinates":[21.742932,38.255792]},"properties":{"name":"Κωνσταντινουπόλεως","lines":"201, 301, 302","arr":["201","301","302"],"terminus":0,"mode":"bus","color":"#0059a9","colorDark":"#00294f","angle":288.1,"snapDist":5,"label":1}},{"type":"Feature","geometry":{"type":"Point","coordinates":[21.742211,38.253981]},"properties":{"name":"Φαβιέρου","lines":"201, 301, 302","arr":["201","301","302"],"terminus":0,"mode":"bus","color":"#0059a9","colorDark":"#00294f","angle":287.3,"snapDist":5,"label":1}},{"type":"Feature","geometry":{"type":"Point","coordinates":[21.741722,38.252757]},"properties":{"name":"Νόρμαν","lines":"201, 301, 302","arr":["201","301","302"],"terminus":0,"mode":"bus","color":"#0059a9","colorDark":"#00294f","angle":285.8,"snapDist":9,"label":0}},{"type":"Feature","geometry":{"type":"Point","coordinates":[21.729848,38.239665]},"properties":{"name":"Ναυαρίνου","lines":"201","arr":["201"],"terminus":0,"mode":"bus","color":"#0059a9","colorDark":"#00294f","angle":279.2,"snapDist":3,"label":1}},{"type":"Feature","geometry":{"type":"Point","coordinates":[21.729346,38.237168]},"properties":{"name":"Ιεροθέου","lines":"201","arr":["201"],"terminus":0,"mode":"bus","color":"#0059a9","colorDark":"#00294f","angle":278.6,"snapDist":3,"label":1}},{"type":"Feature","geometry":{"type":"Point","coordinates":[21.730615,38.236121]},"properties":{"name":"Σκαγιοπούλειο","lines":"201","arr":["201"],"terminus":0,"mode":"bus","color":"#0059a9","colorDark":"#00294f","angle":163.2,"snapDist":5,"label":1}},{"type":"Feature","geometry":{"type":"Point","coordinates":[21.734161,38.236964]},"properties":{"name":"Απ. Παύλος","lines":"201","arr":["201"],"terminus":0,"mode":"bus","color":"#0059a9","colorDark":"#00294f","angle":163.2,"snapDist":6,"label":1}},{"type":"Feature","geometry":{"type":"Point","coordinates":[21.736145,38.237163]},"properties":{"name":"Πέντε Δρόμοι","lines":"201","arr":["201"],"terminus":0,"mode":"bus","color":"#0059a9","colorDark":"#00294f","angle":190.1,"snapDist":4,"label":1}},{"type":"Feature","geometry":{"type":"Point","coordinates":[21.737784,38.237059]},"properties":{"name":"Σμύρνης 1","lines":"201","arr":["201"],"terminus":0,"mode":"bus","color":"#0059a9","colorDark":"#00294f","angle":177.6,"snapDist":4,"label":1}},{"type":"Feature","geometry":{"type":"Point","coordinates":[21.739788,38.237126]},"properties":{"name":"Σμύρνης 2","lines":"201","arr":["201"],"terminus":0,"mode":"bus","color":"#0059a9","colorDark":"#00294f","angle":178.5,"snapDist":3,"label":1}},{"type":"Feature","geometry":{"type":"Point","coordinates":[21.740059,38.235945]},"properties":{"name":"Ιωνίας 2","lines":"201","arr":["201"],"terminus":0,"mode":"bus","color":"#0059a9","colorDark":"#00294f","angle":265.3,"snapDist":4,"label":1}},{"type":"Feature","geometry":{"type":"Point","coordinates":[21.74117,38.235281]},"properties":{"name":"Πλατεία Ελευθερίας","lines":"201","arr":["201"],"terminus":0,"mode":"bus","color":"#0059a9","colorDark":"#00294f","angle":178,"snapDist":4,"label":1}},{"type":"Feature","geometry":{"type":"Point","coordinates":[21.74358,38.235348]},"properties":{"name":"Πριγκηποννήσων","lines":"201","arr":["201"],"terminus":0,"mode":"bus","color":"#0059a9","colorDark":"#00294f","angle":178,"snapDist":4,"label":1}},{"type":"Feature","geometry":{"type":"Point","coordinates":[21.746518,38.235021]},"properties":{"name":"Νοσοκομείο Αγ. Ανδρέας","lines":"201, 801, 803","arr":["201","801","803"],"terminus":0,"mode":"bus","color":"#0059a9","colorDark":"#00294f","angle":249.6,"snapDist":6,"label":1}},{"type":"Feature","geometry":{"type":"Point","coordinates":[21.744218,38.232354]},"properties":{"name":"Κολωνάκι","lines":"201, 801, 803","arr":["201","801","803"],"terminus":0,"mode":"bus","color":"#0059a9","colorDark":"#00294f","angle":306,"snapDist":2,"label":1}},{"type":"Feature","geometry":{"type":"Point","coordinates":[21.742258,38.230344]},"properties":{"name":"Αγ. Νεκτάριος","lines":"201, 801","arr":["201","801"],"terminus":0,"mode":"bus","color":"#0059a9","colorDark":"#00294f","angle":311.1,"snapDist":1,"label":1}},{"type":"Feature","geometry":{"type":"Point","coordinates":[21.740943,38.228654]},"properties":{"name":"Πλ. Παπανδρέου","lines":"201, 801, 803","arr":["201","801","803"],"terminus":0,"mode":"bus","color":"#0059a9","colorDark":"#00294f","angle":284.1,"snapDist":2,"label":1}},{"type":"Feature","geometry":{"type":"Point","coordinates":[21.742014,38.227241]},"properties":{"name":"Ευγενίας","lines":"201, 503, 801, 803","arr":["201","503","801","803"],"terminus":0,"mode":"bus","color":"#0059a9","colorDark":"#00294f","angle":260.4,"snapDist":2,"label":1}},{"type":"Feature","geometry":{"type":"Point","coordinates":[21.742444,38.225373]},"properties":{"name":"Ψαροφάι","lines":"201, 503, 801, 803","arr":["201","503","801","803"],"terminus":0,"mode":"bus","color":"#0059a9","colorDark":"#00294f","angle":259.6,"snapDist":2,"label":1}},{"type":"Feature","geometry":{"type":"Point","coordinates":[21.74257,38.223466]},"properties":{"name":"Ανάληψη","lines":"201, 503, 801, 803","arr":["201","503","801","803"],"terminus":0,"mode":"bus","color":"#0059a9","colorDark":"#00294f","angle":274,"snapDist":4,"label":1}},{"type":"Feature","geometry":{"type":"Point","coordinates":[21.741625,38.220398]},"properties":{"name":"Μιμόζα","lines":"201, 503, 801, 803","arr":["201","503","801","803"],"terminus":0,"mode":"bus","color":"#0059a9","colorDark":"#00294f","angle":282.6,"snapDist":0,"label":1}},{"type":"Feature","geometry":{"type":"Point","coordinates":[21.742048,38.219717]},"properties":{"name":"Αγ. Αιμιλιάνος","lines":"201, 503","arr":["201","503"],"terminus":0,"mode":"bus","color":"#0059a9","colorDark":"#00294f","angle":201,"snapDist":5,"label":1}},{"type":"Feature","geometry":{"type":"Point","coordinates":[21.745419,38.219056]},"properties":{"name":"Αφετηρία Ταραμπούρα (ΤΕΙ)","lines":"201, 202, 503","arr":["201","202","503"],"terminus":1,"mode":"bus","color":"#0059a9","colorDark":"#00294f","angle":110,"snapDist":3,"label":1}},{"type":"Feature","geometry":{"type":"Point","coordinates":[21.744827,38.2206]},"properties":{"name":"Μ. Αλεξάνδρου","lines":"202","arr":["202"],"terminus":0,"mode":"bus","color":"#0059a9","colorDark":"#00294f","angle":13.3,"snapDist":2,"label":1}},{"type":"Feature","geometry":{"type":"Point","coordinates":[21.743743,38.219291]},"properties":{"name":"Σκύρου","lines":"202","arr":["202"],"terminus":0,"mode":"bus","color":"#0059a9","colorDark":"#00294f","angle":292.3,"snapDist":2,"label":1}},{"type":"Feature","geometry":{"type":"Point","coordinates":[21.741606,38.220333]},"properties":{"name":"Μιμόζα","lines":"202, 804","arr":["202","804"],"terminus":0,"mode":"bus","color":"#0059a9","colorDark":"#00294f","angle":102.6,"snapDist":7,"label":0}},{"type":"Feature","geometry":{"type":"Point","coordinates":[21.742583,38.223613]},"properties":{"name":"Ανάληψη","lines":"202, 804","arr":["202","804"],"terminus":0,"mode":"bus","color":"#0059a9","colorDark":"#00294f","angle":94,"snapDist":2,"label":0}},{"type":"Feature","geometry":{"type":"Point","coordinates":[21.742433,38.225419]},"properties":{"name":"Ψαροφάι","lines":"202, 804","arr":["202","804"],"terminus":0,"mode":"bus","color":"#0059a9","colorDark":"#00294f","angle":79.6,"snapDist":4,"label":0}},{"type":"Feature","geometry":{"type":"Point","coordinates":[21.742009,38.227265]},"properties":{"name":"Ευγενίας","lines":"202, 804","arr":["202","804"],"terminus":0,"mode":"bus","color":"#0059a9","colorDark":"#00294f","angle":80.4,"snapDist":5,"label":0}},{"type":"Feature","geometry":{"type":"Point","coordinates":[21.741022,38.228873]},"properties":{"name":"Πλ. Παπανδρέου","lines":"202, 804","arr":["202","804"],"terminus":0,"mode":"bus","color":"#0059a9","colorDark":"#00294f","angle":106.5,"snapDist":5,"label":0}},{"type":"Feature","geometry":{"type":"Point","coordinates":[21.742437,38.230506]},"properties":{"name":"Αγ. Νεκτάριος","lines":"202, 801, 803, 804","arr":["202","801","803","804"],"terminus":0,"mode":"bus","color":"#0059a9","colorDark":"#00294f","angle":131.1,"snapDist":5,"label":0}},{"type":"Feature","geometry":{"type":"Point","coordinates":[21.744171,38.232303]},"properties":{"name":"Κολωνάκι","lines":"202, 804","arr":["202","804"],"terminus":0,"mode":"bus","color":"#0059a9","colorDark":"#00294f","angle":126,"snapDist":5,"label":0}},{"type":"Feature","geometry":{"type":"Point","coordinates":[21.746558,38.235303]},"properties":{"name":"Νοσοκομείο Αγ. Ανδρέας","lines":"202, 701, 804","arr":["202","701","804"],"terminus":0,"mode":"bus","color":"#0059a9","colorDark":"#00294f","angle":69.6,"snapDist":5,"label":0}},{"type":"Feature","geometry":{"type":"Point","coordinates":[21.743985,38.236403]},"properties":{"name":"Φωκαίας","lines":"202","arr":["202"],"terminus":0,"mode":"bus","color":"#0059a9","colorDark":"#00294f","angle":355.6,"snapDist":2,"label":1}},{"type":"Feature","geometry":{"type":"Point","coordinates":[21.741925,38.236278]},"properties":{"name":"Πλατεία Ελευθερίας","lines":"202","arr":["202"],"terminus":0,"mode":"bus","color":"#0059a9","colorDark":"#00294f","angle":355.6,"snapDist":0,"label":0}},{"type":"Feature","geometry":{"type":"Point","coordinates":[21.740004,38.236462]},"properties":{"name":"Ιωνίας 1","lines":"202","arr":["202"],"terminus":0,"mode":"bus","color":"#0059a9","colorDark":"#00294f","angle":85.3,"snapDist":0,"label":1}},{"type":"Feature","geometry":{"type":"Point","coordinates":[21.739808,38.237707]},"properties":{"name":"ΚΑΠΗ","lines":"202","arr":["202"],"terminus":0,"mode":"bus","color":"#0059a9","colorDark":"#00294f","angle":75.6,"snapDist":1,"label":1}},{"type":"Feature","geometry":{"type":"Point","coordinates":[21.738609,38.23804]},"properties":{"name":"Βουλγάρεως","lines":"202","arr":["202"],"terminus":0,"mode":"bus","color":"#0059a9","colorDark":"#00294f","angle":354.9,"snapDist":1,"label":1}},{"type":"Feature","geometry":{"type":"Point","coordinates":[21.737465,38.237777]},"properties":{"name":"Λόντου","lines":"202","arr":["202"],"terminus":0,"mode":"bus","color":"#0059a9","colorDark":"#00294f","angle":302.2,"snapDist":2,"label":1}},{"type":"Feature","geometry":{"type":"Point","coordinates":[21.736193,38.237157]},"properties":{"name":"Πέντε Δρόμοι","lines":"202","arr":["202"],"terminus":0,"mode":"bus","color":"#0059a9","colorDark":"#00294f","angle":10.1,"snapDist":1,"label":0}},{"type":"Feature","geometry":{"type":"Point","coordinates":[21.733627,38.236837]},"properties":{"name":"Απ. Παύλος","lines":"202","arr":["202"],"terminus":0,"mode":"bus","color":"#0059a9","colorDark":"#00294f","angle":343.2,"snapDist":1,"label":0}},{"type":"Feature","geometry":{"type":"Point","coordinates":[21.730261,38.236258]},"properties":{"name":"Σολωμού","lines":"202","arr":["202"],"terminus":0,"mode":"bus","color":"#0059a9","colorDark":"#00294f","angle":99.4,"snapDist":2,"label":1}},{"type":"Feature","geometry":{"type":"Point","coordinates":[21.730696,38.238511]},"properties":{"name":"Αγ.Βαρβάρα","lines":"202","arr":["202"],"terminus":0,"mode":"bus","color":"#0059a9","colorDark":"#00294f","angle":98.7,"snapDist":1,"label":1}},{"type":"Feature","geometry":{"type":"Point","coordinates":[21.730793,38.240614]},"properties":{"name":"Παπαφλέσσα","lines":"202","arr":["202"],"terminus":0,"mode":"bus","color":"#0059a9","colorDark":"#00294f","angle":8.1,"snapDist":1,"label":1}},{"type":"Feature","geometry":{"type":"Point","coordinates":[21.729291,38.24124]},"properties":{"name":"Παπαφλέσσα και Κορίνθου","lines":"202, 303, 602","arr":["202","303","602"],"terminus":0,"mode":"bus","color":"#0059a9","colorDark":"#00294f","angle":135.8,"snapDist":4,"label":1}},{"type":"Feature","geometry":{"type":"Point","coordinates":[21.731934,38.243293]},"properties":{"name":"Κορίνθου & Μιαούλη","lines":"202, 303, 602","arr":["202","303","602"],"terminus":0,"mode":"bus","color":"#0059a9","colorDark":"#00294f","angle":135.3,"snapDist":4,"label":1}},{"type":"Feature","geometry":{"type":"Point","coordinates":[21.733895,38.244814]},"properties":{"name":"Βότση","lines":"202, 303, 602, 701, 804","arr":["202","303","602","701","804"],"terminus":0,"mode":"bus","color":"#0059a9","colorDark":"#00294f","angle":135.6,"snapDist":4,"label":1}},{"type":"Feature","geometry":{"type":"Point","coordinates":[21.735756,38.24589]},"properties":{"name":"Πλατεία Γεωργίου (πάνω μέρος)","lines":"202, 303, 602, 701, 804","arr":["202","303","602","701","804"],"terminus":0,"mode":"bus","color":"#0059a9","colorDark":"#00294f","angle":136.8,"snapDist":2,"label":1}},{"type":"Feature","geometry":{"type":"Point","coordinates":[21.737519,38.247627]},"properties":{"name":"Αγ. Νικολάου","lines":"202, 303, 601, 602, 606, 607, 608, 804","arr":["202","303","601","602","606","607","608","804"],"terminus":0,"mode":"bus","color":"#0059a9","colorDark":"#00294f","angle":135.4,"snapDist":2,"label":0}},{"type":"Feature","geometry":{"type":"Point","coordinates":[21.739319,38.24903]},"properties":{"name":"Ζαΐμη","lines":"202, 303, 601, 602, 606, 607, 608","arr":["202","303","601","602","606","607","608"],"terminus":0,"mode":"bus","color":"#0059a9","colorDark":"#00294f","angle":135.2,"snapDist":2,"label":1}},{"type":"Feature","geometry":{"type":"Point","coordinates":[21.740835,38.250199]},"properties":{"name":"Παλιό Αρσάκειο (Κορίνθου)","lines":"202, 303, 601, 602, 606, 607, 608","arr":["202","303","601","602","606","607","608"],"terminus":0,"mode":"bus","color":"#0059a9","colorDark":"#00294f","angle":135.8,"snapDist":3,"label":1}},{"type":"Feature","geometry":{"type":"Point","coordinates":[21.742754,38.251674]},"properties":{"name":"Πλατεία Πυροσβεστείου","lines":"202, 303, 601, 602, 606, 607, 608","arr":["202","303","601","602","606","607","608"],"terminus":0,"mode":"bus","color":"#0059a9","colorDark":"#00294f","angle":136,"snapDist":4,"label":1}},{"type":"Feature","geometry":{"type":"Point","coordinates":[21.744091,38.253006]},"properties":{"name":"Φαβιέρου","lines":"202, 303, 601, 602, 606, 607, 608","arr":["202","303","601","602","606","607","608"],"terminus":0,"mode":"bus","color":"#0059a9","colorDark":"#00294f","angle":124.4,"snapDist":2,"label":0}},{"type":"Feature","geometry":{"type":"Point","coordinates":[21.745958,38.255212]},"properties":{"name":"Μαρατου","lines":"202, 303, 601, 602, 606, 607, 608","arr":["202","303","601","602","606","607","608"],"terminus":0,"mode":"bus","color":"#0059a9","colorDark":"#00294f","angle":123.3,"snapDist":3,"label":1}},{"type":"Feature","geometry":{"type":"Point","coordinates":[21.748121,38.257303]},"properties":{"name":"Κουρτεση","lines":"202, 303, 601, 602, 606, 607, 608","arr":["202","303","601","602","606","607","608"],"terminus":0,"mode":"bus","color":"#0059a9","colorDark":"#00294f","angle":95.5,"snapDist":1,"label":1}},{"type":"Feature","geometry":{"type":"Point","coordinates":[21.750631,38.258803]},"properties":{"name":"Φίλιππα","lines":"202, 303, 601, 606, 607, 608","arr":["202","303","601","606","607","608"],"terminus":0,"mode":"bus","color":"#0059a9","colorDark":"#00294f","angle":131.7,"snapDist":5,"label":0}},{"type":"Feature","geometry":{"type":"Point","coordinates":[21.7524,38.260961]},"properties":{"name":"Α' Νεκροταφείο Πατρών","lines":"202, 601, 606, 607, 608","arr":["202","601","606","607","608"],"terminus":0,"mode":"bus","color":"#0059a9","colorDark":"#00294f","angle":135.1,"snapDist":4,"label":1}},{"type":"Feature","geometry":{"type":"Point","coordinates":[21.753832,38.26136]},"properties":{"name":"Ανθούπολη","lines":"202, 601, 606, 607, 608","arr":["202","601","606","607","608"],"terminus":0,"mode":"bus","color":"#0059a9","colorDark":"#00294f","angle":151.6,"snapDist":9,"label":0}},{"type":"Feature","geometry":{"type":"Point","coordinates":[21.75483,38.264622]},"properties":{"name":"Ογα","lines":"202, 601, 606, 607, 608","arr":["202","601","606","607","608"],"terminus":0,"mode":"bus","color":"#0059a9","colorDark":"#00294f","angle":130.8,"snapDist":5,"label":1}},{"type":"Feature","geometry":{"type":"Point","coordinates":[21.756767,38.265868]},"properties":{"name":"Μειλίχου 1","lines":"202, 607","arr":["202","607"],"terminus":0,"mode":"bus","color":"#0059a9","colorDark":"#00294f","angle":215.1,"snapDist":4,"label":1}},{"type":"Feature","geometry":{"type":"Point","coordinates":[21.758948,38.264874]},"properties":{"name":"Μειλίχου 2","lines":"202, 607","arr":["202","607"],"terminus":0,"mode":"bus","color":"#0059a9","colorDark":"#00294f","angle":212.8,"snapDist":6,"label":1}},{"type":"Feature","geometry":{"type":"Point","coordinates":[21.760133,38.264385]},"properties":{"name":"Ολύμπιον","lines":"202, 607","arr":["202","607"],"terminus":0,"mode":"bus","color":"#0059a9","colorDark":"#00294f","angle":207.2,"snapDist":5,"label":1}},{"type":"Feature","geometry":{"type":"Point","coordinates":[21.73383,38.228315]},"properties":{"name":"Ανδρόνικου","lines":"202, 301, 302","arr":["202","301","302"],"terminus":0,"mode":"bus","color":"#0059a9","colorDark":"#00294f","angle":277.7,"snapDist":3,"label":1}},{"type":"Feature","geometry":{"type":"Point","coordinates":[21.733279,38.227088]},"properties":{"name":"Αιδηψού","lines":"202, 301, 302","arr":["202","301","302"],"terminus":0,"mode":"bus","color":"#0059a9","colorDark":"#00294f","angle":294.8,"snapDist":2,"label":1}},{"type":"Feature","geometry":{"type":"Point","coordinates":[21.731722,38.226039]},"properties":{"name":"Κομνηνών","lines":"202, 301, 302","arr":["202","301","302"],"terminus":0,"mode":"bus","color":"#0059a9","colorDark":"#00294f","angle":296.5,"snapDist":2,"label":1}},{"type":"Feature","geometry":{"type":"Point","coordinates":[21.73111,38.224021]},"properties":{"name":"Καρπενησιώτου","lines":"202, 301, 302","arr":["202","301","302"],"terminus":0,"mode":"bus","color":"#0059a9","colorDark":"#00294f","angle":268.6,"snapDist":3,"label":1}},{"type":"Feature","geometry":{"type":"Point","coordinates":[21.730482,38.222376]},"properties":{"name":"Άγιος Χαράλαμπος","lines":"202, 301, 302","arr":["202","301","302"],"terminus":0,"mode":"bus","color":"#0059a9","colorDark":"#00294f","angle":202,"snapDist":4,"label":1}},{"type":"Feature","geometry":{"type":"Point","coordinates":[21.732656,38.222327]},"properties":{"name":"Θουκυδίδου","lines":"202, 301, 302","arr":["202","301","302"],"terminus":0,"mode":"bus","color":"#0059a9","colorDark":"#00294f","angle":192.6,"snapDist":2,"label":1}},{"type":"Feature","geometry":{"type":"Point","coordinates":[21.735024,38.221258]},"properties":{"name":"24ο Δημ. Σχολείο","lines":"202, 301, 302","arr":["202","301","302"],"terminus":0,"mode":"bus","color":"#0059a9","colorDark":"#00294f","angle":191.7,"snapDist":1,"label":1}},{"type":"Feature","geometry":{"type":"Point","coordinates":[21.737272,38.220741]},"properties":{"name":"Ανθείας","lines":"202, 301, 302","arr":["202","301","302"],"terminus":0,"mode":"bus","color":"#0059a9","colorDark":"#00294f","angle":196.9,"snapDist":4,"label":1}},{"type":"Feature","geometry":{"type":"Point","coordinates":[21.736947,38.218512]},"properties":{"name":"Αφετηρία Ζαρουχλέικα","lines":"202, 301, 302, 303, 503","arr":["202","301","302","303","503"],"terminus":1,"mode":"bus","color":"#0059a9","colorDark":"#00294f","angle":112.4,"snapDist":2,"label":1}},{"type":"Feature","geometry":{"type":"Point","coordinates":[21.72985,38.210878]},"properties":{"name":"Κουνινιωτη","lines":"202, 302","arr":["202","302"],"terminus":0,"mode":"bus","color":"#0059a9","colorDark":"#00294f","angle":302.1,"snapDist":4,"label":1}},{"type":"Feature","geometry":{"type":"Point","coordinates":[21.725397,38.205541]},"properties":{"name":"22ο Δημοτικό","lines":"202, 302","arr":["202","302"],"terminus":0,"mode":"bus","color":"#0059a9","colorDark":"#00294f","angle":27.3,"snapDist":1,"label":1}},{"type":"Feature","geometry":{"type":"Point","coordinates":[21.717483,38.209448]},"properties":{"name":"PIRELLI","lines":"202, 302","arr":["202","302"],"terminus":0,"mode":"bus","color":"#0059a9","colorDark":"#00294f","angle":346.6,"snapDist":1,"label":1}},{"type":"Feature","geometry":{"type":"Point","coordinates":[21.715106,38.210463]},"properties":{"name":"Λεύκα","lines":"202, 501, 502","arr":["202","501","502"],"terminus":0,"mode":"bus","color":"#0059a9","colorDark":"#00294f","angle":326.1,"snapDist":3,"label":1}},{"type":"Feature","geometry":{"type":"Point","coordinates":[21.711434,38.20758]},"properties":{"name":"Κόκκινος Μύλος","lines":"202, 501, 502","arr":["202","501","502"],"terminus":0,"mode":"bus","color":"#0059a9","colorDark":"#00294f","angle":296.5,"snapDist":3,"label":1}},{"type":"Feature","geometry":{"type":"Point","coordinates":[21.709166,38.204782]},"properties":{"name":"Μαραγκόπουλου","lines":"202, 501, 502","arr":["202","501","502"],"terminus":0,"mode":"bus","color":"#0059a9","colorDark":"#00294f","angle":312.8,"snapDist":2,"label":1}},{"type":"Feature","geometry":{"type":"Point","coordinates":[21.705896,38.20334]},"properties":{"name":"Εύα","lines":"202, 501, 502","arr":["202","501","502"],"terminus":0,"mode":"bus","color":"#0059a9","colorDark":"#00294f","angle":337.9,"snapDist":3,"label":1}},{"type":"Feature","geometry":{"type":"Point","coordinates":[21.702907,38.202312]},"properties":{"name":"Μπεκίρη","lines":"202, 501, 502","arr":["202","501","502"],"terminus":0,"mode":"bus","color":"#0059a9","colorDark":"#00294f","angle":317.4,"snapDist":5,"label":1}},{"type":"Feature","geometry":{"type":"Point","coordinates":[21.700228,38.200327]},"properties":{"name":"Πικπα","lines":"202, 501, 502","arr":["202","501","502"],"terminus":0,"mode":"bus","color":"#0059a9","colorDark":"#00294f","angle":317,"snapDist":3,"label":1}},{"type":"Feature","geometry":{"type":"Point","coordinates":[21.6981,38.198724]},"properties":{"name":"Τζιλιάνου Σπ.","lines":"202, 501, 502","arr":["202","501","502"],"terminus":0,"mode":"bus","color":"#0059a9","colorDark":"#00294f","angle":306.4,"snapDist":6,"label":1}},{"type":"Feature","geometry":{"type":"Point","coordinates":[21.696569,38.196813]},"properties":{"name":"Ι.Ν. Παναγίας Παραλίας","lines":"202, 501, 502","arr":["202","501","502"],"terminus":0,"mode":"bus","color":"#0059a9","colorDark":"#00294f","angle":300.8,"snapDist":1,"label":1}},{"type":"Feature","geometry":{"type":"Point","coordinates":[21.694483,38.194415]},"properties":{"name":"Δημαρχείο Παραλίας","lines":"202, 501, 502","arr":["202","501","502"],"terminus":0,"mode":"bus","color":"#0059a9","colorDark":"#00294f","angle":314.8,"snapDist":2,"label":1}},{"type":"Feature","geometry":{"type":"Point","coordinates":[21.693053,38.193264]},"properties":{"name":"Γεφυράκι Τσαούση","lines":"202, 501, 502","arr":["202","501","502"],"terminus":0,"mode":"bus","color":"#0059a9","colorDark":"#00294f","angle":314.6,"snapDist":4,"label":1}},{"type":"Feature","geometry":{"type":"Point","coordinates":[21.691434,38.191657]},"properties":{"name":"Άκταιον","lines":"202, 501, 502","arr":["202","501","502"],"terminus":0,"mode":"bus","color":"#0059a9","colorDark":"#00294f","angle":295.5,"snapDist":1,"label":1}},{"type":"Feature","geometry":{"type":"Point","coordinates":[21.69049,38.190107]},"properties":{"name":"Τσαούση","lines":"202, 501, 502","arr":["202","501","502"],"terminus":0,"mode":"bus","color":"#0059a9","colorDark":"#00294f","angle":303.4,"snapDist":4,"label":1}},{"type":"Feature","geometry":{"type":"Point","coordinates":[21.689414,38.188949]},"properties":{"name":"Στροφή","lines":"202, 501","arr":["202","501"],"terminus":0,"mode":"bus","color":"#0059a9","colorDark":"#00294f","angle":302.6,"snapDist":3,"label":1}},{"type":"Feature","geometry":{"type":"Point","coordinates":[21.68757,38.187179]},"properties":{"name":"Παιδότοπος","lines":"202, 501","arr":["202","501"],"terminus":0,"mode":"bus","color":"#0059a9","colorDark":"#00294f","angle":328,"snapDist":1,"label":1}},{"type":"Feature","geometry":{"type":"Point","coordinates":[21.682054,38.185982]},"properties":{"name":"Ροΐτικα","lines":"202, 501","arr":["202","501"],"terminus":0,"mode":"bus","color":"#0059a9","colorDark":"#00294f","angle":1.5,"snapDist":3,"label":1}},{"type":"Feature","geometry":{"type":"Point","coordinates":[21.680259,38.185887]},"properties":{"name":"Πλατεία Ροΐτικα","lines":"202, 501","arr":["202","501"],"terminus":0,"mode":"bus","color":"#0059a9","colorDark":"#00294f","angle":347.5,"snapDist":1,"label":1}},{"type":"Feature","geometry":{"type":"Point","coordinates":[21.678147,38.183586]},"properties":{"name":"Εξέδρα Ροΐτικα","lines":"202, 501","arr":["202","501"],"terminus":0,"mode":"bus","color":"#0059a9","colorDark":"#00294f","angle":295.2,"snapDist":2,"label":1}},{"type":"Feature","geometry":{"type":"Point","coordinates":[21.677525,38.181444]},"properties":{"name":"Στροφή","lines":"202, 501","arr":["202","501"],"terminus":0,"mode":"bus","color":"#0059a9","colorDark":"#00294f","angle":270.1,"snapDist":2,"label":1}},{"type":"Feature","geometry":{"type":"Point","coordinates":[21.67766,38.178857]},"properties":{"name":"Ψησταριά Τσατσά","lines":"202, 501","arr":["202","501"],"terminus":0,"mode":"bus","color":"#0059a9","colorDark":"#00294f","angle":277.8,"snapDist":3,"label":1}},{"type":"Feature","geometry":{"type":"Point","coordinates":[21.677379,38.17675]},"properties":{"name":"Παλιό Δημοτικό Μονοδενδρίου","lines":"202, 501, 503","arr":["202","501","503"],"terminus":0,"mode":"bus","color":"#0059a9","colorDark":"#00294f","angle":286.2,"snapDist":2,"label":1}},{"type":"Feature","geometry":{"type":"Point","coordinates":[21.676909,38.175181]},"properties":{"name":"Οδός Τσατσά","lines":"202, 501","arr":["202","501"],"terminus":0,"mode":"bus","color":"#0059a9","colorDark":"#00294f","angle":288.6,"snapDist":2,"label":1}},{"type":"Feature","geometry":{"type":"Point","coordinates":[21.67622,38.173699]},"properties":{"name":"Μαγαζιά Μονοδένδρι","lines":"202, 501, 503","arr":["202","501","503"],"terminus":0,"mode":"bus","color":"#0059a9","colorDark":"#00294f","angle":292.2,"snapDist":4,"label":1}},{"type":"Feature","geometry":{"type":"Point","coordinates":[21.675148,38.171741]},"properties":{"name":"Σπηλιωτακοπούλου","lines":"202, 501","arr":["202","501"],"terminus":0,"mode":"bus","color":"#0059a9","colorDark":"#00294f","angle":295.8,"snapDist":3,"label":1}},{"type":"Feature","geometry":{"type":"Point","coordinates":[21.673647,38.16951]},"properties":{"name":"Βιλλα Γαλλου","lines":"202, 501, 503","arr":["202","501","503"],"terminus":0,"mode":"bus","color":"#0059a9","colorDark":"#00294f","angle":303.8,"snapDist":11,"label":1}},{"type":"Feature","geometry":{"type":"Point","coordinates":[21.671378,38.167605]},"properties":{"name":"Οικονομόπουλου","lines":"202, 501","arr":["202","501"],"terminus":0,"mode":"bus","color":"#0059a9","colorDark":"#00294f","angle":316.1,"snapDist":2,"label":1}},{"type":"Feature","geometry":{"type":"Point","coordinates":[21.668412,38.16621]},"properties":{"name":"Ι.Ν. Ευαγγελίστριας","lines":"202, 501","arr":["202","501"],"terminus":1,"mode":"bus","color":"#0059a9","colorDark":"#00294f","angle":249.3,"snapDist":1,"label":1}},{"type":"Feature","geometry":{"type":"Point","coordinates":[21.750116,38.264566]},"properties":{"name":"Τέρμα - Θερμοπυλών","lines":"301, 302, 303","arr":["301","302","303"],"terminus":1,"mode":"bus","color":"#0059a9","colorDark":"#00294f","angle":208.8,"snapDist":3,"label":1}},{"type":"Feature","geometry":{"type":"Point","coordinates":[21.749751,38.263292]},"properties":{"name":"Θερμοπυλών","lines":"301, 302","arr":["301","302"],"terminus":0,"mode":"bus","color":"#0059a9","colorDark":"#00294f","angle":290.4,"snapDist":3,"label":1}},{"type":"Feature","geometry":{"type":"Point","coordinates":[21.748699,38.261241]},"properties":{"name":"Ευπαλίνου","lines":"301, 302","arr":["301","302"],"terminus":0,"mode":"bus","color":"#0059a9","colorDark":"#00294f","angle":294.2,"snapDist":3,"label":1}},{"type":"Feature","geometry":{"type":"Point","coordinates":[21.747859,38.259826]},"properties":{"name":"Εργατικές Κατοικίες","lines":"301, 302","arr":["301","302"],"terminus":0,"mode":"bus","color":"#0059a9","colorDark":"#00294f","angle":25.4,"snapDist":0,"label":1}},{"type":"Feature","geometry":{"type":"Point","coordinates":[21.745957,38.258237]},"properties":{"name":"Πέντε Πηγαδίων","lines":"301, 302","arr":["301","302"],"terminus":0,"mode":"bus","color":"#0059a9","colorDark":"#00294f","angle":291.8,"snapDist":4,"label":1}},{"type":"Feature","geometry":{"type":"Point","coordinates":[21.745094,38.25646]},"properties":{"name":"Ζακύνθου και Αγ. Σοφίας","lines":"301, 302","arr":["301","302"],"terminus":0,"mode":"bus","color":"#0059a9","colorDark":"#00294f","angle":289.9,"snapDist":3,"label":1}},{"type":"Feature","geometry":{"type":"Point","coordinates":[21.727822,38.240659]},"properties":{"name":"Μαιζώνος & Παπαφλέσσα","lines":"301, 302, 610","arr":["301","302","610"],"terminus":0,"mode":"bus","color":"#0059a9","colorDark":"#00294f","angle":277.8,"snapDist":3,"label":1}},{"type":"Feature","geometry":{"type":"Point","coordinates":[21.727452,38.238531]},"properties":{"name":"Σμύρνης","lines":"301, 302","arr":["301","302"],"terminus":0,"mode":"bus","color":"#0059a9","colorDark":"#00294f","angle":277.8,"snapDist":4,"label":1}},{"type":"Feature","geometry":{"type":"Point","coordinates":[21.727114,38.236586]},"properties":{"name":"Γ ΔΟΥ","lines":"301, 302","arr":["301","302"],"terminus":0,"mode":"bus","color":"#0059a9","colorDark":"#00294f","angle":277.8,"snapDist":3,"label":1}},{"type":"Feature","geometry":{"type":"Point","coordinates":[21.726831,38.234127]},"properties":{"name":"Μαιζώνος & Μαξίμου","lines":"301, 302","arr":["301","302"],"terminus":0,"mode":"bus","color":"#0059a9","colorDark":"#00294f","angle":274.2,"snapDist":3,"label":1}},{"type":"Feature","geometry":{"type":"Point","coordinates":[21.727847,38.233349]},"properties":{"name":"Κορίνθου","lines":"301, 302","arr":["301","302"],"terminus":0,"mode":"bus","color":"#0059a9","colorDark":"#00294f","angle":185.9,"snapDist":6,"label":1}},{"type":"Feature","geometry":{"type":"Point","coordinates":[21.730162,38.233253]},"properties":{"name":"Σολωμού","lines":"301, 302","arr":["301","302"],"terminus":0,"mode":"bus","color":"#0059a9","colorDark":"#00294f","angle":164.5,"snapDist":5,"label":1}},{"type":"Feature","geometry":{"type":"Point","coordinates":[21.733386,38.233938]},"properties":{"name":"Μεσολογγίου","lines":"301, 302","arr":["301","302"],"terminus":0,"mode":"bus","color":"#0059a9","colorDark":"#00294f","angle":163.2,"snapDist":4,"label":1}},{"type":"Feature","geometry":{"type":"Point","coordinates":[21.735801,38.235061]},"properties":{"name":"Βύρωνος","lines":"301, 302","arr":["301","302"],"terminus":0,"mode":"bus","color":"#0059a9","colorDark":"#00294f","angle":143.4,"snapDist":5,"label":1}},{"type":"Feature","geometry":{"type":"Point","coordinates":[21.737173,38.234901]},"properties":{"name":"13ο Δημοτικό Σχολείο Πατρών","lines":"301, 302","arr":["301","302"],"terminus":0,"mode":"bus","color":"#0059a9","colorDark":"#00294f","angle":208.7,"snapDist":5,"label":1}},{"type":"Feature","geometry":{"type":"Point","coordinates":[21.736795,38.233261]},"properties":{"name":"Ελλήσποντου","lines":"301, 302","arr":["301","302"],"terminus":0,"mode":"bus","color":"#0059a9","colorDark":"#00294f","angle":292.4,"snapDist":2,"label":1}},{"type":"Feature","geometry":{"type":"Point","coordinates":[21.736006,38.231957]},"properties":{"name":"Άγιος Ιωάννης Πρατσικας","lines":"301, 302","arr":["301","302"],"terminus":0,"mode":"bus","color":"#0059a9","colorDark":"#00294f","angle":298.1,"snapDist":2,"label":1}},{"type":"Feature","geometry":{"type":"Point","coordinates":[21.735064,38.230374]},"properties":{"name":"Θεοδοσίου","lines":"301, 302","arr":["301","302"],"terminus":0,"mode":"bus","color":"#0059a9","colorDark":"#00294f","angle":291.6,"snapDist":2,"label":1}},{"type":"Feature","geometry":{"type":"Point","coordinates":[21.736901,38.218427]},"properties":{"name":"Αφετηρία Ζαρουχλέικα","lines":"302","arr":["302"],"terminus":1,"mode":"bus","color":"#0059a9","colorDark":"#00294f","angle":294.3,"snapDist":11,"label":0}},{"type":"Feature","geometry":{"type":"Point","coordinates":[21.736127,38.217397]},"properties":{"name":"Ζαρουχλέικα","lines":"302","arr":["302"],"terminus":0,"mode":"bus","color":"#0059a9","colorDark":"#00294f","angle":299.4,"snapDist":1,"label":1}},{"type":"Feature","geometry":{"type":"Point","coordinates":[21.731212,38.213032]},"properties":{"name":"Συν Ταχι","lines":"302","arr":["302"],"terminus":0,"mode":"bus","color":"#0059a9","colorDark":"#00294f","angle":305.3,"snapDist":4,"label":1}},{"type":"Feature","geometry":{"type":"Point","coordinates":[21.727393,38.208027]},"properties":{"name":"Αγ. Σπυρίδωνας","lines":"302","arr":["302"],"terminus":0,"mode":"bus","color":"#0059a9","colorDark":"#00294f","angle":330.1,"snapDist":1,"label":1}},{"type":"Feature","geometry":{"type":"Point","coordinates":[21.726937,38.206385]},"properties":{"name":"ΟΤΕ","lines":"302","arr":["302"],"terminus":0,"mode":"bus","color":"#0059a9","colorDark":"#00294f","angle":307.4,"snapDist":2,"label":1}},{"type":"Feature","geometry":{"type":"Point","coordinates":[21.730526,38.206177]},"properties":{"name":"Αγ. Μηνάς","lines":"302","arr":["302"],"terminus":0,"mode":"bus","color":"#0059a9","colorDark":"#00294f","angle":172.8,"snapDist":4,"label":1}},{"type":"Feature","geometry":{"type":"Point","coordinates":[21.723186,38.206812]},"properties":{"name":"Μ. Κυκκου","lines":"302","arr":["302"],"terminus":0,"mode":"bus","color":"#0059a9","colorDark":"#00294f","angle":42.5,"snapDist":0,"label":1}},{"type":"Feature","geometry":{"type":"Point","coordinates":[21.720928,38.207812]},"properties":{"name":"Βυρσοδεψείο","lines":"302","arr":["302"],"terminus":0,"mode":"bus","color":"#0059a9","colorDark":"#00294f","angle":22.3,"snapDist":5,"label":1}},{"type":"Feature","geometry":{"type":"Point","coordinates":[21.718851,38.212199]},"properties":{"name":"Αγ. Γεώργιος","lines":"302","arr":["302"],"terminus":0,"mode":"bus","color":"#0059a9","colorDark":"#00294f","angle":97.6,"snapDist":1,"label":1}},{"type":"Feature","geometry":{"type":"Point","coordinates":[21.719843,38.211714]},"properties":{"name":"Ιτέων &Αγ.Σπυρίδωνος","lines":"302","arr":["302"],"terminus":0,"mode":"bus","color":"#0059a9","colorDark":"#00294f","angle":223.8,"snapDist":2,"label":1}},{"type":"Feature","geometry":{"type":"Point","coordinates":[21.722014,38.210204]},"properties":{"name":"Κέκροπος","lines":"302","arr":["302"],"terminus":0,"mode":"bus","color":"#0059a9","colorDark":"#00294f","angle":236.3,"snapDist":1,"label":1}},{"type":"Feature","geometry":{"type":"Point","coordinates":[21.731161,38.212976]},"properties":{"name":"Συν Ταχι","lines":"302, 503","arr":["302","503"],"terminus":0,"mode":"bus","color":"#0059a9","colorDark":"#00294f","angle":125.8,"snapDist":0,"label":0}},{"type":"Feature","geometry":{"type":"Point","coordinates":[21.735539,38.21655]},"properties":{"name":"Βασιλόπουλος","lines":"302","arr":["302"],"terminus":0,"mode":"bus","color":"#0059a9","colorDark":"#00294f","angle":293.5,"snapDist":3,"label":1}},{"type":"Feature","geometry":{"type":"Point","coordinates":[21.735546,38.216563]},"properties":{"name":"Βασιλόπουλος","lines":"302","arr":["302"],"terminus":0,"mode":"bus","color":"#0059a9","colorDark":"#00294f","angle":113.5,"snapDist":6,"label":0}},{"type":"Feature","geometry":{"type":"Point","coordinates":[21.737196,38.220759]},"properties":{"name":"Ανθείας","lines":"303, 503","arr":["303","503"],"terminus":0,"mode":"bus","color":"#0059a9","colorDark":"#00294f","angle":16.9,"snapDist":0,"label":0}},{"type":"Feature","geometry":{"type":"Point","coordinates":[21.734917,38.221284]},"properties":{"name":"24ο Δημοτικό Σχολείο","lines":"303, 503","arr":["303","503"],"terminus":0,"mode":"bus","color":"#0059a9","colorDark":"#00294f","angle":20.7,"snapDist":4,"label":1}},{"type":"Feature","geometry":{"type":"Point","coordinates":[21.732714,38.222315]},"properties":{"name":"Θουκυδίδου","lines":"303, 503","arr":["303","503"],"terminus":0,"mode":"bus","color":"#0059a9","colorDark":"#00294f","angle":15,"snapDist":1,"label":0}},{"type":"Feature","geometry":{"type":"Point","coordinates":[21.730404,38.222405]},"properties":{"name":"Παπαθωμα","lines":"303, 503","arr":["303","503"],"terminus":0,"mode":"bus","color":"#0059a9","colorDark":"#00294f","angle":33.4,"snapDist":2,"label":1}},{"type":"Feature","geometry":{"type":"Point","coordinates":[21.731112,38.223951]},"properties":{"name":"Καρπενησιώτου","lines":"303, 503","arr":["303","503"],"terminus":0,"mode":"bus","color":"#0059a9","colorDark":"#00294f","angle":88.6,"snapDist":2,"label":0}},{"type":"Feature","geometry":{"type":"Point","coordinates":[21.731748,38.226077]},"properties":{"name":"Κομνηνών","lines":"303, 503","arr":["303","503"],"terminus":0,"mode":"bus","color":"#0059a9","colorDark":"#00294f","angle":119.1,"snapDist":4,"label":0}},{"type":"Feature","geometry":{"type":"Point","coordinates":[21.733308,38.227136]},"properties":{"name":"Αιδηψού","lines":"303, 503","arr":["303","503"],"terminus":0,"mode":"bus","color":"#0059a9","colorDark":"#00294f","angle":114.8,"snapDist":4,"label":0}},{"type":"Feature","geometry":{"type":"Point","coordinates":[21.733845,38.228395]},"properties":{"name":"Ανδρόνικου","lines":"303, 503","arr":["303","503"],"terminus":0,"mode":"bus","color":"#0059a9","colorDark":"#00294f","angle":99.3,"snapDist":3,"label":0}},{"type":"Feature","geometry":{"type":"Point","coordinates":[21.735238,38.230734]},"properties":{"name":"Ιουλιανού","lines":"303","arr":["303"],"terminus":0,"mode":"bus","color":"#0059a9","colorDark":"#00294f","angle":111,"snapDist":3,"label":1}},{"type":"Feature","geometry":{"type":"Point","coordinates":[21.735931,38.231496]},"properties":{"name":"Άγιος Ιωάννης Πρατσικας","lines":"303","arr":["303"],"terminus":0,"mode":"bus","color":"#0059a9","colorDark":"#00294f","angle":110.9,"snapDist":5,"label":0}},{"type":"Feature","geometry":{"type":"Point","coordinates":[21.736798,38.233267]},"properties":{"name":"Ελλήσποντου","lines":"303","arr":["303"],"terminus":0,"mode":"bus","color":"#0059a9","colorDark":"#00294f","angle":112.4,"snapDist":3,"label":0}},{"type":"Feature","geometry":{"type":"Point","coordinates":[21.737002,38.235739]},"properties":{"name":"Αγίας Τριάδας","lines":"303","arr":["303"],"terminus":0,"mode":"bus","color":"#0059a9","colorDark":"#00294f","angle":324.8,"snapDist":0,"label":1}},{"type":"Feature","geometry":{"type":"Point","coordinates":[21.735072,38.234651]},"properties":{"name":"Βύρωνος","lines":"303","arr":["303"],"terminus":0,"mode":"bus","color":"#0059a9","colorDark":"#00294f","angle":328.6,"snapDist":1,"label":0}},{"type":"Feature","geometry":{"type":"Point","coordinates":[21.733603,38.233996]},"properties":{"name":"Μεσολογγίου","lines":"303","arr":["303"],"terminus":0,"mode":"bus","color":"#0059a9","colorDark":"#00294f","angle":332,"snapDist":1,"label":0}},{"type":"Feature","geometry":{"type":"Point","coordinates":[21.729521,38.233226]},"properties":{"name":"Σολωμού","lines":"303","arr":["303"],"terminus":0,"mode":"bus","color":"#0059a9","colorDark":"#00294f","angle":5.7,"snapDist":0,"label":0}},{"type":"Feature","geometry":{"type":"Point","coordinates":[21.727702,38.233632]},"properties":{"name":"Κορίνθου","lines":"303","arr":["303"],"terminus":0,"mode":"bus","color":"#0059a9","colorDark":"#00294f","angle":94.5,"snapDist":2,"label":0}},{"type":"Feature","geometry":{"type":"Point","coordinates":[21.727974,38.236282]},"properties":{"name":"Ιεροθέου","lines":"303","arr":["303"],"terminus":0,"mode":"bus","color":"#0059a9","colorDark":"#00294f","angle":96.2,"snapDist":2,"label":0}},{"type":"Feature","geometry":{"type":"Point","coordinates":[21.728403,38.238786]},"properties":{"name":"Σμύρνης","lines":"303, 602","arr":["303","602"],"terminus":0,"mode":"bus","color":"#0059a9","colorDark":"#00294f","angle":98.8,"snapDist":1,"label":0}},{"type":"Feature","geometry":{"type":"Point","coordinates":[21.751049,38.26125]},"properties":{"name":"Πάρκινγκ Τροχαίας","lines":"303, 609","arr":["303","609"],"terminus":0,"mode":"bus","color":"#0059a9","colorDark":"#00294f","angle":33.2,"snapDist":2,"label":1}},{"type":"Feature","geometry":{"type":"Point","coordinates":[21.747527,38.262808]},"properties":{"name":"Θεοδότου","lines":"303","arr":["303"],"terminus":0,"mode":"bus","color":"#0059a9","colorDark":"#00294f","angle":118.9,"snapDist":1,"label":1}},{"type":"Feature","geometry":{"type":"Point","coordinates":[21.748679,38.264447]},"properties":{"name":"Τυρταίου","lines":"303","arr":["303"],"terminus":1,"mode":"bus","color":"#0059a9","colorDark":"#00294f","angle":118.9,"snapDist":2,"label":1}},{"type":"Feature","geometry":{"type":"Point","coordinates":[21.738851,38.247384]},"properties":{"name":"Κολοκοτρώνη - Αφετηρία 4","lines":"401, 402","arr":["401","402"],"terminus":1,"mode":"bus","color":"#0059a9","colorDark":"#00294f","angle":46.1,"snapDist":3,"label":1}},{"type":"Feature","geometry":{"type":"Point","coordinates":[21.737815,38.2466]},"properties":{"name":"Αγ. Νικολάου","lines":"401","arr":["401"],"terminus":0,"mode":"bus","color":"#0059a9","colorDark":"#00294f","angle":225.8,"snapDist":5,"label":0}},{"type":"Feature","geometry":{"type":"Point","coordinates":[21.738173,38.242914]},"properties":{"name":"Αρχαίο Ωδείο","lines":"401","arr":["401"],"terminus":0,"mode":"bus","color":"#0059a9","colorDark":"#00294f","angle":208.4,"snapDist":6,"label":1}},{"type":"Feature","geometry":{"type":"Point","coordinates":[21.740323,38.242002]},"properties":{"name":"Λόντου","lines":"401","arr":["401"],"terminus":0,"mode":"bus","color":"#0059a9","colorDark":"#00294f","angle":208.3,"snapDist":6,"label":1}},{"type":"Feature","geometry":{"type":"Point","coordinates":[21.743139,38.240809]},"properties":{"name":"ΙΚΑ","lines":"401","arr":["401"],"terminus":0,"mode":"bus","color":"#0059a9","colorDark":"#00294f","angle":208.3,"snapDist":5,"label":1}},{"type":"Feature","geometry":{"type":"Point","coordinates":[21.746018,38.240328]},"properties":{"name":"Ταμπάχανα","lines":"401","arr":["401"],"terminus":0,"mode":"bus","color":"#0059a9","colorDark":"#00294f","angle":167.2,"snapDist":6,"label":1}},{"type":"Feature","geometry":{"type":"Point","coordinates":[21.748567,38.241669]},"properties":{"name":"4ο Γελ","lines":"401","arr":["401"],"terminus":0,"mode":"bus","color":"#0059a9","colorDark":"#00294f","angle":150,"snapDist":10,"label":1}},{"type":"Feature","geometry":{"type":"Point","coordinates":[21.753533,38.242281]},"properties":{"name":"Πλατεία Αρόης","lines":"401","arr":["401"],"terminus":0,"mode":"bus","color":"#0059a9","colorDark":"#00294f","angle":297.4,"snapDist":4,"label":1}},{"type":"Feature","geometry":{"type":"Point","coordinates":[21.755543,38.242158]},"properties":{"name":"Πλατεία Αρόης","lines":"401","arr":["401"],"terminus":0,"mode":"bus","color":"#0059a9","colorDark":"#00294f","angle":141.1,"snapDist":1,"label":0}},{"type":"Feature","geometry":{"type":"Point","coordinates":[21.757024,38.243478]},"properties":{"name":"Συντ. Ζήση","lines":"401","arr":["401"],"terminus":0,"mode":"bus","color":"#0059a9","colorDark":"#00294f","angle":189.9,"snapDist":6,"label":1}},{"type":"Feature","geometry":{"type":"Point","coordinates":[21.758608,38.242997]},"properties":{"name":"Αγ. Στέφανου","lines":"401","arr":["401"],"terminus":0,"mode":"bus","color":"#0059a9","colorDark":"#00294f","angle":218.6,"snapDist":5,"label":1}},{"type":"Feature","geometry":{"type":"Point","coordinates":[21.760358,38.241582]},"properties":{"name":"Σαμακιά","lines":"401","arr":["401"],"terminus":0,"mode":"bus","color":"#0059a9","colorDark":"#00294f","angle":279.7,"snapDist":2,"label":1}},{"type":"Feature","geometry":{"type":"Point","coordinates":[21.76016,38.240652]},"properties":{"name":"Διονύσου","lines":"401","arr":["401"],"terminus":0,"mode":"bus","color":"#0059a9","colorDark":"#00294f","angle":223.7,"snapDist":3,"label":1}},{"type":"Feature","geometry":{"type":"Point","coordinates":[21.761832,38.240081]},"properties":{"name":"Τέρμα Αρόης","lines":"401, 402","arr":["401","402"],"terminus":1,"mode":"bus","color":"#0059a9","colorDark":"#00294f","angle":320.5,"snapDist":2,"label":1}},{"type":"Feature","geometry":{"type":"Point","coordinates":[21.760154,38.240657]},"properties":{"name":"Διονύσου","lines":"402","arr":["402"],"terminus":0,"mode":"bus","color":"#0059a9","colorDark":"#00294f","angle":43.7,"snapDist":2,"label":0}},{"type":"Feature","geometry":{"type":"Point","coordinates":[21.760369,38.241637]},"properties":{"name":"Σαμακιά","lines":"402","arr":["402"],"terminus":0,"mode":"bus","color":"#0059a9","colorDark":"#00294f","angle":99.1,"snapDist":4,"label":0}},{"type":"Feature","geometry":{"type":"Point","coordinates":[21.75866,38.242953]},"properties":{"name":"Αγ. Στέφανου","lines":"402","arr":["402"],"terminus":0,"mode":"bus","color":"#0059a9","colorDark":"#00294f","angle":51.3,"snapDist":1,"label":0}},{"type":"Feature","geometry":{"type":"Point","coordinates":[21.757021,38.243478]},"properties":{"name":"Συντ. Ζήση","lines":"402","arr":["402"],"terminus":0,"mode":"bus","color":"#0059a9","colorDark":"#00294f","angle":9.9,"snapDist":2,"label":0}},{"type":"Feature","geometry":{"type":"Point","coordinates":[21.753787,38.24356]},"properties":{"name":"Αγ. Κωνσταντίνος","lines":"402","arr":["402"],"terminus":0,"mode":"bus","color":"#0059a9","colorDark":"#00294f","angle":8.2,"snapDist":1,"label":1}},{"type":"Feature","geometry":{"type":"Point","coordinates":[21.752497,38.243783]},"properties":{"name":"Ναυπάκτου","lines":"402","arr":["402"],"terminus":0,"mode":"bus","color":"#0059a9","colorDark":"#00294f","angle":44.8,"snapDist":1,"label":1}},{"type":"Feature","geometry":{"type":"Point","coordinates":[21.751382,38.244611]},"properties":{"name":"Παυλόπουλου","lines":"402","arr":["402"],"terminus":0,"mode":"bus","color":"#0059a9","colorDark":"#00294f","angle":43.1,"snapDist":2,"label":1}},{"type":"Feature","geometry":{"type":"Point","coordinates":[21.749697,38.24344]},"properties":{"name":"Άρτας","lines":"402","arr":["402"],"terminus":0,"mode":"bus","color":"#0059a9","colorDark":"#00294f","angle":312.3,"snapDist":2,"label":1}},{"type":"Feature","geometry":{"type":"Point","coordinates":[21.747785,38.24252]},"properties":{"name":"Μεσσάτιδος","lines":"402","arr":["402"],"terminus":0,"mode":"bus","color":"#0059a9","colorDark":"#00294f","angle":292,"snapDist":2,"label":1}},{"type":"Feature","geometry":{"type":"Point","coordinates":[21.74523,38.240183]},"properties":{"name":"Ταμπάχανα","lines":"402","arr":["402"],"terminus":0,"mode":"bus","color":"#0059a9","colorDark":"#00294f","angle":346.3,"snapDist":3,"label":0}},{"type":"Feature","geometry":{"type":"Point","coordinates":[21.74294,38.240893]},"properties":{"name":"ΙΚΑ","lines":"402","arr":["402"],"terminus":0,"mode":"bus","color":"#0059a9","colorDark":"#00294f","angle":28.3,"snapDist":1,"label":0}},{"type":"Feature","geometry":{"type":"Point","coordinates":[21.740306,38.24201]},"properties":{"name":"Λόντου","lines":"402","arr":["402"],"terminus":0,"mode":"bus","color":"#0059a9","colorDark":"#00294f","angle":28.3,"snapDist":0,"label":0}},{"type":"Feature","geometry":{"type":"Point","coordinates":[21.737724,38.243466]},"properties":{"name":"Αρχαίο Ωδείο","lines":"402","arr":["402"],"terminus":0,"mode":"bus","color":"#0059a9","colorDark":"#00294f","angle":96.7,"snapDist":3,"label":0}},{"type":"Feature","geometry":{"type":"Point","coordinates":[21.738589,38.245976]},"properties":{"name":"Αγ. Νικολάου","lines":"402","arr":["402"],"terminus":0,"mode":"bus","color":"#0059a9","colorDark":"#00294f","angle":45.8,"snapDist":2,"label":1}},{"type":"Feature","geometry":{"type":"Point","coordinates":[21.731149,38.245453]},"properties":{"name":"Πλ Πίνδου","lines":"501, 502, 610","arr":["501","502","610"],"terminus":0,"mode":"bus","color":"#0059a9","colorDark":"#00294f","angle":227,"snapDist":4,"label":1}},{"type":"Feature","geometry":{"type":"Point","coordinates":[21.731633,38.244019]},"properties":{"name":"Δικαστήρια","lines":"501, 502, 610","arr":["501","502","610"],"terminus":0,"mode":"bus","color":"#0059a9","colorDark":"#00294f","angle":316.5,"snapDist":2,"label":1}},{"type":"Feature","geometry":{"type":"Point","coordinates":[21.729962,38.242728]},"properties":{"name":"Τριών Ναυάρχων","lines":"501, 502, 610","arr":["501","502","610"],"terminus":0,"mode":"bus","color":"#0059a9","colorDark":"#00294f","angle":315.1,"snapDist":3,"label":0}},{"type":"Feature","geometry":{"type":"Point","coordinates":[21.726298,38.240861]},"properties":{"name":"Ακτή Δυμαίων & Παπαφλέσσα","lines":"501, 502","arr":["501","502"],"terminus":0,"mode":"bus","color":"#0059a9","colorDark":"#00294f","angle":279.5,"snapDist":5,"label":1}},{"type":"Feature","geometry":{"type":"Point","coordinates":[21.725702,38.237977]},"properties":{"name":"ΔΕΗ","lines":"501, 502","arr":["501","502"],"terminus":0,"mode":"bus","color":"#0059a9","colorDark":"#00294f","angle":278.8,"snapDist":6,"label":1}},{"type":"Feature","geometry":{"type":"Point","coordinates":[21.724735,38.233151]},"properties":{"name":"Ακτή Δυμαίων & Βορείου Ηπείρου","lines":"501, 502","arr":["501","502"],"terminus":0,"mode":"bus","color":"#0059a9","colorDark":"#00294f","angle":279,"snapDist":3,"label":1}},{"type":"Feature","geometry":{"type":"Point","coordinates":[21.723776,38.229261]},"properties":{"name":"Δευαπ","lines":"501, 502","arr":["501","502"],"terminus":0,"mode":"bus","color":"#0059a9","colorDark":"#00294f","angle":283.1,"snapDist":5,"label":1}},{"type":"Feature","geometry":{"type":"Point","coordinates":[21.722689,38.226536]},"properties":{"name":"Πτωχοκομείο","lines":"501, 502","arr":["501","502"],"terminus":0,"mode":"bus","color":"#0059a9","colorDark":"#00294f","angle":290.6,"snapDist":5,"label":1}},{"type":"Feature","geometry":{"type":"Point","coordinates":[21.72066,38.221902]},"properties":{"name":"Σφαγεία","lines":"501, 502","arr":["501","502"],"terminus":0,"mode":"bus","color":"#0059a9","colorDark":"#00294f","angle":281.3,"snapDist":4,"label":1}},{"type":"Feature","geometry":{"type":"Point","coordinates":[21.718926,38.216327]},"properties":{"name":"NISSAN Σπηλιωπουλος 1","lines":"501, 502","arr":["501","502"],"terminus":0,"mode":"bus","color":"#0059a9","colorDark":"#00294f","angle":288.7,"snapDist":4,"label":1}},{"type":"Feature","geometry":{"type":"Point","coordinates":[21.717722,38.213947]},"properties":{"name":"Ποτάμι - Γλαύκος","lines":"501, 502","arr":["501","502"],"terminus":0,"mode":"bus","color":"#0059a9","colorDark":"#00294f","angle":287.7,"snapDist":3,"label":1}},{"type":"Feature","geometry":{"type":"Point","coordinates":[21.716633,38.211827]},"properties":{"name":"Εργατικές Κατοικίες Ιτιές","lines":"501, 502","arr":["501","502"],"terminus":0,"mode":"bus","color":"#0059a9","colorDark":"#00294f","angle":295.2,"snapDist":5,"label":1}},{"type":"Feature","geometry":{"type":"Point","coordinates":[21.669483,38.163837]},"properties":{"name":"Γραμμές ΟΣΕ","lines":"501","arr":["501"],"terminus":0,"mode":"bus","color":"#0059a9","colorDark":"#00294f","angle":253.7,"snapDist":1,"label":1}},{"type":"Feature","geometry":{"type":"Point","coordinates":[21.668573,38.162762]},"properties":{"name":"Κέντρο Βραχνέικα","lines":"501","arr":["501"],"terminus":0,"mode":"bus","color":"#0059a9","colorDark":"#00294f","angle":323.1,"snapDist":7,"label":1}},{"type":"Feature","geometry":{"type":"Point","coordinates":[21.664692,38.161745]},"properties":{"name":"Μπρουντζος","lines":"501","arr":["501"],"terminus":0,"mode":"bus","color":"#0059a9","colorDark":"#00294f","angle":351.3,"snapDist":2,"label":1}},{"type":"Feature","geometry":{"type":"Point","coordinates":[21.662713,38.161332]},"properties":{"name":"Δρεσθενά","lines":"501, 503","arr":["501","503"],"terminus":0,"mode":"bus","color":"#0059a9","colorDark":"#00294f","angle":353.8,"snapDist":3,"label":1}},{"type":"Feature","geometry":{"type":"Point","coordinates":[21.659952,38.161384]},"properties":{"name":"Παλιό Τέρμα","lines":"501","arr":["501"],"terminus":0,"mode":"bus","color":"#0059a9","colorDark":"#00294f","angle":7.7,"snapDist":2,"label":1}},{"type":"Feature","geometry":{"type":"Point","coordinates":[21.657509,38.161296]},"properties":{"name":"Παλιό Φυλάκιο ΟΣΕ","lines":"501","arr":["501"],"terminus":0,"mode":"bus","color":"#0059a9","colorDark":"#00294f","angle":339.6,"snapDist":8,"label":1}},{"type":"Feature","geometry":{"type":"Point","coordinates":[21.654986,38.160477]},"properties":{"name":"Καρτινος","lines":"501","arr":["501"],"terminus":0,"mode":"bus","color":"#0059a9","colorDark":"#00294f","angle":334.4,"snapDist":5,"label":1}},{"type":"Feature","geometry":{"type":"Point","coordinates":[21.650855,38.15857]},"properties":{"name":"Καρλου","lines":"501","arr":["501"],"terminus":0,"mode":"bus","color":"#0059a9","colorDark":"#00294f","angle":324.8,"snapDist":6,"label":1}},{"type":"Feature","geometry":{"type":"Point","coordinates":[21.647315,38.15695]},"properties":{"name":"Αγ. Χαράλαμπος Τσουκαλέικα","lines":"501","arr":["501"],"terminus":0,"mode":"bus","color":"#0059a9","colorDark":"#00294f","angle":329.5,"snapDist":5,"label":1}},{"type":"Feature","geometry":{"type":"Point","coordinates":[21.645544,38.156213]},"properties":{"name":"Δημοτικό Σχολείο Τσουκαλέικα","lines":"501","arr":["501"],"terminus":0,"mode":"bus","color":"#0059a9","colorDark":"#00294f","angle":342.7,"snapDist":6,"label":1}},{"type":"Feature","geometry":{"type":"Point","coordinates":[21.640588,38.155273]},"properties":{"name":"Τσουκαλέικα","lines":"501","arr":["501"],"terminus":0,"mode":"bus","color":"#0059a9","colorDark":"#00294f","angle":358.5,"snapDist":3,"label":1}},{"type":"Feature","geometry":{"type":"Point","coordinates":[21.6355,38.155309]},"properties":{"name":"Ανεμόμυλος","lines":"501, 503","arr":["501","503"],"terminus":0,"mode":"bus","color":"#0059a9","colorDark":"#00294f","angle":348.5,"snapDist":3,"label":1}},{"type":"Feature","geometry":{"type":"Point","coordinates":[21.631418,38.154053]},"properties":{"name":"Τέρμα","lines":"501, 503","arr":["501","503"],"terminus":1,"mode":"bus","color":"#0059a9","colorDark":"#00294f","angle":243.3,"snapDist":3,"label":1}},{"type":"Feature","geometry":{"type":"Point","coordinates":[21.689192,38.185976]},"properties":{"name":"Φανάρι","lines":"501, 502","arr":["501","502"],"terminus":0,"mode":"bus","color":"#0059a9","colorDark":"#00294f","angle":294.6,"snapDist":5,"label":1}},{"type":"Feature","geometry":{"type":"Point","coordinates":[21.688246,38.183809]},"properties":{"name":"Κηπουργού","lines":"501, 502","arr":["501","502"],"terminus":0,"mode":"bus","color":"#0059a9","colorDark":"#00294f","angle":286.2,"snapDist":2,"label":1}},{"type":"Feature","geometry":{"type":"Point","coordinates":[21.686498,38.180384]},"properties":{"name":"Αγ. Κωνσταντίνος Ροίτικων","lines":"501","arr":["501"],"terminus":0,"mode":"bus","color":"#0059a9","colorDark":"#00294f","angle":300.1,"snapDist":1,"label":1}},{"type":"Feature","geometry":{"type":"Point","coordinates":[21.683656,38.177653]},"properties":{"name":"Εργοστάσιο Πλαστικών","lines":"501","arr":["501"],"terminus":0,"mode":"bus","color":"#0059a9","colorDark":"#00294f","angle":304.7,"snapDist":3,"label":1}},{"type":"Feature","geometry":{"type":"Point","coordinates":[21.680762,38.173739]},"properties":{"name":"Διασταύρωση Θρας. Τσατσά","lines":"501","arr":["501"],"terminus":0,"mode":"bus","color":"#0059a9","colorDark":"#00294f","angle":293,"snapDist":3,"label":1}},{"type":"Feature","geometry":{"type":"Point","coordinates":[21.67836,38.170575]},"properties":{"name":"Διασταύρωση Σπηλιωτακοπούλου","lines":"501","arr":["501"],"terminus":0,"mode":"bus","color":"#0059a9","colorDark":"#00294f","angle":303.7,"snapDist":3,"label":1}},{"type":"Feature","geometry":{"type":"Point","coordinates":[21.67648,38.168502]},"properties":{"name":"Νεκροταφείο Βραχναιϊκων","lines":"501","arr":["501"],"terminus":0,"mode":"bus","color":"#0059a9","colorDark":"#00294f","angle":306.5,"snapDist":3,"label":1}},{"type":"Feature","geometry":{"type":"Point","coordinates":[21.675468,38.16742]},"properties":{"name":"Είσοδος Βραχνέικα","lines":"501","arr":["501"],"terminus":0,"mode":"bus","color":"#0059a9","colorDark":"#00294f","angle":305.9,"snapDist":3,"label":1}},{"type":"Feature","geometry":{"type":"Point","coordinates":[21.673504,38.165899]},"properties":{"name":"Οικονομόπουλου","lines":"501","arr":["501"],"terminus":0,"mode":"bus","color":"#0059a9","colorDark":"#00294f","angle":320.1,"snapDist":6,"label":1}},{"type":"Feature","geometry":{"type":"Point","coordinates":[21.670989,38.163962]},"properties":{"name":"Αγ. Βασίλειος Βραχναιϊκων","lines":"501","arr":["501"],"terminus":0,"mode":"bus","color":"#0059a9","colorDark":"#00294f","angle":326.7,"snapDist":6,"label":1}},{"type":"Feature","geometry":{"type":"Point","coordinates":[21.706005,38.202756]},"properties":{"name":"FORD - Λαζανας","lines":"502","arr":["502"],"terminus":0,"mode":"bus","color":"#0059a9","colorDark":"#00294f","angle":241.8,"snapDist":1,"label":1}},{"type":"Feature","geometry":{"type":"Point","coordinates":[21.708568,38.199653]},"properties":{"name":"Παλιουργια","lines":"502","arr":["502"],"terminus":0,"mode":"bus","color":"#0059a9","colorDark":"#00294f","angle":237.5,"snapDist":2,"label":1}},{"type":"Feature","geometry":{"type":"Point","coordinates":[21.711278,38.195522]},"properties":{"name":"Διασταύρωση","lines":"502","arr":["502"],"terminus":0,"mode":"bus","color":"#0059a9","colorDark":"#00294f","angle":234,"snapDist":2,"label":1}},{"type":"Feature","geometry":{"type":"Point","coordinates":[21.712971,38.193477]},"properties":{"name":"Εργατικές Κατοικίες 1","lines":"502","arr":["502"],"terminus":0,"mode":"bus","color":"#0059a9","colorDark":"#00294f","angle":248.6,"snapDist":3,"label":0}},{"type":"Feature","geometry":{"type":"Point","coordinates":[21.713422,38.19273]},"properties":{"name":"Εργατικές Κατοικίες 2","lines":"502","arr":["502"],"terminus":0,"mode":"bus","color":"#0059a9","colorDark":"#00294f","angle":242.5,"snapDist":4,"label":1}},{"type":"Feature","geometry":{"type":"Point","coordinates":[21.715662,38.190459]},"properties":{"name":"Περιμετρική","lines":"502, 801","arr":["502","801"],"terminus":0,"mode":"bus","color":"#0059a9","colorDark":"#00294f","angle":242.8,"snapDist":2,"label":1}},{"type":"Feature","geometry":{"type":"Point","coordinates":[21.714264,38.188474]},"properties":{"name":"Στροφή Κάτω Οβρυα","lines":"502, 801","arr":["502","801"],"terminus":0,"mode":"bus","color":"#0059a9","colorDark":"#00294f","angle":283.6,"snapDist":2,"label":1}},{"type":"Feature","geometry":{"type":"Point","coordinates":[21.713486,38.188127]},"properties":{"name":"Συνεργείο","lines":"502","arr":["502"],"terminus":0,"mode":"bus","color":"#0059a9","colorDark":"#00294f","angle":337.4,"snapDist":1,"label":1}},{"type":"Feature","geometry":{"type":"Point","coordinates":[21.710411,38.187934]},"properties":{"name":"Μαρβιν","lines":"502","arr":["502"],"terminus":0,"mode":"bus","color":"#0059a9","colorDark":"#00294f","angle":357.6,"snapDist":1,"label":1}},{"type":"Feature","geometry":{"type":"Point","coordinates":[21.707939,38.187897]},"properties":{"name":"Νεκροταφείο","lines":"502","arr":["502"],"terminus":0,"mode":"bus","color":"#0059a9","colorDark":"#00294f","angle":358.6,"snapDist":0,"label":1}},{"type":"Feature","geometry":{"type":"Point","coordinates":[21.705707,38.187702]},"properties":{"name":"Ιπποκράτους","lines":"502","arr":["502"],"terminus":0,"mode":"bus","color":"#0059a9","colorDark":"#00294f","angle":352.3,"snapDist":1,"label":1}},{"type":"Feature","geometry":{"type":"Point","coordinates":[21.701872,38.184166]},"properties":{"name":"Πλατεία Μιντιλόγλι - Τέρμα","lines":"502","arr":["502"],"terminus":0,"mode":"bus","color":"#0059a9","colorDark":"#00294f","angle":325.8,"snapDist":5,"label":1}},{"type":"Feature","geometry":{"type":"Point","coordinates":[21.703044,38.186687]},"properties":{"name":"Μιντιλόγλι","lines":"502","arr":["502"],"terminus":0,"mode":"bus","color":"#0059a9","colorDark":"#00294f","angle":221.7,"snapDist":0,"label":1}},{"type":"Feature","geometry":{"type":"Point","coordinates":[21.702743,38.186633]},"properties":{"name":"Μιντιλόγλι","lines":"502","arr":["502"],"terminus":0,"mode":"bus","color":"#0059a9","colorDark":"#00294f","angle":335.4,"snapDist":2,"label":0}},{"type":"Feature","geometry":{"type":"Point","coordinates":[21.701519,38.186293]},"properties":{"name":"Αγίου Γεωργίου","lines":"502","arr":["502"],"terminus":0,"mode":"bus","color":"#0059a9","colorDark":"#00294f","angle":348.3,"snapDist":2,"label":1}},{"type":"Feature","geometry":{"type":"Point","coordinates":[21.698731,38.185149]},"properties":{"name":"Κουρδης","lines":"502","arr":["502"],"terminus":0,"mode":"bus","color":"#0059a9","colorDark":"#00294f","angle":327.5,"snapDist":2,"label":1}},{"type":"Feature","geometry":{"type":"Point","coordinates":[21.696175,38.183877]},"properties":{"name":"Αγίου Κωνσταντίνου","lines":"502","arr":["502"],"terminus":0,"mode":"bus","color":"#0059a9","colorDark":"#00294f","angle":326.3,"snapDist":3,"label":1}},{"type":"Feature","geometry":{"type":"Point","coordinates":[21.694336,38.185243]},"properties":{"name":"Καστανη 2","lines":"502","arr":["502"],"terminus":0,"mode":"bus","color":"#0059a9","colorDark":"#00294f","angle":47.3,"snapDist":1,"label":1}},{"type":"Feature","geometry":{"type":"Point","coordinates":[21.691396,38.187855]},"properties":{"name":"Καστανη 1","lines":"502","arr":["502"],"terminus":0,"mode":"bus","color":"#0059a9","colorDark":"#00294f","angle":48,"snapDist":3,"label":1}},{"type":"Feature","geometry":{"type":"Point","coordinates":[21.690501,38.190121]},"properties":{"name":"Τσαούση","lines":"502, 503","arr":["502","503"],"terminus":0,"mode":"bus","color":"#0059a9","colorDark":"#00294f","angle":123.4,"snapDist":2,"label":0}},{"type":"Feature","geometry":{"type":"Point","coordinates":[21.691438,38.191663]},"properties":{"name":"Άκταιον","lines":"502, 503","arr":["502","503"],"terminus":0,"mode":"bus","color":"#0059a9","colorDark":"#00294f","angle":115.5,"snapDist":5,"label":0}},{"type":"Feature","geometry":{"type":"Point","coordinates":[21.693075,38.193282]},"properties":{"name":"Γεφυράκι Τσαούση","lines":"502, 503","arr":["502","503"],"terminus":0,"mode":"bus","color":"#0059a9","colorDark":"#00294f","angle":134.6,"snapDist":2,"label":0}},{"type":"Feature","geometry":{"type":"Point","coordinates":[21.694981,38.194811]},"properties":{"name":"Δημαρχείο Παραλίας","lines":"502, 503","arr":["502","503"],"terminus":0,"mode":"bus","color":"#0059a9","colorDark":"#00294f","angle":132,"snapDist":5,"label":0}},{"type":"Feature","geometry":{"type":"Point","coordinates":[21.69708,38.197466]},"properties":{"name":"Μουρτα","lines":"502, 503","arr":["502","503"],"terminus":0,"mode":"bus","color":"#0059a9","colorDark":"#00294f","angle":121.9,"snapDist":4,"label":1}},{"type":"Feature","geometry":{"type":"Point","coordinates":[21.698671,38.199197]},"properties":{"name":"Τζιλιάνου","lines":"502, 503","arr":["502","503"],"terminus":0,"mode":"bus","color":"#0059a9","colorDark":"#00294f","angle":137.2,"snapDist":5,"label":1}},{"type":"Feature","geometry":{"type":"Point","coordinates":[21.70032,38.200394]},"properties":{"name":"Πικπα","lines":"502, 503","arr":["502","503"],"terminus":0,"mode":"bus","color":"#0059a9","colorDark":"#00294f","angle":137,"snapDist":8,"label":0}},{"type":"Feature","geometry":{"type":"Point","coordinates":[21.702864,38.202281]},"properties":{"name":"Μπεκίρη Γρ.","lines":"502, 503","arr":["502","503"],"terminus":0,"mode":"bus","color":"#0059a9","colorDark":"#00294f","angle":137.4,"snapDist":5,"label":1}},{"type":"Feature","geometry":{"type":"Point","coordinates":[21.706058,38.203317]},"properties":{"name":"Εύα","lines":"502, 503","arr":["502","503"],"terminus":0,"mode":"bus","color":"#0059a9","colorDark":"#00294f","angle":152.8,"snapDist":4,"label":0}},{"type":"Feature","geometry":{"type":"Point","coordinates":[21.709296,38.204743]},"properties":{"name":"Μαραγκόπουλου","lines":"502, 503","arr":["502","503"],"terminus":0,"mode":"bus","color":"#0059a9","colorDark":"#00294f","angle":132.2,"snapDist":6,"label":0}},{"type":"Feature","geometry":{"type":"Point","coordinates":[21.711534,38.207515]},"properties":{"name":"Κόκκινος Μύλος","lines":"502, 503","arr":["502","503"],"terminus":0,"mode":"bus","color":"#0059a9","colorDark":"#00294f","angle":116.7,"snapDist":4,"label":0}},{"type":"Feature","geometry":{"type":"Point","coordinates":[21.715169,38.210405]},"properties":{"name":"Διασταύρωση Οδός Λεύκας","lines":"502, 503","arr":["502","503"],"terminus":0,"mode":"bus","color":"#0059a9","colorDark":"#00294f","angle":147.3,"snapDist":4,"label":1}},{"type":"Feature","geometry":{"type":"Point","coordinates":[21.717078,38.212422]},"properties":{"name":"Εργατικές Κατοικίες Ιτιές","lines":"502, 503","arr":["502","503"],"terminus":0,"mode":"bus","color":"#0059a9","colorDark":"#00294f","angle":113.4,"snapDist":3,"label":0}},{"type":"Feature","geometry":{"type":"Point","coordinates":[21.717853,38.21395]},"properties":{"name":"Ποτάμι - Γλαύκος","lines":"502, 503","arr":["502","503"],"terminus":0,"mode":"bus","color":"#0059a9","colorDark":"#00294f","angle":110.3,"snapDist":3,"label":0}},{"type":"Feature","geometry":{"type":"Point","coordinates":[21.719051,38.216269]},"properties":{"name":"NISSAN Σπηλιωπουλος 1","lines":"502, 503","arr":["502","503"],"terminus":0,"mode":"bus","color":"#0059a9","colorDark":"#00294f","angle":109.5,"snapDist":2,"label":0}},{"type":"Feature","geometry":{"type":"Point","coordinates":[21.720049,38.219099]},"properties":{"name":"Πατραϊκή","lines":"502, 503","arr":["502","503"],"terminus":0,"mode":"bus","color":"#0059a9","colorDark":"#00294f","angle":103.8,"snapDist":1,"label":1}},{"type":"Feature","geometry":{"type":"Point","coordinates":[21.720584,38.220983]},"properties":{"name":"Σφαγεία","lines":"502, 503","arr":["502","503"],"terminus":0,"mode":"bus","color":"#0059a9","colorDark":"#00294f","angle":101.9,"snapDist":4,"label":0}},{"type":"Feature","geometry":{"type":"Point","coordinates":[21.723012,38.226878]},"properties":{"name":"Πτωχοκομείο","lines":"502, 503","arr":["502","503"],"terminus":0,"mode":"bus","color":"#0059a9","colorDark":"#00294f","angle":108.1,"snapDist":2,"label":0}},{"type":"Feature","geometry":{"type":"Point","coordinates":[21.72422,38.230295]},"properties":{"name":"Δ.Ε.Υ.Α.Π. Πάτρας","lines":"502, 503","arr":["502","503"],"terminus":0,"mode":"bus","color":"#0059a9","colorDark":"#00294f","angle":104,"snapDist":3,"label":1}},{"type":"Feature","geometry":{"type":"Point","coordinates":[21.72508,38.234108]},"properties":{"name":"Ακτή Δυμαίων & Μαξίμου","lines":"502, 503","arr":["502","503"],"terminus":0,"mode":"bus","color":"#0059a9","colorDark":"#00294f","angle":98.6,"snapDist":4,"label":1}},{"type":"Feature","geometry":{"type":"Point","coordinates":[21.725535,38.236296]},"properties":{"name":"Γ' Δ.Ο.Υ. Πατρών","lines":"502, 503","arr":["502","503"],"terminus":0,"mode":"bus","color":"#0059a9","colorDark":"#00294f","angle":98.5,"snapDist":4,"label":1}},{"type":"Feature","geometry":{"type":"Point","coordinates":[21.725995,38.238694]},"properties":{"name":"Δ.Ε.Η. Ακτή Δυμαίων","lines":"502, 503","arr":["502","503"],"terminus":0,"mode":"bus","color":"#0059a9","colorDark":"#00294f","angle":99.1,"snapDist":4,"label":1}},{"type":"Feature","geometry":{"type":"Point","coordinates":[21.687044,38.181166]},"properties":{"name":"Ι.Ν. Αγ. Κωνσταντίνος Ροίτικων","lines":"502, 503","arr":["502","503"],"terminus":0,"mode":"bus","color":"#0059a9","colorDark":"#00294f","angle":300.5,"snapDist":4,"label":1}},{"type":"Feature","geometry":{"type":"Point","coordinates":[21.69024,38.182419]},"properties":{"name":"Νεκροταφείο Ροίτικων","lines":"502","arr":["502"],"terminus":0,"mode":"bus","color":"#0059a9","colorDark":"#00294f","angle":155.8,"snapDist":3,"label":1}},{"type":"Feature","geometry":{"type":"Point","coordinates":[21.701302,38.186257]},"properties":{"name":"Αγίου Γεωργίου","lines":"502","arr":["502"],"terminus":0,"mode":"bus","color":"#0059a9","colorDark":"#00294f","angle":168.3,"snapDist":3,"label":0}},{"type":"Feature","geometry":{"type":"Point","coordinates":[21.705474,38.187677]},"properties":{"name":"Ιπποκράτους","lines":"502, 804","arr":["502","804"],"terminus":0,"mode":"bus","color":"#0059a9","colorDark":"#00294f","angle":172.3,"snapDist":4,"label":0}},{"type":"Feature","geometry":{"type":"Point","coordinates":[21.707851,38.187895]},"properties":{"name":"Νεκροταφείο","lines":"502, 804","arr":["502","804"],"terminus":0,"mode":"bus","color":"#0059a9","colorDark":"#00294f","angle":178.6,"snapDist":6,"label":0}},{"type":"Feature","geometry":{"type":"Point","coordinates":[21.710583,38.187937]},"properties":{"name":"Καποδιστρίου","lines":"502, 804","arr":["502","804"],"terminus":0,"mode":"bus","color":"#0059a9","colorDark":"#00294f","angle":179.4,"snapDist":6,"label":1}},{"type":"Feature","geometry":{"type":"Point","coordinates":[21.713517,38.188137]},"properties":{"name":"Χατζηλιακον","lines":"502, 804","arr":["502","804"],"terminus":0,"mode":"bus","color":"#0059a9","colorDark":"#00294f","angle":157.4,"snapDist":4,"label":1}},{"type":"Feature","geometry":{"type":"Point","coordinates":[21.714268,38.188369]},"properties":{"name":"25ης Μαρτίου","lines":"502, 804","arr":["502","804"],"terminus":0,"mode":"bus","color":"#0059a9","colorDark":"#00294f","angle":179.6,"snapDist":8,"label":1}},{"type":"Feature","geometry":{"type":"Point","coordinates":[21.713362,38.192821]},"properties":{"name":"Εργατικές Κατοικίες 2","lines":"502, 801","arr":["502","801"],"terminus":0,"mode":"bus","color":"#0059a9","colorDark":"#00294f","angle":62.5,"snapDist":0,"label":0}},{"type":"Feature","geometry":{"type":"Point","coordinates":[21.711279,38.195521]},"properties":{"name":"Διασταύρωση","lines":"502","arr":["502"],"terminus":0,"mode":"bus","color":"#0059a9","colorDark":"#00294f","angle":-126,"snapDist":7,"label":0}},{"type":"Feature","geometry":{"type":"Point","coordinates":[21.708598,38.199615]},"properties":{"name":"Παλιουργια","lines":"502","arr":["502"],"terminus":0,"mode":"bus","color":"#0059a9","colorDark":"#00294f","angle":-122.4,"snapDist":6,"label":0}},{"type":"Feature","geometry":{"type":"Point","coordinates":[21.706018,38.202736]},"properties":{"name":"FORD - Λαζανας","lines":"502","arr":["502"],"terminus":0,"mode":"bus","color":"#0059a9","colorDark":"#00294f","angle":61.8,"snapDist":5,"label":0}},{"type":"Feature","geometry":{"type":"Point","coordinates":[21.696077,38.183826]},"properties":{"name":"Αγίου Κωνσταντίνου","lines":"502","arr":["502"],"terminus":0,"mode":"bus","color":"#0059a9","colorDark":"#00294f","angle":146.3,"snapDist":2,"label":0}},{"type":"Feature","geometry":{"type":"Point","coordinates":[21.640526,38.155272]},"properties":{"name":"Τσουκαλέικα","lines":"503","arr":["503"],"terminus":0,"mode":"bus","color":"#0059a9","colorDark":"#00294f","angle":178.5,"snapDist":1,"label":0}},{"type":"Feature","geometry":{"type":"Point","coordinates":[21.645531,38.15621]},"properties":{"name":"Δημοτικό Σχολείο Τσουκαλέικα","lines":"503","arr":["503"],"terminus":0,"mode":"bus","color":"#0059a9","colorDark":"#00294f","angle":162.7,"snapDist":4,"label":0}},{"type":"Feature","geometry":{"type":"Point","coordinates":[21.647341,38.156962]},"properties":{"name":"Ι.Ν. Αγ. Χαραλάμπους Τσουκαλέικα","lines":"503","arr":["503"],"terminus":0,"mode":"bus","color":"#0059a9","colorDark":"#00294f","angle":149.5,"snapDist":4,"label":1}},{"type":"Feature","geometry":{"type":"Point","coordinates":[21.650185,38.158209]},"properties":{"name":"Καρλου","lines":"503","arr":["503"],"terminus":0,"mode":"bus","color":"#0059a9","colorDark":"#00294f","angle":149.5,"snapDist":3,"label":0}},{"type":"Feature","geometry":{"type":"Point","coordinates":[21.655119,38.160527]},"properties":{"name":"Καρτινος","lines":"503","arr":["503"],"terminus":0,"mode":"bus","color":"#0059a9","colorDark":"#00294f","angle":154.4,"snapDist":4,"label":0}},{"type":"Feature","geometry":{"type":"Point","coordinates":[21.657592,38.161321]},"properties":{"name":"Παλιό Φυλάκιο","lines":"503","arr":["503"],"terminus":0,"mode":"bus","color":"#0059a9","colorDark":"#00294f","angle":159.6,"snapDist":6,"label":1}},{"type":"Feature","geometry":{"type":"Point","coordinates":[21.65995,38.161385]},"properties":{"name":"Παλιό Τέρμα","lines":"503","arr":["503"],"terminus":0,"mode":"bus","color":"#0059a9","colorDark":"#00294f","angle":187.7,"snapDist":4,"label":0}},{"type":"Feature","geometry":{"type":"Point","coordinates":[21.66469,38.161745]},"properties":{"name":"Μπρουζος","lines":"503","arr":["503"],"terminus":0,"mode":"bus","color":"#0059a9","colorDark":"#00294f","angle":171.3,"snapDist":7,"label":1}},{"type":"Feature","geometry":{"type":"Point","coordinates":[21.668573,38.162762]},"properties":{"name":"Κέντρο Βραχνέικα","lines":"503","arr":["503"],"terminus":0,"mode":"bus","color":"#0059a9","colorDark":"#00294f","angle":143.1,"snapDist":1,"label":0}},{"type":"Feature","geometry":{"type":"Point","coordinates":[21.669469,38.163874]},"properties":{"name":"Γραμμές Βραχνέικα","lines":"503","arr":["503"],"terminus":0,"mode":"bus","color":"#0059a9","colorDark":"#00294f","angle":73.7,"snapDist":4,"label":1}},{"type":"Feature","geometry":{"type":"Point","coordinates":[21.668438,38.166313]},"properties":{"name":"Εκκλησία Ευαγγελιστρια","lines":"503","arr":["503"],"terminus":1,"mode":"bus","color":"#0059a9","colorDark":"#00294f","angle":156.5,"snapDist":4,"label":1}},{"type":"Feature","geometry":{"type":"Point","coordinates":[21.675111,38.171681]},"properties":{"name":"Γιαννης","lines":"503","arr":["503"],"terminus":0,"mode":"bus","color":"#0059a9","colorDark":"#00294f","angle":115.8,"snapDist":3,"label":1}},{"type":"Feature","geometry":{"type":"Point","coordinates":[21.676783,38.174893]},"properties":{"name":"Διασταύρωση Θρ. Τσατσά","lines":"503","arr":["503"],"terminus":0,"mode":"bus","color":"#0059a9","colorDark":"#00294f","angle":109.3,"snapDist":1,"label":1}},{"type":"Feature","geometry":{"type":"Point","coordinates":[21.677652,38.178812]},"properties":{"name":"Μονοδένδρι","lines":"503","arr":["503"],"terminus":0,"mode":"bus","color":"#0059a9","colorDark":"#00294f","angle":97.6,"snapDist":2,"label":1}},{"type":"Feature","geometry":{"type":"Point","coordinates":[21.677521,38.181396]},"properties":{"name":"Στροφή","lines":"503","arr":["503"],"terminus":0,"mode":"bus","color":"#0059a9","colorDark":"#00294f","angle":95.9,"snapDist":6,"label":0}},{"type":"Feature","geometry":{"type":"Point","coordinates":[21.678195,38.183667]},"properties":{"name":"Εξέδρα Ροΐτικα","lines":"503","arr":["503"],"terminus":0,"mode":"bus","color":"#0059a9","colorDark":"#00294f","angle":115.2,"snapDist":2,"label":0}},{"type":"Feature","geometry":{"type":"Point","coordinates":[21.679927,38.185759]},"properties":{"name":"Πλατεία Παραλία Ροΐτικα","lines":"503","arr":["503"],"terminus":0,"mode":"bus","color":"#0059a9","colorDark":"#00294f","angle":149,"snapDist":1,"label":1}},{"type":"Feature","geometry":{"type":"Point","coordinates":[21.681979,38.185983]},"properties":{"name":"Ροΐτικα","lines":"503","arr":["503"],"terminus":0,"mode":"bus","color":"#0059a9","colorDark":"#00294f","angle":181.5,"snapDist":1,"label":0}},{"type":"Feature","geometry":{"type":"Point","coordinates":[21.687475,38.187135]},"properties":{"name":"Ροΐτικα Παιδότοπος","lines":"503","arr":["503"],"terminus":0,"mode":"bus","color":"#0059a9","colorDark":"#00294f","angle":152.5,"snapDist":5,"label":1}},{"type":"Feature","geometry":{"type":"Point","coordinates":[21.689388,38.188917]},"properties":{"name":"Στροφή","lines":"503","arr":["503"],"terminus":0,"mode":"bus","color":"#0059a9","colorDark":"#00294f","angle":122.6,"snapDist":1,"label":0}},{"type":"Feature","geometry":{"type":"Point","coordinates":[21.6709,38.163921]},"properties":{"name":"Ι.Ν. Αγ. Βασίλειος Βραχναιϊκων","lines":"503","arr":["503"],"terminus":0,"mode":"bus","color":"#0059a9","colorDark":"#00294f","angle":149.7,"snapDist":7,"label":1}},{"type":"Feature","geometry":{"type":"Point","coordinates":[21.673511,38.165904]},"properties":{"name":"Οικονομόπουλου","lines":"503","arr":["503"],"terminus":0,"mode":"bus","color":"#0059a9","colorDark":"#00294f","angle":140.1,"snapDist":0,"label":0}},{"type":"Feature","geometry":{"type":"Point","coordinates":[21.675162,38.167088]},"properties":{"name":"Διασταύρωση Οδός Σκέντζου","lines":"503","arr":["503"],"terminus":0,"mode":"bus","color":"#0059a9","colorDark":"#00294f","angle":125.9,"snapDist":4,"label":1}},{"type":"Feature","geometry":{"type":"Point","coordinates":[21.676452,38.168472]},"properties":{"name":"Νεκροταφείο Βραχναίικα","lines":"503","arr":["503"],"terminus":0,"mode":"bus","color":"#0059a9","colorDark":"#00294f","angle":126.5,"snapDist":2,"label":1}},{"type":"Feature","geometry":{"type":"Point","coordinates":[21.678363,38.170578]},"properties":{"name":"Σπηλιωτακοπούλου","lines":"503","arr":["503"],"terminus":0,"mode":"bus","color":"#0059a9","colorDark":"#00294f","angle":123.7,"snapDist":4,"label":1}},{"type":"Feature","geometry":{"type":"Point","coordinates":[21.680761,38.173737]},"properties":{"name":"Διασταύρωση Οδός Θρ. Τσατσά","lines":"503","arr":["503"],"terminus":0,"mode":"bus","color":"#0059a9","colorDark":"#00294f","angle":113,"snapDist":2,"label":1}},{"type":"Feature","geometry":{"type":"Point","coordinates":[21.683693,38.177695]},"properties":{"name":"Εργοστάσιο Πλαστικών","lines":"503","arr":["503"],"terminus":0,"mode":"bus","color":"#0059a9","colorDark":"#00294f","angle":124.7,"snapDist":3,"label":0}},{"type":"Feature","geometry":{"type":"Point","coordinates":[21.688248,38.183816]},"properties":{"name":"Κηπουργού","lines":"503","arr":["503"],"terminus":0,"mode":"bus","color":"#0059a9","colorDark":"#00294f","angle":106.2,"snapDist":3,"label":0}},{"type":"Feature","geometry":{"type":"Point","coordinates":[21.689191,38.185975]},"properties":{"name":"Φανάρι","lines":"503","arr":["503"],"terminus":0,"mode":"bus","color":"#0059a9","colorDark":"#00294f","angle":114.6,"snapDist":2,"label":0}},{"type":"Feature","geometry":{"type":"Point","coordinates":[21.736019,38.246754]},"properties":{"name":"Ερμού","lines":"601, 606, 607, 608, 609","arr":["601","606","607","608","609"],"terminus":1,"mode":"bus","color":"#0059a9","colorDark":"#00294f","angle":225.9,"snapDist":3,"label":1}},{"type":"Feature","geometry":{"type":"Point","coordinates":[21.756743,38.266075]},"properties":{"name":"Αρέθα","lines":"601, 608","arr":["601","608"],"terminus":0,"mode":"bus","color":"#0059a9","colorDark":"#00294f","angle":148.6,"snapDist":5,"label":1}},{"type":"Feature","geometry":{"type":"Point","coordinates":[21.757594,38.266913]},"properties":{"name":"Αρέθα","lines":"601, 606, 608","arr":["601","606","608"],"terminus":0,"mode":"bus","color":"#0059a9","colorDark":"#00294f","angle":116.6,"snapDist":2,"label":0}},{"type":"Feature","geometry":{"type":"Point","coordinates":[21.758285,38.269468]},"properties":{"name":"INTRACOM","lines":"601, 606, 608","arr":["601","606","608"],"terminus":0,"mode":"bus","color":"#0059a9","colorDark":"#00294f","angle":102.3,"snapDist":3,"label":1}},{"type":"Feature","geometry":{"type":"Point","coordinates":[21.758734,38.270939]},"properties":{"name":"Κοτρώνι","lines":"601, 606, 608","arr":["601","606","608"],"terminus":0,"mode":"bus","color":"#0059a9","colorDark":"#00294f","angle":111.8,"snapDist":3,"label":1}},{"type":"Feature","geometry":{"type":"Point","coordinates":[21.76011,38.273085]},"properties":{"name":"Μηχανικη Καλλιεργεια","lines":"601, 606","arr":["601","606"],"terminus":0,"mode":"bus","color":"#0059a9","colorDark":"#00294f","angle":121.4,"snapDist":4,"label":1}},{"type":"Feature","geometry":{"type":"Point","coordinates":[21.762267,38.274911]},"properties":{"name":"Μηχανικη Καλλιεργεια2","lines":"601, 606","arr":["601","606"],"terminus":0,"mode":"bus","color":"#0059a9","colorDark":"#00294f","angle":133.6,"snapDist":3,"label":1}},{"type":"Feature","geometry":{"type":"Point","coordinates":[21.764643,38.276885]},"properties":{"name":"Κορυδαλεως","lines":"601, 606, 608, 609","arr":["601","606","608","609"],"terminus":0,"mode":"bus","color":"#0059a9","colorDark":"#00294f","angle":131.2,"snapDist":5,"label":1}},{"type":"Feature","geometry":{"type":"Point","coordinates":[21.765646,38.277807]},"properties":{"name":"Ψησταριά","lines":"601, 606, 608","arr":["601","606","608"],"terminus":0,"mode":"bus","color":"#0059a9","colorDark":"#00294f","angle":130.3,"snapDist":2,"label":1}},{"type":"Feature","geometry":{"type":"Point","coordinates":[21.767098,38.27906]},"properties":{"name":"Βησσαρίωνος","lines":"601, 608","arr":["601","608"],"terminus":0,"mode":"bus","color":"#0059a9","colorDark":"#00294f","angle":140,"snapDist":3,"label":1}},{"type":"Feature","geometry":{"type":"Point","coordinates":[21.76876,38.280401]},"properties":{"name":"Προαστειο","lines":"601, 608","arr":["601","608"],"terminus":0,"mode":"bus","color":"#0059a9","colorDark":"#00294f","angle":138.2,"snapDist":1,"label":1}},{"type":"Feature","geometry":{"type":"Point","coordinates":[21.771274,38.282151]},"properties":{"name":"Μανδρεκα","lines":"601, 901","arr":["601","901"],"terminus":0,"mode":"bus","color":"#0059a9","colorDark":"#00294f","angle":124.4,"snapDist":2,"label":1}},{"type":"Feature","geometry":{"type":"Point","coordinates":[21.772769,38.284348]},"properties":{"name":"Τόφαλος","lines":"601, 608, 901","arr":["601","608","901"],"terminus":0,"mode":"bus","color":"#0059a9","colorDark":"#00294f","angle":119.7,"snapDist":5,"label":1}},{"type":"Feature","geometry":{"type":"Point","coordinates":[21.774859,38.286163]},"properties":{"name":"Ποταμος Χάραδρος","lines":"601, 901","arr":["601","901"],"terminus":0,"mode":"bus","color":"#0059a9","colorDark":"#00294f","angle":204.7,"snapDist":5,"label":1}},{"type":"Feature","geometry":{"type":"Point","coordinates":[21.78608,38.286229]},"properties":{"name":"Πρυτανεία Πανεπ. Πατρών","lines":"601, 602, 901","arr":["601","602","901"],"terminus":0,"mode":"bus","color":"#0059a9","colorDark":"#00294f","angle":145.9,"snapDist":2,"label":1}},{"type":"Feature","geometry":{"type":"Point","coordinates":[21.786564,38.287955]},"properties":{"name":"Πολυτεχνείο","lines":"601, 602, 609, 610, 901, 902","arr":["601","602","609","610","901","902"],"terminus":0,"mode":"bus","color":"#0059a9","colorDark":"#00294f","angle":55.3,"snapDist":3,"label":1}},{"type":"Feature","geometry":{"type":"Point","coordinates":[21.784952,38.289799]},"properties":{"name":"Συνεδριακό Κέντρο","lines":"601, 602, 609, 610, 901, 902","arr":["601","602","609","610","901","902"],"terminus":0,"mode":"bus","color":"#0059a9","colorDark":"#00294f","angle":56.7,"snapDist":3,"label":1}},{"type":"Feature","geometry":{"type":"Point","coordinates":[21.786983,38.291727]},"properties":{"name":"Φυσικο","lines":"601, 602, 901","arr":["601","602","901"],"terminus":0,"mode":"bus","color":"#0059a9","colorDark":"#00294f","angle":145.2,"snapDist":7,"label":1}},{"type":"Feature","geometry":{"type":"Point","coordinates":[21.790518,38.293673]},"properties":{"name":"Γεωλογικο","lines":"601, 602, 901","arr":["601","602","901"],"terminus":0,"mode":"bus","color":"#0059a9","colorDark":"#00294f","angle":144.8,"snapDist":5,"label":1}},{"type":"Feature","geometry":{"type":"Point","coordinates":[21.791892,38.294445]},"properties":{"name":"Ιατρική","lines":"601, 602, 901","arr":["601","602","901"],"terminus":0,"mode":"bus","color":"#0059a9","colorDark":"#00294f","angle":144.2,"snapDist":6,"label":1}},{"type":"Feature","geometry":{"type":"Point","coordinates":[21.795033,38.296364]},"properties":{"name":"Πανεπιστημιακό Νοσοκομείο Πατρών","lines":"601, 901","arr":["601","901"],"terminus":1,"mode":"bus","color":"#0059a9","colorDark":"#00294f","angle":140.9,"snapDist":5,"label":1}},{"type":"Feature","geometry":{"type":"Point","coordinates":[21.795053,38.296589]},"properties":{"name":"Τέρμα Νοσοκομείο","lines":"601, 602, 609, 610, 902","arr":["601","602","609","610","902"],"terminus":1,"mode":"bus","color":"#0059a9","colorDark":"#00294f","angle":320.9,"snapDist":2,"label":1}},{"type":"Feature","geometry":{"type":"Point","coordinates":[21.728046,38.236754]},"properties":{"name":"Αρχιεπισκόπου Κυρίλλου","lines":"602","arr":["602"],"terminus":1,"mode":"bus","color":"#0059a9","colorDark":"#00294f","angle":97.6,"snapDist":2,"label":1}},{"type":"Feature","geometry":{"type":"Point","coordinates":[21.751479,38.263243]},"properties":{"name":"Νέο Αρχαιολογικο Μουσείο","lines":"602","arr":["602"],"terminus":0,"mode":"bus","color":"#0059a9","colorDark":"#00294f","angle":120.6,"snapDist":4,"label":1}},{"type":"Feature","geometry":{"type":"Point","coordinates":[21.75507,38.267988]},"properties":{"name":"Αρέθα","lines":"602","arr":["602"],"terminus":0,"mode":"bus","color":"#0059a9","colorDark":"#00294f","angle":120.2,"snapDist":4,"label":1}},{"type":"Feature","geometry":{"type":"Point","coordinates":[21.762559,38.275151]},"properties":{"name":"Μηχανικη Καλλιεργεια5","lines":"606, 608, 609","arr":["606","608","609"],"terminus":0,"mode":"bus","color":"#0059a9","colorDark":"#00294f","angle":134.2,"snapDist":2,"label":1}},{"type":"Feature","geometry":{"type":"Point","coordinates":[21.764603,38.27685]},"properties":{"name":"Κορυδαλεως","lines":"606","arr":["606"],"terminus":0,"mode":"bus","color":"#0059a9","colorDark":"#00294f","angle":-48.8,"snapDist":2,"label":0}},{"type":"Feature","geometry":{"type":"Point","coordinates":[21.766986,38.281903]},"properties":{"name":"Πολυκάστης","lines":"606","arr":["606"],"terminus":0,"mode":"bus","color":"#0059a9","colorDark":"#00294f","angle":36.5,"snapDist":2,"label":1}},{"type":"Feature","geometry":{"type":"Point","coordinates":[21.765447,38.282798]},"properties":{"name":"Διγενή Ακρίτα","lines":"606","arr":["606"],"terminus":0,"mode":"bus","color":"#0059a9","colorDark":"#00294f","angle":36.5,"snapDist":5,"label":1}},{"type":"Feature","geometry":{"type":"Point","coordinates":[21.762595,38.286493]},"properties":{"name":"Αρήτης","lines":"606","arr":["606"],"terminus":0,"mode":"bus","color":"#0059a9","colorDark":"#00294f","angle":-123.2,"snapDist":8,"label":1}},{"type":"Feature","geometry":{"type":"Point","coordinates":[21.764453,38.287993]},"properties":{"name":"Νηρέως","lines":"606","arr":["606"],"terminus":0,"mode":"bus","color":"#0059a9","colorDark":"#00294f","angle":211.9,"snapDist":2,"label":1}},{"type":"Feature","geometry":{"type":"Point","coordinates":[21.774771,38.297301]},"properties":{"name":"Πορτο Ρίο","lines":"606","arr":["606"],"terminus":0,"mode":"bus","color":"#0059a9","colorDark":"#00294f","angle":299.9,"snapDist":15,"label":1}},{"type":"Feature","geometry":{"type":"Point","coordinates":[21.770983,38.291176]},"properties":{"name":"Καστελόκαμπος","lines":"606","arr":["606"],"terminus":0,"mode":"bus","color":"#0059a9","colorDark":"#00294f","angle":30.3,"snapDist":1,"label":1}},{"type":"Feature","geometry":{"type":"Point","coordinates":[21.769395,38.291893]},"properties":{"name":"Πλατεία Πετμεζά","lines":"606","arr":["606"],"terminus":0,"mode":"bus","color":"#0059a9","colorDark":"#00294f","angle":28.9,"snapDist":1,"label":1}},{"type":"Feature","geometry":{"type":"Point","coordinates":[21.768082,38.291954]},"properties":{"name":"Κιμώλου","lines":"606","arr":["606"],"terminus":0,"mode":"bus","color":"#0059a9","colorDark":"#00294f","angle":309.8,"snapDist":2,"label":1}},{"type":"Feature","geometry":{"type":"Point","coordinates":[21.767527,38.291106]},"properties":{"name":"Καστελόκαμπος Θεμιστοκλέους","lines":"606","arr":["606"],"terminus":0,"mode":"bus","color":"#0059a9","colorDark":"#00294f","angle":200.9,"snapDist":5,"label":1}},{"type":"Feature","geometry":{"type":"Point","coordinates":[21.769482,38.290168]},"properties":{"name":"Καστελόκαμπος - Στροφή","lines":"606","arr":["606"],"terminus":0,"mode":"bus","color":"#0059a9","colorDark":"#00294f","angle":210.5,"snapDist":4,"label":1}},{"type":"Feature","geometry":{"type":"Point","coordinates":[21.769998,38.289955]},"properties":{"name":"Αχιλλέως","lines":"606","arr":["606"],"terminus":0,"mode":"bus","color":"#0059a9","colorDark":"#00294f","angle":124.4,"snapDist":0,"label":1}},{"type":"Feature","geometry":{"type":"Point","coordinates":[21.76903,38.288793]},"properties":{"name":"Χάραδρος","lines":"606","arr":["606"],"terminus":0,"mode":"bus","color":"#0059a9","colorDark":"#00294f","angle":123.3,"snapDist":0,"label":1}},{"type":"Feature","geometry":{"type":"Point","coordinates":[21.766791,38.285292]},"properties":{"name":"Δάφνες","lines":"606","arr":["606"],"terminus":0,"mode":"bus","color":"#0059a9","colorDark":"#00294f","angle":293.2,"snapDist":3,"label":1}},{"type":"Feature","geometry":{"type":"Point","coordinates":[21.765458,38.282819]},"properties":{"name":"Διγενή Ακρίτα","lines":"606","arr":["606"],"terminus":0,"mode":"bus","color":"#0059a9","colorDark":"#00294f","angle":-66.8,"snapDist":11,"label":0}},{"type":"Feature","geometry":{"type":"Point","coordinates":[21.766994,38.281899]},"properties":{"name":"Πολυκάστης","lines":"606","arr":["606"],"terminus":0,"mode":"bus","color":"#0059a9","colorDark":"#00294f","angle":-143.5,"snapDist":3,"label":0}},{"type":"Feature","geometry":{"type":"Point","coordinates":[21.768845,38.280459]},"properties":{"name":"Προαστειο","lines":"606, 609, 902","arr":["606","609","902"],"terminus":0,"mode":"bus","color":"#0059a9","colorDark":"#00294f","angle":319.3,"snapDist":4,"label":0}},{"type":"Feature","geometry":{"type":"Point","coordinates":[21.767304,38.279212]},"properties":{"name":"Πλάτανος","lines":"606, 609, 902","arr":["606","609","902"],"terminus":0,"mode":"bus","color":"#0059a9","colorDark":"#00294f","angle":132.4,"snapDist":2,"label":1}},{"type":"Feature","geometry":{"type":"Point","coordinates":[21.765677,38.277837]},"properties":{"name":"Ψησταριά","lines":"606, 609","arr":["606","609"],"terminus":0,"mode":"bus","color":"#0059a9","colorDark":"#00294f","angle":-50.8,"snapDist":3,"label":0}},{"type":"Feature","geometry":{"type":"Point","coordinates":[21.762528,38.275126]},"properties":{"name":"Μηχανικη Καλλιεργεια3","lines":"606","arr":["606"],"terminus":0,"mode":"bus","color":"#0059a9","colorDark":"#00294f","angle":134.2,"snapDist":3,"label":1}},{"type":"Feature","geometry":{"type":"Point","coordinates":[21.758664,38.270782]},"properties":{"name":"Κοτρώνι","lines":"606, 609","arr":["606","609"],"terminus":0,"mode":"bus","color":"#0059a9","colorDark":"#00294f","angle":-74.3,"snapDist":5,"label":0}},{"type":"Feature","geometry":{"type":"Point","coordinates":[21.758289,38.269484]},"properties":{"name":"Αγ. Ελευθέριος","lines":"606, 609","arr":["606","609"],"terminus":0,"mode":"bus","color":"#0059a9","colorDark":"#00294f","angle":102.3,"snapDist":4,"label":1}},{"type":"Feature","geometry":{"type":"Point","coordinates":[21.748016,38.258567]},"properties":{"name":"Πάροδος Θερμοπυλών","lines":"606, 609, 610","arr":["606","609","610"],"terminus":0,"mode":"bus","color":"#0059a9","colorDark":"#00294f","angle":278.4,"snapDist":3,"label":1}},{"type":"Feature","geometry":{"type":"Point","coordinates":[21.766407,38.259342]},"properties":{"name":"Βόλου","lines":"607","arr":["607"],"terminus":0,"mode":"bus","color":"#0059a9","colorDark":"#00294f","angle":247.6,"snapDist":1,"label":1}},{"type":"Feature","geometry":{"type":"Point","coordinates":[21.769796,38.257743]},"properties":{"name":"Κοζάνης","lines":"607","arr":["607"],"terminus":0,"mode":"bus","color":"#0059a9","colorDark":"#00294f","angle":171.3,"snapDist":1,"label":1}},{"type":"Feature","geometry":{"type":"Point","coordinates":[21.769843,38.259498]},"properties":{"name":"Άνω Συχαινά 1","lines":"607","arr":["607"],"terminus":0,"mode":"bus","color":"#0059a9","colorDark":"#00294f","angle":249.5,"snapDist":6,"label":1}},{"type":"Feature","geometry":{"type":"Point","coordinates":[21.771351,38.259479]},"properties":{"name":"Άνω Συχαινά 2","lines":"607","arr":["607"],"terminus":0,"mode":"bus","color":"#0059a9","colorDark":"#00294f","angle":167.9,"snapDist":1,"label":1}},{"type":"Feature","geometry":{"type":"Point","coordinates":[21.775618,38.259176]},"properties":{"name":"Αερογεφυρα Περιμετρική","lines":"607","arr":["607"],"terminus":0,"mode":"bus","color":"#0059a9","colorDark":"#00294f","angle":175.9,"snapDist":6,"label":1}},{"type":"Feature","geometry":{"type":"Point","coordinates":[21.780248,38.25779]},"properties":{"name":"Άγιος Δημήτριος","lines":"607","arr":["607"],"terminus":0,"mode":"bus","color":"#0059a9","colorDark":"#00294f","angle":194.7,"snapDist":5,"label":1}},{"type":"Feature","geometry":{"type":"Point","coordinates":[21.783094,38.257454]},"properties":{"name":"Σκιόεσσα","lines":"607","arr":["607"],"terminus":0,"mode":"bus","color":"#0059a9","colorDark":"#00294f","angle":181.5,"snapDist":1,"label":1}},{"type":"Feature","geometry":{"type":"Point","coordinates":[21.786937,38.257227]},"properties":{"name":"Βουντενη","lines":"607","arr":["607"],"terminus":0,"mode":"bus","color":"#0059a9","colorDark":"#00294f","angle":173.8,"snapDist":3,"label":1}},{"type":"Feature","geometry":{"type":"Point","coordinates":[21.787823,38.257853]},"properties":{"name":"Μάρκου Μπότσαρη","lines":"607","arr":["607"],"terminus":1,"mode":"bus","color":"#0059a9","colorDark":"#00294f","angle":167.4,"snapDist":6,"label":1}},{"type":"Feature","geometry":{"type":"Point","coordinates":[21.784857,38.289726]},"properties":{"name":"Συνεδριακό Κέντρο2","lines":"608, 609, 902","arr":["608","609","902"],"terminus":0,"mode":"bus","color":"#0059a9","colorDark":"#00294f","angle":237.2,"snapDist":3,"label":1}},{"type":"Feature","geometry":{"type":"Point","coordinates":[21.788384,38.285642]},"properties":{"name":"Μηχανικών Η/υ","lines":"608","arr":["608"],"terminus":0,"mode":"bus","color":"#0059a9","colorDark":"#00294f","angle":235.8,"snapDist":0,"label":1}},{"type":"Feature","geometry":{"type":"Point","coordinates":[21.789723,38.281782]},"properties":{"name":"Γήπεδο Πανεπιστημίου","lines":"608, 609","arr":["608","609"],"terminus":0,"mode":"bus","color":"#0059a9","colorDark":"#00294f","angle":323,"snapDist":0,"label":1}},{"type":"Feature","geometry":{"type":"Point","coordinates":[21.7883,38.279571]},"properties":{"name":"Π.Λ.Π.Π.","lines":"608","arr":["608"],"terminus":0,"mode":"bus","color":"#0059a9","colorDark":"#00294f","angle":244.3,"snapDist":1,"label":1}},{"type":"Feature","geometry":{"type":"Point","coordinates":[21.792492,38.276938]},"properties":{"name":"Μαγούλα","lines":"608","arr":["608"],"terminus":0,"mode":"bus","color":"#0059a9","colorDark":"#00294f","angle":244,"snapDist":6,"label":1}},{"type":"Feature","geometry":{"type":"Point","coordinates":[21.797059,38.274373]},"properties":{"name":"Μαγούλα 1","lines":"608","arr":["608"],"terminus":0,"mode":"bus","color":"#0059a9","colorDark":"#00294f","angle":166.4,"snapDist":5,"label":1}},{"type":"Feature","geometry":{"type":"Point","coordinates":[21.801721,38.273295]},"properties":{"name":"Μαγούλα 3","lines":"608","arr":["608"],"terminus":0,"mode":"bus","color":"#0059a9","colorDark":"#00294f","angle":139.6,"snapDist":0,"label":1}},{"type":"Feature","geometry":{"type":"Point","coordinates":[21.809979,38.273451]},"properties":{"name":"Καστρίτσι 2","lines":"608","arr":["608"],"terminus":0,"mode":"bus","color":"#0059a9","colorDark":"#00294f","angle":240,"snapDist":3,"label":1}},{"type":"Feature","geometry":{"type":"Point","coordinates":[21.817994,38.27272]},"properties":{"name":"Καστρίτσι 4","lines":"608","arr":["608"],"terminus":0,"mode":"bus","color":"#0059a9","colorDark":"#00294f","angle":143.5,"snapDist":2,"label":1}},{"type":"Feature","geometry":{"type":"Point","coordinates":[21.824443,38.274977]},"properties":{"name":"Καστρίτσι 6","lines":"608","arr":["608"],"terminus":0,"mode":"bus","color":"#0059a9","colorDark":"#00294f","angle":158,"snapDist":3,"label":1}},{"type":"Feature","geometry":{"type":"Point","coordinates":[21.827441,38.272955]},"properties":{"name":"Καστρίτσι 8","lines":"608","arr":["608"],"terminus":0,"mode":"bus","color":"#0059a9","colorDark":"#00294f","angle":349.3,"snapDist":3,"label":1}},{"type":"Feature","geometry":{"type":"Point","coordinates":[21.830122,38.271774]},"properties":{"name":"Καστρίτσι 10","lines":"608","arr":["608"],"terminus":0,"mode":"bus","color":"#0059a9","colorDark":"#00294f","angle":218.5,"snapDist":1,"label":1}},{"type":"Feature","geometry":{"type":"Point","coordinates":[21.833532,38.272221]},"properties":{"name":"Καστρίτσι 12","lines":"608","arr":["608"],"terminus":0,"mode":"bus","color":"#0059a9","colorDark":"#00294f","angle":213.6,"snapDist":2,"label":1}},{"type":"Feature","geometry":{"type":"Point","coordinates":[21.835332,38.271459]},"properties":{"name":"Καστρίτσι - Τέρμα","lines":"608, 609","arr":["608","609"],"terminus":1,"mode":"bus","color":"#0059a9","colorDark":"#00294f","angle":330.9,"snapDist":3,"label":1}},{"type":"Feature","geometry":{"type":"Point","coordinates":[21.7918,38.294584]},"properties":{"name":"Ιατρική","lines":"609, 610, 902","arr":["609","610","902"],"terminus":0,"mode":"bus","color":"#0059a9","colorDark":"#00294f","angle":323.6,"snapDist":3,"label":0}},{"type":"Feature","geometry":{"type":"Point","coordinates":[21.790198,38.293682]},"properties":{"name":"Γεωλογικο","lines":"609, 610, 902","arr":["609","610","902"],"terminus":0,"mode":"bus","color":"#0059a9","colorDark":"#00294f","angle":324.8,"snapDist":0,"label":0}},{"type":"Feature","geometry":{"type":"Point","coordinates":[21.786887,38.291843]},"properties":{"name":"Σχολες Θετικών Επιστημών","lines":"609, 610, 902","arr":["609","610","902"],"terminus":0,"mode":"bus","color":"#0059a9","colorDark":"#00294f","angle":324.9,"snapDist":1,"label":1}},{"type":"Feature","geometry":{"type":"Point","coordinates":[21.786018,38.286196]},"properties":{"name":"Πρυτανεία","lines":"609, 610, 902","arr":["609","610","902"],"terminus":0,"mode":"bus","color":"#0059a9","colorDark":"#00294f","angle":325.9,"snapDist":3,"label":1}},{"type":"Feature","geometry":{"type":"Point","coordinates":[21.782367,38.289585]},"properties":{"name":"ΟΑΕΔ","lines":"609, 610, 902","arr":["609","610","902"],"terminus":0,"mode":"bus","color":"#0059a9","colorDark":"#00294f","angle":20.7,"snapDist":1,"label":1}},{"type":"Feature","geometry":{"type":"Point","coordinates":[21.780275,38.290571]},"properties":{"name":"ΟΑΕΔ - Μπελαβγενη","lines":"609, 610, 902","arr":["609","610","902"],"terminus":0,"mode":"bus","color":"#0059a9","colorDark":"#00294f","angle":36,"snapDist":2,"label":1}},{"type":"Feature","geometry":{"type":"Point","coordinates":[21.775724,38.287998]},"properties":{"name":"Στροφή Καστελοκάμπου","lines":"609, 610, 902","arr":["609","610","902"],"terminus":0,"mode":"bus","color":"#0059a9","colorDark":"#00294f","angle":312.2,"snapDist":2,"label":1}},{"type":"Feature","geometry":{"type":"Point","coordinates":[21.77263,38.284347]},"properties":{"name":"Γήπεδο Τόφαλος","lines":"609, 610, 902","arr":["609","610","902"],"terminus":0,"mode":"bus","color":"#0059a9","colorDark":"#00294f","angle":301.4,"snapDist":3,"label":1}},{"type":"Feature","geometry":{"type":"Point","coordinates":[21.770597,38.281657]},"properties":{"name":"Μανδρεκα","lines":"609, 610, 902","arr":["609","610","902"],"terminus":0,"mode":"bus","color":"#0059a9","colorDark":"#00294f","angle":320.3,"snapDist":3,"label":0}},{"type":"Feature","geometry":{"type":"Point","coordinates":[21.757483,38.266761]},"properties":{"name":"Αρέθα","lines":"609","arr":["609"],"terminus":0,"mode":"bus","color":"#0059a9","colorDark":"#00294f","angle":300.4,"snapDist":3,"label":0}},{"type":"Feature","geometry":{"type":"Point","coordinates":[21.749871,38.261332]},"properties":{"name":"Οικονομικη Περιφερεια Αθηνών-Πατρών","lines":"609, 610","arr":["609","610"],"terminus":0,"mode":"bus","color":"#0059a9","colorDark":"#00294f","angle":300.9,"snapDist":1,"label":1}},{"type":"Feature","geometry":{"type":"Point","coordinates":[21.832169,38.272115]},"properties":{"name":"Καστρίτσι 11","lines":"609","arr":["609"],"terminus":0,"mode":"bus","color":"#0059a9","colorDark":"#00294f","angle":263.9,"snapDist":1,"label":1}},{"type":"Feature","geometry":{"type":"Point","coordinates":[21.828217,38.271882]},"properties":{"name":"Καστρίτσι 9","lines":"609","arr":["609"],"terminus":0,"mode":"bus","color":"#0059a9","colorDark":"#00294f","angle":330.8,"snapDist":1,"label":1}},{"type":"Feature","geometry":{"type":"Point","coordinates":[21.824703,38.273913]},"properties":{"name":"Καστρίτσι 7","lines":"609","arr":["609"],"terminus":0,"mode":"bus","color":"#0059a9","colorDark":"#00294f","angle":125.5,"snapDist":2,"label":1}},{"type":"Feature","geometry":{"type":"Point","coordinates":[21.819951,38.273814]},"properties":{"name":"Καστρίτσι 5","lines":"609","arr":["609"],"terminus":0,"mode":"bus","color":"#0059a9","colorDark":"#00294f","angle":345.2,"snapDist":1,"label":1}},{"type":"Feature","geometry":{"type":"Point","coordinates":[21.811955,38.273608]},"properties":{"name":"Καστρίτσι 3","lines":"609","arr":["609"],"terminus":0,"mode":"bus","color":"#0059a9","colorDark":"#00294f","angle":148.5,"snapDist":8,"label":1}},{"type":"Feature","geometry":{"type":"Point","coordinates":[21.805316,38.274377]},"properties":{"name":"Καστρίτσι 1","lines":"609","arr":["609"],"terminus":0,"mode":"bus","color":"#0059a9","colorDark":"#00294f","angle":-128.6,"snapDist":7,"label":1}},{"type":"Feature","geometry":{"type":"Point","coordinates":[21.799726,38.273035]},"properties":{"name":"Μαγούλα 2","lines":"609","arr":["609"],"terminus":0,"mode":"bus","color":"#0059a9","colorDark":"#00294f","angle":24,"snapDist":3,"label":1}},{"type":"Feature","geometry":{"type":"Point","coordinates":[21.793559,38.277333]},"properties":{"name":"Γεωργίου Παπανδρέου","lines":"609","arr":["609"],"terminus":0,"mode":"bus","color":"#0059a9","colorDark":"#00294f","angle":88.2,"snapDist":3,"label":1}},{"type":"Feature","geometry":{"type":"Point","coordinates":[21.791059,38.277845]},"properties":{"name":"Ηλία Πολίτη","lines":"609","arr":["609"],"terminus":0,"mode":"bus","color":"#0059a9","colorDark":"#00294f","angle":29,"snapDist":2,"label":1}},{"type":"Feature","geometry":{"type":"Point","coordinates":[21.788329,38.279655]},"properties":{"name":"Π.Λ.Π.Π.","lines":"609","arr":["609"],"terminus":0,"mode":"bus","color":"#0059a9","colorDark":"#00294f","angle":70.7,"snapDist":4,"label":0}},{"type":"Feature","geometry":{"type":"Point","coordinates":[21.736806,38.252765]},"properties":{"name":"Αφετηρία Οθ. Αμαλίας & Καρολου","lines":"609, 902","arr":["609","902"],"terminus":1,"mode":"bus","color":"#0059a9","colorDark":"#00294f","angle":282.5,"snapDist":4,"label":1}},{"type":"Feature","geometry":{"type":"Point","coordinates":[21.78774,38.257839]},"properties":{"name":"Μάρκου Μπότσαρη","lines":"609","arr":["609"],"terminus":1,"mode":"bus","color":"#0059a9","colorDark":"#00294f","angle":347.4,"snapDist":5,"label":0}},{"type":"Feature","geometry":{"type":"Point","coordinates":[21.786799,38.257218]},"properties":{"name":"Βουντενη","lines":"609","arr":["609"],"terminus":0,"mode":"bus","color":"#0059a9","colorDark":"#00294f","angle":0.8,"snapDist":8,"label":0}},{"type":"Feature","geometry":{"type":"Point","coordinates":[21.782977,38.257469]},"properties":{"name":"Σκιόεσσα","lines":"609","arr":["609"],"terminus":0,"mode":"bus","color":"#0059a9","colorDark":"#00294f","angle":9.6,"snapDist":2,"label":0}},{"type":"Feature","geometry":{"type":"Point","coordinates":[21.780142,38.257801]},"properties":{"name":"Αγίου Δημητρίου","lines":"609","arr":["609"],"terminus":0,"mode":"bus","color":"#0059a9","colorDark":"#00294f","angle":3,"snapDist":0,"label":1}},{"type":"Feature","geometry":{"type":"Point","coordinates":[21.775511,38.25917]},"properties":{"name":"Αερογεφυρα Περιμετρική","lines":"609","arr":["609"],"terminus":0,"mode":"bus","color":"#0059a9","colorDark":"#00294f","angle":355.9,"snapDist":1,"label":0}},{"type":"Feature","geometry":{"type":"Point","coordinates":[21.771253,38.259464]},"properties":{"name":"Άνω Συχαινά 2","lines":"609","arr":["609"],"terminus":0,"mode":"bus","color":"#0059a9","colorDark":"#00294f","angle":350.6,"snapDist":4,"label":0}},{"type":"Feature","geometry":{"type":"Point","coordinates":[21.769809,38.25957]},"properties":{"name":"Άνω Συχαινά 1","lines":"609","arr":["609"],"terminus":0,"mode":"bus","color":"#0059a9","colorDark":"#00294f","angle":69.5,"snapDist":1,"label":0}},{"type":"Feature","geometry":{"type":"Point","coordinates":[21.769709,38.257759]},"properties":{"name":"Κοζάνης","lines":"609","arr":["609"],"terminus":0,"mode":"bus","color":"#0059a9","colorDark":"#00294f","angle":31.5,"snapDist":1,"label":0}},{"type":"Feature","geometry":{"type":"Point","coordinates":[21.766367,38.259422]},"properties":{"name":"Βόλου","lines":"609","arr":["609"],"terminus":0,"mode":"bus","color":"#0059a9","colorDark":"#00294f","angle":69.9,"snapDist":2,"label":0}},{"type":"Feature","geometry":{"type":"Point","coordinates":[21.787321,38.285298]},"properties":{"name":"Πολυτεχνείο","lines":"610","arr":["610"],"terminus":0,"mode":"bus","color":"#0059a9","colorDark":"#00294f","angle":145.4,"snapDist":1,"label":1}},{"type":"Feature","geometry":{"type":"Point","coordinates":[21.754965,38.268077]},"properties":{"name":"Αρέθα","lines":"610","arr":["610"],"terminus":0,"mode":"bus","color":"#0059a9","colorDark":"#00294f","angle":302.1,"snapDist":0,"label":0}},{"type":"Feature","geometry":{"type":"Point","coordinates":[21.751336,38.263256]},"properties":{"name":"Νέο Αρχαιολογικο Μουσείο","lines":"610","arr":["610"],"terminus":0,"mode":"bus","color":"#0059a9","colorDark":"#00294f","angle":300.5,"snapDist":2,"label":0}},{"type":"Feature","geometry":{"type":"Point","coordinates":[21.727152,38.236806]},"properties":{"name":"Αρχιεπισκόπου Κυρίλλου Τέρμα","lines":"610","arr":["610"],"terminus":1,"mode":"bus","color":"#0059a9","colorDark":"#00294f","angle":277.8,"snapDist":1,"label":1}},{"type":"Feature","geometry":{"type":"Point","coordinates":[21.762628,38.210459]},"properties":{"name":"Πάρκινγκ Περιβόλα","lines":"701, 702","arr":["701","702"],"terminus":1,"mode":"bus","color":"#0059a9","colorDark":"#00294f","angle":279.9,"snapDist":28,"label":1}},{"type":"Feature","geometry":{"type":"Point","coordinates":[21.761812,38.208563]},"properties":{"name":"Κόμβος Πάρκινγκ Περιβόλα","lines":"701","arr":["701"],"terminus":0,"mode":"bus","color":"#0059a9","colorDark":"#00294f","angle":18,"snapDist":6,"label":1}},{"type":"Feature","geometry":{"type":"Point","coordinates":[21.759763,38.210102]},"properties":{"name":"LIDL","lines":"701","arr":["701"],"terminus":0,"mode":"bus","color":"#0059a9","colorDark":"#00294f","angle":49.7,"snapDist":2,"label":1}},{"type":"Feature","geometry":{"type":"Point","coordinates":[21.756846,38.213092]},"properties":{"name":"Βεττα","lines":"701","arr":["701"],"terminus":0,"mode":"bus","color":"#0059a9","colorDark":"#00294f","angle":52.5,"snapDist":7,"label":1}},{"type":"Feature","geometry":{"type":"Point","coordinates":[21.75447,38.215548]},"properties":{"name":"Θωμόπουλου","lines":"701","arr":["701"],"terminus":0,"mode":"bus","color":"#0059a9","colorDark":"#00294f","angle":53.3,"snapDist":3,"label":1}},{"type":"Feature","geometry":{"type":"Point","coordinates":[21.752853,38.217189]},"properties":{"name":"Σεφέρη","lines":"701","arr":["701"],"terminus":0,"mode":"bus","color":"#0059a9","colorDark":"#00294f","angle":52.5,"snapDist":3,"label":1}},{"type":"Feature","geometry":{"type":"Point","coordinates":[21.750521,38.219741]},"properties":{"name":"Κόμβος Κουκούλι","lines":"701, 702","arr":["701","702"],"terminus":0,"mode":"bus","color":"#0059a9","colorDark":"#00294f","angle":85.8,"snapDist":2,"label":1}},{"type":"Feature","geometry":{"type":"Point","coordinates":[21.750205,38.22186]},"properties":{"name":"Παμπελοποννησιακό","lines":"701","arr":["701"],"terminus":0,"mode":"bus","color":"#0059a9","colorDark":"#00294f","angle":82.9,"snapDist":0,"label":1}},{"type":"Feature","geometry":{"type":"Point","coordinates":[21.749377,38.224103]},"properties":{"name":"Κολυμβητηριο Α. Πεπανος","lines":"701","arr":["701"],"terminus":0,"mode":"bus","color":"#0059a9","colorDark":"#00294f","angle":89.9,"snapDist":1,"label":1}},{"type":"Feature","geometry":{"type":"Point","coordinates":[21.749414,38.22567]},"properties":{"name":"Λαγγουρας","lines":"701","arr":["701"],"terminus":0,"mode":"bus","color":"#0059a9","colorDark":"#00294f","angle":96.4,"snapDist":2,"label":1}},{"type":"Feature","geometry":{"type":"Point","coordinates":[21.749014,38.228365]},"properties":{"name":"Χίου","lines":"701","arr":["701"],"terminus":0,"mode":"bus","color":"#0059a9","colorDark":"#00294f","angle":81.1,"snapDist":2,"label":1}},{"type":"Feature","geometry":{"type":"Point","coordinates":[21.74828,38.23068]},"properties":{"name":"PARKING Άγιος Ανδρέας","lines":"701","arr":["701"],"terminus":0,"mode":"bus","color":"#0059a9","colorDark":"#00294f","angle":74.1,"snapDist":4,"label":1}},{"type":"Feature","geometry":{"type":"Point","coordinates":[21.747127,38.233983]},"properties":{"name":"Νος. Άγιος Ανδρέας","lines":"701","arr":["701"],"terminus":0,"mode":"bus","color":"#0059a9","colorDark":"#00294f","angle":72,"snapDist":7,"label":1}},{"type":"Feature","geometry":{"type":"Point","coordinates":[21.745557,38.237439]},"properties":{"name":"Αγ. Αθανάσιος","lines":"701, 804","arr":["701","804"],"terminus":0,"mode":"bus","color":"#0059a9","colorDark":"#00294f","angle":70.5,"snapDist":7,"label":1}},{"type":"Feature","geometry":{"type":"Point","coordinates":[21.736396,38.246448]},"properties":{"name":"Ερμού-Κανακάρη","lines":"701, 702, 801, 803","arr":["701","702","801","803"],"terminus":1,"mode":"bus","color":"#0059a9","colorDark":"#00294f","angle":225.9,"snapDist":2,"label":1}},{"type":"Feature","geometry":{"type":"Point","coordinates":[21.761762,38.211976]},"properties":{"name":"Δυρραχειου","lines":"701","arr":["701"],"terminus":0,"mode":"bus","color":"#0059a9","colorDark":"#00294f","angle":26.5,"snapDist":1,"label":1}},{"type":"Feature","geometry":{"type":"Point","coordinates":[21.759658,38.212752]},"properties":{"name":"Πανιτσα","lines":"701, 702","arr":["701","702"],"terminus":0,"mode":"bus","color":"#0059a9","colorDark":"#00294f","angle":16,"snapDist":4,"label":1}},{"type":"Feature","geometry":{"type":"Point","coordinates":[21.743835,38.238804]},"properties":{"name":"Πλατεία Μαρούδα- Ανοδος","lines":"701, 801, 803, 804","arr":["701","801","803","804"],"terminus":0,"mode":"bus","color":"#0059a9","colorDark":"#00294f","angle":35.9,"snapDist":3,"label":1}},{"type":"Feature","geometry":{"type":"Point","coordinates":[21.757585,38.209754]},"properties":{"name":"Βρυσακίων","lines":"701","arr":["701"],"terminus":0,"mode":"bus","color":"#0059a9","colorDark":"#00294f","angle":347.9,"snapDist":1,"label":1}},{"type":"Feature","geometry":{"type":"Point","coordinates":[21.753866,38.20922]},"properties":{"name":"Νεκροταφείο Μπεγουλάκι","lines":"701","arr":["701"],"terminus":0,"mode":"bus","color":"#0059a9","colorDark":"#00294f","angle":73.1,"snapDist":2,"label":1}},{"type":"Feature","geometry":{"type":"Point","coordinates":[21.75313,38.210681]},"properties":{"name":"Θεοτοκόπουλου","lines":"701","arr":["701"],"terminus":0,"mode":"bus","color":"#0059a9","colorDark":"#00294f","angle":81.5,"snapDist":2,"label":1}},{"type":"Feature","geometry":{"type":"Point","coordinates":[21.753002,38.212247]},"properties":{"name":"Νικηφόρου Λύτρα","lines":"701","arr":["701"],"terminus":0,"mode":"bus","color":"#0059a9","colorDark":"#00294f","angle":85.7,"snapDist":3,"label":1}},{"type":"Feature","geometry":{"type":"Point","coordinates":[21.752963,38.21356]},"properties":{"name":"Στουρνάρα","lines":"701","arr":["701"],"terminus":0,"mode":"bus","color":"#0059a9","colorDark":"#00294f","angle":80,"snapDist":4,"label":1}},{"type":"Feature","geometry":{"type":"Point","coordinates":[21.752556,38.214642]},"properties":{"name":"Θωμόπουλου","lines":"701","arr":["701"],"terminus":0,"mode":"bus","color":"#0059a9","colorDark":"#00294f","angle":59.1,"snapDist":1,"label":0}},{"type":"Feature","geometry":{"type":"Point","coordinates":[21.751708,38.216227]},"properties":{"name":"Βαρβακη","lines":"701","arr":["701"],"terminus":0,"mode":"bus","color":"#0059a9","colorDark":"#00294f","angle":78.1,"snapDist":2,"label":1}},{"type":"Feature","geometry":{"type":"Point","coordinates":[21.750563,38.21695]},"properties":{"name":"Ιακωβίδου","lines":"701","arr":["701"],"terminus":0,"mode":"bus","color":"#0059a9","colorDark":"#00294f","angle":11.2,"snapDist":1,"label":1}},{"type":"Feature","geometry":{"type":"Point","coordinates":[21.75047,38.219054]},"properties":{"name":"ΤΕΙ","lines":"701","arr":["701"],"terminus":0,"mode":"bus","color":"#0059a9","colorDark":"#00294f","angle":90.2,"snapDist":2,"label":1}},{"type":"Feature","geometry":{"type":"Point","coordinates":[21.76265,38.210507]},"properties":{"name":"Αφετηρία Πάρκινγκ Περιβόλα","lines":"702","arr":["702"],"terminus":1,"mode":"bus","color":"#0059a9","colorDark":"#00294f","angle":290,"snapDist":9,"label":1}},{"type":"Feature","geometry":{"type":"Point","coordinates":[21.765296,38.208306]},"properties":{"name":"Δερβιση","lines":"702","arr":["702"],"terminus":0,"mode":"bus","color":"#0059a9","colorDark":"#00294f","angle":186,"snapDist":1,"label":1}},{"type":"Feature","geometry":{"type":"Point","coordinates":[21.770431,38.208064]},"properties":{"name":"Σχολείο","lines":"702","arr":["702"],"terminus":0,"mode":"bus","color":"#0059a9","colorDark":"#00294f","angle":85.7,"snapDist":5,"label":1}},{"type":"Feature","geometry":{"type":"Point","coordinates":[21.771677,38.207893]},"properties":{"name":"Ζωοδόχος Πηγή","lines":"702","arr":["702"],"terminus":0,"mode":"bus","color":"#0059a9","colorDark":"#00294f","angle":185.9,"snapDist":4,"label":1}},{"type":"Feature","geometry":{"type":"Point","coordinates":[21.774017,38.207702]},"properties":{"name":"Περιμετρική","lines":"702","arr":["702"],"terminus":0,"mode":"bus","color":"#0059a9","colorDark":"#00294f","angle":185.9,"snapDist":1,"label":1}},{"type":"Feature","geometry":{"type":"Point","coordinates":[21.777857,38.207047]},"properties":{"name":"Πορφύριου","lines":"702","arr":["702"],"terminus":0,"mode":"bus","color":"#0059a9","colorDark":"#00294f","angle":206.1,"snapDist":2,"label":1}},{"type":"Feature","geometry":{"type":"Point","coordinates":[21.779074,38.206498]},"properties":{"name":"Ποτάμι","lines":"702","arr":["702"],"terminus":0,"mode":"bus","color":"#0059a9","colorDark":"#00294f","angle":220.5,"snapDist":2,"label":1}},{"type":"Feature","geometry":{"type":"Point","coordinates":[21.781734,38.209187]},"properties":{"name":"Ποτάμι","lines":"702","arr":["702"],"terminus":0,"mode":"bus","color":"#0059a9","colorDark":"#00294f","angle":305.5,"snapDist":6,"label":1}},{"type":"Feature","geometry":{"type":"Point","coordinates":[21.780387,38.209563]},"properties":{"name":"Νεροτριβες","lines":"702","arr":["702"],"terminus":0,"mode":"bus","color":"#0059a9","colorDark":"#00294f","angle":13.3,"snapDist":4,"label":1}},{"type":"Feature","geometry":{"type":"Point","coordinates":[21.777933,38.211376]},"properties":{"name":"Σταυρού","lines":"702","arr":["702"],"terminus":0,"mode":"bus","color":"#0059a9","colorDark":"#00294f","angle":165.2,"snapDist":7,"label":1}},{"type":"Feature","geometry":{"type":"Point","coordinates":[21.780358,38.211955]},"properties":{"name":"Μιαούλη","lines":"702","arr":["702"],"terminus":0,"mode":"bus","color":"#0059a9","colorDark":"#00294f","angle":163.2,"snapDist":5,"label":1}},{"type":"Feature","geometry":{"type":"Point","coordinates":[21.781895,38.212367]},"properties":{"name":"Κανάρη","lines":"702","arr":["702"],"terminus":0,"mode":"bus","color":"#0059a9","colorDark":"#00294f","angle":159.9,"snapDist":3,"label":1}},{"type":"Feature","geometry":{"type":"Point","coordinates":[21.784827,38.213232]},"properties":{"name":"Σούλι","lines":"702","arr":["702"],"terminus":0,"mode":"bus","color":"#0059a9","colorDark":"#00294f","angle":159,"snapDist":4,"label":1}},{"type":"Feature","geometry":{"type":"Point","coordinates":[21.777712,38.21133]},"properties":{"name":"Σταυρού","lines":"702","arr":["702"],"terminus":0,"mode":"bus","color":"#0059a9","colorDark":"#00294f","angle":-14.8,"snapDist":3,"label":0}},{"type":"Feature","geometry":{"type":"Point","coordinates":[21.774507,38.212725]},"properties":{"name":"Διακίδη","lines":"702","arr":["702"],"terminus":0,"mode":"bus","color":"#0059a9","colorDark":"#00294f","angle":68.3,"snapDist":3,"label":1}},{"type":"Feature","geometry":{"type":"Point","coordinates":[21.771068,38.212301]},"properties":{"name":"Αντωνόπουλου","lines":"702","arr":["702"],"terminus":0,"mode":"bus","color":"#0059a9","colorDark":"#00294f","angle":144.4,"snapDist":3,"label":1}},{"type":"Feature","geometry":{"type":"Point","coordinates":[21.768871,38.210927]},"properties":{"name":"Διασταύρωση","lines":"702","arr":["702"],"terminus":0,"mode":"bus","color":"#0059a9","colorDark":"#00294f","angle":206.8,"snapDist":3,"label":1}},{"type":"Feature","geometry":{"type":"Point","coordinates":[21.765684,38.211651]},"properties":{"name":"Νταβλουρου","lines":"702","arr":["702"],"terminus":0,"mode":"bus","color":"#0059a9","colorDark":"#00294f","angle":19.5,"snapDist":2,"label":1}},{"type":"Feature","geometry":{"type":"Point","coordinates":[21.763138,38.211499]},"properties":{"name":"CARREFOUR","lines":"702","arr":["702"],"terminus":0,"mode":"bus","color":"#0059a9","colorDark":"#00294f","angle":12,"snapDist":4,"label":1}},{"type":"Feature","geometry":{"type":"Point","coordinates":[21.745864,38.236427]},"properties":{"name":"Φωκαίας","lines":"702, 801","arr":["702","801"],"terminus":0,"mode":"bus","color":"#0059a9","colorDark":"#00294f","angle":249.3,"snapDist":0,"label":0}},{"type":"Feature","geometry":{"type":"Point","coordinates":[21.747003,38.233908]},"properties":{"name":"Εναντι Νος. Άγιος Ανδρέας","lines":"702","arr":["702"],"terminus":0,"mode":"bus","color":"#0059a9","colorDark":"#00294f","angle":252.1,"snapDist":3,"label":1}},{"type":"Feature","geometry":{"type":"Point","coordinates":[21.748278,38.230685]},"properties":{"name":"PARKING Σταθακοπουλειο","lines":"702","arr":["702"],"terminus":0,"mode":"bus","color":"#0059a9","colorDark":"#00294f","angle":254.1,"snapDist":3,"label":1}},{"type":"Feature","geometry":{"type":"Point","coordinates":[21.749326,38.225644]},"properties":{"name":"Άγιος Γεώργιος Λάγγουρα","lines":"702","arr":["702"],"terminus":0,"mode":"bus","color":"#0059a9","colorDark":"#00294f","angle":276.1,"snapDist":3,"label":1}},{"type":"Feature","geometry":{"type":"Point","coordinates":[21.749291,38.224022]},"properties":{"name":"Κολυμβητηριο Α. Πεπανος","lines":"702","arr":["702"],"terminus":0,"mode":"bus","color":"#0059a9","colorDark":"#00294f","angle":270.3,"snapDist":2,"label":0}},{"type":"Feature","geometry":{"type":"Point","coordinates":[21.75015,38.221647]},"properties":{"name":"Παμπελοποννησιακό","lines":"702","arr":["702"],"terminus":0,"mode":"bus","color":"#0059a9","colorDark":"#00294f","angle":262.8,"snapDist":3,"label":0}},{"type":"Feature","geometry":{"type":"Point","coordinates":[21.750869,38.219202]},"properties":{"name":"Κόμβος Τ.Ε.Ι.","lines":"702","arr":["702"],"terminus":0,"mode":"bus","color":"#0059a9","colorDark":"#00294f","angle":210.3,"snapDist":4,"label":1}},{"type":"Feature","geometry":{"type":"Point","coordinates":[21.752802,38.217241]},"properties":{"name":"Γεωργίου Σεφέρη","lines":"702","arr":["702"],"terminus":0,"mode":"bus","color":"#0059a9","colorDark":"#00294f","angle":232.5,"snapDist":5,"label":1}},{"type":"Feature","geometry":{"type":"Point","coordinates":[21.754487,38.21553]},"properties":{"name":"Θωμόπουλου","lines":"702","arr":["702"],"terminus":0,"mode":"bus","color":"#0059a9","colorDark":"#00294f","angle":233.3,"snapDist":3,"label":0}},{"type":"Feature","geometry":{"type":"Point","coordinates":[21.757456,38.213015]},"properties":{"name":"Βεττα","lines":"702","arr":["702"],"terminus":0,"mode":"bus","color":"#0059a9","colorDark":"#00294f","angle":185.4,"snapDist":1,"label":0}},{"type":"Feature","geometry":{"type":"Point","coordinates":[21.761555,38.212058]},"properties":{"name":"Δυρραχίου","lines":"702","arr":["702"],"terminus":0,"mode":"bus","color":"#0059a9","colorDark":"#00294f","angle":207.1,"snapDist":2,"label":1}},{"type":"Feature","geometry":{"type":"Point","coordinates":[21.750469,38.219015]},"properties":{"name":"ΤΕΙ","lines":"702","arr":["702"],"terminus":0,"mode":"bus","color":"#0059a9","colorDark":"#00294f","angle":270.2,"snapDist":6,"label":0}},{"type":"Feature","geometry":{"type":"Point","coordinates":[21.750599,38.21694]},"properties":{"name":"Ιακωβίδου","lines":"702","arr":["702"],"terminus":0,"mode":"bus","color":"#0059a9","colorDark":"#00294f","angle":199.3,"snapDist":4,"label":0}},{"type":"Feature","geometry":{"type":"Point","coordinates":[21.751636,38.216329]},"properties":{"name":"Βαρβακη","lines":"702","arr":["702"],"terminus":0,"mode":"bus","color":"#0059a9","colorDark":"#00294f","angle":218.5,"snapDist":4,"label":0}},{"type":"Feature","geometry":{"type":"Point","coordinates":[21.752537,38.214667]},"properties":{"name":"Θωμποπουλου","lines":"702","arr":["702"],"terminus":0,"mode":"bus","color":"#0059a9","colorDark":"#00294f","angle":239.1,"snapDist":3,"label":1}},{"type":"Feature","geometry":{"type":"Point","coordinates":[21.752934,38.213662]},"properties":{"name":"Στουρνάρα","lines":"702","arr":["702"],"terminus":0,"mode":"bus","color":"#0059a9","colorDark":"#00294f","angle":256.7,"snapDist":3,"label":0}},{"type":"Feature","geometry":{"type":"Point","coordinates":[21.753011,38.212164]},"properties":{"name":"Λύτρα","lines":"702","arr":["702"],"terminus":0,"mode":"bus","color":"#0059a9","colorDark":"#00294f","angle":265.3,"snapDist":3,"label":1}},{"type":"Feature","geometry":{"type":"Point","coordinates":[21.753144,38.210617]},"properties":{"name":"Θεοτοκόπουλου","lines":"702","arr":["702"],"terminus":0,"mode":"bus","color":"#0059a9","colorDark":"#00294f","angle":259.9,"snapDist":4,"label":0}},{"type":"Feature","geometry":{"type":"Point","coordinates":[21.753881,38.20918]},"properties":{"name":"Μεταμόρφωση Σωτήρος Μπεγουλάκι","lines":"702","arr":["702"],"terminus":0,"mode":"bus","color":"#0059a9","colorDark":"#00294f","angle":253.1,"snapDist":3,"label":1}},{"type":"Feature","geometry":{"type":"Point","coordinates":[21.757464,38.209734]},"properties":{"name":"Βρυσακίων","lines":"702","arr":["702"],"terminus":0,"mode":"bus","color":"#0059a9","colorDark":"#00294f","angle":167.9,"snapDist":6,"label":0}},{"type":"Feature","geometry":{"type":"Point","coordinates":[21.759813,38.210056]},"properties":{"name":"LIDL","lines":"702","arr":["702"],"terminus":0,"mode":"bus","color":"#0059a9","colorDark":"#00294f","angle":229.7,"snapDist":5,"label":0}},{"type":"Feature","geometry":{"type":"Point","coordinates":[21.762162,38.208484]},"properties":{"name":"Κόμβος CARREFOUR","lines":"702","arr":["702"],"terminus":1,"mode":"bus","color":"#0059a9","colorDark":"#00294f","angle":191,"snapDist":3,"label":1}},{"type":"Feature","geometry":{"type":"Point","coordinates":[21.748908,38.228877]},"properties":{"name":"Σάμου","lines":"702","arr":["702"],"terminus":0,"mode":"bus","color":"#0059a9","colorDark":"#00294f","angle":260.6,"snapDist":3,"label":1}},{"type":"Feature","geometry":{"type":"Point","coordinates":[21.759586,38.212767]},"properties":{"name":"Μουστάκη","lines":"702","arr":["702"],"terminus":0,"mode":"bus","color":"#0059a9","colorDark":"#00294f","angle":195.1,"snapDist":0,"label":1}},{"type":"Feature","geometry":{"type":"Point","coordinates":[21.762993,38.211523]},"properties":{"name":"CARREFOUR","lines":"702","arr":["702"],"terminus":0,"mode":"bus","color":"#0059a9","colorDark":"#00294f","angle":192,"snapDist":1,"label":0}},{"type":"Feature","geometry":{"type":"Point","coordinates":[21.765586,38.211679]},"properties":{"name":"Νταβλουρου","lines":"702","arr":["702"],"terminus":0,"mode":"bus","color":"#0059a9","colorDark":"#00294f","angle":199.4,"snapDist":2,"label":0}},{"type":"Feature","geometry":{"type":"Point","coordinates":[21.735277,38.247357]},"properties":{"name":"Ερμού","lines":"801, 803","arr":["801","803"],"terminus":0,"mode":"bus","color":"#0059a9","colorDark":"#00294f","angle":225.9,"snapDist":4,"label":0}},{"type":"Feature","geometry":{"type":"Point","coordinates":[21.740786,38.21743]},"properties":{"name":"Ταραμπούρα","lines":"801, 803","arr":["801","803"],"terminus":0,"mode":"bus","color":"#0059a9","colorDark":"#00294f","angle":280.5,"snapDist":2,"label":1}},{"type":"Feature","geometry":{"type":"Point","coordinates":[21.740752,38.21575]},"properties":{"name":"Ετεοκλέους Θουρίας","lines":"801, 803","arr":["801","803"],"terminus":0,"mode":"bus","color":"#0059a9","colorDark":"#00294f","angle":265.6,"snapDist":3,"label":1}},{"type":"Feature","geometry":{"type":"Point","coordinates":[21.739551,38.212411]},"properties":{"name":"Διοκλέους","lines":"801, 803","arr":["801","803"],"terminus":0,"mode":"bus","color":"#0059a9","colorDark":"#00294f","angle":282.6,"snapDist":3,"label":1}},{"type":"Feature","geometry":{"type":"Point","coordinates":[21.739129,38.210894]},"properties":{"name":"Ακρωτηρίου και Γλαύκος","lines":"801, 803","arr":["801","803"],"terminus":0,"mode":"bus","color":"#0059a9","colorDark":"#00294f","angle":284.1,"snapDist":4,"label":1}},{"type":"Feature","geometry":{"type":"Point","coordinates":[21.738249,38.208743]},"properties":{"name":"Λαχαναγορά","lines":"801, 803","arr":["801","803"],"terminus":0,"mode":"bus","color":"#0059a9","colorDark":"#00294f","angle":287.8,"snapDist":3,"label":1}},{"type":"Feature","geometry":{"type":"Point","coordinates":[21.73763,38.207209]},"properties":{"name":"Αμαλιάδος","lines":"801, 803","arr":["801","803"],"terminus":0,"mode":"bus","color":"#0059a9","colorDark":"#00294f","angle":282.7,"snapDist":3,"label":1}},{"type":"Feature","geometry":{"type":"Point","coordinates":[21.736876,38.2051]},"properties":{"name":"Αγ. Σωτήρος","lines":"801, 803","arr":["801","803"],"terminus":0,"mode":"bus","color":"#0059a9","colorDark":"#00294f","angle":293.9,"snapDist":3,"label":1}},{"type":"Feature","geometry":{"type":"Point","coordinates":[21.735431,38.203262]},"properties":{"name":"Ριτσι","lines":"801, 803","arr":["801","803"],"terminus":0,"mode":"bus","color":"#0059a9","colorDark":"#00294f","angle":309.5,"snapDist":2,"label":1}},{"type":"Feature","geometry":{"type":"Point","coordinates":[21.733615,38.201409]},"properties":{"name":"Ιάσωνος","lines":"801, 803","arr":["801","803"],"terminus":0,"mode":"bus","color":"#0059a9","colorDark":"#00294f","angle":277.6,"snapDist":3,"label":1}},{"type":"Feature","geometry":{"type":"Point","coordinates":[21.733422,38.199626]},"properties":{"name":"Καποδιστρίου","lines":"801, 803","arr":["801","803"],"terminus":0,"mode":"bus","color":"#0059a9","colorDark":"#00294f","angle":278.3,"snapDist":3,"label":1}},{"type":"Feature","geometry":{"type":"Point","coordinates":[21.732775,38.197915]},"properties":{"name":"Θεμιστοκλέους","lines":"801, 803","arr":["801","803"],"terminus":0,"mode":"bus","color":"#0059a9","colorDark":"#00294f","angle":292,"snapDist":2,"label":1}},{"type":"Feature","geometry":{"type":"Point","coordinates":[21.731704,38.195144]},"properties":{"name":"Βλάχου","lines":"801, 803","arr":["801","803"],"terminus":0,"mode":"bus","color":"#0059a9","colorDark":"#00294f","angle":262.3,"snapDist":4,"label":1}},{"type":"Feature","geometry":{"type":"Point","coordinates":[21.731958,38.19352]},"properties":{"name":"Κεφαλόβρυσου","lines":"801, 803, 804","arr":["801","803","804"],"terminus":1,"mode":"bus","color":"#0059a9","colorDark":"#00294f","angle":264.7,"snapDist":2,"label":1}},{"type":"Feature","geometry":{"type":"Point","coordinates":[21.730836,38.190692]},"properties":{"name":"Δημοκρατίας","lines":"801, 803, 804","arr":["801","803","804"],"terminus":0,"mode":"bus","color":"#0059a9","colorDark":"#00294f","angle":321.8,"snapDist":2,"label":1}},{"type":"Feature","geometry":{"type":"Point","coordinates":[21.729567,38.189549]},"properties":{"name":"Παλαιών Πατρών Γερμανού","lines":"801, 803, 804","arr":["801","803","804"],"terminus":0,"mode":"bus","color":"#0059a9","colorDark":"#00294f","angle":307.9,"snapDist":3,"label":1}},{"type":"Feature","geometry":{"type":"Point","coordinates":[21.728652,38.18856]},"properties":{"name":"Δημαρχείο Μεσσατιδας","lines":"801, 804","arr":["801","804"],"terminus":0,"mode":"bus","color":"#0059a9","colorDark":"#00294f","angle":300.1,"snapDist":2,"label":1}},{"type":"Feature","geometry":{"type":"Point","coordinates":[21.728246,38.187789]},"properties":{"name":"Νικολάου Ντεβέ","lines":"801, 803, 804","arr":["801","803","804"],"terminus":0,"mode":"bus","color":"#0059a9","colorDark":"#00294f","angle":287.3,"snapDist":2,"label":1}},{"type":"Feature","geometry":{"type":"Point","coordinates":[21.724891,38.188475]},"properties":{"name":"1ο Δημοτικό Σχολείο Οβρυάς","lines":"801, 804","arr":["801","804"],"terminus":0,"mode":"bus","color":"#0059a9","colorDark":"#00294f","angle":39.9,"snapDist":2,"label":1}},{"type":"Feature","geometry":{"type":"Point","coordinates":[21.72393,38.190456]},"properties":{"name":"3ης Σεπτεμβρη","lines":"801, 804","arr":["801","804"],"terminus":0,"mode":"bus","color":"#0059a9","colorDark":"#00294f","angle":70.7,"snapDist":2,"label":1}},{"type":"Feature","geometry":{"type":"Point","coordinates":[21.720751,38.189249]},"properties":{"name":"Κόμβος Περιμετρική","lines":"801","arr":["801"],"terminus":0,"mode":"bus","color":"#0059a9","colorDark":"#00294f","angle":330.5,"snapDist":3,"label":1}},{"type":"Feature","geometry":{"type":"Point","coordinates":[21.716858,38.188203]},"properties":{"name":"Βύρωνος","lines":"801","arr":["801"],"terminus":0,"mode":"bus","color":"#0059a9","colorDark":"#00294f","angle":354.2,"snapDist":2,"label":1}},{"type":"Feature","geometry":{"type":"Point","coordinates":[21.712625,38.193256]},"properties":{"name":"Εργατικές Κατοικίες 1","lines":"801, 804","arr":["801","804"],"terminus":1,"mode":"bus","color":"#0059a9","colorDark":"#00294f","angle":333.1,"snapDist":4,"label":1}},{"type":"Feature","geometry":{"type":"Point","coordinates":[21.732763,38.189275]},"properties":{"name":"Ηρώων Πολυτεχνείου","lines":"801","arr":["801"],"terminus":0,"mode":"bus","color":"#0059a9","colorDark":"#00294f","angle":355.2,"snapDist":5,"label":1}},{"type":"Feature","geometry":{"type":"Point","coordinates":[21.734035,38.18872]},"properties":{"name":"Έλληνος Στρατιώτου","lines":"801","arr":["801"],"terminus":0,"mode":"bus","color":"#0059a9","colorDark":"#00294f","angle":219.3,"snapDist":1,"label":1}},{"type":"Feature","geometry":{"type":"Point","coordinates":[21.735535,38.187186]},"properties":{"name":"Πλατεία Πρ. Ηλία","lines":"801","arr":["801"],"terminus":0,"mode":"bus","color":"#0059a9","colorDark":"#00294f","angle":296.6,"snapDist":3,"label":1}},{"type":"Feature","geometry":{"type":"Point","coordinates":[21.735931,38.187619]},"properties":{"name":"Προφήτης Ηλίας","lines":"801","arr":["801"],"terminus":0,"mode":"bus","color":"#0059a9","colorDark":"#00294f","angle":25.3,"snapDist":0,"label":1}},{"type":"Feature","geometry":{"type":"Point","coordinates":[21.734137,38.188654]},"properties":{"name":"Έλληνος Στρατιώτου","lines":"801","arr":["801"],"terminus":0,"mode":"bus","color":"#0059a9","colorDark":"#00294f","angle":39.3,"snapDist":2,"label":0}},{"type":"Feature","geometry":{"type":"Point","coordinates":[21.732823,38.189279]},"properties":{"name":"Ηρώων Πολυτεχνείου","lines":"801","arr":["801"],"terminus":0,"mode":"bus","color":"#0059a9","colorDark":"#00294f","angle":175.2,"snapDist":4,"label":0}},{"type":"Feature","geometry":{"type":"Point","coordinates":[21.737119,38.202365]},"properties":{"name":"Δεμένικα - Παιδικός Σταθμός","lines":"801, 804","arr":["801","804"],"terminus":0,"mode":"bus","color":"#0059a9","colorDark":"#00294f","angle":185.1,"snapDist":4,"label":1}},{"type":"Feature","geometry":{"type":"Point","coordinates":[21.739689,38.202043]},"properties":{"name":"Σχολεια Δεμένικα","lines":"801, 804","arr":["801","804"],"terminus":0,"mode":"bus","color":"#0059a9","colorDark":"#00294f","angle":181.1,"snapDist":4,"label":1}},{"type":"Feature","geometry":{"type":"Point","coordinates":[21.744121,38.20154]},"properties":{"name":"Άγιοι Θεοδωροι","lines":"801, 804","arr":["801","804"],"terminus":0,"mode":"bus","color":"#0059a9","colorDark":"#00294f","angle":7.8,"snapDist":2,"label":1}},{"type":"Feature","geometry":{"type":"Point","coordinates":[21.74578,38.20113]},"properties":{"name":"Τέρμα Δεμένικα","lines":"801, 804","arr":["801","804"],"terminus":0,"mode":"bus","color":"#0059a9","colorDark":"#00294f","angle":15.1,"snapDist":15,"label":1}},{"type":"Feature","geometry":{"type":"Point","coordinates":[21.74399,38.201554]},"properties":{"name":"Άγιοι Θεοδωροι","lines":"801, 804","arr":["801","804"],"terminus":0,"mode":"bus","color":"#0059a9","colorDark":"#00294f","angle":187.8,"snapDist":3,"label":0}},{"type":"Feature","geometry":{"type":"Point","coordinates":[21.740696,38.201966]},"properties":{"name":"Σχολεια","lines":"801","arr":["801"],"terminus":0,"mode":"bus","color":"#0059a9","colorDark":"#00294f","angle":188.8,"snapDist":3,"label":1}},{"type":"Feature","geometry":{"type":"Point","coordinates":[21.739822,38.20204]},"properties":{"name":"Σχολεια","lines":"801, 804","arr":["801","804"],"terminus":0,"mode":"bus","color":"#0059a9","colorDark":"#00294f","angle":2.5,"snapDist":1,"label":0}},{"type":"Feature","geometry":{"type":"Point","coordinates":[21.737058,38.20237]},"properties":{"name":"Δεμένικα - Παιδικός Σταθμός","lines":"801, 804","arr":["801","804"],"terminus":0,"mode":"bus","color":"#0059a9","colorDark":"#00294f","angle":185.1,"snapDist":0,"label":0}},{"type":"Feature","geometry":{"type":"Point","coordinates":[21.712595,38.193244]},"properties":{"name":"Εργατικές Κατοικίες 3","lines":"801","arr":["801"],"terminus":1,"mode":"bus","color":"#0059a9","colorDark":"#00294f","angle":333.1,"snapDist":17,"label":1}},{"type":"Feature","geometry":{"type":"Point","coordinates":[21.727281,38.185613]},"properties":{"name":"Μεγ. Αλεξάνδρου","lines":"803","arr":["803"],"terminus":0,"mode":"bus","color":"#0059a9","colorDark":"#00294f","angle":294.6,"snapDist":3,"label":1}},{"type":"Feature","geometry":{"type":"Point","coordinates":[21.726788,38.184375]},"properties":{"name":"Μινοως","lines":"803, 804","arr":["803","804"],"terminus":0,"mode":"bus","color":"#0059a9","colorDark":"#00294f","angle":274.8,"snapDist":3,"label":1}},{"type":"Feature","geometry":{"type":"Point","coordinates":[21.727628,38.182485]},"properties":{"name":"Μίνωος","lines":"803","arr":["803"],"terminus":0,"mode":"bus","color":"#0059a9","colorDark":"#00294f","angle":228.1,"snapDist":1,"label":1}},{"type":"Feature","geometry":{"type":"Point","coordinates":[21.728717,38.180029]},"properties":{"name":"Κυριαζης","lines":"803","arr":["803"],"terminus":0,"mode":"bus","color":"#0059a9","colorDark":"#00294f","angle":293.4,"snapDist":3,"label":1}},{"type":"Feature","geometry":{"type":"Point","coordinates":[21.728564,38.15888]},"properties":{"name":"Πρ. Ηλίας","lines":"803","arr":["803"],"terminus":0,"mode":"bus","color":"#0059a9","colorDark":"#00294f","angle":19.5,"snapDist":3,"label":1}},{"type":"Feature","geometry":{"type":"Point","coordinates":[21.727756,38.161898]},"properties":{"name":"Αγ. Τριάδα","lines":"803","arr":["803"],"terminus":0,"mode":"bus","color":"#0059a9","colorDark":"#00294f","angle":81.1,"snapDist":2,"label":1}},{"type":"Feature","geometry":{"type":"Point","coordinates":[21.7275,38.163398]},"properties":{"name":"Διασταύρωση","lines":"803","arr":["803"],"terminus":0,"mode":"bus","color":"#0059a9","colorDark":"#00294f","angle":176.5,"snapDist":4,"label":1}},{"type":"Feature","geometry":{"type":"Point","coordinates":[21.729189,38.163483]},"properties":{"name":"Καλλιθέα","lines":"803","arr":["803"],"terminus":0,"mode":"bus","color":"#0059a9","colorDark":"#00294f","angle":183.3,"snapDist":3,"label":1}},{"type":"Feature","geometry":{"type":"Point","coordinates":[21.730403,38.163119]},"properties":{"name":"Άνω Καλλιθέα","lines":"803","arr":["803"],"terminus":0,"mode":"bus","color":"#0059a9","colorDark":"#00294f","angle":264.2,"snapDist":3,"label":1}},{"type":"Feature","geometry":{"type":"Point","coordinates":[21.73221,38.161697]},"properties":{"name":"Καλλιθέα - Τέρμα","lines":"803, 804","arr":["803","804"],"terminus":1,"mode":"bus","color":"#0059a9","colorDark":"#00294f","angle":175.2,"snapDist":0,"label":1}},{"type":"Feature","geometry":{"type":"Point","coordinates":[21.710309,38.192312]},"properties":{"name":"Σχολεια Κάτω Οβρυα","lines":"804","arr":["804"],"terminus":0,"mode":"bus","color":"#0059a9","colorDark":"#00294f","angle":332.4,"snapDist":1,"label":1}},{"type":"Feature","geometry":{"type":"Point","coordinates":[21.70991,38.190926]},"properties":{"name":"Καπετάν Γκριντζαλη","lines":"804","arr":["804"],"terminus":0,"mode":"bus","color":"#0059a9","colorDark":"#00294f","angle":356.8,"snapDist":1,"label":1}},{"type":"Feature","geometry":{"type":"Point","coordinates":[21.704618,38.191388]},"properties":{"name":"Χρήστου Γιαλελη","lines":"804","arr":["804"],"terminus":0,"mode":"bus","color":"#0059a9","colorDark":"#00294f","angle":5.6,"snapDist":2,"label":1}},{"type":"Feature","geometry":{"type":"Point","coordinates":[21.704517,38.189798]},"properties":{"name":"Εθνικής Αντιστάσεως","lines":"804","arr":["804"],"terminus":0,"mode":"bus","color":"#0059a9","colorDark":"#00294f","angle":278.5,"snapDist":2,"label":1}},{"type":"Feature","geometry":{"type":"Point","coordinates":[21.704472,38.187889]},"properties":{"name":"Ανθοπωλείο","lines":"804","arr":["804"],"terminus":0,"mode":"bus","color":"#0059a9","colorDark":"#00294f","angle":235.2,"snapDist":4,"label":1}},{"type":"Feature","geometry":{"type":"Point","coordinates":[21.716804,38.188199]},"properties":{"name":"Βύρωνος","lines":"804","arr":["804"],"terminus":0,"mode":"bus","color":"#0059a9","colorDark":"#00294f","angle":174.2,"snapDist":4,"label":0}},{"type":"Feature","geometry":{"type":"Point","coordinates":[21.720894,38.189312]},"properties":{"name":"Περιμετρική","lines":"804","arr":["804"],"terminus":0,"mode":"bus","color":"#0059a9","colorDark":"#00294f","angle":150.5,"snapDist":3,"label":1}},{"type":"Feature","geometry":{"type":"Point","coordinates":[21.72383,38.19048]},"properties":{"name":"3ης Σεπτεμβρη","lines":"804","arr":["804"],"terminus":0,"mode":"bus","color":"#0059a9","colorDark":"#00294f","angle":180.5,"snapDist":0,"label":0}},{"type":"Feature","geometry":{"type":"Point","coordinates":[21.725372,38.192652]},"properties":{"name":"Παλαιών Πατρών Γερμανού","lines":"804","arr":["804"],"terminus":0,"mode":"bus","color":"#0059a9","colorDark":"#00294f","angle":88,"snapDist":2,"label":1}},{"type":"Feature","geometry":{"type":"Point","coordinates":[21.725761,38.194261]},"properties":{"name":"Αγίου Νικολάου","lines":"804","arr":["804"],"terminus":0,"mode":"bus","color":"#0059a9","colorDark":"#00294f","angle":155.3,"snapDist":4,"label":1}},{"type":"Feature","geometry":{"type":"Point","coordinates":[21.728147,38.194864]},"properties":{"name":"Ηλείας","lines":"804","arr":["804"],"terminus":0,"mode":"bus","color":"#0059a9","colorDark":"#00294f","angle":163.8,"snapDist":3,"label":1}},{"type":"Feature","geometry":{"type":"Point","coordinates":[21.731626,38.195624]},"properties":{"name":"Δημοκρατίας","lines":"804","arr":["804"],"terminus":0,"mode":"bus","color":"#0059a9","colorDark":"#00294f","angle":82.9,"snapDist":4,"label":1}},{"type":"Feature","geometry":{"type":"Point","coordinates":[21.732786,38.197936]},"properties":{"name":"Θεμιστοκλέους","lines":"804","arr":["804"],"terminus":0,"mode":"bus","color":"#0059a9","colorDark":"#00294f","angle":112,"snapDist":5,"label":0}},{"type":"Feature","geometry":{"type":"Point","coordinates":[21.733423,38.199635]},"properties":{"name":"Καποδιστρίου","lines":"804","arr":["804"],"terminus":0,"mode":"bus","color":"#0059a9","colorDark":"#00294f","angle":98.3,"snapDist":4,"label":0}},{"type":"Feature","geometry":{"type":"Point","coordinates":[21.733618,38.201424]},"properties":{"name":"Ιάσωνος","lines":"804","arr":["804"],"terminus":0,"mode":"bus","color":"#0059a9","colorDark":"#00294f","angle":97.6,"snapDist":3,"label":0}},{"type":"Feature","geometry":{"type":"Point","coordinates":[21.735505,38.203331]},"properties":{"name":"Ριτσι","lines":"804","arr":["804"],"terminus":0,"mode":"bus","color":"#0059a9","colorDark":"#00294f","angle":129.5,"snapDist":1,"label":0}},{"type":"Feature","geometry":{"type":"Point","coordinates":[21.736894,38.205132]},"properties":{"name":"Αγ. Σωτήρος","lines":"804","arr":["804"],"terminus":0,"mode":"bus","color":"#0059a9","colorDark":"#00294f","angle":113.9,"snapDist":3,"label":0}},{"type":"Feature","geometry":{"type":"Point","coordinates":[21.737651,38.207277]},"properties":{"name":"Αμαλιάδος","lines":"804","arr":["804"],"terminus":0,"mode":"bus","color":"#0059a9","colorDark":"#00294f","angle":104.1,"snapDist":2,"label":0}},{"type":"Feature","geometry":{"type":"Point","coordinates":[21.738253,38.208754]},"properties":{"name":"Λαχαναγορά","lines":"804","arr":["804"],"terminus":0,"mode":"bus","color":"#0059a9","colorDark":"#00294f","angle":107.8,"snapDist":3,"label":0}},{"type":"Feature","geometry":{"type":"Point","coordinates":[21.739131,38.210901]},"properties":{"name":"Ακρωτηρίου και Γλαύκος","lines":"804","arr":["804"],"terminus":0,"mode":"bus","color":"#0059a9","colorDark":"#00294f","angle":104.1,"snapDist":5,"label":0}},{"type":"Feature","geometry":{"type":"Point","coordinates":[21.739565,38.212465]},"properties":{"name":"Διοκλέους","lines":"804","arr":["804"],"terminus":0,"mode":"bus","color":"#0059a9","colorDark":"#00294f","angle":101,"snapDist":6,"label":0}},{"type":"Feature","geometry":{"type":"Point","coordinates":[21.740751,38.215767]},"properties":{"name":"Θουρίας","lines":"804","arr":["804"],"terminus":0,"mode":"bus","color":"#0059a9","colorDark":"#00294f","angle":85.6,"snapDist":4,"label":1}},{"type":"Feature","geometry":{"type":"Point","coordinates":[21.740806,38.217513]},"properties":{"name":"Ταραμπούρα","lines":"804","arr":["804"],"terminus":0,"mode":"bus","color":"#0059a9","colorDark":"#00294f","angle":100.5,"snapDist":5,"label":0}},{"type":"Feature","geometry":{"type":"Point","coordinates":[21.737828,38.248221]},"properties":{"name":"Κολοκοτρώνη","lines":"804","arr":["804"],"terminus":0,"mode":"bus","color":"#0059a9","colorDark":"#00294f","angle":46.1,"snapDist":5,"label":1}},{"type":"Feature","geometry":{"type":"Point","coordinates":[21.736495,38.249311]},"properties":{"name":"Νακας","lines":"804","arr":["804"],"terminus":0,"mode":"bus","color":"#0059a9","colorDark":"#00294f","angle":46.1,"snapDist":1,"label":1}},{"type":"Feature","geometry":{"type":"Point","coordinates":[21.730415,38.163024]},"properties":{"name":"Άνω Καλλιθέα","lines":"804","arr":["804"],"terminus":0,"mode":"bus","color":"#0059a9","colorDark":"#00294f","angle":84.2,"snapDist":1,"label":0}},{"type":"Feature","geometry":{"type":"Point","coordinates":[21.729333,38.163477]},"properties":{"name":"Καλλιθέα","lines":"804","arr":["804"],"terminus":0,"mode":"bus","color":"#0059a9","colorDark":"#00294f","angle":3.3,"snapDist":1,"label":0}},{"type":"Feature","geometry":{"type":"Point","coordinates":[21.727617,38.163404]},"properties":{"name":"Διασταύρωση","lines":"804","arr":["804"],"terminus":0,"mode":"bus","color":"#0059a9","colorDark":"#00294f","angle":356.5,"snapDist":1,"label":0}},{"type":"Feature","geometry":{"type":"Point","coordinates":[21.72709,38.165124]},"properties":{"name":"Μπότσαρη","lines":"804","arr":["804"],"terminus":0,"mode":"bus","color":"#0059a9","colorDark":"#00294f","angle":81,"snapDist":1,"label":1}},{"type":"Feature","geometry":{"type":"Point","coordinates":[21.726926,38.166496]},"properties":{"name":"Καλαβρύτων","lines":"804","arr":["804"],"terminus":0,"mode":"bus","color":"#0059a9","colorDark":"#00294f","angle":98,"snapDist":1,"label":1}},{"type":"Feature","geometry":{"type":"Point","coordinates":[21.727212,38.168414]},"properties":{"name":"Στροφές","lines":"804","arr":["804"],"terminus":0,"mode":"bus","color":"#0059a9","colorDark":"#00294f","angle":144,"snapDist":0,"label":1}},{"type":"Feature","geometry":{"type":"Point","coordinates":[21.727105,38.170386]},"properties":{"name":"Βότση","lines":"804","arr":["804"],"terminus":0,"mode":"bus","color":"#0059a9","colorDark":"#00294f","angle":78.6,"snapDist":1,"label":1}},{"type":"Feature","geometry":{"type":"Point","coordinates":[21.722134,38.171423]},"properties":{"name":"Πάροδος Παλαιοχωρας","lines":"804","arr":["804"],"terminus":0,"mode":"bus","color":"#0059a9","colorDark":"#00294f","angle":320.2,"snapDist":7,"label":1}},{"type":"Feature","geometry":{"type":"Point","coordinates":[21.71975,38.170386]},"properties":{"name":"Παλαιοχωρας","lines":"804","arr":["804"],"terminus":0,"mode":"bus","color":"#0059a9","colorDark":"#00294f","angle":288.8,"snapDist":1,"label":1}},{"type":"Feature","geometry":{"type":"Point","coordinates":[21.718687,38.168536]},"properties":{"name":"Βότση","lines":"804","arr":["804"],"terminus":0,"mode":"bus","color":"#0059a9","colorDark":"#00294f","angle":38.7,"snapDist":5,"label":1}},{"type":"Feature","geometry":{"type":"Point","coordinates":[21.716695,38.168762]},"properties":{"name":"Θέα","lines":"804","arr":["804"],"terminus":0,"mode":"bus","color":"#0059a9","colorDark":"#00294f","angle":315.2,"snapDist":0,"label":1}},{"type":"Feature","geometry":{"type":"Point","coordinates":[21.715512,38.166558]},"properties":{"name":"Θέα Στροφή","lines":"804","arr":["804"],"terminus":0,"mode":"bus","color":"#0059a9","colorDark":"#00294f","angle":272.9,"snapDist":8,"label":1}},{"type":"Feature","geometry":{"type":"Point","coordinates":[21.716637,38.168713]},"properties":{"name":"Θέα","lines":"804","arr":["804"],"terminus":0,"mode":"bus","color":"#0059a9","colorDark":"#00294f","angle":309.7,"snapDist":6,"label":0}},{"type":"Feature","geometry":{"type":"Point","coordinates":[21.718762,38.168487]},"properties":{"name":"Βότση","lines":"804","arr":["804"],"terminus":0,"mode":"bus","color":"#0059a9","colorDark":"#00294f","angle":40.6,"snapDist":1,"label":0}},{"type":"Feature","geometry":{"type":"Point","coordinates":[21.719712,38.170297]},"properties":{"name":"Παλαιοχωρας","lines":"804","arr":["804"],"terminus":0,"mode":"bus","color":"#0059a9","colorDark":"#00294f","angle":283.9,"snapDist":5,"label":0}},{"type":"Feature","geometry":{"type":"Point","coordinates":[21.722237,38.171474]},"properties":{"name":"Πάροδος Παλαιοχωρας","lines":"804","arr":["804"],"terminus":0,"mode":"bus","color":"#0059a9","colorDark":"#00294f","angle":153.6,"snapDist":1,"label":0}},{"type":"Feature","geometry":{"type":"Point","coordinates":[21.727023,38.170347]},"properties":{"name":"Κορδά","lines":"804","arr":["804"],"terminus":0,"mode":"bus","color":"#0059a9","colorDark":"#00294f","angle":341.3,"snapDist":5,"label":1}},{"type":"Feature","geometry":{"type":"Point","coordinates":[21.725922,38.176491]},"properties":{"name":"Δημοκρατίας","lines":"804","arr":["804"],"terminus":0,"mode":"bus","color":"#0059a9","colorDark":"#00294f","angle":214.2,"snapDist":0,"label":1}},{"type":"Feature","geometry":{"type":"Point","coordinates":[21.726273,38.178827]},"properties":{"name":"Αιόλου","lines":"804","arr":["804"],"terminus":0,"mode":"bus","color":"#0059a9","colorDark":"#00294f","angle":89.4,"snapDist":0,"label":1}},{"type":"Feature","geometry":{"type":"Point","coordinates":[21.727347,38.185723]},"properties":{"name":"Μεγ. Αλεξάνδρου","lines":"804","arr":["804"],"terminus":0,"mode":"bus","color":"#0059a9","colorDark":"#00294f","angle":118.5,"snapDist":3,"label":0}},{"type":"Feature","geometry":{"type":"Point","coordinates":[21.728218,38.187716]},"properties":{"name":"Νικολάου Ντεβέ","lines":"804","arr":["804"],"terminus":0,"mode":"bus","color":"#0059a9","colorDark":"#00294f","angle":107.3,"snapDist":3,"label":0}},{"type":"Feature","geometry":{"type":"Point","coordinates":[21.729644,38.189625]},"properties":{"name":"Παλαιών Πατρών Γερμανού","lines":"804","arr":["804"],"terminus":0,"mode":"bus","color":"#0059a9","colorDark":"#00294f","angle":128.5,"snapDist":2,"label":0}},{"type":"Feature","geometry":{"type":"Point","coordinates":[21.730834,38.190691]},"properties":{"name":"Δημοκρατίας","lines":"804","arr":["804"],"terminus":0,"mode":"bus","color":"#0059a9","colorDark":"#00294f","angle":141.8,"snapDist":3,"label":0}},{"type":"Feature","geometry":{"type":"Point","coordinates":[21.731978,38.193361]},"properties":{"name":"Κρητικου","lines":"804","arr":["804"],"terminus":0,"mode":"bus","color":"#0059a9","colorDark":"#00294f","angle":82.7,"snapDist":2,"label":1}},{"type":"Feature","geometry":{"type":"Point","coordinates":[21.750285,38.269297]},"properties":{"name":"Καζατζακη","lines":"901","arr":["901"],"terminus":0,"mode":"bus","color":"#0059a9","colorDark":"#00294f","angle":146.2,"snapDist":6,"label":1}},{"type":"Feature","geometry":{"type":"Point","coordinates":[21.752047,38.270313]},"properties":{"name":"Αρέθα","lines":"901","arr":["901"],"terminus":0,"mode":"bus","color":"#0059a9","colorDark":"#00294f","angle":136.1,"snapDist":2,"label":1}},{"type":"Feature","geometry":{"type":"Point","coordinates":[21.754616,38.272657]},"properties":{"name":"Εμμ. Ροΐδη","lines":"901","arr":["901"],"terminus":0,"mode":"bus","color":"#0059a9","colorDark":"#00294f","angle":128.9,"snapDist":4,"label":1}},{"type":"Feature","geometry":{"type":"Point","coordinates":[21.765157,38.277341]},"properties":{"name":"Ιλισου","lines":"902","arr":["902"],"terminus":0,"mode":"bus","color":"#0059a9","colorDark":"#00294f","angle":307.9,"snapDist":4,"label":1}},{"type":"Feature","geometry":{"type":"Point","coordinates":[21.752051,38.270317]},"properties":{"name":"Αρέθα","lines":"902","arr":["902"],"terminus":0,"mode":"bus","color":"#0059a9","colorDark":"#00294f","angle":316.1,"snapDist":3,"label":0}},{"type":"Feature","geometry":{"type":"Point","coordinates":[21.750329,38.26932]},"properties":{"name":"Καζατζακη","lines":"902","arr":["902"],"terminus":0,"mode":"bus","color":"#0059a9","colorDark":"#00294f","angle":326.2,"snapDist":1,"label":0}}]}