{"type":"FeatureCollection","features":[{"type":"Feature","geometry":{"type":"LineString","coordinates":[[21.720216,38.222002],[21.720229,38.222049],[21.720223,38.222096]]},"properties":{"name":"","lines":"118","arr":["118"],"roundabout":1,"mode":"bus","color":"#0059a9"}},{"type":"Feature","geometry":{"type":"LineString","coordinates":[[21.720183,38.221962],[21.720216,38.222002]]},"properties":{"name":"","lines":"118","arr":["118"],"roundabout":1,"mode":"bus","color":"#0059a9"}},{"type":"Feature","geometry":{"type":"LineString","coordinates":[[21.631366,38.154276],[21.631356,38.154296],[21.631338,38.154312]]},"properties":{"name":"Πατρών - Πύργου","lines":"503","arr":["503"],"roundabout":1,"mode":"bus","color":"#0059a9"}},{"type":"Feature","geometry":{"type":"LineString","coordinates":[[21.631338,38.154312],[21.631314,38.154323],[21.631286,38.154327],[21.631259,38.154324],[21.631234,38.154315],[21.631215,38.154299],[21.631203,38.154279],[21.6312,38.154258],[21.631206,38.154236],[21.631221,38.154218],[21.631242,38.154204],[21.631268,38.154196],[21.631296,38.154196],[21.631322,38.154202]]},"properties":{"name":"Πατρών - Πύργου","lines":"501","arr":["501"],"roundabout":1,"mode":"bus","color":"#0059a9"}},{"type":"Feature","geometry":{"type":"LineString","coordinates":[[21.631322,38.154202],[21.631345,38.154215],[21.63136,38.154233],[21.631368,38.154254],[21.631366,38.154276]]},"properties":{"name":"Πατρών - Πύργου","lines":"503","arr":["503"],"roundabout":1,"mode":"bus","color":"#0059a9"}},{"type":"Feature","geometry":{"type":"LineString","coordinates":[[21.784244,38.29026],[21.784259,38.290245],[21.784275,38.290232],[21.784293,38.29022],[21.784313,38.29021],[21.784334,38.290202],[21.78434,38.2902]]},"properties":{"name":"","lines":"609, 610, 902","arr":["609","610","902"],"roundabout":1,"mode":"bus","color":"#0059a9"}},{"type":"Feature","geometry":{"type":"LineString","coordinates":[[21.78434,38.2902],[21.784356,38.290196],[21.784379,38.290192],[21.784402,38.29019],[21.784426,38.29019],[21.784449,38.290193],[21.784472,38.290197]]},"properties":{"name":"","lines":"608, 609, 610, 902","arr":["608","609","610","902"],"roundabout":1,"mode":"bus","color":"#0059a9"}},{"type":"Feature","geometry":{"type":"LineString","coordinates":[[21.784581,38.290264],[21.784592,38.29028],[21.784601,38.290297],[21.784607,38.290315],[21.78461,38.290333],[21.78461,38.290339]]},"properties":{"name":"","lines":"601, 602, 609, 610, 901, 902","arr":["601","602","609","610","901","902"],"roundabout":1,"mode":"bus","color":"#0059a9"}},{"type":"Feature","geometry":{"type":"LineString","coordinates":[[21.78461,38.290339],[21.784611,38.290352],[21.784609,38.29037],[21.784604,38.290388],[21.784596,38.290406],[21.784585,38.290425],[21.78457,38.290442],[21.784552,38.290458],[21.784532,38.290472],[21.78451,38.290483],[21.784504,38.290486],[21.784486,38.290492],[21.784474,38.290495],[21.78446,38.290499],[21.784434,38.290503],[21.784407,38.290504],[21.78438,38.290502],[21.784354,38.290497],[21.784329,38.29049],[21.784306,38.29048],[21.784284,38.290468],[21.784264,38.290454],[21.784247,38.290438],[21.784233,38.29042],[21.784223,38.2904],[21.784215,38.29038],[21.784211,38.290359],[21.784211,38.290338],[21.784212,38.290334],[21.784214,38.290318],[21.784221,38.290297],[21.784231,38.290278],[21.784244,38.29026]]},"properties":{"name":"","lines":"609, 610, 902","arr":["609","610","902"],"roundabout":1,"mode":"bus","color":"#0059a9"}},{"type":"Feature","geometry":{"type":"LineString","coordinates":[[21.786535,38.291458],[21.786581,38.291446],[21.786629,38.291444],[21.786677,38.291452],[21.78672,38.291469],[21.78676,38.291499],[21.786787,38.291537],[21.786799,38.29158],[21.786793,38.291624]]},"properties":{"name":"","lines":"601, 602, 901","arr":["601","602","901"],"roundabout":1,"mode":"bus","color":"#0059a9"}},{"type":"Feature","geometry":{"type":"LineString","coordinates":[[21.786672,38.291725],[21.786615,38.291732],[21.786558,38.291724],[21.786525,38.291711],[21.786506,38.291704],[21.786466,38.291671],[21.78644,38.29163],[21.786432,38.291585]]},"properties":{"name":"","lines":"609, 610, 902","arr":["609","610","902"],"roundabout":1,"mode":"bus","color":"#0059a9"}},{"type":"Feature","geometry":{"type":"LineString","coordinates":[[21.789646,38.293183],[21.789692,38.293173],[21.789744,38.29317],[21.789796,38.293179],[21.789839,38.293194],[21.789873,38.293215],[21.789898,38.293246],[21.789914,38.293279],[21.789922,38.293312],[21.789923,38.29334]]},"properties":{"name":"","lines":"601, 602, 901","arr":["601","602","901"],"roundabout":1,"mode":"bus","color":"#0059a9"}},{"type":"Feature","geometry":{"type":"LineString","coordinates":[[21.789814,38.293469],[21.789763,38.29348],[21.789701,38.29348],[21.789638,38.293464],[21.789588,38.293437],[21.789556,38.293407],[21.789539,38.293379],[21.789531,38.293345],[21.789528,38.293301]]},"properties":{"name":"","lines":"609, 610, 902","arr":["609","610","902"],"roundabout":1,"mode":"bus","color":"#0059a9"}},{"type":"Feature","geometry":{"type":"LineString","coordinates":[[21.762768,38.208371],[21.76281,38.208361],[21.762852,38.208359],[21.762895,38.208365],[21.762934,38.208379],[21.762968,38.208399],[21.762996,38.208425],[21.763009,38.208444],[21.763019,38.208464],[21.763026,38.208501],[21.763021,38.208539],[21.763004,38.208574],[21.762976,38.208604],[21.76294,38.208628],[21.762897,38.208643],[21.762851,38.20865],[21.762816,38.208649],[21.762781,38.208642]]},"properties":{"name":"","lines":"702","arr":["702"],"roundabout":1,"mode":"bus","color":"#0059a9"}},{"type":"Feature","geometry":{"type":"LineString","coordinates":[[21.762781,38.208642],[21.762739,38.208627],[21.762704,38.208603]]},"properties":{"name":"","lines":"701, 702","arr":["701","702"],"roundabout":1,"mode":"bus","color":"#0059a9"}},{"type":"Feature","geometry":{"type":"LineString","coordinates":[[21.762704,38.208603],[21.762678,38.208575],[21.762662,38.208543],[21.762656,38.208508],[21.76266,38.208474],[21.762674,38.208441],[21.762698,38.208412]]},"properties":{"name":"","lines":"702","arr":["702"],"roundabout":1,"mode":"bus","color":"#0059a9"}},{"type":"Feature","geometry":{"type":"LineString","coordinates":[[21.750555,38.21936],[21.750583,38.219398],[21.750595,38.219428],[21.750598,38.21946],[21.750593,38.219492],[21.75058,38.219523],[21.750553,38.219555]]},"properties":{"name":"","lines":"701, 702","arr":["701","702"],"roundabout":1,"mode":"bus","color":"#0059a9"}},{"type":"Feature","geometry":{"type":"LineString","coordinates":[[21.750553,38.219555],[21.75052,38.219579],[21.750481,38.219597],[21.750438,38.219607],[21.750393,38.219608],[21.750349,38.219602]]},"properties":{"name":"","lines":"702","arr":["702"],"roundabout":1,"mode":"bus","color":"#0059a9"}},{"type":"Feature","geometry":{"type":"LineString","coordinates":[[21.750312,38.21959],[21.750275,38.219569],[21.750246,38.219542],[21.750225,38.219511],[21.750214,38.219477],[21.750214,38.219442],[21.750223,38.219408],[21.750242,38.219377],[21.750269,38.21935],[21.750303,38.219329],[21.750343,38.219314],[21.750379,38.219307],[21.750416,38.219306],[21.750452,38.21931],[21.750487,38.21932],[21.750519,38.219335]]},"properties":{"name":"","lines":"702","arr":["702"],"roundabout":1,"mode":"bus","color":"#0059a9"}},{"type":"Feature","geometry":{"type":"LineString","coordinates":[[21.750519,38.219335],[21.750555,38.21936]]},"properties":{"name":"","lines":"701, 702","arr":["701","702"],"roundabout":1,"mode":"bus","color":"#0059a9"}},{"type":"Feature","geometry":{"type":"LineString","coordinates":[[21.762698,38.208412],[21.76273,38.208388],[21.762768,38.208371]]},"properties":{"name":"","lines":"702","arr":["702"],"roundabout":1,"mode":"bus","color":"#0059a9"}},{"type":"Feature","geometry":{"type":"LineString","coordinates":[[21.750349,38.219602],[21.750312,38.21959]]},"properties":{"name":"","lines":"702","arr":["702"],"roundabout":1,"mode":"bus","color":"#0059a9"}},{"type":"Feature","geometry":{"type":"LineString","coordinates":[[21.75304,38.280687],[21.752952,38.280696],[21.752877,38.280702],[21.752784,38.280704],[21.752681,38.280704],[21.752579,38.280709],[21.752491,38.280716],[21.752232,38.280736],[21.75204,38.280753],[21.751888,38.280768],[21.751715,38.280791],[21.751607,38.280807],[21.751524,38.280826],[21.751448,38.280844],[21.751365,38.280863],[21.751145,38.280915],[21.750919,38.280967],[21.750833,38.280989],[21.75072,38.281022],[21.750617,38.281054],[21.750434,38.281116],[21.75028,38.28117],[21.749785,38.281354],[21.749485,38.281463],[21.749235,38.281557],[21.748939,38.281655],[21.748849,38.281686],[21.748755,38.281714],[21.748423,38.281821],[21.748079,38.281927],[21.7479,38.281981],[21.747794,38.282008],[21.747716,38.282026],[21.747642,38.282039],[21.747553,38.282049],[21.747484,38.282052],[21.747426,38.282052],[21.747368,38.282046],[21.747305,38.282038],[21.747224,38.282022],[21.74707,38.281986],[21.746969,38.281956],[21.746825,38.28191],[21.746726,38.281873],[21.746617,38.281821],[21.746517,38.281764],[21.746415,38.281697],[21.746336,38.281637],[21.74627,38.281568],[21.74619,38.281471],[21.746115,38.281376],[21.746017,38.281244],[21.74594,38.281138],[21.745864,38.281024],[21.745729,38.280808],[21.745633,38.280646],[21.745597,38.280581],[21.745573,38.280528],[21.745551,38.280472],[21.745536,38.280414],[21.74551,38.280304],[21.745491,38.280205],[21.745468,38.280057],[21.745431,38.279781],[21.745371,38.279217],[21.745344,38.278837],[21.745315,38.278412],[21.74531,38.278342],[21.74531,38.278273],[21.745272,38.277812],[21.745264,38.277702],[21.745254,38.277586],[21.745224,38.277356],[21.745217,38.277325],[21.74521,38.277301],[21.74519,38.27723],[21.745137,38.277061],[21.745102,38.276973]]},"properties":{"name":"","lines":"101, 102, 103, 104, 303","arr":["101","102","103","104","303"],"roundabout":0,"mode":"bus","color":"#0059a9"}},{"type":"Feature","geometry":{"type":"LineString","coordinates":[[21.75304,38.280687],[21.753144,38.280675],[21.753225,38.280662],[21.75329,38.280649],[21.753359,38.280633],[21.753419,38.280616],[21.753472,38.280599],[21.753518,38.280581],[21.753556,38.280565],[21.753592,38.280548],[21.753608,38.28054],[21.753675,38.280506],[21.753738,38.280472],[21.753764,38.280456],[21.753787,38.280441],[21.75381,38.280424],[21.753818,38.280418],[21.753828,38.28041],[21.753841,38.280397]]},"properties":{"name":"","lines":"101, 102, 103, 104","arr":["101","102","103","104"],"roundabout":0,"mode":"bus","color":"#0059a9"}},{"type":"Feature","geometry":{"type":"LineString","coordinates":[[21.745102,38.276973],[21.745039,38.276933],[21.744933,38.276813],[21.744903,38.27678],[21.744287,38.276029],[21.744026,38.275712],[21.743898,38.275541],[21.743737,38.275316],[21.743373,38.274754],[21.743258,38.274577],[21.743184,38.274467],[21.743137,38.2744],[21.743091,38.27434],[21.743034,38.274272],[21.742909,38.274138],[21.742785,38.274011],[21.742675,38.273911],[21.742622,38.273864],[21.742483,38.273747],[21.741914,38.273273],[21.741765,38.273136],[21.741702,38.273073],[21.741629,38.272986],[21.741551,38.27289],[21.741491,38.272805],[21.741424,38.272713]]},"properties":{"name":"Ηρώων Πολυτεχνείου","lines":"101, 102, 103, 104, 303","arr":["101","102","103","104","303"],"roundabout":0,"mode":"bus","color":"#0059a9"}},{"type":"Feature","geometry":{"type":"LineString","coordinates":[[21.741424,38.272713],[21.741527,38.272665],[21.741694,38.272592],[21.741819,38.272536],[21.741906,38.272498],[21.742041,38.272434],[21.742228,38.272341],[21.742599,38.272151],[21.742733,38.272083],[21.742833,38.272031],[21.742957,38.271964],[21.743055,38.271909],[21.743162,38.271847],[21.743523,38.271626],[21.743815,38.271441],[21.743892,38.271393],[21.744145,38.271245],[21.744298,38.271153],[21.744707,38.2709],[21.745217,38.27056],[21.745334,38.270492],[21.745515,38.270369],[21.745613,38.270304],[21.745803,38.270173],[21.745855,38.270118],[21.74593,38.270056],[21.745988,38.270017],[21.746075,38.269965],[21.746147,38.269927],[21.74621,38.269896],[21.746281,38.26986],[21.746382,38.269811],[21.746527,38.269756],[21.746689,38.269671],[21.746756,38.269637],[21.746789,38.269617],[21.746833,38.269585],[21.746868,38.269561],[21.746907,38.26953],[21.746956,38.269496],[21.747105,38.269389],[21.747193,38.269337],[21.747235,38.269312],[21.747269,38.269295],[21.7473,38.269281],[21.747339,38.269263],[21.747388,38.269242],[21.747442,38.26922],[21.747602,38.269167],[21.748215,38.269011]]},"properties":{"name":"Αγίου Κωνσταντίνου Αγυιάς","lines":"101, 102, 103, 104, 303","arr":["101","102","103","104","303"],"roundabout":0,"mode":"bus","color":"#0059a9"}},{"type":"Feature","geometry":{"type":"LineString","coordinates":[[21.748215,38.269011],[21.748501,38.268954],[21.748862,38.268859],[21.749014,38.26881],[21.749059,38.268792],[21.749127,38.268745],[21.749166,38.268708]]},"properties":{"name":"Αγίου Κωνσταντίνου Αγυιάς","lines":"101, 102, 104, 303","arr":["101","102","104","303"],"roundabout":0,"mode":"bus","color":"#0059a9"}},{"type":"Feature","geometry":{"type":"LineString","coordinates":[[21.749166,38.268708],[21.748766,38.268194],[21.748673,38.268037],[21.748371,38.267555],[21.748087,38.26716],[21.748021,38.267075],[21.747943,38.266992],[21.747884,38.266936],[21.747793,38.266859],[21.747728,38.266811],[21.747696,38.266787],[21.747573,38.266706],[21.747363,38.266565],[21.747223,38.266474],[21.747173,38.266442],[21.74711,38.266397],[21.747018,38.266318],[21.746964,38.266265],[21.746831,38.266108],[21.746781,38.26604],[21.746721,38.26594],[21.746664,38.265837],[21.746487,38.265476],[21.746306,38.265124],[21.746203,38.264989],[21.746163,38.264937],[21.745725,38.264578],[21.745691,38.264552],[21.745388,38.264323],[21.745171,38.264177],[21.744897,38.263991],[21.744655,38.263808],[21.744292,38.26352]]},"properties":{"name":"Νοταρά","lines":"101, 102, 103, 104, 303, 901, 902","arr":["101","102","103","104","303","901","902"],"roundabout":0,"mode":"bus","color":"#0059a9"}},{"type":"Feature","geometry":{"type":"LineString","coordinates":[[21.744292,38.26352],[21.744253,38.263488],[21.744057,38.263336],[21.743963,38.263261],[21.743923,38.26323],[21.743883,38.263192],[21.74387,38.263175],[21.743859,38.263156],[21.743848,38.263133],[21.743839,38.263108],[21.743828,38.263076],[21.743757,38.262852],[21.7437,38.262665],[21.743681,38.262592],[21.743661,38.262493]]},"properties":{"name":"Νοταρά","lines":"101, 102, 103, 104, 901, 902","arr":["101","102","103","104","901","902"],"roundabout":0,"mode":"bus","color":"#0059a9"}},{"type":"Feature","geometry":{"type":"LineString","coordinates":[[21.743661,38.262493],[21.743638,38.262371],[21.74355,38.261893],[21.743546,38.261886],[21.743476,38.261757],[21.743415,38.261647],[21.743319,38.261452],[21.743313,38.26144],[21.74319,38.261194],[21.743112,38.26104],[21.743042,38.26089],[21.742868,38.260495],[21.74263,38.259897],[21.74243,38.259406],[21.742335,38.259174],[21.742203,38.258849],[21.742044,38.258478],[21.741952,38.258261],[21.741719,38.257718],[21.741478,38.257115]]},"properties":{"name":"Έλληνος Στρατιώτου","lines":"101, 102, 103, 104, 901, 902","arr":["101","102","103","104","901","902"],"roundabout":0,"mode":"bus","color":"#0059a9"}},{"type":"Feature","geometry":{"type":"LineString","coordinates":[[21.741478,38.257115],[21.741242,38.256553],[21.741007,38.25599],[21.740803,38.2555],[21.740765,38.255404],[21.74072,38.255286],[21.740645,38.255106],[21.740519,38.254803],[21.740376,38.254467],[21.74026,38.254208]]},"properties":{"name":"Έλληνος Στρατιώτου","lines":"101, 102, 103, 104, 606, 609, 610, 901, 902","arr":["101","102","103","104","606","609","610","901","902"],"roundabout":0,"mode":"bus","color":"#0059a9"}},{"type":"Feature","geometry":{"type":"LineString","coordinates":[[21.74026,38.254208],[21.740242,38.254159],[21.740241,38.25415],[21.740233,38.253889],[21.740209,38.25354],[21.740208,38.253449]]},"properties":{"name":"Μουρούζη","lines":"101, 102, 103, 606, 609, 610, 902","arr":["101","102","103","606","609","610","902"],"roundabout":0,"mode":"bus","color":"#0059a9"}},{"type":"Feature","geometry":{"type":"LineString","coordinates":[[21.740208,38.253449],[21.740209,38.253278]]},"properties":{"name":"Μουρούζη","lines":"101, 102, 103, 609, 610, 902","arr":["101","102","103","609","610","902"],"roundabout":0,"mode":"bus","color":"#0059a9"}},{"type":"Feature","geometry":{"type":"LineString","coordinates":[[21.740209,38.253278],[21.740208,38.25315],[21.740213,38.252929],[21.740224,38.252618],[21.740244,38.252176],[21.74026,38.251741]]},"properties":{"name":"Μουρούζη","lines":"101, 102, 103","arr":["101","102","103"],"roundabout":0,"mode":"bus","color":"#0059a9"}},{"type":"Feature","geometry":{"type":"LineString","coordinates":[[21.740234,38.251745],[21.74026,38.251741]]},"properties":{"name":"28ης Οκτωβρίου","lines":"103","arr":["103"],"roundabout":0,"mode":"bus","color":"#0059a9"}},{"type":"Feature","geometry":{"type":"LineString","coordinates":[[21.74026,38.251741],[21.740612,38.251678],[21.740682,38.251666]]},"properties":{"name":"28ης Οκτωβρίου","lines":"101, 102, 103","arr":["101","102","103"],"roundabout":0,"mode":"bus","color":"#0059a9"}},{"type":"Feature","geometry":{"type":"LineString","coordinates":[[21.740682,38.251666],[21.741262,38.251562]]},"properties":{"name":"28ης Οκτωβρίου","lines":"101, 102, 302","arr":["101","102","302"],"roundabout":0,"mode":"bus","color":"#0059a9"}},{"type":"Feature","geometry":{"type":"LineString","coordinates":[[21.741262,38.251562],[21.741253,38.251541],[21.741241,38.251515],[21.741232,38.251495],[21.741223,38.25148],[21.741216,38.251468],[21.741208,38.251458],[21.741197,38.251448],[21.741183,38.251436],[21.740809,38.251142],[21.740385,38.250809]]},"properties":{"name":"Μαιζώνος","lines":"101, 102, 201, 301, 302","arr":["101","102","201","301","302"],"roundabout":0,"mode":"bus","color":"#0059a9"}},{"type":"Feature","geometry":{"type":"LineString","coordinates":[[21.740385,38.250809],[21.740245,38.250701],[21.740152,38.250629],[21.739914,38.250445],[21.739665,38.250253],[21.739162,38.249866],[21.7389,38.249666],[21.738483,38.24934],[21.738335,38.249225]]},"properties":{"name":"Μαιζώνος","lines":"101, 102, 103, 201, 301, 302","arr":["101","102","103","201","301","302"],"roundabout":0,"mode":"bus","color":"#0059a9"}},{"type":"Feature","geometry":{"type":"LineString","coordinates":[[21.738335,38.249225],[21.738947,38.24874]]},"properties":{"name":"Αράτου","lines":"101, 102, 103, 201, 301, 302","arr":["101","102","103","201","301","302"],"roundabout":0,"mode":"bus","color":"#0059a9"}},{"type":"Feature","geometry":{"type":"LineString","coordinates":[[21.738947,38.24874],[21.739584,38.248233]]},"properties":{"name":"Αράτου","lines":"101, 102, 201, 301, 302","arr":["101","102","201","301","302"],"roundabout":0,"mode":"bus","color":"#0059a9"}},{"type":"Feature","geometry":{"type":"LineString","coordinates":[[21.739584,38.248233],[21.738675,38.247528]]},"properties":{"name":"Κανακάρη","lines":"101, 102, 201, 301, 302","arr":["101","102","201","301","302"],"roundabout":0,"mode":"bus","color":"#0059a9"}},{"type":"Feature","geometry":{"type":"LineString","coordinates":[[21.738675,38.247528],[21.738252,38.247203],[21.73764,38.246742]]},"properties":{"name":"Κανακάρη","lines":"101, 102, 103, 201, 301, 302, 401","arr":["101","102","103","201","301","302","401"],"roundabout":0,"mode":"bus","color":"#0059a9"}},{"type":"Feature","geometry":{"type":"LineString","coordinates":[[21.73764,38.246742],[21.737628,38.246732],[21.736814,38.246109]]},"properties":{"name":"Κανακάρη","lines":"101, 102, 103, 201, 301, 302","arr":["101","102","103","201","301","302"],"roundabout":0,"mode":"bus","color":"#0059a9"}},{"type":"Feature","geometry":{"type":"LineString","coordinates":[[21.736814,38.246109],[21.736052,38.245524],[21.735987,38.245473],[21.735134,38.244815],[21.734749,38.244518],[21.734368,38.244222]]},"properties":{"name":"Κανακάρη","lines":"101, 102, 103, 201, 301, 302, 702, 801, 803","arr":["101","102","103","201","301","302","702","801","803"],"roundabout":0,"mode":"bus","color":"#0059a9"}},{"type":"Feature","geometry":{"type":"LineString","coordinates":[[21.734368,38.244222],[21.733963,38.243914],[21.733704,38.243715],[21.733651,38.243674],[21.73351,38.243566],[21.73345,38.243519]]},"properties":{"name":"Κανακάρη","lines":"101, 102, 103, 201, 301, 302, 701, 702, 801, 803","arr":["101","102","103","201","301","302","701","702","801","803"],"roundabout":0,"mode":"bus","color":"#0059a9"}},{"type":"Feature","geometry":{"type":"LineString","coordinates":[[21.739267,38.247045],[21.738853,38.247383]]},"properties":{"name":"Κολοκοτρώνη","lines":"402","arr":["402"],"roundabout":0,"mode":"bus","color":"#0059a9"}},{"type":"Feature","geometry":{"type":"LineString","coordinates":[[21.738675,38.247528],[21.73805,38.248039]]},"properties":{"name":"Κολοκοτρώνη","lines":"101, 103, 302","arr":["101","103","302"],"roundabout":0,"mode":"bus","color":"#0059a9"}},{"type":"Feature","geometry":{"type":"LineString","coordinates":[[21.73805,38.248039],[21.737446,38.248534]]},"properties":{"name":"Κολοκοτρώνη","lines":"101, 804","arr":["101","804"],"roundabout":0,"mode":"bus","color":"#0059a9"}},{"type":"Feature","geometry":{"type":"LineString","coordinates":[[21.737446,38.248534],[21.736763,38.249092],[21.736033,38.249689]]},"properties":{"name":"Κολοκοτρώνη","lines":"804","arr":["804"],"roundabout":0,"mode":"bus","color":"#0059a9"}},{"type":"Feature","geometry":{"type":"LineString","coordinates":[[21.735528,38.247153],[21.735185,38.247432],[21.734916,38.24765],[21.734198,38.248233],[21.733816,38.248538]]},"properties":{"name":"Ερμού","lines":"606, 607, 608, 609, 801, 803","arr":["606","607","608","609","801","803"],"roundabout":0,"mode":"bus","color":"#0059a9"}},{"type":"Feature","geometry":{"type":"LineString","coordinates":[[21.735597,38.247097],[21.736138,38.246658]]},"properties":{"name":"Ερμού","lines":"606, 607, 608, 609, 801, 803","arr":["606","607","608","609","801","803"],"roundabout":0,"mode":"bus","color":"#0059a9"}},{"type":"Feature","geometry":{"type":"LineString","coordinates":[[21.735528,38.247153],[21.735597,38.247097]]},"properties":{"name":"Ερμού","lines":"101, 606, 607, 608, 609, 801, 803","arr":["101","606","607","608","609","801","803"],"roundabout":0,"mode":"bus","color":"#0059a9"}},{"type":"Feature","geometry":{"type":"LineString","coordinates":[[21.736138,38.246658],[21.736201,38.246606]]},"properties":{"name":"Ερμού","lines":"601, 606, 607, 608, 801, 803","arr":["601","606","607","608","801","803"],"roundabout":0,"mode":"bus","color":"#0059a9"}},{"type":"Feature","geometry":{"type":"LineString","coordinates":[[21.736201,38.246606],[21.736814,38.246109]]},"properties":{"name":"Ερμού","lines":"303, 701, 702, 801, 803","arr":["303","701","702","801","803"],"roundabout":0,"mode":"bus","color":"#0059a9"}},{"type":"Feature","geometry":{"type":"LineString","coordinates":[[21.734581,38.245268],[21.73453,38.245309]]},"properties":{"name":"Πατρέως","lines":"303, 701","arr":["303","701"],"roundabout":0,"mode":"bus","color":"#0059a9"}},{"type":"Feature","geometry":{"type":"LineString","coordinates":[[21.733972,38.245766],[21.733933,38.245798]]},"properties":{"name":"Πατρέως","lines":"101","arr":["101"],"roundabout":0,"mode":"bus","color":"#0059a9"}},{"type":"Feature","geometry":{"type":"LineString","coordinates":[[21.734368,38.244222],[21.733776,38.244722]]},"properties":{"name":"Δημητρίου Βότση","lines":"701","arr":["701"],"roundabout":0,"mode":"bus","color":"#0059a9"}},{"type":"Feature","geometry":{"type":"LineString","coordinates":[[21.733776,38.244722],[21.73319,38.245217]]},"properties":{"name":"Δημητρίου Βότση","lines":"101","arr":["101"],"roundabout":0,"mode":"bus","color":"#0059a9"}},{"type":"Feature","geometry":{"type":"LineString","coordinates":[[21.732864,38.244017],[21.73292,38.244061],[21.733369,38.244419],[21.733776,38.244722]]},"properties":{"name":"Κορίνθου","lines":"101, 202, 303, 602, 701, 804","arr":["101","202","303","602","701","804"],"roundabout":0,"mode":"bus","color":"#0059a9"}},{"type":"Feature","geometry":{"type":"LineString","coordinates":[[21.733776,38.244722],[21.734108,38.244977],[21.734155,38.245013],[21.73417,38.245026],[21.734471,38.245263],[21.73453,38.245309],[21.734795,38.245508],[21.735047,38.245698],[21.735101,38.245739],[21.735109,38.245744],[21.735123,38.245751],[21.735139,38.245757],[21.735156,38.245761],[21.735177,38.245764],[21.735195,38.245765],[21.735213,38.245766],[21.735225,38.245766],[21.735234,38.245765],[21.735242,38.245764],[21.735248,38.245763],[21.735253,38.245762],[21.735258,38.24576],[21.735347,38.245698],[21.735382,38.245686],[21.735418,38.245679],[21.735453,38.245681],[21.735489,38.245692],[21.735674,38.245829],[21.735781,38.245908],[21.735802,38.245926],[21.735813,38.245947],[21.735811,38.24598],[21.735746,38.246123],[21.735736,38.246142],[21.735731,38.246154],[21.735729,38.246161],[21.735727,38.246167],[21.735726,38.246174],[21.735726,38.246186],[21.735727,38.246198],[21.735731,38.246216],[21.735734,38.246224],[21.73574,38.246235],[21.735748,38.246245],[21.735758,38.246254],[21.736165,38.246577],[21.736201,38.246606]]},"properties":{"name":"Κορίνθου","lines":"202, 303, 602, 701, 804","arr":["202","303","602","701","804"],"roundabout":0,"mode":"bus","color":"#0059a9"}},{"type":"Feature","geometry":{"type":"LineString","coordinates":[[21.732796,38.244907],[21.732983,38.244748],[21.733369,38.244419]]},"properties":{"name":"Φιλοποίμενος","lines":"101","arr":["101"],"roundabout":0,"mode":"bus","color":"#0059a9"}},{"type":"Feature","geometry":{"type":"LineString","coordinates":[[21.733742,38.244102],[21.733963,38.243914]]},"properties":{"name":"Φιλοποίμενος","lines":"701","arr":["701"],"roundabout":0,"mode":"bus","color":"#0059a9"}},{"type":"Feature","geometry":{"type":"LineString","coordinates":[[21.732864,38.244017],[21.732278,38.244502]]},"properties":{"name":"Γούναρη","lines":"101, 104","arr":["101","104"],"roundabout":0,"mode":"bus","color":"#0059a9"}},{"type":"Feature","geometry":{"type":"LineString","coordinates":[[21.73345,38.243519],[21.733488,38.243487],[21.73364,38.243357],[21.733749,38.243264],[21.733997,38.243053],[21.73402,38.243034],[21.734053,38.243007],[21.734244,38.242849],[21.734281,38.242816],[21.734417,38.242708],[21.734439,38.242696],[21.734465,38.242683],[21.734682,38.242597],[21.735248,38.242374],[21.736147,38.242028],[21.736854,38.241753],[21.737511,38.241495],[21.738176,38.241244],[21.738703,38.241052],[21.738952,38.240955],[21.739283,38.240828],[21.739717,38.240662],[21.740435,38.240372],[21.741195,38.240075],[21.741907,38.239805],[21.742016,38.239759],[21.742091,38.239727],[21.742216,38.239673],[21.742332,38.239614],[21.742446,38.239555],[21.743006,38.239247],[21.74356,38.238961]]},"properties":{"name":"Γούναρη","lines":"101, 102, 103, 104, 701, 702, 801, 803, 804","arr":["101","102","103","104","701","702","801","803","804"],"roundabout":0,"mode":"bus","color":"#0059a9"}},{"type":"Feature","geometry":{"type":"LineString","coordinates":[[21.73345,38.243519],[21.733216,38.243718],[21.733129,38.243792],[21.732864,38.244017]]},"properties":{"name":"Γούναρη","lines":"101, 104, 701, 804","arr":["101","104","701","804"],"roundabout":0,"mode":"bus","color":"#0059a9"}},{"type":"Feature","geometry":{"type":"LineString","coordinates":[[21.74356,38.238961],[21.743771,38.238999],[21.744613,38.239083],[21.744977,38.239116],[21.745072,38.239124],[21.745182,38.239131]]},"properties":{"name":"Γραίτζα Παλαιολόγου","lines":"101, 102, 103","arr":["101","102","103"],"roundabout":0,"mode":"bus","color":"#0059a9"}},{"type":"Feature","geometry":{"type":"LineString","coordinates":[[21.745182,38.239131],[21.745191,38.239201],[21.7452,38.239262],[21.745219,38.239358],[21.745268,38.23957],[21.74528,38.239611]]},"properties":{"name":"3ου Ορειβατικού","lines":"101, 102, 103","arr":["101","102","103"],"roundabout":0,"mode":"bus","color":"#0059a9"}},{"type":"Feature","geometry":{"type":"LineString","coordinates":[[21.745337,38.239865],[21.745384,38.240094],[21.745392,38.240153],[21.745397,38.240214]]},"properties":{"name":"3ου Ορειβατικού","lines":"101, 102, 103","arr":["101","102","103"],"roundabout":0,"mode":"bus","color":"#0059a9"}},{"type":"Feature","geometry":{"type":"LineString","coordinates":[[21.74528,38.239611],[21.745337,38.239865]]},"properties":{"name":"3ου Ορειβατικού","lines":"101, 102","arr":["101","102"],"roundabout":0,"mode":"bus","color":"#0059a9"}},{"type":"Feature","geometry":{"type":"LineString","coordinates":[[21.745397,38.240214],[21.745591,38.240251],[21.746092,38.240341],[21.746146,38.240352],[21.746198,38.240365]]},"properties":{"name":"6ου Συντάγματος","lines":"101, 102, 103, 104, 401, 402","arr":["101","102","103","104","401","402"],"roundabout":0,"mode":"bus","color":"#0059a9"}},{"type":"Feature","geometry":{"type":"LineString","coordinates":[[21.746431,38.240232],[21.746198,38.240365]]},"properties":{"name":"6ου Συντάγματος","lines":"101, 102, 103, 104","arr":["101","102","103","104"],"roundabout":0,"mode":"bus","color":"#0059a9"}},{"type":"Feature","geometry":{"type":"LineString","coordinates":[[21.750946,38.238031],[21.750799,38.238255],[21.750753,38.238324],[21.750745,38.238336],[21.750736,38.238346],[21.750724,38.238357],[21.750705,38.238372],[21.750694,38.23838],[21.750644,38.238408],[21.750581,38.238441],[21.750388,38.238528],[21.750121,38.238642],[21.749603,38.238863],[21.749561,38.238881],[21.748158,38.239478],[21.747186,38.239882],[21.74681,38.240041],[21.746701,38.240092],[21.746621,38.240133],[21.746552,38.240168],[21.746431,38.240232]]},"properties":{"name":"12ου Συντάγματος","lines":"101, 102, 103, 104","arr":["101","102","103","104"],"roundabout":0,"mode":"bus","color":"#0059a9"}},{"type":"Feature","geometry":{"type":"LineString","coordinates":[[21.762087,38.227914],[21.76205,38.227916],[21.762005,38.227919],[21.761966,38.227923],[21.761902,38.22793],[21.761862,38.227937],[21.761827,38.227947],[21.761809,38.22796],[21.761798,38.22797],[21.761789,38.227987],[21.761784,38.228001],[21.761775,38.228035],[21.761767,38.228073],[21.761754,38.228134],[21.761737,38.228205],[21.761708,38.228298],[21.761688,38.22836],[21.761635,38.228488],[21.761593,38.228595],[21.76157,38.228639],[21.761548,38.228676],[21.761525,38.22871],[21.761505,38.228738],[21.761501,38.228743],[21.761483,38.228762],[21.761458,38.228786],[21.761397,38.228839],[21.76138,38.228852],[21.761359,38.22887],[21.761331,38.228897],[21.761302,38.228928],[21.761279,38.228955],[21.761235,38.229017],[21.761225,38.229032],[21.761218,38.229044],[21.761211,38.229055],[21.761203,38.229073],[21.761191,38.229102],[21.761177,38.22914],[21.761157,38.229199],[21.761142,38.22924],[21.76113,38.229268],[21.761107,38.229315],[21.761084,38.229352],[21.76106,38.229387],[21.761036,38.229415],[21.761022,38.229431],[21.760995,38.229458],[21.760961,38.229486],[21.760903,38.229532],[21.76084,38.229578]]},"properties":{"name":"Εγλυκάδος","lines":"101","arr":["101"],"roundabout":0,"mode":"bus","color":"#0059a9"}},{"type":"Feature","geometry":{"type":"LineString","coordinates":[[21.76084,38.229578],[21.760738,38.229647],[21.760339,38.229882],[21.760181,38.229973],[21.760049,38.230043],[21.759914,38.230112],[21.759819,38.230157],[21.759768,38.23018],[21.759718,38.230203],[21.759678,38.230218],[21.759634,38.230232],[21.759556,38.230249],[21.759491,38.23026],[21.759431,38.230266],[21.759354,38.23027],[21.759271,38.230273],[21.759173,38.230275],[21.75909,38.230276],[21.759035,38.230276],[21.75897,38.230279],[21.758891,38.230284],[21.758802,38.230292],[21.758745,38.230298],[21.758704,38.230303],[21.758651,38.230312],[21.758595,38.230328],[21.758555,38.230339],[21.758516,38.230351],[21.758478,38.230366],[21.758449,38.230378],[21.758409,38.230402],[21.758377,38.230425],[21.758343,38.230455],[21.758301,38.230498],[21.758282,38.230522],[21.758268,38.230541],[21.758255,38.23056],[21.758232,38.230601],[21.758206,38.230655],[21.75819,38.230692],[21.758138,38.230807],[21.758018,38.231058],[21.757982,38.231122],[21.757932,38.231208],[21.757891,38.231274],[21.75786,38.231325],[21.757835,38.231364],[21.757815,38.231389],[21.757787,38.231417],[21.757764,38.231434],[21.757742,38.231449],[21.757715,38.231466],[21.757681,38.231491],[21.757643,38.231523],[21.757608,38.231553],[21.757584,38.231579],[21.757514,38.23166],[21.757404,38.231767],[21.757305,38.231878],[21.757044,38.232172],[21.756904,38.232325],[21.756811,38.232412],[21.756632,38.232573],[21.756543,38.232647],[21.75647,38.232702],[21.756402,38.23275],[21.756337,38.232794],[21.75622,38.232868],[21.756082,38.232952],[21.755759,38.233143],[21.755371,38.233359],[21.755013,38.233552],[21.754648,38.233749],[21.754523,38.233819],[21.75441,38.233882],[21.754363,38.233908],[21.754318,38.233934],[21.754304,38.233941],[21.75428,38.233955],[21.754173,38.234019],[21.754075,38.234075],[21.753891,38.234191],[21.753594,38.234418],[21.753398,38.234566],[21.753124,38.23478],[21.752807,38.23502],[21.752701,38.235103],[21.752658,38.235142],[21.752621,38.235187],[21.752591,38.235237],[21.752561,38.235297],[21.752479,38.235476],[21.752415,38.235616],[21.752344,38.235771],[21.752287,38.235886],[21.752223,38.235995],[21.752108,38.236174],[21.751958,38.236403],[21.751674,38.236845],[21.751469,38.237166],[21.751223,38.237575],[21.750946,38.238031]]},"properties":{"name":"Εγλυκάδος","lines":"101, 104","arr":["101","104"],"roundabout":0,"mode":"bus","color":"#0059a9"}},{"type":"Feature","geometry":{"type":"LineString","coordinates":[[21.762087,38.227914],[21.762055,38.227728],[21.762049,38.227702],[21.76204,38.22767],[21.76203,38.227639],[21.762018,38.227607],[21.761997,38.227554],[21.76197,38.227491],[21.761952,38.227445],[21.761939,38.227413],[21.761929,38.227385],[21.76192,38.227354],[21.761913,38.227319],[21.761904,38.227268],[21.761887,38.227182],[21.761871,38.227088],[21.761858,38.226999],[21.761855,38.226937],[21.761853,38.226867],[21.761858,38.226801],[21.761867,38.226742],[21.761881,38.226676],[21.761901,38.226625],[21.761915,38.226594],[21.761935,38.226562],[21.761952,38.226537],[21.761977,38.226507],[21.762009,38.226475],[21.762077,38.226411],[21.762095,38.226389],[21.762108,38.22637],[21.762115,38.226353],[21.762119,38.226337],[21.76212,38.226316],[21.762118,38.226282],[21.762111,38.226228],[21.7621,38.226156],[21.762087,38.22608],[21.762076,38.226014],[21.762066,38.225965],[21.762052,38.225903],[21.762043,38.225849],[21.762047,38.225801],[21.762053,38.225786],[21.762068,38.225769]]},"properties":{"name":"Μαραθωνομάχων","lines":"101","arr":["101"],"roundabout":0,"mode":"bus","color":"#0059a9"}},{"type":"Feature","geometry":{"type":"LineString","coordinates":[[21.758131,38.225969],[21.758171,38.225967],[21.75822,38.225959],[21.758265,38.225951],[21.75832,38.225935],[21.758412,38.225903],[21.758514,38.225861],[21.758635,38.225815],[21.75876,38.225772],[21.758868,38.225737],[21.759063,38.225679],[21.759209,38.225637],[21.759292,38.225617],[21.759342,38.225604],[21.759395,38.225596],[21.759441,38.225589],[21.759525,38.225579],[21.759726,38.225574],[21.759885,38.22557],[21.760108,38.225571],[21.760328,38.225572],[21.760461,38.225574],[21.760639,38.225577],[21.760803,38.225579],[21.76092,38.225584],[21.761046,38.225591],[21.761141,38.225602],[21.761187,38.225607],[21.761254,38.225617],[21.76137,38.225637],[21.761565,38.225675],[21.76176,38.225712],[21.761899,38.225742],[21.762002,38.225762],[21.762068,38.225769]]},"properties":{"name":"Πέλοπος","lines":"101","arr":["101"],"roundabout":0,"mode":"bus","color":"#0059a9"}},{"type":"Feature","geometry":{"type":"LineString","coordinates":[[21.758153,38.22559],[21.759231,38.225588],[21.759292,38.225617]]},"properties":{"name":"","lines":"101","arr":["101"],"roundabout":0,"mode":"bus","color":"#0059a9"}},{"type":"Feature","geometry":{"type":"LineString","coordinates":[[21.762068,38.225769],[21.762146,38.225771],[21.762228,38.225769],[21.762359,38.22576],[21.762561,38.225744],[21.762771,38.225721],[21.762917,38.225711],[21.763006,38.225709],[21.763081,38.225708],[21.763149,38.225711],[21.763208,38.225714],[21.763258,38.225718],[21.76339,38.225725],[21.763461,38.225728],[21.763592,38.225733],[21.763768,38.22574],[21.763959,38.22575],[21.764016,38.225753],[21.764085,38.225753],[21.764178,38.225746],[21.764323,38.225721],[21.764462,38.225696],[21.76455,38.225687],[21.764721,38.225681],[21.765212,38.22567],[21.765702,38.225671],[21.76587,38.225673],[21.76603,38.22568],[21.766046,38.225681],[21.76619,38.225704]]},"properties":{"name":"Λοχαγού Φωτόπουλου","lines":"101","arr":["101"],"roundabout":0,"mode":"bus","color":"#0059a9"}},{"type":"Feature","geometry":{"type":"LineString","coordinates":[[21.76619,38.225704],[21.766164,38.225763]]},"properties":{"name":"Ηρακλέους","lines":"101","arr":["101"],"roundabout":0,"mode":"bus","color":"#0059a9"}},{"type":"Feature","geometry":{"type":"LineString","coordinates":[[21.766064,38.225946],[21.765935,38.226183],[21.765789,38.226633],[21.765741,38.226809],[21.765722,38.22688],[21.7657,38.226978],[21.765683,38.227056],[21.765612,38.227373],[21.765562,38.227602],[21.765523,38.227789],[21.765502,38.227897],[21.765489,38.227984],[21.765456,38.228242],[21.765403,38.228641],[21.765401,38.228665]]},"properties":{"name":"Ηρακλέους","lines":"104","arr":["104"],"roundabout":0,"mode":"bus","color":"#0059a9"}},{"type":"Feature","geometry":{"type":"LineString","coordinates":[[21.758131,38.225969],[21.758151,38.225872],[21.758153,38.22559]]},"properties":{"name":"Καβάφη","lines":"101","arr":["101"],"roundabout":0,"mode":"bus","color":"#0059a9"}},{"type":"Feature","geometry":{"type":"LineString","coordinates":[[21.750946,38.238031],[21.750995,38.238051],[21.75103,38.238065],[21.751326,38.238167],[21.751715,38.238303],[21.751988,38.238398],[21.752069,38.238425],[21.752113,38.23844]]},"properties":{"name":"Μαραγκόπουλου","lines":"102, 103, 104","arr":["102","103","104"],"roundabout":0,"mode":"bus","color":"#0059a9"}},{"type":"Feature","geometry":{"type":"LineString","coordinates":[[21.753913,38.238644],[21.753931,38.238644],[21.753953,38.238643],[21.753968,38.23864],[21.75401,38.238627],[21.754046,38.238614],[21.754397,38.23848],[21.754517,38.238434],[21.754574,38.238405],[21.754609,38.23838],[21.754621,38.238369],[21.754633,38.238356],[21.754715,38.238251],[21.754774,38.238166],[21.754843,38.238096],[21.754907,38.238046],[21.754965,38.238005],[21.755025,38.237965],[21.755105,38.237913],[21.755219,38.237842],[21.755315,38.237783],[21.755415,38.237725],[21.755529,38.237663]]},"properties":{"name":"Μαραγκόπουλου","lines":"102, 103, 104","arr":["102","103","104"],"roundabout":0,"mode":"bus","color":"#0059a9"}},{"type":"Feature","geometry":{"type":"LineString","coordinates":[[21.752113,38.23844],[21.752165,38.238426],[21.752661,38.238307],[21.752768,38.238282],[21.752867,38.238256],[21.753097,38.23819],[21.753174,38.238174],[21.753228,38.238166],[21.753277,38.238164],[21.753332,38.238168],[21.75338,38.238175],[21.753427,38.238188],[21.753471,38.238205],[21.753494,38.238217],[21.753501,38.238221],[21.753518,38.238232],[21.753536,38.238247],[21.753555,38.238266],[21.753617,38.238345],[21.75364,38.238378],[21.753723,38.238516],[21.75374,38.238537],[21.753756,38.238555],[21.753773,38.238572],[21.753792,38.238588],[21.75385,38.238624],[21.753867,38.238633],[21.753882,38.238638],[21.753896,38.238642],[21.753913,38.238644]]},"properties":{"name":"Μαραγκόπουλου","lines":"102, 103","arr":["102","103"],"roundabout":0,"mode":"bus","color":"#0059a9"}},{"type":"Feature","geometry":{"type":"LineString","coordinates":[[21.755529,38.237663],[21.7556,38.237628],[21.756193,38.237364],[21.756824,38.237074],[21.75733,38.236834],[21.757525,38.236749],[21.757794,38.23662],[21.757854,38.236593],[21.757917,38.236565],[21.758026,38.236524],[21.758168,38.236484],[21.758248,38.236464],[21.758388,38.236433],[21.758451,38.236423],[21.758547,38.236412],[21.75861,38.236408],[21.758722,38.236404],[21.758793,38.236399],[21.758876,38.236389],[21.758952,38.23638],[21.759009,38.236367],[21.759054,38.236355],[21.759096,38.236339],[21.759153,38.236312],[21.759177,38.236298],[21.759276,38.236234],[21.759466,38.236102],[21.759672,38.236002],[21.759782,38.235954],[21.759842,38.235933],[21.759962,38.235899],[21.76024,38.235823],[21.760469,38.235758],[21.760573,38.235729],[21.760705,38.235695],[21.7608,38.235673],[21.760863,38.235661],[21.7609,38.235658],[21.760933,38.235659],[21.76096,38.235663],[21.760988,38.23567],[21.761037,38.235689],[21.761085,38.235713],[21.761161,38.235758],[21.761242,38.235804],[21.76132,38.235844],[21.761381,38.23587],[21.761463,38.235904],[21.761506,38.235919],[21.761576,38.23594],[21.761644,38.235955],[21.761705,38.235968],[21.761727,38.235971],[21.76175,38.235973],[21.761777,38.235974],[21.761805,38.235973],[21.76182,38.235972],[21.761834,38.235969],[21.761854,38.235965],[21.761877,38.235958],[21.76189,38.235953],[21.761901,38.235948],[21.761922,38.235936],[21.761939,38.235926],[21.761951,38.235917],[21.761966,38.235906],[21.761972,38.235901],[21.761978,38.235895],[21.761985,38.235888],[21.761991,38.23588],[21.761995,38.235875],[21.762002,38.235866],[21.762007,38.235858],[21.762012,38.235849],[21.762017,38.235841],[21.76202,38.235832],[21.762023,38.235824],[21.762026,38.235816],[21.762028,38.235808],[21.762029,38.2358],[21.76203,38.235791],[21.762032,38.235777],[21.762036,38.235697],[21.762041,38.235633],[21.762045,38.235584],[21.76205,38.235548],[21.762058,38.235511],[21.76207,38.23548],[21.76208,38.235461],[21.762103,38.235427],[21.762144,38.235377],[21.762154,38.235365],[21.76219,38.235323],[21.762279,38.235222]]},"properties":{"name":"Γηροκομείου","lines":"102, 103, 104","arr":["102","103","104"],"roundabout":0,"mode":"bus","color":"#0059a9"}},{"type":"Feature","geometry":{"type":"LineString","coordinates":[[21.762279,38.235222],[21.762288,38.235225],[21.762294,38.235226],[21.762301,38.235226],[21.762309,38.235225],[21.762324,38.235223],[21.762349,38.235216],[21.762372,38.235209],[21.762404,38.235196],[21.762456,38.235171],[21.762493,38.235155],[21.762544,38.235134],[21.762591,38.235116],[21.762758,38.235061],[21.762779,38.235054],[21.762798,38.235046],[21.762834,38.235031],[21.762866,38.235015],[21.762906,38.234991],[21.762966,38.234955],[21.763157,38.234836],[21.763289,38.234747],[21.763901,38.23431],[21.76394,38.234285],[21.763983,38.234272],[21.764027,38.234269],[21.764075,38.234279],[21.764096,38.234291],[21.764113,38.234316],[21.764137,38.234355],[21.763799,38.234574],[21.763776,38.234593],[21.763749,38.234625],[21.763685,38.234738],[21.763664,38.234778],[21.763648,38.234814],[21.763642,38.234854],[21.763659,38.234895],[21.763684,38.234915],[21.763719,38.23493],[21.763772,38.234932],[21.763811,38.23492],[21.763846,38.234885],[21.763971,38.234694],[21.764089,38.234601],[21.76415,38.234558],[21.764215,38.234539],[21.764243,38.23454],[21.764267,38.234546],[21.764311,38.23456],[21.764337,38.23458],[21.764354,38.23461],[21.764353,38.234641],[21.76435,38.234657],[21.764342,38.234671],[21.764297,38.234711],[21.764103,38.234827],[21.76407,38.234852],[21.764043,38.234885],[21.764034,38.23492],[21.764034,38.234948],[21.764049,38.234981],[21.764075,38.235007],[21.764112,38.235032],[21.764161,38.235051],[21.764213,38.235058],[21.764439,38.235041],[21.765049,38.235107],[21.76509,38.235107],[21.765137,38.235101],[21.765886,38.234896],[21.766049,38.234829],[21.766177,38.234782],[21.766193,38.23478],[21.766215,38.23478],[21.766234,38.234789],[21.766248,38.234801],[21.766255,38.234816],[21.766254,38.234832],[21.766248,38.234846],[21.766219,38.234867],[21.765963,38.234986],[21.765678,38.235178],[21.765659,38.235203],[21.765652,38.235224],[21.765656,38.235245],[21.76567,38.23526],[21.765695,38.235269],[21.765724,38.23527],[21.765884,38.235235],[21.766452,38.235093],[21.76652,38.23507],[21.766587,38.235034],[21.766746,38.234942],[21.766895,38.234879],[21.766927,38.234872],[21.766958,38.234871],[21.766984,38.234874],[21.767006,38.234886],[21.767022,38.234899],[21.767034,38.234915],[21.767045,38.234938],[21.767048,38.234961],[21.767041,38.234979],[21.767025,38.235004],[21.766864,38.235143],[21.766799,38.235192],[21.766723,38.23523],[21.766253,38.235442],[21.766217,38.235464],[21.766184,38.235496],[21.766166,38.235534],[21.766168,38.235567],[21.766182,38.235597],[21.766212,38.235616],[21.766247,38.235631],[21.766295,38.235653],[21.766333,38.235682],[21.76636,38.235712]]},"properties":{"name":"Γηροκομείου","lines":"102","arr":["102"],"roundabout":0,"mode":"bus","color":"#0059a9"}},{"type":"Feature","geometry":{"type":"LineString","coordinates":[[21.765581,38.236969],[21.765632,38.236926],[21.765667,38.236894],[21.765709,38.236849],[21.765737,38.236812],[21.765762,38.236766],[21.765784,38.236717],[21.765817,38.236638],[21.765874,38.236489],[21.765901,38.236427],[21.765912,38.236407],[21.765928,38.236387],[21.765951,38.236363],[21.76598,38.236338],[21.766036,38.236296],[21.76617,38.236198],[21.766211,38.236168],[21.766253,38.236132],[21.766284,38.236098],[21.766309,38.236062],[21.766324,38.236038],[21.766335,38.236015],[21.766353,38.235978],[21.766365,38.23594],[21.766373,38.235909],[21.766379,38.235878],[21.766382,38.23585],[21.766382,38.235826],[21.76636,38.235712]]},"properties":{"name":"Λυκοχώρου","lines":"102","arr":["102"],"roundabout":0,"mode":"bus","color":"#0059a9"}},{"type":"Feature","geometry":{"type":"LineString","coordinates":[[21.763646,38.239025],[21.763739,38.238845],[21.763758,38.238794],[21.763773,38.238716],[21.763783,38.238633],[21.763795,38.23858],[21.763807,38.238553],[21.763821,38.238531],[21.763846,38.238503],[21.763885,38.238469],[21.763919,38.238445],[21.763972,38.238415],[21.764013,38.238396],[21.764059,38.238381],[21.764112,38.238367],[21.764158,38.238359],[21.764219,38.238351],[21.764278,38.238348],[21.764587,38.238341],[21.76464,38.238338],[21.764702,38.238333],[21.764748,38.238328],[21.764783,38.238321],[21.764806,38.238316],[21.764881,38.238287],[21.76492,38.23827],[21.765017,38.238223],[21.765028,38.238216],[21.765039,38.238209],[21.765048,38.238202],[21.765058,38.238193],[21.765062,38.238188],[21.765066,38.238182],[21.76507,38.238176],[21.765074,38.238167],[21.765079,38.238158],[21.765081,38.23815],[21.765084,38.238142],[21.765086,38.238135],[21.765087,38.238129],[21.765088,38.238123],[21.765088,38.238117],[21.765087,38.23811],[21.765086,38.238096],[21.765084,38.238086],[21.765078,38.238063],[21.765069,38.238035],[21.765048,38.237984],[21.765022,38.237925],[21.765004,38.23789],[21.764976,38.237851],[21.764955,38.237823],[21.764937,38.237803],[21.764927,38.237791],[21.76491,38.237775],[21.76489,38.23776],[21.764865,38.237742],[21.764825,38.237711],[21.764791,38.237684],[21.76477,38.237661],[21.764759,38.237641],[21.764753,38.23762],[21.764752,38.237597],[21.764757,38.237578],[21.764774,38.237543],[21.764792,38.23752],[21.764824,38.237478],[21.764849,38.237447],[21.764886,38.237405],[21.764928,38.237372],[21.764993,38.237334],[21.765052,38.237303],[21.76519,38.237231],[21.765334,38.237153],[21.765376,38.23713],[21.765399,38.237116],[21.765423,38.237101],[21.765445,38.237085],[21.765479,38.237058],[21.765521,38.237023],[21.765581,38.236969]]},"properties":{"name":"Ιγνατίου","lines":"102","arr":["102"],"roundabout":0,"mode":"bus","color":"#0059a9"}},{"type":"Feature","geometry":{"type":"LineString","coordinates":[[21.763646,38.239025],[21.763602,38.238996],[21.763555,38.238972]]},"properties":{"name":"Ερυθρού Σταυρού","lines":"102","arr":["102"],"roundabout":0,"mode":"bus","color":"#0059a9"}},{"type":"Feature","geometry":{"type":"LineString","coordinates":[[21.76636,38.235712],[21.766522,38.235657],[21.766567,38.235641],[21.766621,38.235626],[21.766852,38.235574],[21.767169,38.235516],[21.767285,38.235491],[21.767363,38.235472],[21.767469,38.235446],[21.767553,38.235426],[21.767602,38.235415],[21.76764,38.235407],[21.767673,38.235404],[21.767711,38.235399],[21.767766,38.235396],[21.767823,38.235394],[21.767898,38.235392],[21.767973,38.235392],[21.768145,38.235396],[21.768305,38.235401],[21.768443,38.235409],[21.768684,38.235425],[21.768885,38.235442],[21.769134,38.235466],[21.769385,38.235492],[21.769646,38.235523],[21.769854,38.235551],[21.769924,38.235559],[21.76999,38.235565],[21.770071,38.235569],[21.770162,38.235569],[21.770194,38.235567],[21.770266,38.235561],[21.770324,38.235552],[21.770386,38.235534],[21.770433,38.235516],[21.770482,38.235498],[21.770537,38.235473],[21.770603,38.235439],[21.77073,38.235364],[21.77113,38.235149],[21.771282,38.235069],[21.771386,38.235003],[21.771683,38.234817],[21.771885,38.234691],[21.771969,38.234641],[21.77206,38.234584],[21.772092,38.234564],[21.772183,38.234508],[21.772308,38.234436],[21.772416,38.234379],[21.772531,38.234318],[21.772611,38.23428],[21.772954,38.234129],[21.773334,38.233964],[21.77338,38.233945],[21.773508,38.233898],[21.773651,38.233843],[21.773771,38.233797],[21.77389,38.233752],[21.773942,38.233732],[21.773987,38.233719],[21.774021,38.23371],[21.774059,38.233702],[21.774102,38.233695],[21.774142,38.233692],[21.774188,38.233688],[21.774313,38.233683],[21.774408,38.233678],[21.774519,38.233671],[21.774636,38.233661],[21.774779,38.233649],[21.774913,38.233639],[21.775004,38.233633],[21.775059,38.233629],[21.775108,38.233625],[21.775149,38.23362],[21.775189,38.233613],[21.775223,38.233606],[21.775257,38.233597],[21.775283,38.233589],[21.775319,38.233574],[21.775367,38.233554],[21.775423,38.23353],[21.775457,38.233516],[21.775485,38.233506],[21.775508,38.233501],[21.775529,38.233497],[21.77556,38.233494],[21.775594,38.233494],[21.775623,38.233496],[21.775653,38.2335],[21.775669,38.233503],[21.77569,38.233509]]},"properties":{"name":"Λυκοχορού","lines":"102","arr":["102"],"roundabout":0,"mode":"bus","color":"#0059a9"}},{"type":"Feature","geometry":{"type":"LineString","coordinates":[[21.77569,38.233509],[21.775724,38.233524],[21.775765,38.233546],[21.776029,38.233716],[21.776167,38.233816],[21.776217,38.233846],[21.776446,38.233947]]},"properties":{"name":"","lines":"102","arr":["102"],"roundabout":0,"mode":"bus","color":"#0059a9"}},{"type":"Feature","geometry":{"type":"LineString","coordinates":[[21.74801,38.268427],[21.748215,38.269011]]},"properties":{"name":"Αξιού","lines":"103","arr":["103"],"roundabout":0,"mode":"bus","color":"#0059a9"}},{"type":"Feature","geometry":{"type":"LineString","coordinates":[[21.748766,38.268194],[21.74801,38.268427]]},"properties":{"name":"Γεωργίου Χορτάντζη","lines":"103","arr":["103"],"roundabout":0,"mode":"bus","color":"#0059a9"}},{"type":"Feature","geometry":{"type":"LineString","coordinates":[[21.746264,38.265561],[21.746487,38.265476]]},"properties":{"name":"Ικτίνου","lines":"103","arr":["103"],"roundabout":0,"mode":"bus","color":"#0059a9"}},{"type":"Feature","geometry":{"type":"LineString","coordinates":[[21.745725,38.264578],[21.745446,38.264698]]},"properties":{"name":"Επαμεινώνδα","lines":"103","arr":["103"],"roundabout":0,"mode":"bus","color":"#0059a9"}},{"type":"Feature","geometry":{"type":"LineString","coordinates":[[21.745202,38.264399],[21.745388,38.264323]]},"properties":{"name":"Περικλέους","lines":"103","arr":["103"],"roundabout":0,"mode":"bus","color":"#0059a9"}},{"type":"Feature","geometry":{"type":"LineString","coordinates":[[21.745171,38.264177],[21.745045,38.264228]]},"properties":{"name":"Ασπασίας","lines":"103","arr":["103"],"roundabout":0,"mode":"bus","color":"#0059a9"}},{"type":"Feature","geometry":{"type":"LineString","coordinates":[[21.744995,38.26332],[21.744292,38.26352]]},"properties":{"name":"Αμερικής","lines":"103, 303","arr":["103","303"],"roundabout":0,"mode":"bus","color":"#0059a9"}},{"type":"Feature","geometry":{"type":"LineString","coordinates":[[21.743755,38.262341],[21.743638,38.262371]]},"properties":{"name":"","lines":"103","arr":["103"],"roundabout":0,"mode":"bus","color":"#0059a9"}},{"type":"Feature","geometry":{"type":"LineString","coordinates":[[21.74528,38.239611],[21.745345,38.239668],[21.745417,38.239728],[21.745457,38.239755],[21.74551,38.239793]]},"properties":{"name":"","lines":"103","arr":["103"],"roundabout":0,"mode":"bus","color":"#0059a9"}},{"type":"Feature","geometry":{"type":"LineString","coordinates":[[21.762102,38.235333],[21.762154,38.235365]]},"properties":{"name":"","lines":"103","arr":["103"],"roundabout":0,"mode":"bus","color":"#0059a9"}},{"type":"Feature","geometry":{"type":"LineString","coordinates":[[21.773106,38.228154],[21.773189,38.228254]]},"properties":{"name":"","lines":"103","arr":["103"],"roundabout":0,"mode":"bus","color":"#0059a9"}},{"type":"Feature","geometry":{"type":"LineString","coordinates":[[21.77336,38.228056],[21.773437,38.228155]]},"properties":{"name":"","lines":"103","arr":["103"],"roundabout":0,"mode":"bus","color":"#0059a9"}},{"type":"Feature","geometry":{"type":"LineString","coordinates":[[21.773604,38.227965],[21.773659,38.228045]]},"properties":{"name":"","lines":"103","arr":["103"],"roundabout":0,"mode":"bus","color":"#0059a9"}},{"type":"Feature","geometry":{"type":"LineString","coordinates":[[21.782251,38.228182],[21.782146,38.228559]]},"properties":{"name":"","lines":"103","arr":["103"],"roundabout":0,"mode":"bus","color":"#0059a9"}},{"type":"Feature","geometry":{"type":"LineString","coordinates":[[21.782466,38.228576],[21.782519,38.228317]]},"properties":{"name":"","lines":"103","arr":["103"],"roundabout":0,"mode":"bus","color":"#0059a9"}},{"type":"Feature","geometry":{"type":"LineString","coordinates":[[21.78275,38.228605],[21.78277,38.228257]]},"properties":{"name":"","lines":"103","arr":["103"],"roundabout":0,"mode":"bus","color":"#0059a9"}},{"type":"Feature","geometry":{"type":"LineString","coordinates":[[21.783747,38.228412],[21.783729,38.228647]]},"properties":{"name":"","lines":"103","arr":["103"],"roundabout":0,"mode":"bus","color":"#0059a9"}},{"type":"Feature","geometry":{"type":"LineString","coordinates":[[21.788412,38.229201],[21.788463,38.229072]]},"properties":{"name":"","lines":"103","arr":["103"],"roundabout":0,"mode":"bus","color":"#0059a9"}},{"type":"Feature","geometry":{"type":"LineString","coordinates":[[21.78973,38.22885],[21.789635,38.229]]},"properties":{"name":"","lines":"103","arr":["103"],"roundabout":0,"mode":"bus","color":"#0059a9"}},{"type":"Feature","geometry":{"type":"LineString","coordinates":[[21.790384,38.228822],[21.790446,38.228925]]},"properties":{"name":"","lines":"103","arr":["103"],"roundabout":0,"mode":"bus","color":"#0059a9"}},{"type":"Feature","geometry":{"type":"LineString","coordinates":[[21.790997,38.223784],[21.791378,38.223689],[21.791515,38.223655],[21.791747,38.223601],[21.791827,38.22359],[21.791898,38.223594],[21.791978,38.223596],[21.792085,38.223596],[21.792249,38.223596],[21.792914,38.223562],[21.793152,38.223548],[21.793642,38.223605],[21.793734,38.223607],[21.794069,38.22355],[21.794324,38.223515],[21.794545,38.223495],[21.794658,38.223503]]},"properties":{"name":"","lines":"103","arr":["103"],"roundabout":0,"mode":"bus","color":"#0059a9"}},{"type":"Feature","geometry":{"type":"LineString","coordinates":[[21.802826,38.217667],[21.802917,38.217643],[21.803022,38.217611],[21.803072,38.217582],[21.803112,38.217545],[21.803118,38.217524],[21.803116,38.2175],[21.803102,38.21748],[21.80305,38.217441],[21.802921,38.217355],[21.802773,38.217277],[21.802646,38.217234],[21.802449,38.217174],[21.802132,38.217061],[21.802022,38.216994],[21.801948,38.216932],[21.801925,38.216908],[21.801905,38.216878],[21.801869,38.216794],[21.801781,38.216641],[21.801716,38.21651],[21.801678,38.21638],[21.801669,38.216266],[21.801673,38.216185],[21.801573,38.216095],[21.80149,38.216016],[21.801417,38.215973]]},"properties":{"name":"","lines":"103","arr":["103"],"roundabout":0,"mode":"bus","color":"#0059a9"}},{"type":"Feature","geometry":{"type":"LineString","coordinates":[[21.740033,38.251088],[21.740618,38.251559]]},"properties":{"name":"Αλαμάνας","lines":"103","arr":["103"],"roundabout":0,"mode":"bus","color":"#0059a9"}},{"type":"Feature","geometry":{"type":"LineString","coordinates":[[21.740618,38.251559],[21.740636,38.25158],[21.740682,38.251666]]},"properties":{"name":"Αλαμάνας","lines":"103, 302","arr":["103","302"],"roundabout":0,"mode":"bus","color":"#0059a9"}},{"type":"Feature","geometry":{"type":"LineString","coordinates":[[21.740385,38.250809],[21.740124,38.251015],[21.740033,38.251088]]},"properties":{"name":"Γκότση","lines":"103","arr":["103"],"roundabout":0,"mode":"bus","color":"#0059a9"}},{"type":"Feature","geometry":{"type":"LineString","coordinates":[[21.736201,38.246606],[21.737009,38.247232],[21.737021,38.247241],[21.73805,38.248039]]},"properties":{"name":"Κορίνθου","lines":"202, 303, 601, 602, 606, 607, 608, 804","arr":["202","303","601","602","606","607","608","804"],"roundabout":0,"mode":"bus","color":"#0059a9"}},{"type":"Feature","geometry":{"type":"LineString","coordinates":[[21.73805,38.248039],[21.738947,38.24874]]},"properties":{"name":"Κορίνθου","lines":"103, 202, 302, 303, 601, 602, 606, 607, 608","arr":["103","202","302","303","601","602","606","607","608"],"roundabout":0,"mode":"bus","color":"#0059a9"}},{"type":"Feature","geometry":{"type":"LineString","coordinates":[[21.734338,38.242857],[21.734281,38.242816]]},"properties":{"name":"Αλ. Υψηλάντου","lines":"103, 701, 702","arr":["103","701","702"],"roundabout":0,"mode":"bus","color":"#0059a9"}},{"type":"Feature","geometry":{"type":"LineString","coordinates":[[21.734846,38.242719],[21.734682,38.242597]]},"properties":{"name":"25ης Μαρτίου","lines":"103, 701, 702","arr":["103","701","702"],"roundabout":0,"mode":"bus","color":"#0059a9"}},{"type":"Feature","geometry":{"type":"LineString","coordinates":[[21.743648,38.23909],[21.74356,38.238961]]},"properties":{"name":"Δανιηλίδος","lines":"103","arr":["103"],"roundabout":0,"mode":"bus","color":"#0059a9"}},{"type":"Feature","geometry":{"type":"LineString","coordinates":[[21.74551,38.239793],[21.745337,38.239865]]},"properties":{"name":"Παλαιών Πατρών Γερμανού","lines":"103","arr":["103"],"roundabout":0,"mode":"bus","color":"#0059a9"}},{"type":"Feature","geometry":{"type":"LineString","coordinates":[[21.747116,38.23978],[21.747186,38.239882]]},"properties":{"name":"Ευπαλάμου","lines":"103","arr":["103"],"roundabout":0,"mode":"bus","color":"#0059a9"}},{"type":"Feature","geometry":{"type":"LineString","coordinates":[[21.761966,38.235906],[21.761806,38.235828],[21.761786,38.235816],[21.761774,38.235807],[21.761765,38.235797],[21.761754,38.235782],[21.761651,38.235592],[21.761566,38.235439]]},"properties":{"name":"Γερμανού Καραβαγγέλη","lines":"103","arr":["103"],"roundabout":0,"mode":"bus","color":"#0059a9"}},{"type":"Feature","geometry":{"type":"LineString","coordinates":[[21.762279,38.235222],[21.762296,38.235204],[21.762317,38.235181],[21.762342,38.235157],[21.762385,38.235118],[21.762431,38.235076],[21.762457,38.23505],[21.762479,38.235026],[21.762494,38.235002],[21.762507,38.234978],[21.762526,38.234937],[21.762539,38.234906],[21.762581,38.234801],[21.762618,38.234693],[21.762637,38.234629],[21.762648,38.234586],[21.762657,38.234548],[21.762659,38.234534],[21.76266,38.234519],[21.76266,38.234505],[21.762658,38.23449],[21.762656,38.234477],[21.762654,38.234462],[21.76265,38.234449],[21.762641,38.234415],[21.76263,38.234385],[21.762618,38.234358],[21.76261,38.234341],[21.762597,38.234317],[21.762575,38.234276],[21.762569,38.234261],[21.762563,38.234248],[21.762559,38.234234],[21.762556,38.234218],[21.762553,38.234198],[21.762551,38.234168],[21.762553,38.234151],[21.762556,38.234134],[21.762561,38.23412],[21.762566,38.234109],[21.762571,38.234098],[21.76258,38.234083],[21.762591,38.23407],[21.762613,38.234048],[21.76267,38.233996],[21.762753,38.233925],[21.762935,38.233771],[21.763007,38.233709],[21.763043,38.233674],[21.763067,38.233646],[21.763089,38.233619],[21.763101,38.233596],[21.763115,38.233562],[21.763122,38.233528],[21.763125,38.233482],[21.763127,38.233361],[21.763128,38.23333],[21.763138,38.233255],[21.763141,38.233238],[21.763148,38.23322],[21.763161,38.233196],[21.763179,38.233169],[21.763186,38.233159],[21.763211,38.233129],[21.763253,38.233088],[21.763556,38.232821],[21.763675,38.232716],[21.763927,38.232505],[21.764019,38.232436],[21.764114,38.23237],[21.764254,38.232277],[21.76429,38.232255],[21.764353,38.232217],[21.764398,38.232192],[21.764451,38.232163],[21.764552,38.232113],[21.764744,38.232018],[21.764873,38.231955],[21.765014,38.231886],[21.765119,38.231835],[21.765275,38.231761],[21.765401,38.231699],[21.765452,38.231676],[21.765511,38.231653],[21.765556,38.231638],[21.765611,38.231623],[21.76566,38.231612],[21.765831,38.23158],[21.765972,38.231555],[21.766208,38.231507],[21.766292,38.231487],[21.766362,38.23147],[21.766432,38.231449],[21.766506,38.231427],[21.76654,38.231415],[21.766571,38.231404],[21.7666,38.231392],[21.76664,38.231372],[21.766694,38.231341],[21.766701,38.231337],[21.76672,38.231324],[21.766755,38.231298],[21.766799,38.231259],[21.766821,38.231235],[21.766836,38.231214],[21.766847,38.231196],[21.766859,38.231175],[21.766872,38.231148],[21.766914,38.231064],[21.766944,38.231006],[21.766966,38.230966],[21.76699,38.230923],[21.767018,38.230884],[21.767049,38.230844],[21.767081,38.230805],[21.767103,38.230781],[21.767163,38.230717],[21.767199,38.230679],[21.767289,38.230593],[21.767381,38.23051],[21.767412,38.230485],[21.767452,38.230455],[21.76751,38.230412],[21.767565,38.230374],[21.76764,38.230325],[21.767803,38.23023],[21.767863,38.230197],[21.768047,38.230093],[21.76841,38.229864],[21.768483,38.229818],[21.768637,38.22973],[21.768821,38.229626],[21.769031,38.229514],[21.769207,38.229421],[21.76936,38.229344],[21.769446,38.229304],[21.769526,38.229268],[21.769608,38.229237],[21.769669,38.229217],[21.769903,38.229149],[21.770171,38.229079],[21.770274,38.229052],[21.770495,38.228992],[21.770762,38.228925],[21.770936,38.228887],[21.77118,38.228833],[21.771431,38.228785],[21.771588,38.228759],[21.771852,38.228716],[21.771928,38.228702],[21.772013,38.228684],[21.772073,38.228669],[21.772152,38.228646],[21.772232,38.228618],[21.772333,38.228579],[21.772458,38.228528],[21.772617,38.228463],[21.772755,38.228408],[21.772984,38.228325],[21.773055,38.2283],[21.773189,38.228254],[21.773231,38.228239],[21.773323,38.228204],[21.773373,38.228183],[21.773437,38.228155],[21.773487,38.228133],[21.773564,38.228097],[21.773659,38.228045],[21.773838,38.227953],[21.773918,38.227912],[21.773968,38.227883],[21.774101,38.227806],[21.774263,38.227711],[21.774367,38.227642],[21.774422,38.227603],[21.774472,38.227564],[21.77452,38.227524],[21.774552,38.227494],[21.774582,38.227461],[21.774607,38.227429],[21.774634,38.227394],[21.774709,38.22729]]},"properties":{"name":"Δαμασκηνού","lines":"103, 104","arr":["103","104"],"roundabout":0,"mode":"bus","color":"#0059a9"}},{"type":"Feature","geometry":{"type":"LineString","coordinates":[[21.774709,38.22729],[21.774771,38.22732],[21.774901,38.227377],[21.774977,38.227407],[21.775029,38.227425],[21.775078,38.227441],[21.775134,38.227456],[21.775213,38.227474],[21.775324,38.2275],[21.775433,38.227527],[21.775554,38.227562],[21.775681,38.227611],[21.775881,38.227672],[21.77599,38.227715],[21.776039,38.227739],[21.776081,38.227765],[21.776129,38.227802],[21.776166,38.22783],[21.776204,38.227857],[21.776238,38.227876],[21.776283,38.227897],[21.776338,38.227918],[21.776392,38.227936],[21.776463,38.227957],[21.776553,38.227971],[21.776657,38.227978],[21.776794,38.227965],[21.776924,38.227942],[21.777134,38.22791],[21.777294,38.227891],[21.777477,38.227868],[21.777754,38.227841],[21.778016,38.227818],[21.778109,38.227813],[21.778167,38.22781],[21.77823,38.227811],[21.778308,38.22782],[21.778385,38.227832],[21.778457,38.227845],[21.778514,38.227859],[21.778733,38.227915],[21.778768,38.227924],[21.778876,38.227948],[21.778935,38.227955],[21.778992,38.22796],[21.779053,38.227961],[21.779106,38.22796],[21.779167,38.227938],[21.779949,38.227873],[21.7801,38.227863],[21.780247,38.227864],[21.780386,38.227873],[21.780577,38.227892],[21.780723,38.227909],[21.780871,38.227932],[21.781068,38.227974],[21.781273,38.228024],[21.781511,38.228109],[21.781672,38.228188],[21.781787,38.228275],[21.781885,38.228392],[21.781932,38.228452],[21.781968,38.228499],[21.781994,38.228521],[21.782025,38.228537],[21.782088,38.228553],[21.782146,38.228559],[21.782309,38.228561],[21.782466,38.228576],[21.782607,38.228591],[21.78275,38.228605],[21.783043,38.228624],[21.783674,38.228655],[21.783729,38.228647],[21.783966,38.228615],[21.784014,38.2286],[21.784343,38.228513],[21.784832,38.228396],[21.785235,38.2284],[21.785303,38.228423],[21.785614,38.228554],[21.78566,38.228565],[21.78579,38.22859],[21.785883,38.228616],[21.78593,38.228642],[21.785988,38.228684],[21.786032,38.228727],[21.786063,38.228779],[21.786076,38.228827],[21.786092,38.228888],[21.786111,38.228934],[21.786135,38.228964],[21.786208,38.229009],[21.786272,38.229031],[21.786393,38.229054],[21.786586,38.229078],[21.786833,38.229092],[21.787042,38.229095],[21.787373,38.22912],[21.787597,38.229136],[21.787822,38.229143],[21.78816,38.229143],[21.788257,38.229151],[21.788321,38.229168],[21.788412,38.229201],[21.788532,38.229245],[21.788627,38.229267],[21.788719,38.229269],[21.788792,38.229261],[21.788876,38.229237],[21.788952,38.229201],[21.789056,38.229121],[21.789168,38.229042],[21.789281,38.228997],[21.789328,38.228981],[21.789383,38.228971],[21.789457,38.228965],[21.789537,38.228969],[21.789635,38.229],[21.789747,38.229089],[21.789802,38.229111],[21.789859,38.229124],[21.789917,38.22912],[21.789967,38.229108],[21.790164,38.229036],[21.790446,38.228925],[21.7907,38.228853],[21.790722,38.228844],[21.790748,38.22883],[21.790835,38.228765],[21.790855,38.228755],[21.790877,38.228754],[21.791004,38.228775],[21.791184,38.22881]]},"properties":{"name":"Αγίου Δημητρίου","lines":"103, 104","arr":["103","104"],"roundabout":0,"mode":"bus","color":"#0059a9"}},{"type":"Feature","geometry":{"type":"LineString","coordinates":[[21.783058,38.228347],[21.783043,38.228624]]},"properties":{"name":"Ιπποκράτους","lines":"103","arr":["103"],"roundabout":0,"mode":"bus","color":"#0059a9"}},{"type":"Feature","geometry":{"type":"LineString","coordinates":[[21.791184,38.22881],[21.791265,38.228311],[21.791243,38.227979],[21.791295,38.227885],[21.791277,38.22782],[21.791268,38.227823],[21.791238,38.227754],[21.791264,38.227623],[21.791342,38.227515],[21.791683,38.22733],[21.792384,38.22705],[21.792481,38.227006],[21.792836,38.226847],[21.793152,38.226744],[21.793274,38.226717],[21.793303,38.22669],[21.793322,38.226673],[21.79333,38.22664]]},"properties":{"name":"Πανοράματος","lines":"103, 104","arr":["103","104"],"roundabout":0,"mode":"bus","color":"#0059a9"}},{"type":"Feature","geometry":{"type":"LineString","coordinates":[[21.793332,38.226575],[21.793307,38.226514],[21.793295,38.226484],[21.79326,38.226456],[21.793202,38.226441],[21.792909,38.226434],[21.792703,38.226404],[21.792624,38.226381],[21.792571,38.226368],[21.792511,38.226353],[21.792433,38.22634],[21.79235,38.226317],[21.792271,38.226287],[21.792184,38.226251],[21.792099,38.226212],[21.79204,38.226181],[21.792003,38.226164],[21.791961,38.226147],[21.791921,38.226137],[21.79187,38.226129],[21.791826,38.226123],[21.79176,38.22612],[21.791706,38.22612],[21.791644,38.226123],[21.791603,38.226125],[21.791561,38.226123],[21.791533,38.22612],[21.791499,38.226113],[21.791474,38.226107],[21.791448,38.226097],[21.791429,38.226088],[21.791412,38.226077],[21.791398,38.226064],[21.79139,38.22605],[21.791383,38.226028],[21.791383,38.226],[21.791386,38.225981],[21.791391,38.225963],[21.791407,38.225936],[21.791421,38.225917],[21.791444,38.225893],[21.791468,38.225865],[21.791503,38.225818],[21.79153,38.225782],[21.79155,38.225753],[21.791564,38.225731],[21.791574,38.225711],[21.791584,38.225687],[21.791594,38.225656],[21.791599,38.225632],[21.791604,38.225605],[21.79161,38.225554],[21.791616,38.225482],[21.791619,38.225395],[21.791618,38.225326],[21.791593,38.225282],[21.791573,38.225251],[21.791513,38.225193],[21.791195,38.224907],[21.791167,38.224849],[21.791167,38.224793],[21.791189,38.224707],[21.791207,38.224639],[21.791208,38.224515],[21.791176,38.224359],[21.790997,38.223784]]},"properties":{"name":"Πανοράματος","lines":"103, 104","arr":["103","104"],"roundabout":0,"mode":"bus","color":"#0059a9"}},{"type":"Feature","geometry":{"type":"LineString","coordinates":[[21.794658,38.223503],[21.794661,38.22354],[21.794671,38.223569],[21.794693,38.223592],[21.794728,38.223609],[21.794761,38.223615],[21.794794,38.223612],[21.794827,38.223599],[21.794855,38.223582],[21.794878,38.223554],[21.794896,38.223528],[21.794985,38.22339],[21.795032,38.223337],[21.795094,38.223285],[21.795381,38.223044],[21.795445,38.223017],[21.795524,38.223015],[21.795614,38.223026],[21.795974,38.223098],[21.796453,38.223159],[21.796522,38.223165],[21.796597,38.223161],[21.796665,38.223143],[21.796743,38.223087],[21.796951,38.222938],[21.797183,38.222776],[21.797363,38.222644],[21.79739,38.22261],[21.797408,38.222553],[21.797409,38.222466],[21.797381,38.222344],[21.797365,38.222281],[21.797371,38.222223],[21.797396,38.222167],[21.797454,38.22208],[21.79754,38.222007],[21.79796,38.221683],[21.798131,38.221469],[21.79827,38.22116],[21.798329,38.221082],[21.798438,38.220991],[21.798478,38.220964],[21.798566,38.22092],[21.798664,38.220879],[21.798766,38.220856],[21.798861,38.220839],[21.798897,38.220835],[21.799227,38.220797],[21.799514,38.220765],[21.799604,38.220738],[21.799677,38.220697],[21.799732,38.220654],[21.799763,38.220596],[21.800136,38.219737],[21.800227,38.219643],[21.800315,38.219609],[21.800457,38.219555]]},"properties":{"name":"Πανοράματος","lines":"103, 104","arr":["103","104"],"roundabout":0,"mode":"bus","color":"#0059a9"}},{"type":"Feature","geometry":{"type":"LineString","coordinates":[[21.79333,38.22664],[21.793332,38.226575]]},"properties":{"name":"Πάτρα - Ελικίστρα","lines":"103, 104","arr":["103","104"],"roundabout":0,"mode":"bus","color":"#0059a9"}},{"type":"Feature","geometry":{"type":"LineString","coordinates":[[21.800457,38.219555],[21.80068,38.21947],[21.801051,38.219326],[21.801231,38.219258],[21.801341,38.219228],[21.801447,38.219206],[21.801539,38.219204],[21.801645,38.219209],[21.801861,38.219242],[21.801955,38.219249],[21.802016,38.219247],[21.802077,38.219231],[21.802136,38.21921],[21.802194,38.219179],[21.802215,38.219148],[21.802219,38.219104],[21.802214,38.218906],[21.80222,38.218722],[21.802239,38.218657],[21.802271,38.218599],[21.802325,38.218545],[21.802408,38.218495],[21.802582,38.218432],[21.802663,38.218394],[21.802756,38.218336],[21.802811,38.218289],[21.802866,38.218214],[21.802908,38.21813],[21.802923,38.218059],[21.802921,38.217951],[21.802876,38.217815],[21.802845,38.217735],[21.802826,38.217667]]},"properties":{"name":"Πάτρα - Ελικίστρα","lines":"103, 104","arr":["103","104"],"roundabout":0,"mode":"bus","color":"#0059a9"}},{"type":"Feature","geometry":{"type":"LineString","coordinates":[[21.790997,38.223784],[21.790988,38.223758],[21.790979,38.223697],[21.790982,38.223604],[21.790988,38.223547],[21.790997,38.223448],[21.791008,38.223403],[21.791031,38.223361],[21.791135,38.223217],[21.791259,38.22303],[21.791298,38.222964],[21.791409,38.222772],[21.79146,38.222682],[21.791549,38.222508],[21.791659,38.222289],[21.791702,38.222205],[21.791742,38.222139],[21.791769,38.22211],[21.791797,38.222089],[21.791822,38.222074],[21.791865,38.222061],[21.791948,38.222046],[21.792185,38.222025],[21.792443,38.222002],[21.792627,38.221989],[21.792755,38.221981],[21.792847,38.221975],[21.792902,38.221972],[21.792952,38.22197],[21.793027,38.221964],[21.793101,38.22195],[21.793144,38.221933],[21.793198,38.221904],[21.793228,38.221878],[21.793264,38.221841],[21.79338,38.221677],[21.79344,38.221591],[21.793495,38.221524],[21.793529,38.221499],[21.793571,38.221466],[21.79366,38.22143],[21.793696,38.221421],[21.793727,38.221412],[21.793811,38.221402],[21.793931,38.221392],[21.794171,38.221375],[21.794787,38.221331],[21.794907,38.221322],[21.79498,38.221324],[21.795029,38.221326],[21.795057,38.221358],[21.795079,38.221401],[21.795107,38.221505],[21.795201,38.22189],[21.795218,38.221989],[21.795223,38.222019],[21.795237,38.222137],[21.79524,38.2222],[21.795241,38.222254],[21.795236,38.222296],[21.795224,38.222352],[21.795187,38.222447],[21.795096,38.222609],[21.794954,38.222914],[21.794851,38.223125],[21.79475,38.223305],[21.794686,38.223422],[21.794658,38.223503]]},"properties":{"name":"Πανοράματος","lines":"104","arr":["104"],"roundabout":0,"mode":"bus","color":"#0059a9"}},{"type":"Feature","geometry":{"type":"LineString","coordinates":[[21.802826,38.217667],[21.80276,38.21758],[21.802736,38.217557],[21.802695,38.217531],[21.802642,38.217511],[21.802493,38.217493],[21.802124,38.217474],[21.801935,38.217445],[21.801598,38.217378],[21.801396,38.217335],[21.801264,38.217298],[21.801226,38.217276],[21.801195,38.217242],[21.801179,38.217189],[21.801169,38.217124],[21.801169,38.216721],[21.801159,38.216655],[21.801138,38.216584],[21.801098,38.216446],[21.801029,38.216275],[21.800969,38.216187],[21.80094,38.216158],[21.800888,38.21612],[21.800763,38.216058],[21.800686,38.216009],[21.800621,38.21595],[21.800586,38.21587],[21.800578,38.215788],[21.800544,38.215424],[21.800544,38.215276],[21.800631,38.215092]]},"properties":{"name":"Πάτρα - Ελικίστρα","lines":"104","arr":["104"],"roundabout":0,"mode":"bus","color":"#0059a9"}},{"type":"Feature","geometry":{"type":"LineString","coordinates":[[21.801397,38.215961],[21.801232,38.21592],[21.80113,38.215875],[21.801042,38.215832],[21.800961,38.215756],[21.800849,38.215547],[21.800715,38.215249],[21.800631,38.215092]]},"properties":{"name":"","lines":"104","arr":["104"],"roundabout":0,"mode":"bus","color":"#0059a9"}},{"type":"Feature","geometry":{"type":"LineString","coordinates":[[21.765401,38.228665],[21.765325,38.228661],[21.765274,38.228667],[21.765207,38.228681],[21.764538,38.228843],[21.763943,38.228986],[21.763232,38.229162],[21.762541,38.229344],[21.761706,38.229556],[21.761167,38.22969],[21.76112,38.229697],[21.761077,38.229701],[21.761048,38.229701],[21.761013,38.229697],[21.760981,38.22969],[21.760962,38.229682],[21.760945,38.22967],[21.76084,38.229578]]},"properties":{"name":"Ευρυβιάδου","lines":"104","arr":["104"],"roundabout":0,"mode":"bus","color":"#0059a9"}},{"type":"Feature","geometry":{"type":"LineString","coordinates":[[21.745303,38.240197],[21.745397,38.240214]]},"properties":{"name":"Παλαιών Πατρών Γερμανού","lines":"104, 401, 402","arr":["104","401","402"],"roundabout":0,"mode":"bus","color":"#0059a9"}},{"type":"Feature","geometry":{"type":"LineString","coordinates":[[21.745303,38.240197],[21.745301,38.240179],[21.745299,38.240152],[21.745294,38.240123],[21.745287,38.24009],[21.745265,38.240004],[21.745245,38.239908],[21.745209,38.239744],[21.745166,38.239598],[21.745134,38.23947],[21.745115,38.239396],[21.7451,38.239322],[21.745091,38.239274],[21.745082,38.239224],[21.745076,38.239175],[21.745072,38.239124],[21.745066,38.239039],[21.745047,38.238843],[21.745039,38.238718],[21.745032,38.238627],[21.745028,38.238548],[21.745028,38.238486]]},"properties":{"name":"3ου Ορειβατικού","lines":"104","arr":["104"],"roundabout":0,"mode":"bus","color":"#0059a9"}},{"type":"Feature","geometry":{"type":"LineString","coordinates":[[21.745028,38.238486],[21.74477,38.238417],[21.744696,38.238396],[21.744593,38.238372]]},"properties":{"name":"ΕΟ33","lines":"104","arr":["104"],"roundabout":0,"mode":"bus","color":"#0059a9"}},{"type":"Feature","geometry":{"type":"LineString","coordinates":[[21.74356,38.238961],[21.744384,38.238491],[21.744593,38.238372]]},"properties":{"name":"Γούναρη","lines":"104, 701, 702, 801, 803, 804","arr":["104","701","702","801","803","804"],"roundabout":0,"mode":"bus","color":"#0059a9"}},{"type":"Feature","geometry":{"type":"LineString","coordinates":[[21.732278,38.244502],[21.731629,38.245048],[21.731607,38.245068],[21.731568,38.2451],[21.731252,38.245367],[21.731099,38.245495],[21.730929,38.245639],[21.730904,38.24566]]},"properties":{"name":"Γούναρη","lines":"104, 501, 502, 610","arr":["104","501","502","610"],"roundabout":0,"mode":"bus","color":"#0059a9"}},{"type":"Feature","geometry":{"type":"LineString","coordinates":[[21.730929,38.245639],[21.73145,38.246052],[21.731837,38.246359],[21.732199,38.246647],[21.732553,38.246928],[21.732998,38.247281],[21.73343,38.247623]]},"properties":{"name":"Αγίου Ανδρέου","lines":"104, 118, 502, 503","arr":["104","118","502","503"],"roundabout":0,"mode":"bus","color":"#0059a9"}},{"type":"Feature","geometry":{"type":"LineString","coordinates":[[21.73343,38.247623],[21.734145,38.248191],[21.734198,38.248233],[21.734981,38.248854],[21.735495,38.249262],[21.735956,38.249628],[21.736033,38.249689]]},"properties":{"name":"Αγίου Ανδρέου","lines":"104, 111, 118, 502, 503","arr":["104","111","118","502","503"],"roundabout":0,"mode":"bus","color":"#0059a9"}},{"type":"Feature","geometry":{"type":"LineString","coordinates":[[21.736033,38.249689],[21.736488,38.25005],[21.736828,38.25032],[21.736887,38.250367],[21.737464,38.250825]]},"properties":{"name":"Αγίου Ανδρέου","lines":"104, 111, 118, 502, 503, 804","arr":["104","111","118","502","503","804"],"roundabout":0,"mode":"bus","color":"#0059a9"}},{"type":"Feature","geometry":{"type":"LineString","coordinates":[[21.737464,38.250825],[21.737536,38.250886]]},"properties":{"name":"Αγίου Ανδρέου","lines":"104, 111, 502, 503, 804","arr":["104","111","502","503","804"],"roundabout":0,"mode":"bus","color":"#0059a9"}},{"type":"Feature","geometry":{"type":"LineString","coordinates":[[21.737536,38.250886],[21.737852,38.251543],[21.737881,38.25162],[21.73803,38.252127]]},"properties":{"name":"Αγίου Ανδρέου","lines":"104, 111, 502, 503, 804, 901","arr":["104","111","502","503","804","901"],"roundabout":0,"mode":"bus","color":"#0059a9"}},{"type":"Feature","geometry":{"type":"LineString","coordinates":[[21.73803,38.252127],[21.738256,38.25296],[21.738276,38.253037],[21.738342,38.253296]]},"properties":{"name":"Αγίου Διονυσίου","lines":"104, 111, 502, 503, 804, 901","arr":["104","111","502","503","804","901"],"roundabout":0,"mode":"bus","color":"#0059a9"}},{"type":"Feature","geometry":{"type":"LineString","coordinates":[[21.738342,38.253296],[21.738384,38.25344],[21.738401,38.253498]]},"properties":{"name":"Αγίου Διονυσίου","lines":"104, 111, 901","arr":["104","111","901"],"roundabout":0,"mode":"bus","color":"#0059a9"}},{"type":"Feature","geometry":{"type":"LineString","coordinates":[[21.738401,38.253498],[21.738459,38.25367],[21.738623,38.254163],[21.738759,38.25458]]},"properties":{"name":"Αγίου Διονυσίου","lines":"104, 901","arr":["104","901"],"roundabout":0,"mode":"bus","color":"#0059a9"}},{"type":"Feature","geometry":{"type":"LineString","coordinates":[[21.738759,38.25458],[21.739379,38.254431],[21.739952,38.254287],[21.740015,38.254271],[21.74026,38.254208]]},"properties":{"name":"Φαβιέρου","lines":"104, 901","arr":["104","901"],"roundabout":0,"mode":"bus","color":"#0059a9"}},{"type":"Feature","geometry":{"type":"LineString","coordinates":[[21.763191,38.23896],[21.763156,38.238946],[21.763031,38.238887],[21.762653,38.238704],[21.762305,38.23853],[21.761997,38.238392],[21.761935,38.238366],[21.761859,38.238339],[21.761798,38.238317],[21.76174,38.238299],[21.761682,38.238279],[21.761629,38.238261],[21.761583,38.238243],[21.761535,38.238224],[21.761472,38.238192],[21.761416,38.238162],[21.761347,38.238121],[21.761266,38.238075],[21.761225,38.238054],[21.761176,38.238032],[21.760924,38.237924],[21.76088,38.237904],[21.760799,38.237861],[21.760759,38.23784],[21.760719,38.237816],[21.760667,38.237779],[21.760547,38.237694],[21.760494,38.237658],[21.760481,38.23765],[21.760471,38.237645],[21.760456,38.237639],[21.760439,38.237634],[21.760417,38.23763],[21.760376,38.237626],[21.760333,38.237624],[21.760302,38.237625],[21.760257,38.237634],[21.760209,38.237651],[21.760053,38.237717],[21.759785,38.237827],[21.759678,38.23787],[21.75961,38.237895],[21.759565,38.237908],[21.759518,38.237917],[21.759491,38.23792],[21.759465,38.237921],[21.759443,38.237922],[21.759423,38.23792],[21.759402,38.237917],[21.759384,38.237912],[21.75937,38.237908],[21.759356,38.2379],[21.759339,38.237889],[21.759326,38.237879],[21.759296,38.237857],[21.759267,38.237832],[21.759231,38.237801],[21.759195,38.237771],[21.759165,38.237749],[21.75914,38.237732],[21.759116,38.237718],[21.759098,38.237709],[21.759077,38.2377],[21.759044,38.237687],[21.759006,38.237677],[21.758966,38.23767],[21.758929,38.237666],[21.758873,38.237662],[21.758801,38.237662],[21.758743,38.237662],[21.758722,38.237664],[21.758356,38.237699],[21.758293,38.237703],[21.75825,38.237702],[21.758199,38.2377],[21.758155,38.237696],[21.758115,38.237692],[21.758086,38.237688],[21.758057,38.237682],[21.758037,38.237678],[21.758018,38.237673],[21.757998,38.237667],[21.757981,38.237661],[21.757956,38.237652],[21.757928,38.237641],[21.757887,38.237625],[21.757842,38.237609],[21.75781,38.237599],[21.757791,38.237595],[21.757773,38.237592],[21.757744,38.23759],[21.757727,38.23759],[21.757715,38.23759],[21.757693,38.237591],[21.757667,38.237594],[21.757648,38.237597],[21.757624,38.237603],[21.757594,38.237612],[21.757572,38.237622],[21.75754,38.237638],[21.757513,38.237655],[21.757478,38.237679],[21.757427,38.237715],[21.757382,38.237744],[21.757319,38.237778],[21.757236,38.237805],[21.757149,38.237825],[21.757002,38.237856],[21.756966,38.237864],[21.756618,38.237941],[21.75654,38.237957],[21.756359,38.237985],[21.756231,38.238],[21.756124,38.238009],[21.756023,38.238014],[21.755946,38.238016],[21.755905,38.238014],[21.75588,38.238011],[21.755853,38.238004],[21.755834,38.237997],[21.755815,38.237988],[21.755795,38.237976],[21.75578,38.237964],[21.755765,38.237949],[21.755603,38.237751],[21.755529,38.237663]]},"properties":{"name":"Ερυθρού Σταυρού","lines":"104","arr":["104"],"roundabout":0,"mode":"bus","color":"#0059a9"}},{"type":"Feature","geometry":{"type":"LineString","coordinates":[[21.753913,38.238644],[21.753897,38.238701],[21.753885,38.238729],[21.753865,38.238765],[21.753856,38.238782],[21.753835,38.238814],[21.753805,38.238856],[21.753763,38.238906],[21.753729,38.238936],[21.753691,38.238965],[21.753659,38.238984],[21.753621,38.239006],[21.753298,38.23916],[21.753222,38.239201],[21.752973,38.239356]]},"properties":{"name":"Λυσίου","lines":"104","arr":["104"],"roundabout":0,"mode":"bus","color":"#0059a9"}},{"type":"Feature","geometry":{"type":"LineString","coordinates":[[21.752973,38.239356],[21.75293,38.239311],[21.752903,38.239284],[21.752875,38.239253],[21.752842,38.23921],[21.752756,38.239097],[21.752696,38.239012],[21.752631,38.238922],[21.752555,38.238817],[21.75247,38.238703],[21.752421,38.238646],[21.752398,38.238619],[21.752362,38.238581],[21.752334,38.238553],[21.752307,38.238533],[21.752285,38.23852],[21.752262,38.238506],[21.752234,38.238492],[21.752211,38.238481],[21.75218,38.238467],[21.752153,38.238455],[21.752113,38.23844]]},"properties":{"name":"Ιερού Λόχου","lines":"104","arr":["104"],"roundabout":0,"mode":"bus","color":"#0059a9"}},{"type":"Feature","geometry":{"type":"LineString","coordinates":[[21.730219,38.246241],[21.730318,38.246157],[21.7306,38.245918],[21.730893,38.245669],[21.730904,38.24566]]},"properties":{"name":"Γούναρη","lines":"501, 502, 610","arr":["501","502","610"],"roundabout":0,"mode":"bus","color":"#0059a9"}},{"type":"Feature","geometry":{"type":"LineString","coordinates":[[21.739372,38.26728],[21.739253,38.267277],[21.739138,38.267274],[21.738998,38.267266],[21.738975,38.267269],[21.738955,38.267278],[21.738941,38.267293],[21.738937,38.267311],[21.738933,38.267708]]},"properties":{"name":"","lines":"111","arr":["111"],"roundabout":0,"mode":"bus","color":"#0059a9"}},{"type":"Feature","geometry":{"type":"LineString","coordinates":[[21.738401,38.253498],[21.73835,38.253598],[21.738339,38.253613],[21.738305,38.253646],[21.738285,38.253664],[21.738266,38.253678],[21.738213,38.253713],[21.738119,38.253756]]},"properties":{"name":"","lines":"111","arr":["111"],"roundabout":0,"mode":"bus","color":"#0059a9"}},{"type":"Feature","geometry":{"type":"LineString","coordinates":[[21.739372,38.26728],[21.739381,38.265806],[21.739386,38.26565],[21.739388,38.265565],[21.739393,38.265325],[21.739398,38.26513],[21.739402,38.264966],[21.739403,38.264695],[21.739404,38.264473],[21.739402,38.264303],[21.739397,38.263862],[21.739372,38.263496],[21.739339,38.26327],[21.739271,38.262819],[21.739064,38.261498],[21.738893,38.2605],[21.738785,38.259825],[21.738769,38.259729],[21.738741,38.259586],[21.738672,38.259222],[21.738661,38.259174],[21.738629,38.259028],[21.738552,38.258683],[21.738517,38.258509],[21.738511,38.258477],[21.738455,38.258206],[21.738417,38.257988],[21.738388,38.257768]]},"properties":{"name":"Ηρώων Πολυτεχνείου","lines":"111","arr":["111"],"roundabout":0,"mode":"bus","color":"#0059a9"}},{"type":"Feature","geometry":{"type":"LineString","coordinates":[[21.737174,38.253964],[21.737196,38.254056],[21.737208,38.254185],[21.737258,38.254292],[21.737385,38.254521],[21.737601,38.2549],[21.7377,38.255062],[21.737847,38.255392],[21.737916,38.255681],[21.737933,38.255751],[21.738131,38.256591],[21.738203,38.257039],[21.738217,38.257125],[21.738289,38.257438],[21.738388,38.257768],[21.738357,38.257365],[21.73831,38.256949],[21.73821,38.256315],[21.738161,38.256071],[21.738089,38.255795],[21.737962,38.255444],[21.737871,38.255244],[21.737747,38.255014],[21.737429,38.254458],[21.737361,38.254305],[21.737351,38.254231],[21.737349,38.254148],[21.737384,38.254012],[21.737547,38.253895]]},"properties":{"name":"Ηρώων Πολυτεχνείου","lines":"111","arr":["111"],"roundabout":0,"mode":"bus","color":"#0059a9"}},{"type":"Feature","geometry":{"type":"LineString","coordinates":[[21.737174,38.253964],[21.736926,38.253191],[21.736689,38.252354]]},"properties":{"name":"Όθωνος-Αμαλίας","lines":"111, 609, 610, 902","arr":["111","609","610","902"],"roundabout":0,"mode":"bus","color":"#0059a9"}},{"type":"Feature","geometry":{"type":"LineString","coordinates":[[21.736689,38.252354],[21.736432,38.251448],[21.73641,38.251356],[21.736399,38.251312],[21.736324,38.251012],[21.736279,38.250843],[21.736277,38.250835],[21.736242,38.250707],[21.736229,38.250658],[21.736198,38.25057],[21.736179,38.250525],[21.736153,38.250464],[21.736067,38.250327],[21.736031,38.25028],[21.735991,38.250234],[21.735934,38.250183],[21.73567,38.249977],[21.735536,38.249877]]},"properties":{"name":"Όθωνος-Αμαλίας","lines":"111, 609, 610","arr":["111","609","610"],"roundabout":0,"mode":"bus","color":"#0059a9"}},{"type":"Feature","geometry":{"type":"LineString","coordinates":[[21.735536,38.249877],[21.735032,38.24949],[21.734593,38.249168],[21.734469,38.249064],[21.733816,38.248538]]},"properties":{"name":"Όθωνος-Αμαλίας","lines":"111, 501, 502, 606, 607, 608, 609, 610, 801, 803","arr":["111","501","502","606","607","608","609","610","801","803"],"roundabout":0,"mode":"bus","color":"#0059a9"}},{"type":"Feature","geometry":{"type":"LineString","coordinates":[[21.733816,38.248538],[21.733053,38.247922]]},"properties":{"name":"Όθωνος-Αμαλίας","lines":"111, 501, 502, 610","arr":["111","501","502","610"],"roundabout":0,"mode":"bus","color":"#0059a9"}},{"type":"Feature","geometry":{"type":"LineString","coordinates":[[21.733053,38.247922],[21.732179,38.247234],[21.731918,38.247043],[21.731853,38.246996],[21.731798,38.246966],[21.731701,38.246919],[21.731347,38.246773],[21.73093,38.246613],[21.7308,38.246558],[21.730704,38.246512],[21.730567,38.246442],[21.73026,38.246265],[21.730219,38.246241]]},"properties":{"name":"Όθωνος-Αμαλίας","lines":"501, 502, 610","arr":["501","502","610"],"roundabout":0,"mode":"bus","color":"#0059a9"}},{"type":"Feature","geometry":{"type":"LineString","coordinates":[[21.73343,38.247623],[21.733053,38.247922]]},"properties":{"name":"Γεροκωστοπούλου","lines":"111","arr":["111"],"roundabout":0,"mode":"bus","color":"#0059a9"}},{"type":"Feature","geometry":{"type":"LineString","coordinates":[[21.738119,38.253756],[21.737886,38.253815],[21.7377,38.253859],[21.737547,38.253895]]},"properties":{"name":"Νόρμαν","lines":"111, 609, 610, 902","arr":["111","609","610","902"],"roundabout":0,"mode":"bus","color":"#0059a9"}},{"type":"Feature","geometry":{"type":"LineString","coordinates":[[21.721108,38.223947],[21.721162,38.224182],[21.721178,38.224239],[21.721199,38.224306],[21.721228,38.224382],[21.721265,38.224469],[21.721304,38.224563],[21.721323,38.224595],[21.721342,38.224628],[21.72138,38.224684],[21.721431,38.224759],[21.721479,38.224823],[21.721547,38.224911],[21.721616,38.224997],[21.721942,38.225386],[21.72211,38.22558],[21.722166,38.225647],[21.722188,38.225672],[21.722284,38.22579],[21.722352,38.225889],[21.722412,38.225985],[21.722484,38.226118],[21.722581,38.22631],[21.722697,38.226552],[21.722827,38.226835],[21.723073,38.227412],[21.723309,38.227973],[21.723487,38.228398],[21.723584,38.228667],[21.723669,38.228925],[21.723772,38.229247],[21.723914,38.229725],[21.724338,38.231242],[21.724392,38.231466],[21.724433,38.23165],[21.724472,38.231856],[21.724491,38.231945],[21.724495,38.231969],[21.724516,38.232069],[21.724523,38.232108],[21.724819,38.233564],[21.725351,38.236189],[21.725892,38.238939],[21.725904,38.239001],[21.72592,38.239079],[21.725975,38.239337],[21.726352,38.241114]]},"properties":{"name":"Ακτή Δυμαίων","lines":"501, 502","arr":["501","502"],"roundabout":0,"mode":"bus","color":"#0059a9"}},{"type":"Feature","geometry":{"type":"LineString","coordinates":[[21.719963,38.219391],[21.719866,38.219085],[21.719837,38.218992],[21.719768,38.218783],[21.719626,38.218331],[21.719566,38.218127],[21.719483,38.217847],[21.71942,38.217627],[21.719354,38.217412],[21.719278,38.217183],[21.719216,38.217004],[21.719168,38.216887],[21.719123,38.216784],[21.7189,38.216267],[21.718839,38.216138],[21.71879,38.216046],[21.718612,38.215734],[21.718213,38.215001],[21.718174,38.214925],[21.718148,38.214876],[21.718136,38.214852],[21.71807,38.21472],[21.717997,38.214577],[21.717972,38.214521],[21.717944,38.214457],[21.717887,38.214331],[21.717723,38.213948],[21.717667,38.213812],[21.717529,38.213523],[21.717372,38.2132],[21.717358,38.213174],[21.717245,38.212962],[21.717227,38.212929],[21.717134,38.212761],[21.717097,38.212689],[21.717049,38.212598],[21.716886,38.212302],[21.716856,38.212245],[21.716693,38.211932],[21.716672,38.211891],[21.716615,38.211796],[21.716532,38.211667],[21.716467,38.21157],[21.716389,38.21146],[21.716307,38.211357],[21.71626,38.211298],[21.716194,38.211227],[21.715969,38.211016],[21.715817,38.210883],[21.715742,38.210825],[21.715613,38.210736],[21.715404,38.21062]]},"properties":{"name":"Ακτή Δυμαίων","lines":"501, 502","arr":["501","502"],"roundabout":0,"mode":"bus","color":"#0059a9"}},{"type":"Feature","geometry":{"type":"LineString","coordinates":[[21.721108,38.223947],[21.721071,38.22377],[21.720971,38.223322],[21.720874,38.222851],[21.720793,38.222467],[21.720735,38.222201],[21.720682,38.221986],[21.720543,38.221439],[21.720457,38.221113],[21.72038,38.220826],[21.72029,38.220476],[21.720219,38.220211],[21.720158,38.219984],[21.720078,38.219723],[21.719963,38.219391]]},"properties":{"name":"Ακτή Δυμαίων","lines":"118, 501, 502","arr":["118","501","502"],"roundabout":0,"mode":"bus","color":"#0059a9"}},{"type":"Feature","geometry":{"type":"LineString","coordinates":[[21.719963,38.219391],[21.719819,38.219236],[21.719754,38.219189],[21.719716,38.219171],[21.719634,38.219148],[21.719382,38.21912],[21.719263,38.219201],[21.719176,38.219329],[21.719112,38.219558],[21.719126,38.219593],[21.719153,38.219636],[21.719194,38.219683],[21.719418,38.219914],[21.719641,38.220141],[21.719781,38.220343],[21.719893,38.220621],[21.720149,38.22168],[21.720174,38.22183],[21.720183,38.221962]]},"properties":{"name":"","lines":"118","arr":["118"],"roundabout":0,"mode":"bus","color":"#0059a9"}},{"type":"Feature","geometry":{"type":"LineString","coordinates":[[21.720223,38.222096],[21.720274,38.222156],[21.720319,38.222237],[21.720472,38.222966],[21.720656,38.223792],[21.720674,38.223956],[21.720717,38.224122],[21.720752,38.224249],[21.720794,38.224388],[21.7209,38.224591],[21.721086,38.224927],[21.721409,38.225324],[21.721452,38.225386],[21.721407,38.225508],[21.721373,38.225572],[21.721344,38.225612],[21.721258,38.225668],[21.721185,38.225715],[21.721223,38.225812],[21.721243,38.225876],[21.721267,38.225929]]},"properties":{"name":"","lines":"118","arr":["118"],"roundabout":0,"mode":"bus","color":"#0059a9"}},{"type":"Feature","geometry":{"type":"LineString","coordinates":[[21.721413,38.226363],[21.7214,38.22633],[21.721356,38.226165],[21.721267,38.225929],[21.721385,38.225903],[21.721443,38.225893],[21.72149,38.225887],[21.721569,38.225886],[21.72164,38.225893],[21.721698,38.225913],[21.721756,38.225946],[21.721808,38.225996],[21.721884,38.226069],[21.721959,38.226093],[21.722023,38.226211],[21.722083,38.226321],[21.722152,38.226451],[21.722233,38.226609],[21.722294,38.226738],[21.72236,38.226881],[21.722424,38.227037],[21.722589,38.227455],[21.722676,38.227688],[21.722766,38.227923],[21.723032,38.228619],[21.723185,38.229053],[21.723288,38.229341],[21.723354,38.229554],[21.723699,38.230438],[21.723718,38.230499],[21.723748,38.23062],[21.723767,38.230715],[21.723792,38.230854],[21.723863,38.231352],[21.723904,38.231567],[21.723925,38.231638],[21.723958,38.2317],[21.723993,38.231754],[21.724041,38.2318],[21.724102,38.231838],[21.724172,38.231864],[21.724247,38.231877],[21.724324,38.231875],[21.724367,38.231871],[21.724472,38.231856]]},"properties":{"name":"","lines":"118","arr":["118"],"roundabout":0,"mode":"bus","color":"#0059a9"}},{"type":"Feature","geometry":{"type":"LineString","coordinates":[[21.724472,38.231856],[21.724629,38.231838]]},"properties":{"name":"Ελευθερίου Βενιζέλου","lines":"118","arr":["118"],"roundabout":0,"mode":"bus","color":"#0059a9"}},{"type":"Feature","geometry":{"type":"LineString","coordinates":[[21.724629,38.231838],[21.724647,38.231925],[21.724671,38.232052],[21.724682,38.232102],[21.724761,38.232475],[21.724803,38.232675],[21.724973,38.233553],[21.72515,38.234471],[21.725233,38.234874],[21.725271,38.235061],[21.72545,38.235886],[21.725513,38.236182],[21.725602,38.236649],[21.725894,38.238188],[21.725941,38.238429],[21.726034,38.238883],[21.726041,38.238924],[21.726052,38.238985],[21.72619,38.239624],[21.726242,38.239864],[21.726386,38.240531],[21.726468,38.240911],[21.726508,38.241096],[21.726531,38.241199],[21.726556,38.241324],[21.726578,38.241463],[21.726611,38.241702],[21.726641,38.241956],[21.72671,38.242447],[21.726733,38.242642],[21.72678,38.243006],[21.726801,38.243153],[21.72685,38.24351],[21.726866,38.243613],[21.726878,38.243688],[21.726889,38.243731],[21.726901,38.243764],[21.726915,38.243797],[21.726934,38.243828],[21.726979,38.243882],[21.72704,38.243936],[21.727102,38.243972],[21.72717,38.243998],[21.727192,38.244004],[21.727203,38.244007],[21.727223,38.244012],[21.727268,38.244019],[21.727286,38.244022],[21.727337,38.244026],[21.727402,38.244024],[21.727448,38.244016]]},"properties":{"name":"Ακτή Δυμαίων","lines":"118, 502, 503","arr":["118","502","503"],"roundabout":0,"mode":"bus","color":"#0059a9"}},{"type":"Feature","geometry":{"type":"LineString","coordinates":[[21.727448,38.244016],[21.727453,38.244015],[21.727508,38.243998],[21.727565,38.243975],[21.727642,38.243938],[21.727703,38.243907],[21.727878,38.243815],[21.728352,38.243565]]},"properties":{"name":"Τριών Ναυάρχων","lines":"118, 502, 503","arr":["118","502","503"],"roundabout":0,"mode":"bus","color":"#0059a9"}},{"type":"Feature","geometry":{"type":"LineString","coordinates":[[21.728352,38.243565],[21.728454,38.243647],[21.728853,38.243968],[21.729265,38.244299],[21.729436,38.244437],[21.72962,38.244585],[21.729709,38.244657],[21.730127,38.244993],[21.730543,38.245328],[21.730723,38.245473],[21.730861,38.245584],[21.730929,38.245639]]},"properties":{"name":"Αγίου Ανδρέου","lines":"118, 502, 503","arr":["118","502","503"],"roundabout":0,"mode":"bus","color":"#0059a9"}},{"type":"Feature","geometry":{"type":"LineString","coordinates":[[21.737464,38.250825],[21.737181,38.251047],[21.737148,38.251071],[21.73709,38.251109],[21.736818,38.251247]]},"properties":{"name":"Ζαΐμη","lines":"118","arr":["118"],"roundabout":0,"mode":"bus","color":"#0059a9"}},{"type":"Feature","geometry":{"type":"LineString","coordinates":[[21.761645,38.264857],[21.761608,38.264896],[21.761572,38.264925],[21.761549,38.264939],[21.761483,38.264964],[21.761024,38.265131],[21.760732,38.265219],[21.760497,38.265291],[21.760359,38.26534],[21.760002,38.265462],[21.759718,38.265548],[21.759431,38.265636],[21.759149,38.265725],[21.758923,38.265795],[21.758852,38.265816],[21.758598,38.265897],[21.758051,38.266073],[21.757154,38.266371]]},"properties":{"name":"Αρέθα","lines":"201, 609","arr":["201","609"],"roundabout":0,"mode":"bus","color":"#0059a9"}},{"type":"Feature","geometry":{"type":"LineString","coordinates":[[21.752159,38.260679],[21.752026,38.260517],[21.751867,38.260376],[21.751742,38.260284],[21.751645,38.260195],[21.751548,38.260092],[21.751496,38.260019],[21.751394,38.259863],[21.751137,38.259469],[21.751026,38.259281],[21.750921,38.259111],[21.750845,38.259014],[21.750741,38.258901],[21.750597,38.258773],[21.750493,38.258697],[21.75046,38.258675],[21.75042,38.258649],[21.750318,38.258589],[21.750236,38.258547],[21.750189,38.258528],[21.749435,38.258258],[21.749341,38.258224],[21.749177,38.258148],[21.748942,38.258052],[21.74888,38.258022],[21.748816,38.257994],[21.748747,38.257956],[21.748553,38.25784],[21.748512,38.257818]]},"properties":{"name":"Πανεπιστημίου","lines":"201, 202, 303, 601, 606, 607, 608","arr":["201","202","303","601","606","607","608"],"roundabout":0,"mode":"bus","color":"#0059a9"}},{"type":"Feature","geometry":{"type":"LineString","coordinates":[[21.752159,38.260679],[21.752395,38.260957],[21.752662,38.261166],[21.752789,38.261235],[21.752984,38.261271],[21.753178,38.261308],[21.753316,38.261311],[21.753549,38.261314],[21.753613,38.261315],[21.753665,38.261318],[21.753712,38.261325],[21.753769,38.261337],[21.753807,38.261349],[21.753832,38.26136],[21.753853,38.261371],[21.753874,38.261386],[21.753891,38.261403],[21.753921,38.261432],[21.753964,38.261485],[21.753996,38.261527],[21.754029,38.261576],[21.754062,38.261633],[21.754106,38.261717],[21.754153,38.261816],[21.754167,38.261847],[21.754188,38.261893],[21.754203,38.261936],[21.754212,38.261969],[21.754219,38.262003],[21.754225,38.262071],[21.754227,38.262135],[21.754225,38.262203],[21.754217,38.262313],[21.754204,38.262453],[21.754189,38.262588],[21.754176,38.262693],[21.754167,38.262751],[21.754158,38.262795],[21.754143,38.262845],[21.754128,38.262893],[21.754107,38.262952],[21.754089,38.262997],[21.754061,38.263059],[21.754024,38.263145],[21.753989,38.263226],[21.753943,38.263334],[21.753936,38.263355],[21.753927,38.263392],[21.753917,38.263434],[21.753912,38.263479],[21.753907,38.263535],[21.753908,38.263584],[21.753914,38.263647],[21.753927,38.263703],[21.753953,38.263771],[21.753984,38.263829],[21.754011,38.26387],[21.754048,38.263918],[21.754072,38.263946],[21.754138,38.264012],[21.754191,38.264058],[21.754468,38.264297],[21.754561,38.264376],[21.7549,38.264686],[21.755075,38.264867],[21.75512,38.264918],[21.755166,38.264972],[21.755273,38.265105],[21.755428,38.265291],[21.755549,38.265439],[21.755719,38.265628],[21.755748,38.265656],[21.755783,38.265685],[21.755822,38.265713],[21.755868,38.265738],[21.755924,38.265765],[21.756004,38.265798],[21.756093,38.265835],[21.756189,38.265872],[21.756283,38.265907],[21.756366,38.265936],[21.756533,38.265993],[21.75658,38.266009]]},"properties":{"name":"Πανεπιστημίου","lines":"201, 202, 601, 606, 607, 608, 609","arr":["201","202","601","606","607","608","609"],"roundabout":0,"mode":"bus","color":"#0059a9"}},{"type":"Feature","geometry":{"type":"LineString","coordinates":[[21.75658,38.266009],[21.756587,38.266011],[21.756646,38.266033],[21.756713,38.266061],[21.75679,38.266097],[21.756841,38.266122],[21.756896,38.266154],[21.756935,38.266186],[21.756974,38.266213],[21.757025,38.266254],[21.757076,38.266298],[21.757154,38.266371]]},"properties":{"name":"Πανεπιστημίου","lines":"201, 601, 606, 608, 609","arr":["201","601","606","608","609"],"roundabout":0,"mode":"bus","color":"#0059a9"}},{"type":"Feature","geometry":{"type":"LineString","coordinates":[[21.748512,38.257818],[21.748368,38.257778],[21.748136,38.257695]]},"properties":{"name":"Πανεπιστημίου","lines":"201, 608","arr":["201","608"],"roundabout":0,"mode":"bus","color":"#0059a9"}},{"type":"Feature","geometry":{"type":"LineString","coordinates":[[21.748136,38.257695],[21.747971,38.257645]]},"properties":{"name":"Πανεπιστημίου","lines":"201, 303","arr":["201","303"],"roundabout":0,"mode":"bus","color":"#0059a9"}},{"type":"Feature","geometry":{"type":"LineString","coordinates":[[21.747971,38.257645],[21.747974,38.257496],[21.747973,38.257426],[21.747967,38.257351],[21.747956,38.257276],[21.747936,38.257178],[21.747916,38.257099],[21.747892,38.257002],[21.747863,38.256908],[21.74784,38.256846],[21.747811,38.256797],[21.747789,38.256771],[21.747764,38.256744],[21.747726,38.256712],[21.74769,38.256684],[21.74765,38.256657],[21.747589,38.256618],[21.747448,38.256537],[21.747229,38.256416],[21.747098,38.256332],[21.746829,38.256193],[21.746599,38.25607]]},"properties":{"name":"Πανεπιστημίου","lines":"201, 303, 606, 609, 610","arr":["201","303","606","609","610"],"roundabout":0,"mode":"bus","color":"#0059a9"}},{"type":"Feature","geometry":{"type":"LineString","coordinates":[[21.746599,38.25607],[21.746552,38.256051],[21.746468,38.256013],[21.746419,38.255996],[21.746383,38.255981],[21.746352,38.255973],[21.746314,38.255961],[21.746278,38.255954],[21.746246,38.25595],[21.7462,38.255946],[21.746157,38.255947],[21.746096,38.25595],[21.746052,38.255958],[21.745984,38.25597]]},"properties":{"name":"","lines":"201, 606, 609, 610","arr":["201","606","609","610"],"roundabout":0,"mode":"bus","color":"#0059a9"}},{"type":"Feature","geometry":{"type":"LineString","coordinates":[[21.745984,38.25597],[21.745929,38.255982],[21.745871,38.255996],[21.745719,38.256035],[21.745322,38.256133],[21.744982,38.256216]]},"properties":{"name":"Αγίας Σοφίας","lines":"201, 606, 609, 610","arr":["201","606","609","610"],"roundabout":0,"mode":"bus","color":"#0059a9"}},{"type":"Feature","geometry":{"type":"LineString","coordinates":[[21.744982,38.256216],[21.744736,38.256275],[21.744687,38.256287],[21.744545,38.256322],[21.744272,38.256393],[21.743583,38.25657],[21.743296,38.256645]]},"properties":{"name":"Αγίας Σοφίας","lines":"201, 301, 302, 606, 609, 610","arr":["201","301","302","606","609","610"],"roundabout":0,"mode":"bus","color":"#0059a9"}},{"type":"Feature","geometry":{"type":"LineString","coordinates":[[21.743296,38.256645],[21.743191,38.256412],[21.743051,38.256077],[21.742989,38.255927],[21.742819,38.255519],[21.742583,38.254935],[21.74235,38.254331],[21.742175,38.25389],[21.742109,38.253731],[21.741795,38.252941],[21.741724,38.252764],[21.74169,38.252668],[21.741547,38.252297],[21.741394,38.251903],[21.741299,38.251656],[21.741262,38.251562]]},"properties":{"name":"Κωνσταντινουπόλεως","lines":"201, 301, 302","arr":["201","301","302"],"roundabout":0,"mode":"bus","color":"#0059a9"}},{"type":"Feature","geometry":{"type":"LineString","coordinates":[[21.73345,38.243519],[21.733102,38.243252],[21.732694,38.242938],[21.732251,38.242598],[21.731803,38.242255],[21.731529,38.242046],[21.73149,38.242016],[21.731364,38.241919],[21.731324,38.241888],[21.730947,38.241599],[21.730586,38.241326],[21.730134,38.240983],[21.730072,38.240694]]},"properties":{"name":"Κανακάρη","lines":"201, 301, 302","arr":["201","301","302"],"roundabout":0,"mode":"bus","color":"#0059a9"}},{"type":"Feature","geometry":{"type":"LineString","coordinates":[[21.730072,38.240694],[21.729935,38.240087],[21.729843,38.239644],[21.729801,38.239428],[21.729619,38.238575],[21.729499,38.237993],[21.729394,38.237421],[21.729292,38.236885],[21.729259,38.23669],[21.729226,38.236503],[21.729142,38.236044]]},"properties":{"name":"Ναυαρίνου","lines":"201","arr":["201"],"roundabout":0,"mode":"bus","color":"#0059a9"}},{"type":"Feature","geometry":{"type":"LineString","coordinates":[[21.729142,38.236044],[21.730212,38.236026]]},"properties":{"name":"Αρχιεπισκόπου Ιεροθέου","lines":"201","arr":["201"],"roundabout":0,"mode":"bus","color":"#0059a9"}},{"type":"Feature","geometry":{"type":"LineString","coordinates":[[21.730212,38.236026],[21.730666,38.236133],[21.731322,38.236289],[21.731712,38.236382],[21.732296,38.236521],[21.732766,38.236632],[21.733787,38.236875],[21.734308,38.236999],[21.734622,38.237073],[21.73513,38.237194],[21.735506,38.237283]]},"properties":{"name":"Αρχιεπισκόπου Ιεροθέου","lines":"201, 202","arr":["201","202"],"roundabout":0,"mode":"bus","color":"#0059a9"}},{"type":"Feature","geometry":{"type":"LineString","coordinates":[[21.735506,38.237283],[21.735598,38.237259],[21.735746,38.237226],[21.736052,38.237176],[21.736293,38.237143],[21.736636,38.237095]]},"properties":{"name":"Σμύρνης","lines":"201, 202","arr":["201","202"],"roundabout":0,"mode":"bus","color":"#0059a9"}},{"type":"Feature","geometry":{"type":"LineString","coordinates":[[21.736636,38.237095],[21.736946,38.237037],[21.736976,38.237034],[21.737015,38.237033],[21.737374,38.237045],[21.737635,38.237054],[21.737934,38.237064],[21.738058,38.237068],[21.738629,38.237087],[21.739277,38.237109],[21.73975,38.237125],[21.739809,38.237126],[21.739934,38.237129]]},"properties":{"name":"Σμύρνης","lines":"201","arr":["201"],"roundabout":0,"mode":"bus","color":"#0059a9"}},{"type":"Feature","geometry":{"type":"LineString","coordinates":[[21.739934,38.237129],[21.739987,38.236621],[21.740036,38.236164]]},"properties":{"name":"Ιωνίας","lines":"201, 202","arr":["201","202"],"roundabout":0,"mode":"bus","color":"#0059a9"}},{"type":"Feature","geometry":{"type":"LineString","coordinates":[[21.740036,38.236164],[21.740046,38.236065],[21.740058,38.235956],[21.740082,38.235729],[21.740108,38.235475],[21.740132,38.235253]]},"properties":{"name":"Ιωνίας","lines":"201","arr":["201"],"roundabout":0,"mode":"bus","color":"#0059a9"}},{"type":"Feature","geometry":{"type":"LineString","coordinates":[[21.740132,38.235253],[21.74094,38.235275],[21.741265,38.235284],[21.741726,38.235297],[21.74245,38.235317],[21.743278,38.23534],[21.743766,38.235353],[21.744241,38.235367],[21.745279,38.235395],[21.746334,38.235425]]},"properties":{"name":"Πόντου","lines":"201","arr":["201"],"roundabout":0,"mode":"bus","color":"#0059a9"}},{"type":"Feature","geometry":{"type":"LineString","coordinates":[[21.746334,38.235425],[21.74648,38.235102],[21.746596,38.234858],[21.746653,38.234736]]},"properties":{"name":"Καλαβρύτων","lines":"201, 702, 801, 803","arr":["201","702","801","803"],"roundabout":0,"mode":"bus","color":"#0059a9"}},{"type":"Feature","geometry":{"type":"LineString","coordinates":[[21.746653,38.234736],[21.746615,38.234716],[21.746579,38.234696],[21.746542,38.234674],[21.746491,38.23464],[21.746398,38.23457],[21.746331,38.234516],[21.746275,38.234466],[21.746228,38.234423],[21.74593,38.234106],[21.745638,38.233804],[21.745014,38.233198],[21.744982,38.233165],[21.744817,38.232998],[21.744707,38.232884],[21.744338,38.232483],[21.744081,38.232206],[21.744059,38.232181],[21.744017,38.232132],[21.743723,38.231809],[21.743487,38.231537],[21.743263,38.23128],[21.743169,38.231177],[21.74312,38.231127],[21.743059,38.231069],[21.742856,38.230885],[21.742568,38.230624],[21.742486,38.230549],[21.742374,38.230449],[21.742157,38.230253],[21.742001,38.230113],[21.741842,38.22997],[21.741786,38.229923],[21.741779,38.229912],[21.741508,38.229668]]},"properties":{"name":"Γεωργίου Παπανδρέου","lines":"201, 202, 801, 803, 804","arr":["201","202","801","803","804"],"roundabout":0,"mode":"bus","color":"#0059a9"}},{"type":"Feature","geometry":{"type":"LineString","coordinates":[[21.740914,38.228563],[21.740956,38.228694],[21.740977,38.228755],[21.741024,38.22888]]},"properties":{"name":"Γεωργίου Παπανδρέου","lines":"201, 202, 801, 803, 804","arr":["201","202","801","803","804"],"roundabout":0,"mode":"bus","color":"#0059a9"}},{"type":"Feature","geometry":{"type":"LineString","coordinates":[[21.741508,38.229668],[21.741432,38.229625],[21.741411,38.229613],[21.741386,38.229595],[21.741369,38.229583],[21.741348,38.229565],[21.741327,38.229543],[21.741301,38.229516],[21.741284,38.229496],[21.741262,38.229468],[21.741246,38.229446],[21.74123,38.229419],[21.741214,38.229392],[21.741186,38.229348],[21.741161,38.229303],[21.741132,38.229239],[21.741108,38.229179],[21.741093,38.229133],[21.741068,38.229058],[21.741054,38.229011],[21.74104,38.228969],[21.741033,38.228939],[21.741028,38.22891],[21.741024,38.22888]]},"properties":{"name":"Γεωργίου Παπανδρέου","lines":"201, 801, 803","arr":["201","801","803"],"roundabout":0,"mode":"bus","color":"#0059a9"}},{"type":"Feature","geometry":{"type":"LineString","coordinates":[[21.740914,38.228563],[21.740893,38.228507],[21.740829,38.228263]]},"properties":{"name":"Μυκηνών","lines":"201, 801, 803","arr":["201","801","803"],"roundabout":0,"mode":"bus","color":"#0059a9"}},{"type":"Feature","geometry":{"type":"LineString","coordinates":[[21.740829,38.228263],[21.740777,38.228247],[21.740724,38.22821],[21.740558,38.228051]]},"properties":{"name":"Μυκηνών","lines":"201","arr":["201"],"roundabout":0,"mode":"bus","color":"#0059a9"}},{"type":"Feature","geometry":{"type":"LineString","coordinates":[[21.740558,38.228051],[21.740612,38.22803],[21.740643,38.228023],[21.740684,38.228016]]},"properties":{"name":"Γεωργίου Παπανδρέου","lines":"201, 202, 503","arr":["201","202","503"],"roundabout":0,"mode":"bus","color":"#0059a9"}},{"type":"Feature","geometry":{"type":"LineString","coordinates":[[21.740684,38.228016],[21.740781,38.228007],[21.740855,38.228007],[21.740902,38.228003],[21.74097,38.227994],[21.74105,38.227981],[21.741159,38.227963],[21.741203,38.227956],[21.741314,38.227935],[21.741371,38.227922],[21.741432,38.227909],[21.741493,38.227892],[21.741564,38.227871],[21.741615,38.227853],[21.74165,38.227839],[21.741675,38.22783],[21.741698,38.22782]]},"properties":{"name":"Γεωργίου Παπανδρέου","lines":"201, 202, 503, 801, 803","arr":["201","202","503","801","803"],"roundabout":0,"mode":"bus","color":"#0059a9"}},{"type":"Feature","geometry":{"type":"LineString","coordinates":[[21.741491,38.219865],[21.741567,38.220189],[21.741577,38.220228],[21.741598,38.220305],[21.741641,38.220456],[21.741654,38.220499],[21.741695,38.220621],[21.741765,38.220816],[21.741921,38.221253],[21.74197,38.221386],[21.742086,38.221687],[21.742182,38.221941],[21.742232,38.222074],[21.742284,38.222221],[21.742378,38.222489],[21.742467,38.222766],[21.742486,38.22284],[21.7425,38.2229],[21.742514,38.222967],[21.742525,38.223045],[21.742533,38.223103],[21.742552,38.223262],[21.742597,38.223778],[21.742601,38.223824],[21.742632,38.224177],[21.742653,38.224376],[21.742657,38.224438],[21.742656,38.224508],[21.742647,38.22456],[21.742635,38.224616],[21.742609,38.22473],[21.742545,38.224961],[21.742456,38.225321],[21.742404,38.225545],[21.742397,38.225573],[21.74238,38.225651],[21.74231,38.225975],[21.742279,38.226115],[21.742167,38.22657],[21.742104,38.226819],[21.742078,38.226943],[21.74196,38.22749],[21.741954,38.227514],[21.741943,38.227548],[21.741933,38.227573],[21.741923,38.227597],[21.741912,38.227621],[21.741898,38.227641],[21.741869,38.227675],[21.741837,38.227707],[21.741811,38.227731],[21.741767,38.22777],[21.741716,38.227809],[21.741698,38.22782]]},"properties":{"name":"Ακρωτηρίου","lines":"201, 202, 503, 801, 803, 804","arr":["201","202","503","801","803","804"],"roundabout":0,"mode":"bus","color":"#0059a9"}},{"type":"Feature","geometry":{"type":"LineString","coordinates":[[21.741491,38.219865],[21.741747,38.219806],[21.74178,38.219798],[21.742185,38.219675],[21.74254,38.219566],[21.743025,38.219413],[21.743452,38.219282],[21.743698,38.219205]]},"properties":{"name":"Αυλώνος","lines":"201, 202, 503","arr":["201","202","503"],"roundabout":0,"mode":"bus","color":"#0059a9"}},{"type":"Feature","geometry":{"type":"LineString","coordinates":[[21.743698,38.219205],[21.744421,38.218976],[21.744881,38.218834],[21.745201,38.218749]]},"properties":{"name":"Αυλώνος","lines":"201, 503","arr":["201","503"],"roundabout":0,"mode":"bus","color":"#0059a9"}},{"type":"Feature","geometry":{"type":"LineString","coordinates":[[21.745201,38.218749],[21.745239,38.218783],[21.74527,38.218811],[21.745299,38.218842],[21.745327,38.218878],[21.745351,38.218917],[21.745378,38.218968]]},"properties":{"name":"Καλαβρύτων","lines":"201, 503","arr":["201","503"],"roundabout":0,"mode":"bus","color":"#0059a9"}},{"type":"Feature","geometry":{"type":"LineString","coordinates":[[21.745419,38.219056],[21.745525,38.219285],[21.74565,38.219553],[21.74568,38.219618],[21.745719,38.219697],[21.746028,38.220339]]},"properties":{"name":"Καλαβρύτων","lines":"202","arr":["202"],"roundabout":0,"mode":"bus","color":"#0059a9"}},{"type":"Feature","geometry":{"type":"LineString","coordinates":[[21.744514,38.220658],[21.745227,38.220526],[21.745608,38.220447],[21.746028,38.220339]]},"properties":{"name":"Μεγάλου Αλεξάνδρου","lines":"202","arr":["202"],"roundabout":0,"mode":"bus","color":"#0059a9"}},{"type":"Feature","geometry":{"type":"LineString","coordinates":[[21.743698,38.219205],[21.743985,38.219755],[21.744095,38.219965],[21.744123,38.220013],[21.744184,38.220117],[21.744319,38.220341],[21.744514,38.220658]]},"properties":{"name":"Σκύρου","lines":"202","arr":["202"],"roundabout":0,"mode":"bus","color":"#0059a9"}},{"type":"Feature","geometry":{"type":"LineString","coordinates":[[21.741698,38.22782],[21.741259,38.228125],[21.741117,38.228218],[21.741083,38.228248],[21.741046,38.228285],[21.741023,38.228308],[21.741003,38.228331],[21.740981,38.22836],[21.740914,38.228563]]},"properties":{"name":"Γεωργίου Παπανδρέου","lines":"202, 804","arr":["202","804"],"roundabout":0,"mode":"bus","color":"#0059a9"}},{"type":"Feature","geometry":{"type":"LineString","coordinates":[[21.741274,38.229348],[21.741295,38.229381],[21.741322,38.22942],[21.741377,38.229492],[21.741455,38.229578],[21.741508,38.229668]]},"properties":{"name":"Γεωργίου Παπανδρέου","lines":"202, 804","arr":["202","804"],"roundabout":0,"mode":"bus","color":"#0059a9"}},{"type":"Feature","geometry":{"type":"LineString","coordinates":[[21.746653,38.234736],[21.74671,38.234758],[21.746792,38.23479]]},"properties":{"name":"Γεωργίου Παπανδρέου","lines":"202, 804","arr":["202","804"],"roundabout":0,"mode":"bus","color":"#0059a9"}},{"type":"Feature","geometry":{"type":"LineString","coordinates":[[21.741024,38.22888],[21.741046,38.228908],[21.741061,38.22893],[21.741088,38.228978],[21.741111,38.229033],[21.741193,38.229197],[21.741229,38.229266],[21.741274,38.229348]]},"properties":{"name":"Γεωργίου Παπανδρέου","lines":"202, 801, 804","arr":["202","801","804"],"roundabout":0,"mode":"bus","color":"#0059a9"}},{"type":"Feature","geometry":{"type":"LineString","coordinates":[[21.746792,38.23479],[21.74666,38.235086],[21.746256,38.235941],[21.746199,38.236061],[21.746093,38.236285],[21.745975,38.236534]]},"properties":{"name":"Καλαβρύτων","lines":"202, 701, 804","arr":["202","701","804"],"roundabout":0,"mode":"bus","color":"#0059a9"}},{"type":"Feature","geometry":{"type":"LineString","coordinates":[[21.745975,38.236534],[21.745942,38.236527],[21.745878,38.23652],[21.745822,38.236514],[21.745192,38.236476],[21.744477,38.236433],[21.743483,38.236373],[21.742393,38.236307],[21.741671,38.236263],[21.740899,38.236217],[21.740036,38.236164]]},"properties":{"name":"Φωκαίας","lines":"202","arr":["202"],"roundabout":0,"mode":"bus","color":"#0059a9"}},{"type":"Feature","geometry":{"type":"LineString","coordinates":[[21.739655,38.238114],[21.739756,38.237867],[21.739827,38.237649],[21.739849,38.237569],[21.739876,38.237453],[21.739902,38.237327],[21.739928,38.237188],[21.739934,38.237129]]},"properties":{"name":"Ιωνίας","lines":"202","arr":["202"],"roundabout":0,"mode":"bus","color":"#0059a9"}},{"type":"Feature","geometry":{"type":"LineString","coordinates":[[21.739655,38.238114],[21.739418,38.238097],[21.739181,38.238081],[21.738986,38.238067],[21.738549,38.238036],[21.73797,38.238],[21.737706,38.237987],[21.737681,38.23799],[21.737647,38.238004]]},"properties":{"name":"Σταματίου Βουλγάρεως","lines":"202","arr":["202"],"roundabout":0,"mode":"bus","color":"#0059a9"}},{"type":"Feature","geometry":{"type":"LineString","coordinates":[[21.737647,38.238004],[21.737351,38.237635],[21.737009,38.237213],[21.736992,38.237197],[21.736972,38.237183],[21.73695,38.237171],[21.736919,38.237157],[21.736893,38.237148],[21.736817,38.237127],[21.736777,38.237115],[21.736744,38.23711],[21.736706,38.237102],[21.736636,38.237095]]},"properties":{"name":"Λόντου","lines":"202","arr":["202"],"roundabout":0,"mode":"bus","color":"#0059a9"}},{"type":"Feature","geometry":{"type":"LineString","coordinates":[[21.730212,38.236026],[21.730304,38.23646],[21.730362,38.236772],[21.730466,38.237294],[21.730571,38.237867],[21.730684,38.238448],[21.73085,38.239306],[21.730995,38.23996],[21.73114,38.240575]]},"properties":{"name":"Σολωμού","lines":"202","arr":["202"],"roundabout":0,"mode":"bus","color":"#0059a9"}},{"type":"Feature","geometry":{"type":"LineString","coordinates":[[21.73114,38.240575],[21.730072,38.240694]]},"properties":{"name":"Παπαφλέσσα","lines":"202","arr":["202"],"roundabout":0,"mode":"bus","color":"#0059a9"}},{"type":"Feature","geometry":{"type":"LineString","coordinates":[[21.730072,38.240694],[21.729374,38.240777]]},"properties":{"name":"Παπαφλέσσα","lines":"202, 301, 302","arr":["202","301","302"],"roundabout":0,"mode":"bus","color":"#0059a9"}},{"type":"Feature","geometry":{"type":"LineString","coordinates":[[21.729374,38.240777],[21.728979,38.240824]]},"properties":{"name":"Παπαφλέσσα","lines":"202, 301, 302, 303","arr":["202","301","302","303"],"roundabout":0,"mode":"bus","color":"#0059a9"}},{"type":"Feature","geometry":{"type":"LineString","coordinates":[[21.728979,38.240824],[21.728854,38.240839],[21.728777,38.240848],[21.728251,38.240904],[21.727872,38.240944]]},"properties":{"name":"Παπαφλέσσα","lines":"301, 302","arr":["301","302"],"roundabout":0,"mode":"bus","color":"#0059a9"}},{"type":"Feature","geometry":{"type":"LineString","coordinates":[[21.728979,38.240824],[21.728953,38.240862],[21.728939,38.240889],[21.728935,38.240923],[21.72894,38.240972]]},"properties":{"name":"","lines":"202, 303","arr":["202","303"],"roundabout":0,"mode":"bus","color":"#0059a9"}},{"type":"Feature","geometry":{"type":"LineString","coordinates":[[21.72894,38.240972],[21.728819,38.24088],[21.728777,38.240848],[21.728671,38.240238],[21.728558,38.239574],[21.72839,38.238721],[21.72828,38.238138],[21.728089,38.237011],[21.728011,38.236552]]},"properties":{"name":"Κορίνθου","lines":"303, 602","arr":["303","602"],"roundabout":0,"mode":"bus","color":"#0059a9"}},{"type":"Feature","geometry":{"type":"LineString","coordinates":[[21.72894,38.240972],[21.729542,38.241431],[21.729973,38.241767],[21.730347,38.242058],[21.730612,38.242264],[21.730656,38.242298],[21.730779,38.242394],[21.730821,38.242427],[21.731214,38.242733],[21.73165,38.243072],[21.732094,38.243418],[21.732504,38.243737],[21.732864,38.244017]]},"properties":{"name":"Κορίνθου","lines":"202, 303, 602","arr":["202","303","602"],"roundabout":0,"mode":"bus","color":"#0059a9"}},{"type":"Feature","geometry":{"type":"LineString","coordinates":[[21.738947,38.24874],[21.739504,38.249174],[21.739762,38.249373],[21.740272,38.249767],[21.74054,38.249973],[21.741004,38.250328],[21.741418,38.250649],[21.741827,38.250974],[21.742352,38.251368],[21.74288,38.25177],[21.742967,38.251842],[21.743081,38.251929],[21.74317,38.251998],[21.743337,38.25214],[21.74351,38.25234],[21.743629,38.252477],[21.744242,38.25318],[21.744554,38.253521],[21.744694,38.253702],[21.744764,38.253785],[21.744864,38.253904],[21.745319,38.254449],[21.745409,38.254556],[21.745619,38.254807],[21.745694,38.254897],[21.745892,38.255133],[21.74601,38.255274],[21.746368,38.25572]]},"properties":{"name":"Κορίνθου","lines":"202, 303, 601, 602, 606, 607, 608","arr":["202","303","601","602","606","607","608"],"roundabout":0,"mode":"bus","color":"#0059a9"}},{"type":"Feature","geometry":{"type":"LineString","coordinates":[[21.746368,38.25572],[21.746402,38.255738],[21.74646,38.255768],[21.746503,38.255777],[21.74654,38.255781],[21.74658,38.25578],[21.74661,38.255777],[21.746641,38.255768],[21.746701,38.255745]]},"properties":{"name":"ΕΟ8","lines":"202, 303, 601, 602, 606, 607, 608","arr":["202","303","601","602","606","607","608"],"roundabout":0,"mode":"bus","color":"#0059a9"}},{"type":"Feature","geometry":{"type":"LineString","coordinates":[[21.746955,38.255585],[21.746981,38.255573],[21.746998,38.255566],[21.747023,38.25556],[21.747048,38.255555],[21.747078,38.25555],[21.747121,38.255549],[21.747172,38.255551],[21.747215,38.255557],[21.747247,38.255563],[21.747273,38.255572],[21.7473,38.255586],[21.747326,38.255602],[21.747345,38.255615],[21.74737,38.255637],[21.747396,38.255664],[21.747415,38.255684],[21.747433,38.255708],[21.747463,38.255756],[21.747479,38.255786]]},"properties":{"name":"ΕΟ8","lines":"202, 303, 601, 602, 606, 607, 608","arr":["202","303","601","602","606","607","608"],"roundabout":0,"mode":"bus","color":"#0059a9"}},{"type":"Feature","geometry":{"type":"LineString","coordinates":[[21.746701,38.255745],[21.746955,38.255585]]},"properties":{"name":"Αγίας Σοφίας","lines":"202, 303, 601, 602, 606, 607, 608","arr":["202","303","601","602","606","607","608"],"roundabout":0,"mode":"bus","color":"#0059a9"}},{"type":"Feature","geometry":{"type":"LineString","coordinates":[[21.747479,38.255786],[21.74751,38.255873],[21.747543,38.25596],[21.747609,38.256111],[21.747658,38.256202],[21.747693,38.256271],[21.747748,38.256391],[21.747845,38.256584],[21.747877,38.256644],[21.747899,38.25668],[21.747919,38.256711],[21.74796,38.256773]]},"properties":{"name":"Ρόδου","lines":"202, 303, 601, 602, 606, 607, 608","arr":["202","303","601","602","606","607","608"],"roundabout":0,"mode":"bus","color":"#0059a9"}},{"type":"Feature","geometry":{"type":"LineString","coordinates":[[21.74796,38.256773],[21.747986,38.256843],[21.748022,38.256929],[21.74806,38.257035],[21.748087,38.257116],[21.748102,38.257172],[21.748115,38.257252],[21.748126,38.257346],[21.74813,38.257402],[21.748134,38.257469],[21.748139,38.257516]]},"properties":{"name":"Πανεπιστημίου","lines":"202, 303, 601, 602, 606, 607, 608","arr":["202","303","601","602","606","607","608"],"roundabout":0,"mode":"bus","color":"#0059a9"}},{"type":"Feature","geometry":{"type":"LineString","coordinates":[[21.748139,38.257516],[21.748159,38.257544],[21.748173,38.257562],[21.748189,38.257582],[21.748207,38.257602],[21.748226,38.257621],[21.748257,38.257649],[21.748291,38.257677],[21.748361,38.257726],[21.748417,38.257763],[21.748512,38.257818]]},"properties":{"name":"Πανεπιστημίου","lines":"202, 303, 601, 606, 607","arr":["202","303","601","606","607"],"roundabout":0,"mode":"bus","color":"#0059a9"}},{"type":"Feature","geometry":{"type":"LineString","coordinates":[[21.760296,38.26431],[21.760209,38.264354],[21.75981,38.264515],[21.759144,38.264785],[21.759018,38.264839],[21.758543,38.265079],[21.758449,38.265122],[21.75838,38.265154],[21.758288,38.265194],[21.75819,38.265235],[21.758098,38.265272],[21.758023,38.265303],[21.757936,38.265341],[21.757833,38.265386],[21.757703,38.265443],[21.757583,38.265495],[21.75737,38.265589],[21.756994,38.265752],[21.756769,38.265866],[21.75675,38.265877],[21.756733,38.265887],[21.756716,38.2659],[21.756662,38.265943],[21.75658,38.266009]]},"properties":{"name":"Λεωφ. Μειλίχου","lines":"202, 607","arr":["202","607"],"roundabout":0,"mode":"bus","color":"#0059a9"}},{"type":"Feature","geometry":{"type":"LineString","coordinates":[[21.760296,38.26431],[21.760354,38.26434],[21.760432,38.264375],[21.760507,38.264406],[21.760749,38.264508],[21.760844,38.264548],[21.760983,38.264603],[21.761296,38.264732],[21.761383,38.264765]]},"properties":{"name":"Βόλου","lines":"202, 609","arr":["202","609"],"roundabout":0,"mode":"bus","color":"#0059a9"}},{"type":"Feature","geometry":{"type":"LineString","coordinates":[[21.744867,38.219827],[21.74497,38.220029],[21.745227,38.220526]]},"properties":{"name":"Αλοννήσου","lines":"202","arr":["202"],"roundabout":0,"mode":"bus","color":"#0059a9"}},{"type":"Feature","geometry":{"type":"LineString","coordinates":[[21.743025,38.219413],[21.743128,38.219606]]},"properties":{"name":"Δάφνης","lines":"202","arr":["202"],"roundabout":0,"mode":"bus","color":"#0059a9"}},{"type":"Feature","geometry":{"type":"LineString","coordinates":[[21.742663,38.219826],[21.74254,38.219566]]},"properties":{"name":"","lines":"202","arr":["202"],"roundabout":0,"mode":"bus","color":"#0059a9"}},{"type":"Feature","geometry":{"type":"LineString","coordinates":[[21.704131,38.202767],[21.704063,38.202881]]},"properties":{"name":"","lines":"202","arr":["202"],"roundabout":0,"mode":"bus","color":"#0059a9"}},{"type":"Feature","geometry":{"type":"LineString","coordinates":[[21.703536,38.202657],[21.703556,38.202596]]},"properties":{"name":"","lines":"202","arr":["202"],"roundabout":0,"mode":"bus","color":"#0059a9"}},{"type":"Feature","geometry":{"type":"LineString","coordinates":[[21.742185,38.219675],[21.742291,38.220081]]},"properties":{"name":"Θεοδώρου Κυρηναίου","lines":"202","arr":["202"],"roundabout":0,"mode":"bus","color":"#0059a9"}},{"type":"Feature","geometry":{"type":"LineString","coordinates":[[21.740558,38.228051],[21.740492,38.228082],[21.740451,38.228099],[21.740403,38.228115],[21.740346,38.22813],[21.739988,38.228212],[21.739162,38.2284],[21.738545,38.228528],[21.738435,38.228548],[21.738313,38.228565],[21.738188,38.228575],[21.737664,38.228589],[21.736879,38.228607],[21.736653,38.228614],[21.735511,38.228654],[21.735265,38.228662],[21.735188,38.228665],[21.73512,38.228671]]},"properties":{"name":"Αλέξανδρου Παπαναστασίου","lines":"202, 503","arr":["202","503"],"roundabout":0,"mode":"bus","color":"#0059a9"}},{"type":"Feature","geometry":{"type":"LineString","coordinates":[[21.73512,38.228671],[21.735078,38.2285],[21.735028,38.228274]]},"properties":{"name":"","lines":"202, 503","arr":["202","503"],"roundabout":0,"mode":"bus","color":"#0059a9"}},{"type":"Feature","geometry":{"type":"LineString","coordinates":[[21.735028,38.228274],[21.73461,38.228342],[21.733859,38.228463]]},"properties":{"name":"Ανδρόνικου","lines":"202, 503","arr":["202","503"],"roundabout":0,"mode":"bus","color":"#0059a9"}},{"type":"Feature","geometry":{"type":"LineString","coordinates":[[21.730177,38.222641],[21.730474,38.223136],[21.730637,38.223455],[21.730678,38.223542],[21.730686,38.223556],[21.730694,38.223565],[21.730706,38.223577],[21.730727,38.223587],[21.730746,38.223591],[21.730772,38.223594],[21.730802,38.223594],[21.730841,38.223592]]},"properties":{"name":"Αγίου Ιωάννη Πράτσικα","lines":"301, 302, 303, 503","arr":["301","302","303","503"],"roundabout":0,"mode":"bus","color":"#0059a9"}},{"type":"Feature","geometry":{"type":"LineString","coordinates":[[21.730841,38.223592],[21.731056,38.223586],[21.731069,38.223588],[21.731081,38.223594],[21.731092,38.223604],[21.731102,38.223624],[21.731105,38.223638],[21.731108,38.223658],[21.731116,38.22385],[21.731106,38.224148],[21.731107,38.224205],[21.731115,38.224276],[21.731122,38.224314],[21.731134,38.224361],[21.73119,38.224531],[21.731216,38.22463],[21.731231,38.224706],[21.731285,38.224967],[21.731318,38.225126],[21.731351,38.225258],[21.731376,38.225334],[21.731399,38.225397],[21.731431,38.22547],[21.731461,38.225539],[21.73152,38.225657],[21.731577,38.225776],[21.731633,38.225889],[21.731691,38.225989],[21.731742,38.226069],[21.731787,38.226133],[21.731817,38.226173],[21.731854,38.226216],[21.731906,38.226266],[21.731979,38.226327],[21.732079,38.226408],[21.73213,38.226449],[21.732216,38.226515],[21.732277,38.226559],[21.73233,38.226592],[21.732377,38.226619],[21.732419,38.226637],[21.732469,38.226656],[21.732508,38.226665],[21.732646,38.226691],[21.732727,38.226709],[21.732836,38.22674],[21.732961,38.226783],[21.733022,38.226809],[21.73307,38.226836],[21.733122,38.226872],[21.733151,38.226899],[21.733181,38.226934],[21.733219,38.226985],[21.733514,38.227488],[21.733673,38.227762],[21.733717,38.227838],[21.733725,38.227854],[21.733733,38.227871],[21.733744,38.227899],[21.733754,38.227927],[21.73376,38.22795],[21.733769,38.227988],[21.733806,38.228177],[21.733839,38.22837],[21.733859,38.228463]]},"properties":{"name":"Αγίου Ιωάννη Πράτσικα","lines":"202, 301, 302, 303, 503","arr":["202","301","302","303","503"],"roundabout":0,"mode":"bus","color":"#0059a9"}},{"type":"Feature","geometry":{"type":"LineString","coordinates":[[21.733859,38.228463],[21.733899,38.228633],[21.733928,38.228725],[21.73397,38.228807],[21.733989,38.228837],[21.734006,38.228863],[21.734037,38.228905],[21.734065,38.228932],[21.73417,38.229023],[21.734262,38.2291],[21.734336,38.229169],[21.7344,38.229238],[21.734448,38.229294],[21.734495,38.22936],[21.73456,38.229454],[21.73463,38.229559],[21.734694,38.229666],[21.734753,38.229774],[21.734872,38.229996],[21.735009,38.230264],[21.735141,38.230527],[21.735179,38.230613],[21.73531,38.23088],[21.735336,38.230929],[21.735363,38.230971],[21.735448,38.231105],[21.735595,38.23133]]},"properties":{"name":"Αγίου Ιωάννη Πράτσικα","lines":"301, 302, 303","arr":["301","302","303"],"roundabout":0,"mode":"bus","color":"#0059a9"}},{"type":"Feature","geometry":{"type":"LineString","coordinates":[[21.736137,38.232134],[21.736165,38.232172],[21.736213,38.232242],[21.736294,38.232356]]},"properties":{"name":"Αγίου Ιωάννη Πράτσικα","lines":"301, 302, 303","arr":["301","302","303"],"roundabout":0,"mode":"bus","color":"#0059a9"}},{"type":"Feature","geometry":{"type":"LineString","coordinates":[[21.733673,38.227762],[21.733587,38.227789]]},"properties":{"name":"Περσέως","lines":"202","arr":["202"],"roundabout":0,"mode":"bus","color":"#0059a9"}},{"type":"Feature","geometry":{"type":"LineString","coordinates":[[21.730839,38.222317],[21.730887,38.222516],[21.7309,38.222571],[21.730949,38.222781],[21.730996,38.223128],[21.731069,38.223588]]},"properties":{"name":"Νικηταρά","lines":"202, 302","arr":["202","302"],"roundabout":0,"mode":"bus","color":"#0059a9"}},{"type":"Feature","geometry":{"type":"LineString","coordinates":[[21.730374,38.222421],[21.73031,38.222472],[21.730295,38.22249],[21.730199,38.222613],[21.730177,38.222641]]},"properties":{"name":"Ανθείας","lines":"301, 302, 303, 503","arr":["301","302","303","503"],"roundabout":0,"mode":"bus","color":"#0059a9"}},{"type":"Feature","geometry":{"type":"LineString","coordinates":[[21.730374,38.222421],[21.730429,38.222393],[21.730498,38.222371],[21.730839,38.222317],[21.731259,38.222264],[21.731497,38.222272],[21.731647,38.222281],[21.732012,38.222312],[21.732308,38.222342],[21.732352,38.222346],[21.732416,38.222347],[21.732469,38.222347],[21.732519,38.222344],[21.732571,38.222339],[21.732609,38.222336],[21.732662,38.222326],[21.732689,38.22232],[21.732755,38.222307],[21.732914,38.222256],[21.733034,38.222218],[21.733179,38.222172],[21.733515,38.222066],[21.73397,38.221922],[21.73408,38.221842],[21.734462,38.221544],[21.734599,38.221447],[21.734657,38.221408],[21.734716,38.22137],[21.734771,38.221339],[21.734808,38.221323],[21.734843,38.221308],[21.734877,38.221296],[21.734943,38.221277],[21.735007,38.22126],[21.735078,38.221249],[21.735526,38.221164],[21.735702,38.22113],[21.735822,38.221108],[21.735888,38.221093],[21.735966,38.221074],[21.736052,38.221053],[21.736155,38.221028],[21.736264,38.220999],[21.736555,38.220923],[21.736785,38.220862],[21.736962,38.220816],[21.737166,38.220767]]},"properties":{"name":"Ανθείας","lines":"202, 301, 302, 303, 503","arr":["202","301","302","303","503"],"roundabout":0,"mode":"bus","color":"#0059a9"}},{"type":"Feature","geometry":{"type":"LineString","coordinates":[[21.737166,38.220767],[21.737577,38.220668],[21.737744,38.220626]]},"properties":{"name":"Ανθείας","lines":"301, 302, 303","arr":["301","302","303"],"roundabout":0,"mode":"bus","color":"#0059a9"}},{"type":"Feature","geometry":{"type":"LineString","coordinates":[[21.733452,38.221937],[21.733515,38.222066]]},"properties":{"name":"Άρη Βελουχιώτη","lines":"202, 302","arr":["202","302"],"roundabout":0,"mode":"bus","color":"#0059a9"}},{"type":"Feature","geometry":{"type":"LineString","coordinates":[[21.73408,38.221842],[21.73405,38.221804],[21.734033,38.221781]]},"properties":{"name":"Γοργοποτάμου","lines":"202, 302, 303, 503","arr":["202","302","303","503"],"roundabout":0,"mode":"bus","color":"#0059a9"}},{"type":"Feature","geometry":{"type":"LineString","coordinates":[[21.734033,38.221781],[21.734018,38.221759]]},"properties":{"name":"Γοργοποτάμου","lines":"202, 302","arr":["202","302"],"roundabout":0,"mode":"bus","color":"#0059a9"}},{"type":"Feature","geometry":{"type":"LineString","coordinates":[[21.734018,38.221759],[21.733991,38.221718]]},"properties":{"name":"Γοργοποτάμου","lines":"202","arr":["202"],"roundabout":0,"mode":"bus","color":"#0059a9"}},{"type":"Feature","geometry":{"type":"LineString","coordinates":[[21.736675,38.219503],[21.737051,38.220363],[21.737166,38.220767]]},"properties":{"name":"Κασσάνδρας","lines":"202, 303, 503","arr":["202","303","503"],"roundabout":0,"mode":"bus","color":"#0059a9"}},{"type":"Feature","geometry":{"type":"LineString","coordinates":[[21.73723,38.219267],[21.736675,38.219503]]},"properties":{"name":"Καπετάν Ρίζου","lines":"202, 303, 503","arr":["202","303","503"],"roundabout":0,"mode":"bus","color":"#0059a9"}},{"type":"Feature","geometry":{"type":"LineString","coordinates":[[21.737744,38.220626],[21.73762,38.220312],[21.737604,38.220266],[21.737552,38.220135],[21.737428,38.219818],[21.737372,38.219664]]},"properties":{"name":"Ευβοίας","lines":"301, 302, 303","arr":["301","302","303"],"roundabout":0,"mode":"bus","color":"#0059a9"}},{"type":"Feature","geometry":{"type":"LineString","coordinates":[[21.737372,38.219664],[21.73723,38.219267]]},"properties":{"name":"Ευβοίας","lines":"202, 301, 302, 303","arr":["202","301","302","303"],"roundabout":0,"mode":"bus","color":"#0059a9"}},{"type":"Feature","geometry":{"type":"LineString","coordinates":[[21.73723,38.219267],[21.737131,38.218973],[21.737096,38.218869],[21.737042,38.218728],[21.737001,38.218629]]},"properties":{"name":"Ευβοίας","lines":"202, 301, 302, 303, 503","arr":["202","301","302","303","503"],"roundabout":0,"mode":"bus","color":"#0059a9"}},{"type":"Feature","geometry":{"type":"LineString","coordinates":[[21.737001,38.218629],[21.736968,38.218556],[21.736948,38.218514]]},"properties":{"name":"Ευβοίας","lines":"202, 302, 303, 503","arr":["202","302","303","503"],"roundabout":0,"mode":"bus","color":"#0059a9"}},{"type":"Feature","geometry":{"type":"LineString","coordinates":[[21.736948,38.218514],[21.736933,38.218485],[21.736922,38.218463],[21.736906,38.218435],[21.736882,38.218393],[21.736872,38.21838],[21.736848,38.218345],[21.736831,38.218323],[21.736801,38.218283],[21.736696,38.21815],[21.736612,38.218043],[21.73653,38.217936],[21.736459,38.217843],[21.736327,38.217671],[21.736248,38.217566],[21.736118,38.217385],[21.73601,38.21723],[21.735897,38.217075],[21.735816,38.216962],[21.735762,38.216888],[21.735735,38.216851],[21.735706,38.216813],[21.735647,38.216734],[21.735621,38.216695],[21.735587,38.216638],[21.735532,38.216538],[21.735475,38.21644],[21.735448,38.216394],[21.735423,38.216355],[21.735389,38.216304],[21.735356,38.216258],[21.735326,38.21622],[21.735306,38.216195],[21.73528,38.216168],[21.735272,38.21616],[21.73524,38.216127],[21.73512,38.216015],[21.735114,38.216009],[21.735052,38.215952],[21.735024,38.215926],[21.734913,38.215832],[21.734712,38.215671],[21.734633,38.215603],[21.734564,38.215537],[21.734491,38.215459],[21.734384,38.215342],[21.734349,38.215304],[21.734308,38.215264],[21.734268,38.215227],[21.734217,38.215186],[21.734139,38.21513],[21.73404,38.215076],[21.733968,38.215042],[21.733849,38.214998],[21.733151,38.214755],[21.733023,38.214705],[21.732979,38.214682],[21.732947,38.21466],[21.73292,38.214638],[21.732892,38.214603],[21.732836,38.214521],[21.732737,38.21436],[21.732436,38.213855],[21.732386,38.213782],[21.732337,38.21373],[21.732303,38.2137],[21.732233,38.213666],[21.732164,38.21365],[21.732086,38.213644],[21.731988,38.213637],[21.731944,38.213632],[21.731914,38.213627],[21.731884,38.21362],[21.731852,38.21361],[21.731826,38.2136],[21.731799,38.213588],[21.731773,38.213574],[21.731746,38.213559],[21.731721,38.213542],[21.731696,38.213523],[21.731662,38.213494],[21.731607,38.213449],[21.731536,38.213384],[21.731486,38.213333],[21.731413,38.213255],[21.731333,38.213166],[21.731194,38.213012],[21.731143,38.212956],[21.731072,38.212879],[21.731052,38.212853],[21.731037,38.212832],[21.731017,38.212796],[21.731001,38.212761],[21.730992,38.212743],[21.730912,38.21257],[21.730797,38.212319],[21.730769,38.21226],[21.73073,38.212185],[21.73067,38.212077],[21.730578,38.21192],[21.730537,38.211854],[21.730506,38.211803],[21.730363,38.21158],[21.730333,38.211534]]},"properties":{"name":"Ευβοίας","lines":"202, 302, 503","arr":["202","302","503"],"roundabout":0,"mode":"bus","color":"#0059a9"}},{"type":"Feature","geometry":{"type":"LineString","coordinates":[[21.730333,38.211534],[21.730268,38.211446],[21.730195,38.211352],[21.729968,38.211026],[21.729848,38.210876],[21.729739,38.210753],[21.729494,38.210538],[21.729362,38.210424],[21.72932,38.210381],[21.729291,38.210349],[21.729254,38.210296],[21.729151,38.210104],[21.729006,38.209842],[21.728866,38.209604],[21.728732,38.209356],[21.728696,38.209279],[21.728641,38.209141],[21.728607,38.20907],[21.728593,38.20904],[21.728577,38.20901],[21.728548,38.208971],[21.728499,38.208897],[21.728466,38.208847],[21.728276,38.208483],[21.728228,38.2084],[21.728199,38.208359],[21.728179,38.208332],[21.728161,38.208313],[21.728142,38.208295],[21.728108,38.208271],[21.728044,38.208241],[21.727973,38.20822],[21.727738,38.208156]]},"properties":{"name":"Ευβοίας","lines":"202, 302","arr":["202","302"],"roundabout":0,"mode":"bus","color":"#0059a9"}},{"type":"Feature","geometry":{"type":"LineString","coordinates":[[21.727738,38.208156],[21.727578,38.208102],[21.727475,38.208064],[21.727373,38.208018],[21.727316,38.20799],[21.727268,38.207963],[21.727236,38.207941],[21.727205,38.207918],[21.727187,38.207896]]},"properties":{"name":"Ευβοίας","lines":"302","arr":["302"],"roundabout":0,"mode":"bus","color":"#0059a9"}},{"type":"Feature","geometry":{"type":"LineString","coordinates":[[21.727519,38.207164],[21.727694,38.20791],[21.727716,38.208028],[21.727738,38.208156]]},"properties":{"name":"Μονής Ομπλού","lines":"202","arr":["202"],"roundabout":0,"mode":"bus","color":"#0059a9"}},{"type":"Feature","geometry":{"type":"LineString","coordinates":[[21.727254,38.207199],[21.727519,38.207164]]},"properties":{"name":"Μονής Καλτεζών","lines":"202","arr":["202"],"roundabout":0,"mode":"bus","color":"#0059a9"}},{"type":"Feature","geometry":{"type":"LineString","coordinates":[[21.725917,38.205392],[21.725997,38.205454],[21.726074,38.205517],[21.726198,38.205622],[21.726291,38.205706],[21.726416,38.205828],[21.726488,38.2059],[21.726609,38.206027],[21.726747,38.206183],[21.726822,38.206263],[21.7269,38.206347],[21.726989,38.206438],[21.727043,38.206497],[21.727097,38.206563],[21.72713,38.206618],[21.727155,38.206674],[21.727182,38.206735],[21.727227,38.206847],[21.727263,38.206947],[21.727275,38.206995],[21.727281,38.207037],[21.727279,38.207084],[21.727272,38.207133],[21.727254,38.207199]]},"properties":{"name":"Λεύκας","lines":"202, 302","arr":["202","302"],"roundabout":0,"mode":"bus","color":"#0059a9"}},{"type":"Feature","geometry":{"type":"LineString","coordinates":[[21.71662,38.209572],[21.716758,38.20946],[21.716809,38.20942],[21.716829,38.209407],[21.716852,38.209395],[21.716872,38.209388],[21.716903,38.20938],[21.716953,38.209369],[21.716976,38.209365],[21.717009,38.209362],[21.717039,38.20936],[21.717063,38.209359],[21.717076,38.209359],[21.717092,38.209361],[21.717129,38.209368],[21.71744,38.209439],[21.717499,38.209451],[21.717559,38.20946],[21.717594,38.209464],[21.717631,38.209466],[21.717661,38.209466],[21.71768,38.209465],[21.717706,38.209464],[21.717731,38.20946],[21.717753,38.209456],[21.717769,38.209451],[21.717788,38.209445],[21.717811,38.209435],[21.717836,38.209423],[21.717871,38.209405],[21.718113,38.209257],[21.718224,38.209191],[21.718338,38.209125],[21.718607,38.208972],[21.718723,38.208906],[21.718811,38.208856],[21.718874,38.208819],[21.718964,38.208766],[21.719073,38.208698],[21.71916,38.208641],[21.719215,38.208606],[21.719251,38.208582],[21.719417,38.208465],[21.719517,38.208395],[21.719591,38.208347],[21.719642,38.208313],[21.719665,38.208298],[21.719797,38.20822],[21.71995,38.208146],[21.720098,38.20809],[21.720252,38.208035],[21.720307,38.208015],[21.720379,38.20799],[21.720464,38.207961],[21.720561,38.20793],[21.720721,38.207879],[21.72108,38.207763],[21.721206,38.207726],[21.721319,38.207699],[21.721376,38.207685],[21.721574,38.207642],[21.721706,38.207613],[21.721795,38.207592],[21.721871,38.207576],[21.721976,38.207558],[21.722052,38.207545],[21.722192,38.207515],[21.722256,38.207496],[21.722322,38.207469],[21.722371,38.207434],[21.72243,38.207383],[21.722494,38.207328],[21.722555,38.207279],[21.722606,38.20724],[21.72269,38.20718],[21.722722,38.20716],[21.722805,38.207106],[21.722834,38.207089],[21.722855,38.207075],[21.72291,38.207036],[21.722999,38.206969],[21.723061,38.206915],[21.723135,38.206853],[21.723167,38.206825],[21.72319,38.206809],[21.723203,38.2068],[21.723272,38.206756],[21.723353,38.206707],[21.723457,38.206655],[21.723607,38.206587],[21.723626,38.206577],[21.72374,38.206519],[21.723789,38.206491],[21.723866,38.206441],[21.723938,38.206392],[21.723995,38.206351],[21.724086,38.206279],[21.724203,38.206186],[21.724284,38.206124],[21.724345,38.20608],[21.724479,38.205996],[21.724497,38.205985],[21.724529,38.205967],[21.724603,38.205923],[21.724746,38.205847],[21.725072,38.20568],[21.725121,38.205657],[21.725223,38.205612],[21.725446,38.205521],[21.7255,38.205501]]},"properties":{"name":"Λεύκας","lines":"202, 302","arr":["202","302"],"roundabout":0,"mode":"bus","color":"#0059a9"}},{"type":"Feature","geometry":{"type":"LineString","coordinates":[[21.727254,38.207199],[21.727223,38.207288],[21.727196,38.207382],[21.727176,38.207463],[21.727166,38.207529],[21.727155,38.207627],[21.727155,38.207719],[21.727161,38.2078],[21.72717,38.207849],[21.727187,38.207896]]},"properties":{"name":"Λεύκας","lines":"302","arr":["302"],"roundabout":0,"mode":"bus","color":"#0059a9"}},{"type":"Feature","geometry":{"type":"LineString","coordinates":[[21.7255,38.205501],[21.725726,38.205445],[21.725807,38.205426],[21.725852,38.205413],[21.725881,38.205404],[21.725917,38.205392]]},"properties":{"name":"","lines":"202, 302","arr":["202","302"],"roundabout":0,"mode":"bus","color":"#0059a9"}},{"type":"Feature","geometry":{"type":"LineString","coordinates":[[21.71662,38.209572],[21.716566,38.209617],[21.716533,38.209643],[21.716503,38.209666],[21.716415,38.20974],[21.715984,38.210116],[21.715469,38.210556],[21.715404,38.21062]]},"properties":{"name":"Λεύκας","lines":"202","arr":["202"],"roundabout":0,"mode":"bus","color":"#0059a9"}},{"type":"Feature","geometry":{"type":"LineString","coordinates":[[21.71662,38.209572],[21.71668,38.209612],[21.716711,38.209636],[21.716747,38.209663],[21.716785,38.209695]]},"properties":{"name":"Σουνίου","lines":"202, 302","arr":["202","302"],"roundabout":0,"mode":"bus","color":"#0059a9"}},{"type":"Feature","geometry":{"type":"LineString","coordinates":[[21.716785,38.209695],[21.717024,38.209927],[21.71704,38.209942],[21.717119,38.210021],[21.717207,38.210111],[21.7174,38.210319],[21.71749,38.210415],[21.717544,38.210475],[21.717687,38.210633],[21.717892,38.210858],[21.717998,38.210983],[21.718061,38.211057],[21.718146,38.211167],[21.718242,38.211289],[21.718357,38.211439],[21.718447,38.211566],[21.718559,38.211729],[21.718673,38.211897],[21.718767,38.212043],[21.718811,38.212114],[21.718825,38.212137],[21.718837,38.212163],[21.718842,38.212175],[21.718851,38.212198],[21.718855,38.212226]]},"properties":{"name":"Σουνίου","lines":"302","arr":["302"],"roundabout":0,"mode":"bus","color":"#0059a9"}},{"type":"Feature","geometry":{"type":"LineString","coordinates":[[21.718855,38.212226],[21.71886,38.212288],[21.718864,38.212316],[21.718871,38.212341],[21.718883,38.212378],[21.718897,38.212413],[21.719021,38.212685],[21.719147,38.212983],[21.719246,38.213215]]},"properties":{"name":"Σουνίου","lines":"503","arr":["503"],"roundabout":0,"mode":"bus","color":"#0059a9"}},{"type":"Feature","geometry":{"type":"LineString","coordinates":[[21.716533,38.209643],[21.71669,38.209783]]},"properties":{"name":"Σουνίου","lines":"202","arr":["202"],"roundabout":0,"mode":"bus","color":"#0059a9"}},{"type":"Feature","geometry":{"type":"LineString","coordinates":[[21.709079,38.204582],[21.709157,38.204629],[21.709225,38.204682],[21.709397,38.204831],[21.709535,38.204955],[21.709778,38.205188],[21.709913,38.205315],[21.710103,38.205504],[21.710167,38.205568],[21.710269,38.205669],[21.71036,38.205765],[21.710461,38.205881],[21.71059,38.206045],[21.710615,38.206079],[21.710626,38.206095],[21.710688,38.206178],[21.710888,38.206488],[21.711039,38.206728],[21.711284,38.207114],[21.711513,38.207483],[21.711617,38.207646],[21.711689,38.207758],[21.711736,38.207829],[21.711779,38.20789],[21.711812,38.207935],[21.71184,38.207971],[21.711898,38.208046],[21.711961,38.208123],[21.712014,38.208188],[21.712232,38.208431],[21.712278,38.20848],[21.712327,38.208527],[21.71235,38.208549],[21.712437,38.208632],[21.712508,38.208698],[21.712591,38.208767],[21.712669,38.208831],[21.712746,38.208891],[21.712814,38.208946],[21.712878,38.208996],[21.713042,38.209109],[21.713237,38.209243],[21.713583,38.209485],[21.713965,38.209724],[21.714382,38.209986],[21.714576,38.210089],[21.7148,38.210215],[21.715075,38.210358]]},"properties":{"name":"Ακτή Δυμαίων","lines":"502, 503","arr":["502","503"],"roundabout":0,"mode":"bus","color":"#0059a9"}},{"type":"Feature","geometry":{"type":"LineString","coordinates":[[21.715469,38.210556],[21.715657,38.210653],[21.715732,38.210701],[21.715818,38.210764],[21.715974,38.210897],[21.716082,38.210998],[21.716181,38.211091],[21.716252,38.211166],[21.716307,38.211225],[21.7164,38.211329],[21.716482,38.211435],[21.716555,38.211539],[21.716621,38.211646],[21.716761,38.21187],[21.71682,38.211971],[21.717016,38.21231],[21.717202,38.212648],[21.717399,38.213012],[21.717476,38.213162],[21.71767,38.213565],[21.717741,38.213712],[21.717966,38.21419],[21.717995,38.214254],[21.718013,38.214296],[21.71809,38.21446],[21.718123,38.214541],[21.718237,38.214778],[21.718255,38.214816],[21.718266,38.21484],[21.718313,38.214926],[21.718828,38.215823],[21.718903,38.215966],[21.71892,38.215998],[21.718971,38.216091],[21.719165,38.216521],[21.719257,38.216716],[21.719331,38.216888],[21.719385,38.217015],[21.719425,38.217121],[21.719476,38.217269],[21.719528,38.217427],[21.719593,38.217632],[21.719924,38.2187],[21.719938,38.218745],[21.719969,38.218842],[21.720001,38.218945],[21.720054,38.219113],[21.72015,38.219416],[21.720279,38.219853],[21.720334,38.220052],[21.72038,38.22022],[21.720508,38.2207],[21.720629,38.221152],[21.720696,38.221401],[21.720765,38.221668],[21.720855,38.222029],[21.720909,38.222261],[21.720951,38.222449],[21.721016,38.22277],[21.721058,38.222986],[21.721166,38.223491],[21.721235,38.223813],[21.721242,38.223845],[21.721299,38.22411],[21.721327,38.224216],[21.721348,38.224289],[21.721369,38.224352],[21.721407,38.224441],[21.721431,38.224487],[21.721447,38.224519],[21.721493,38.2246],[21.721535,38.224663],[21.721588,38.224741],[21.721659,38.224834],[21.72178,38.22498],[21.722032,38.225271],[21.722155,38.225412],[21.722249,38.225522],[21.7223,38.225583],[21.722388,38.225706],[21.722433,38.225769],[21.722479,38.225835],[21.722525,38.225903],[21.722562,38.225963],[21.722632,38.226092],[21.722691,38.226207],[21.722733,38.226289],[21.722757,38.226343],[21.722847,38.226534],[21.722927,38.226702],[21.722992,38.22683],[21.723411,38.227833],[21.723609,38.228325],[21.72367,38.228487],[21.723702,38.228584],[21.723766,38.228793],[21.7238,38.2289],[21.723896,38.229179],[21.723953,38.229368],[21.724044,38.229688],[21.724201,38.230236],[21.724366,38.230757],[21.724427,38.230974],[21.724514,38.231286],[21.724541,38.231399],[21.724589,38.231623],[21.724614,38.231763],[21.724629,38.231838]]},"properties":{"name":"Ακτή Δυμαίων","lines":"502, 503","arr":["502","503"],"roundabout":0,"mode":"bus","color":"#0059a9"}},{"type":"Feature","geometry":{"type":"LineString","coordinates":[[21.715075,38.210358],[21.715469,38.210556]]},"properties":{"name":"Ακτή Δυμαίων","lines":"202, 502, 503","arr":["202","502","503"],"roundabout":0,"mode":"bus","color":"#0059a9"}},{"type":"Feature","geometry":{"type":"LineString","coordinates":[[21.715404,38.21062],[21.714847,38.210326],[21.71446,38.21013],[21.714411,38.210102],[21.714177,38.209969],[21.713104,38.209274],[21.712953,38.209169],[21.712812,38.209072],[21.712562,38.208893],[21.712529,38.208869],[21.712385,38.208748],[21.712233,38.208605],[21.712065,38.208429],[21.711927,38.20828],[21.711873,38.208216],[21.711807,38.208131],[21.711745,38.208051],[21.711674,38.207948],[21.711601,38.207839],[21.71151,38.207701],[21.711169,38.207163],[21.710761,38.206502],[21.710693,38.206406],[21.710547,38.206199],[21.710349,38.205935],[21.710177,38.205726],[21.709602,38.205153],[21.709021,38.20466]]},"properties":{"name":"Ακτή Δυμαίων","lines":"202, 501, 502","arr":["202","501","502"],"roundabout":0,"mode":"bus","color":"#0059a9"}},{"type":"Feature","geometry":{"type":"LineString","coordinates":[[21.709021,38.20466],[21.708881,38.20458],[21.708658,38.204479],[21.708437,38.20438],[21.706246,38.203467],[21.705912,38.203345],[21.705697,38.203276]]},"properties":{"name":"Πατρών - Πύργου","lines":"202, 501, 502","arr":["202","501","502"],"roundabout":0,"mode":"bus","color":"#0059a9"}},{"type":"Feature","geometry":{"type":"LineString","coordinates":[[21.705697,38.203276],[21.704519,38.20307],[21.704058,38.202966],[21.703793,38.202875],[21.703567,38.202776],[21.703381,38.202672],[21.703059,38.202459],[21.703005,38.202382]]},"properties":{"name":"Πατρών - Πύργου","lines":"501, 502","arr":["501","502"],"roundabout":0,"mode":"bus","color":"#0059a9"}},{"type":"Feature","geometry":{"type":"LineString","coordinates":[[21.705736,38.203205],[21.705802,38.203084],[21.705882,38.202941],[21.705929,38.202868],[21.705952,38.202833],[21.70611,38.202601],[21.706135,38.202561],[21.706146,38.202539],[21.706179,38.202477],[21.706202,38.20244],[21.706228,38.202403],[21.706255,38.202368],[21.706298,38.202315],[21.706354,38.202249],[21.706421,38.202171],[21.706464,38.202121],[21.70653,38.202039],[21.706541,38.202024],[21.70655,38.202011],[21.70656,38.201994],[21.706588,38.201934],[21.706602,38.201901],[21.706624,38.201832],[21.706659,38.201739],[21.706706,38.201658],[21.706847,38.201501],[21.706966,38.201365],[21.707078,38.201263],[21.7072,38.201158],[21.707301,38.201061],[21.707389,38.200953],[21.707429,38.200889],[21.707658,38.200598],[21.707815,38.200426],[21.707962,38.200323],[21.708016,38.200282],[21.708143,38.200152],[21.708209,38.20008],[21.70843,38.199822],[21.708573,38.199646],[21.70867,38.199527],[21.708725,38.19945],[21.708789,38.199344],[21.708822,38.199278],[21.708979,38.198911],[21.709088,38.198688],[21.709105,38.198657],[21.709155,38.198568],[21.709435,38.198145],[21.709565,38.197932],[21.70972,38.197677],[21.709844,38.197487],[21.709999,38.197268],[21.71014,38.197063],[21.710295,38.196849],[21.710665,38.196292],[21.710801,38.196101],[21.710939,38.195909],[21.711,38.195828],[21.71105,38.195768],[21.7113,38.195497],[21.711414,38.19536],[21.711647,38.195114],[21.711775,38.194794],[21.711927,38.194594],[21.71198,38.194529],[21.712024,38.194478],[21.712055,38.194443],[21.712103,38.194399],[21.712208,38.1943],[21.712392,38.194141],[21.712517,38.194028],[21.712794,38.193763],[21.712839,38.193707],[21.712865,38.193671],[21.712884,38.19364],[21.712928,38.193563],[21.713005,38.193408]]},"properties":{"name":"25ης Μαρτίου","lines":"502","arr":["502"],"roundabout":0,"mode":"bus","color":"#0059a9"}},{"type":"Feature","geometry":{"type":"LineString","coordinates":[[21.701872,38.184166],[21.701926,38.184195],[21.702056,38.184265],[21.702141,38.184312],[21.702205,38.18435],[21.702329,38.184428],[21.702447,38.184508],[21.702566,38.184589],[21.702669,38.184661],[21.702759,38.184739],[21.702789,38.184769],[21.702829,38.184817],[21.702964,38.18501],[21.703101,38.185232],[21.703142,38.185307],[21.703159,38.185348],[21.703166,38.185375],[21.703173,38.185421],[21.703173,38.185462],[21.703165,38.185618],[21.703166,38.185692],[21.703169,38.185757],[21.703179,38.185815],[21.703195,38.185859],[21.703218,38.185893],[21.703294,38.185994],[21.703326,38.186047],[21.703347,38.18609],[21.703378,38.186159],[21.703463,38.186441]]},"properties":{"name":"25ης Μαρτίου","lines":"502","arr":["502"],"roundabout":0,"mode":"bus","color":"#0059a9"}},{"type":"Feature","geometry":{"type":"LineString","coordinates":[[21.705736,38.203205],[21.705697,38.203276]]},"properties":{"name":"25ης Μαρτίου","lines":"202, 502","arr":["202","502"],"roundabout":0,"mode":"bus","color":"#0059a9"}},{"type":"Feature","geometry":{"type":"LineString","coordinates":[[21.703005,38.202382],[21.70314,38.202431],[21.703254,38.202502],[21.703364,38.202565],[21.703463,38.20262],[21.703536,38.202657],[21.703574,38.202677],[21.703646,38.202713],[21.703754,38.202764],[21.703852,38.202804],[21.703989,38.202856],[21.704063,38.202881],[21.704227,38.202922],[21.704391,38.202958],[21.704547,38.202989],[21.704722,38.203023],[21.704947,38.203064],[21.705138,38.203096],[21.70527,38.20312],[21.705482,38.203156],[21.705625,38.203181],[21.705736,38.203205]]},"properties":{"name":"Πατρών - Πύργου","lines":"202, 502, 503","arr":["202","502","503"],"roundabout":0,"mode":"bus","color":"#0059a9"}},{"type":"Feature","geometry":{"type":"LineString","coordinates":[[21.705736,38.203205],[21.7058,38.203223],[21.705869,38.203246],[21.705938,38.203269],[21.706013,38.203299],[21.706248,38.203394],[21.706305,38.203417],[21.706783,38.203618],[21.707678,38.203993],[21.708057,38.204148],[21.708262,38.204233],[21.708488,38.204327],[21.708696,38.204417],[21.708864,38.204489],[21.708967,38.204534],[21.709079,38.204582]]},"properties":{"name":"Πατρών - Πύργου","lines":"502, 503","arr":["502","503"],"roundabout":0,"mode":"bus","color":"#0059a9"}},{"type":"Feature","geometry":{"type":"LineString","coordinates":[[21.703005,38.202382],[21.702605,38.202094],[21.702182,38.201774],[21.7012,38.201039],[21.70066,38.200644],[21.70021,38.200314],[21.699946,38.200121],[21.699249,38.19961],[21.69907,38.199481],[21.698927,38.199384],[21.698549,38.199109],[21.698262,38.198877],[21.698205,38.198827],[21.698122,38.198748],[21.698057,38.198679],[21.698011,38.19863],[21.69797,38.198581],[21.697912,38.198509],[21.697528,38.198024],[21.697225,38.197648],[21.696936,38.197284],[21.696686,38.196967],[21.696439,38.196642],[21.696188,38.196298],[21.695793,38.195768],[21.695639,38.195567],[21.695524,38.195416],[21.695378,38.195232],[21.695216,38.195035],[21.695061,38.19488],[21.694858,38.194703],[21.694524,38.194448],[21.694327,38.194291],[21.694046,38.194069],[21.693374,38.193525],[21.69311,38.19331],[21.692147,38.192542],[21.691981,38.192396],[21.691974,38.192387],[21.691827,38.192209],[21.691594,38.191897],[21.69153,38.19181],[21.691458,38.191696],[21.691302,38.191438],[21.691068,38.191032],[21.690912,38.190753],[21.69075,38.190461],[21.690632,38.190289],[21.690521,38.190144],[21.690437,38.190044],[21.690276,38.189859],[21.690191,38.189746],[21.690142,38.189652]]},"properties":{"name":"Πατρών - Πύργου","lines":"202, 501, 502, 503","arr":["202","501","502","503"],"roundabout":0,"mode":"bus","color":"#0059a9"}},{"type":"Feature","geometry":{"type":"LineString","coordinates":[[21.690142,38.189652],[21.689993,38.189579],[21.689941,38.189548],[21.689915,38.189527],[21.689692,38.189291],[21.689297,38.188805],[21.689183,38.188662],[21.688859,38.188252],[21.688701,38.188058],[21.688562,38.187898],[21.688549,38.187883],[21.688386,38.187732],[21.688262,38.187632],[21.688076,38.187495],[21.68787,38.187346],[21.68779,38.187295],[21.687705,38.187245],[21.687503,38.187146],[21.687322,38.187072],[21.687179,38.187021],[21.687149,38.187011],[21.686985,38.186958],[21.686795,38.186894],[21.68654,38.186812],[21.686391,38.18676],[21.686194,38.186689],[21.686069,38.186642],[21.685932,38.186596],[21.68576,38.186548],[21.685493,38.18648],[21.685114,38.186389],[21.684838,38.186326],[21.684415,38.186234],[21.684168,38.186185],[21.683961,38.186148],[21.683813,38.186124],[21.683614,38.186101],[21.683271,38.186064],[21.682931,38.186023],[21.682773,38.186004],[21.682577,38.185988],[21.682327,38.18598],[21.682104,38.185981],[21.681935,38.185984],[21.681619,38.185986],[21.681341,38.185972],[21.681192,38.185961],[21.680918,38.185942],[21.680578,38.185925],[21.680365,38.185906],[21.68024,38.185884],[21.680148,38.185855],[21.680014,38.1858],[21.679731,38.185666],[21.679531,38.185553],[21.679334,38.185404],[21.679108,38.185185],[21.678943,38.18499],[21.678808,38.184791],[21.678691,38.18459],[21.678547,38.184299],[21.678324,38.183882],[21.678096,38.1835],[21.67796,38.183278],[21.677706,38.182927],[21.677549,38.182689],[21.677477,38.182532],[21.677461,38.182443],[21.677448,38.182374],[21.677437,38.182235],[21.677455,38.181984],[21.677498,38.181764],[21.677525,38.181633]]},"properties":{"name":"28ης Οκτωβρίου","lines":"202, 501, 503","arr":["202","501","503"],"roundabout":0,"mode":"bus","color":"#0059a9"}},{"type":"Feature","geometry":{"type":"LineString","coordinates":[[21.676355,38.173959],[21.676549,38.174382],[21.676724,38.174761],[21.676855,38.175055],[21.676934,38.17524],[21.676986,38.17541],[21.677121,38.175947],[21.677276,38.17649],[21.677347,38.176665],[21.677392,38.176786],[21.677424,38.176909],[21.677447,38.177041],[21.677447,38.177214],[21.677446,38.177491],[21.677458,38.177693],[21.677479,38.177841],[21.677534,38.178109],[21.677654,38.178821],[21.677731,38.179259],[21.677751,38.179413],[21.677778,38.179619],[21.677824,38.179932],[21.677849,38.180116],[21.677851,38.180253],[21.67783,38.18042],[21.677808,38.180525],[21.677733,38.180656],[21.677645,38.180792],[21.677552,38.180918],[21.677512,38.181009],[21.677496,38.181105],[21.677498,38.18122],[21.677525,38.181421],[21.677525,38.181633]]},"properties":{"name":"Σταυρόπουλου","lines":"202, 501, 503","arr":["202","501","503"],"roundabout":0,"mode":"bus","color":"#0059a9"}},{"type":"Feature","geometry":{"type":"LineString","coordinates":[[21.676355,38.173959],[21.676115,38.173498],[21.675931,38.173138],[21.675697,38.172654],[21.675487,38.172282],[21.675258,38.171921],[21.674987,38.171479],[21.674468,38.17066],[21.674193,38.17026],[21.673976,38.169896],[21.673492,38.169328],[21.672839,38.168752],[21.67264,38.168573],[21.671849,38.167961],[21.671336,38.167573],[21.671206,38.167488],[21.670876,38.167269],[21.670415,38.167043],[21.669033,38.166516],[21.668373,38.166291]]},"properties":{"name":"Αλέκου Δεσποτόπουλου","lines":"202, 501, 503","arr":["202","501","503"],"roundabout":0,"mode":"bus","color":"#0059a9"}},{"type":"Feature","geometry":{"type":"LineString","coordinates":[[21.75035,38.264465],[21.750116,38.264566]]},"properties":{"name":"Τυρταίου","lines":"301, 302","arr":["301","302"],"roundabout":0,"mode":"bus","color":"#0059a9"}},{"type":"Feature","geometry":{"type":"LineString","coordinates":[[21.750001,38.264615],[21.749702,38.264745],[21.749078,38.265014]]},"properties":{"name":"Τυρταίου","lines":"303","arr":["303"],"roundabout":0,"mode":"bus","color":"#0059a9"}},{"type":"Feature","geometry":{"type":"LineString","coordinates":[[21.747983,38.25978],[21.74818,38.260087],[21.748215,38.260145],[21.748297,38.260277],[21.748328,38.260327],[21.748348,38.260359],[21.748365,38.260389],[21.748382,38.260427],[21.748397,38.260462],[21.748521,38.260871],[21.748558,38.260966],[21.748583,38.261023],[21.74862,38.261093],[21.748643,38.261138],[21.74869,38.261224],[21.748809,38.261433],[21.748959,38.261694],[21.748993,38.261755],[21.749083,38.261915],[21.749095,38.261936],[21.749132,38.262005],[21.749181,38.262097],[21.749217,38.262167],[21.749321,38.262388],[21.749425,38.262606],[21.749626,38.263028],[21.749641,38.263059],[21.749654,38.263088],[21.749996,38.26381],[21.750176,38.264182],[21.750334,38.264438],[21.75035,38.264465]]},"properties":{"name":"Θερμοπυλών","lines":"301, 302","arr":["301","302"],"roundabout":0,"mode":"bus","color":"#0059a9"}},{"type":"Feature","geometry":{"type":"LineString","coordinates":[[21.747983,38.25978],[21.74785,38.25983],[21.747733,38.259874],[21.747453,38.259978],[21.74719,38.260076],[21.746922,38.260176]]},"properties":{"name":"Χαιρώνειας","lines":"301, 302","arr":["301","302"],"roundabout":0,"mode":"bus","color":"#0059a9"}},{"type":"Feature","geometry":{"type":"LineString","coordinates":[[21.746922,38.260176],[21.746732,38.259784],[21.746625,38.259561],[21.746572,38.259452],[21.74654,38.259374],[21.74652,38.259329],[21.746487,38.259257],[21.746423,38.259127],[21.74605,38.25842],[21.745795,38.257919],[21.7455,38.257338],[21.745334,38.25699],[21.745219,38.256732],[21.744982,38.256216]]},"properties":{"name":"Ζακύνθου","lines":"301, 302","arr":["301","302"],"roundabout":0,"mode":"bus","color":"#0059a9"}},{"type":"Feature","geometry":{"type":"LineString","coordinates":[[21.727872,38.240944],[21.727768,38.240347],[21.727714,38.240033],[21.727673,38.239799],[21.727652,38.23968],[21.727504,38.238826],[21.727402,38.238241],[21.727204,38.237105],[21.727113,38.236584]]},"properties":{"name":"Μαιζώνος","lines":"301, 302, 610","arr":["301","302","610"],"roundabout":0,"mode":"bus","color":"#0059a9"}},{"type":"Feature","geometry":{"type":"LineString","coordinates":[[21.727113,38.236584],[21.727033,38.236121],[21.727001,38.235918],[21.726974,38.235734],[21.72696,38.235577],[21.726898,38.23484],[21.726853,38.234358],[21.72682,38.234015],[21.726784,38.23367],[21.72676,38.233428]]},"properties":{"name":"Μαιζώνος","lines":"301, 302","arr":["301","302"],"roundabout":0,"mode":"bus","color":"#0059a9"}},{"type":"Feature","geometry":{"type":"LineString","coordinates":[[21.72676,38.233428],[21.727675,38.233363]]},"properties":{"name":"Βορείου Ηπείρου","lines":"301, 302","arr":["301","302"],"roundabout":0,"mode":"bus","color":"#0059a9"}},{"type":"Feature","geometry":{"type":"LineString","coordinates":[[21.727675,38.233363],[21.72827,38.233315],[21.728956,38.233265],[21.729294,38.233244],[21.729721,38.23321],[21.729854,38.233205],[21.729892,38.233207],[21.729932,38.23321],[21.72997,38.233215],[21.730072,38.233233],[21.730522,38.233331],[21.731148,38.233455],[21.731733,38.233577],[21.732679,38.23377],[21.733447,38.233953],[21.73355,38.23398],[21.733596,38.233992],[21.734239,38.23426],[21.734359,38.234312],[21.734431,38.234345],[21.734508,38.23438],[21.734729,38.234487],[21.735136,38.234682],[21.735212,38.234717],[21.735487,38.23487],[21.73572,38.235013],[21.736245,38.235319]]},"properties":{"name":"Βορείου Ηπείρου","lines":"301, 302, 303","arr":["301","302","303"],"roundabout":0,"mode":"bus","color":"#0059a9"}},{"type":"Feature","geometry":{"type":"LineString","coordinates":[[21.736245,38.235319],[21.736414,38.235227]]},"properties":{"name":"Δάμωνος","lines":"301, 302","arr":["301","302"],"roundabout":0,"mode":"bus","color":"#0059a9"}},{"type":"Feature","geometry":{"type":"LineString","coordinates":[[21.736414,38.235227],[21.737393,38.234807],[21.737497,38.234781]]},"properties":{"name":"Δάμωνος","lines":"301, 302, 303","arr":["301","302","303"],"roundabout":0,"mode":"bus","color":"#0059a9"}},{"type":"Feature","geometry":{"type":"LineString","coordinates":[[21.737497,38.234781],[21.737479,38.234615],[21.737456,38.234408],[21.737443,38.234296],[21.737425,38.234235],[21.737347,38.234106],[21.737021,38.233634],[21.736946,38.233521],[21.736906,38.233457],[21.736823,38.233314],[21.73653,38.232756],[21.736476,38.232661],[21.736415,38.232552],[21.736346,38.232435],[21.736294,38.232356]]},"properties":{"name":"Αγίας Τριάδος","lines":"301, 302, 303","arr":["301","302","303"],"roundabout":0,"mode":"bus","color":"#0059a9"}},{"type":"Feature","geometry":{"type":"LineString","coordinates":[[21.736137,38.232134],[21.736088,38.232077],[21.736063,38.232041],[21.735913,38.23182],[21.735867,38.23175],[21.735791,38.231636],[21.735692,38.231482],[21.735595,38.23133]]},"properties":{"name":"Αγίου Ιωάννη Πράτσικα","lines":"301, 302","arr":["301","302"],"roundabout":0,"mode":"bus","color":"#0059a9"}},{"type":"Feature","geometry":{"type":"LineString","coordinates":[[21.732303,38.2137],[21.732324,38.213681]]},"properties":{"name":"","lines":"302","arr":["302"],"roundabout":0,"mode":"bus","color":"#0059a9"}},{"type":"Feature","geometry":{"type":"LineString","coordinates":[[21.727801,38.205909],[21.727791,38.205943],[21.727785,38.205975],[21.727779,38.206024],[21.72777,38.206062],[21.727762,38.206082],[21.727747,38.206101],[21.727727,38.206117],[21.727676,38.206143],[21.727627,38.20616],[21.7269,38.206347]]},"properties":{"name":"","lines":"302","arr":["302"],"roundabout":0,"mode":"bus","color":"#0059a9"}},{"type":"Feature","geometry":{"type":"LineString","coordinates":[[21.723949,38.209551],[21.724124,38.21002],[21.724301,38.210514],[21.724359,38.210657],[21.724262,38.210682],[21.724173,38.21071],[21.724058,38.210748],[21.723455,38.210924],[21.723394,38.210929],[21.723354,38.210906],[21.723236,38.210697],[21.723156,38.210563],[21.723013,38.210284]]},"properties":{"name":"","lines":"302","arr":["302"],"roundabout":0,"mode":"bus","color":"#0059a9"}},{"type":"Feature","geometry":{"type":"LineString","coordinates":[[21.724818,38.2108],[21.724975,38.211546],[21.725165,38.212255],[21.725207,38.212407]]},"properties":{"name":"","lines":"302","arr":["302"],"roundabout":0,"mode":"bus","color":"#0059a9"}},{"type":"Feature","geometry":{"type":"LineString","coordinates":[[21.749321,38.262388],[21.749254,38.262376],[21.749192,38.262259],[21.749217,38.262167]]},"properties":{"name":"","lines":"302","arr":["302"],"roundabout":0,"mode":"bus","color":"#0059a9"}},{"type":"Feature","geometry":{"type":"LineString","coordinates":[[21.747019,38.259357],[21.747148,38.259553]]},"properties":{"name":"","lines":"302","arr":["302"],"roundabout":0,"mode":"bus","color":"#0059a9"}},{"type":"Feature","geometry":{"type":"LineString","coordinates":[[21.747192,38.259216],[21.747177,38.259235],[21.747155,38.259262],[21.747133,38.259281],[21.747103,38.259303],[21.747019,38.259357],[21.746925,38.259412],[21.746838,38.25946],[21.746775,38.259494],[21.746728,38.259519],[21.746694,38.259536],[21.746673,38.259546],[21.746625,38.259561]]},"properties":{"name":"","lines":"302","arr":["302"],"roundabout":0,"mode":"bus","color":"#0059a9"}},{"type":"Feature","geometry":{"type":"LineString","coordinates":[[21.743191,38.256412],[21.743334,38.256376],[21.743355,38.256372],[21.74337,38.256371],[21.743388,38.256371],[21.743405,38.256373],[21.743419,38.256375],[21.743432,38.25638],[21.743449,38.256386]]},"properties":{"name":"","lines":"302","arr":["302"],"roundabout":0,"mode":"bus","color":"#0059a9"}},{"type":"Feature","geometry":{"type":"LineString","coordinates":[[21.72682,38.234015],[21.727024,38.234005]]},"properties":{"name":"","lines":"302","arr":["302"],"roundabout":0,"mode":"bus","color":"#0059a9"}},{"type":"Feature","geometry":{"type":"LineString","coordinates":[[21.722709,38.207057],[21.722722,38.20716]]},"properties":{"name":"","lines":"302","arr":["302"],"roundabout":0,"mode":"bus","color":"#0059a9"}},{"type":"Feature","geometry":{"type":"LineString","coordinates":[[21.721655,38.207477],[21.721645,38.207501],[21.721614,38.20752],[21.721065,38.207583],[21.721058,38.207703],[21.72108,38.207763]]},"properties":{"name":"","lines":"302","arr":["302"],"roundabout":0,"mode":"bus","color":"#0059a9"}},{"type":"Feature","geometry":{"type":"LineString","coordinates":[[21.725348,38.210736],[21.725373,38.210803],[21.725386,38.210817],[21.725405,38.210832],[21.725437,38.21084],[21.72552,38.210841],[21.726138,38.210847],[21.72617,38.210858],[21.726449,38.211451],[21.727063,38.211397],[21.727212,38.211385],[21.727325,38.211371],[21.727379,38.211362],[21.72807,38.211229],[21.728466,38.211152],[21.728647,38.211112],[21.728766,38.21108],[21.728939,38.211028],[21.729208,38.210945],[21.729487,38.210847],[21.729739,38.210753]]},"properties":{"name":"","lines":"302","arr":["302"],"roundabout":0,"mode":"bus","color":"#0059a9"}},{"type":"Feature","geometry":{"type":"LineString","coordinates":[[21.727801,38.205909],[21.727818,38.205907],[21.727846,38.205906],[21.727876,38.205908],[21.727901,38.20591],[21.727906,38.20591],[21.727941,38.205915],[21.728026,38.205926],[21.728388,38.205962],[21.728478,38.205974],[21.728591,38.205983],[21.728692,38.205987],[21.728847,38.20598],[21.728878,38.205972],[21.728979,38.205949],[21.729085,38.20592],[21.729135,38.205907],[21.729333,38.205844],[21.729357,38.205832],[21.72944,38.205826],[21.729531,38.205825],[21.729627,38.205826],[21.729722,38.205832],[21.729773,38.205843],[21.729805,38.205853],[21.729833,38.205867],[21.729855,38.205883],[21.729894,38.205915],[21.729958,38.205964],[21.730077,38.206051],[21.730096,38.206062],[21.730149,38.206094],[21.730188,38.206114],[21.730224,38.20613],[21.730259,38.206142],[21.730294,38.20615],[21.730327,38.206156],[21.730378,38.206162],[21.730526,38.206177]]},"properties":{"name":"Μονής Μεγάλου Σπηλαίου","lines":"302","arr":["302"],"roundabout":0,"mode":"bus","color":"#0059a9"}},{"type":"Feature","geometry":{"type":"LineString","coordinates":[[21.718855,38.212226],[21.71904,38.212168],[21.719253,38.212089],[21.71937,38.212041],[21.719467,38.211986],[21.719518,38.211955],[21.719614,38.211887],[21.719685,38.211833],[21.719881,38.211686],[21.720044,38.211553],[21.720211,38.21143],[21.720702,38.211127],[21.721046,38.210915],[21.721168,38.210841],[21.721433,38.210688],[21.721579,38.210599],[21.721637,38.210564],[21.72172,38.210508],[21.721737,38.210493],[21.721774,38.210461],[21.721851,38.210386],[21.721962,38.210266],[21.722047,38.210165],[21.722089,38.210124],[21.722136,38.210087],[21.722186,38.210053],[21.722267,38.210015],[21.722318,38.209998],[21.722492,38.209952],[21.722625,38.209917],[21.723047,38.209799],[21.723515,38.209664],[21.723949,38.209551]]},"properties":{"name":"Ιτέων","lines":"302","arr":["302"],"roundabout":0,"mode":"bus","color":"#0059a9"}},{"type":"Feature","geometry":{"type":"LineString","coordinates":[[21.725348,38.210736],[21.724818,38.2108],[21.724773,38.210805],[21.724731,38.210807],[21.724681,38.210807],[21.724633,38.210803],[21.724584,38.210795],[21.724522,38.21078],[21.724469,38.210756],[21.724419,38.210729],[21.724385,38.210694],[21.724359,38.210657]]},"properties":{"name":"Πανδίωνος","lines":"302","arr":["302"],"roundabout":0,"mode":"bus","color":"#0059a9"}},{"type":"Feature","geometry":{"type":"LineString","coordinates":[[21.725207,38.212407],[21.725245,38.212518]]},"properties":{"name":"","lines":"302, 503","arr":["302","503"],"roundabout":0,"mode":"bus","color":"#0059a9"}},{"type":"Feature","geometry":{"type":"LineString","coordinates":[[21.725245,38.212518],[21.726591,38.212179],[21.726941,38.212096],[21.72704,38.212076],[21.727052,38.212074],[21.727389,38.212005],[21.72748,38.211987],[21.727868,38.211917],[21.727999,38.211894],[21.728421,38.211821],[21.72912,38.211716],[21.729617,38.211641],[21.730206,38.211553],[21.730333,38.211534]]},"properties":{"name":"Γλαύκου","lines":"302, 503","arr":["302","503"],"roundabout":0,"mode":"bus","color":"#0059a9"}},{"type":"Feature","geometry":{"type":"LineString","coordinates":[[21.748297,38.260277],[21.748145,38.260325]]},"properties":{"name":"Αρχιεπισκόπου Μακαρίου","lines":"302","arr":["302"],"roundabout":0,"mode":"bus","color":"#0059a9"}},{"type":"Feature","geometry":{"type":"LineString","coordinates":[[21.747655,38.259322],[21.747777,38.259494],[21.747801,38.259527],[21.747811,38.259542],[21.747907,38.259674],[21.747983,38.25978]]},"properties":{"name":"Θερμοπυλών","lines":"302","arr":["302"],"roundabout":0,"mode":"bus","color":"#0059a9"}},{"type":"Feature","geometry":{"type":"LineString","coordinates":[[21.747148,38.259553],[21.747287,38.259482],[21.747381,38.25944],[21.747655,38.259322]]},"properties":{"name":"Μπιρμπίλη","lines":"302","arr":["302"],"roundabout":0,"mode":"bus","color":"#0059a9"}},{"type":"Feature","geometry":{"type":"LineString","coordinates":[[21.747048,38.258845],[21.747079,38.258913],[21.747116,38.258993],[21.747149,38.259058],[21.747179,38.259119],[21.747189,38.25914],[21.747197,38.259162],[21.7472,38.259181],[21.747197,38.259198],[21.747192,38.259216]]},"properties":{"name":"Κεφαλληνίας","lines":"302","arr":["302"],"roundabout":0,"mode":"bus","color":"#0059a9"}},{"type":"Feature","geometry":{"type":"LineString","coordinates":[[21.746107,38.258402],[21.74605,38.25842]]},"properties":{"name":"Κύπρου","lines":"302","arr":["302"],"roundabout":0,"mode":"bus","color":"#0059a9"}},{"type":"Feature","geometry":{"type":"LineString","coordinates":[[21.744687,38.256287],[21.744748,38.256413]]},"properties":{"name":"Τενέδου","lines":"302","arr":["302"],"roundabout":0,"mode":"bus","color":"#0059a9"}},{"type":"Feature","geometry":{"type":"LineString","coordinates":[[21.744272,38.256393],[21.744211,38.256256],[21.744201,38.25624],[21.744188,38.256226],[21.744171,38.256213],[21.744153,38.256202],[21.744132,38.256195],[21.743615,38.256039]]},"properties":{"name":"Δοϊράνης","lines":"302","arr":["302"],"roundabout":0,"mode":"bus","color":"#0059a9"}},{"type":"Feature","geometry":{"type":"LineString","coordinates":[[21.743449,38.256386],[21.743615,38.256039]]},"properties":{"name":"Κιλκίς","lines":"302","arr":["302"],"roundabout":0,"mode":"bus","color":"#0059a9"}},{"type":"Feature","geometry":{"type":"LineString","coordinates":[[21.741547,38.252297],[21.74132,38.252359]]},"properties":{"name":"Άστιγγος","lines":"302","arr":["302"],"roundabout":0,"mode":"bus","color":"#0059a9"}},{"type":"Feature","geometry":{"type":"LineString","coordinates":[[21.741077,38.251978],[21.741394,38.251903]]},"properties":{"name":"Στρατοκλέους","lines":"302","arr":["302"],"roundabout":0,"mode":"bus","color":"#0059a9"}},{"type":"Feature","geometry":{"type":"LineString","coordinates":[[21.726784,38.23367],[21.72733,38.233591],[21.727692,38.233534]]},"properties":{"name":"Πρεμετής","lines":"302","arr":["302"],"roundabout":0,"mode":"bus","color":"#0059a9"}},{"type":"Feature","geometry":{"type":"LineString","coordinates":[[21.72733,38.233591],[21.727376,38.233794]]},"properties":{"name":"Πάροδος Λ 9","lines":"302","arr":["302"],"roundabout":0,"mode":"bus","color":"#0059a9"}},{"type":"Feature","geometry":{"type":"LineString","coordinates":[[21.727675,38.233363],[21.727692,38.233534]]},"properties":{"name":"Κορίνθου","lines":"302, 303","arr":["302","303"],"roundabout":0,"mode":"bus","color":"#0059a9"}},{"type":"Feature","geometry":{"type":"LineString","coordinates":[[21.727692,38.233534],[21.727768,38.234298],[21.727817,38.234781],[21.72791,38.235712],[21.727947,38.236083],[21.727972,38.23627],[21.728004,38.236501],[21.728011,38.236552]]},"properties":{"name":"Κορίνθου","lines":"303","arr":["303"],"roundabout":0,"mode":"bus","color":"#0059a9"}},{"type":"Feature","geometry":{"type":"LineString","coordinates":[[21.736245,38.235319],[21.736262,38.235273],[21.736281,38.2352],[21.736302,38.235113],[21.736346,38.234931]]},"properties":{"name":"Αργυροκάστρου","lines":"302","arr":["302"],"roundabout":0,"mode":"bus","color":"#0059a9"}},{"type":"Feature","geometry":{"type":"LineString","coordinates":[[21.737347,38.234106],[21.737269,38.234145],[21.737213,38.234158],[21.737191,38.234158],[21.736861,38.234139]]},"properties":{"name":"Νικαίας","lines":"302, 303","arr":["302","303"],"roundabout":0,"mode":"bus","color":"#0059a9"}},{"type":"Feature","geometry":{"type":"LineString","coordinates":[[21.727227,38.206847],[21.727049,38.206902]]},"properties":{"name":"Μονής Σέλτσου","lines":"302","arr":["302"],"roundabout":0,"mode":"bus","color":"#0059a9"}},{"type":"Feature","geometry":{"type":"LineString","coordinates":[[21.722625,38.209917],[21.722831,38.210338]]},"properties":{"name":"Πάροδος Ιτεών 69","lines":"302","arr":["302"],"roundabout":0,"mode":"bus","color":"#0059a9"}},{"type":"Feature","geometry":{"type":"LineString","coordinates":[[21.722831,38.210338],[21.723013,38.210284]]},"properties":{"name":"Πάροδος Ιτέων 83","lines":"302","arr":["302"],"roundabout":0,"mode":"bus","color":"#0059a9"}},{"type":"Feature","geometry":{"type":"LineString","coordinates":[[21.735595,38.23133],[21.735779,38.231243]]},"properties":{"name":"Αράξου","lines":"303","arr":["303"],"roundabout":0,"mode":"bus","color":"#0059a9"}},{"type":"Feature","geometry":{"type":"LineString","coordinates":[[21.735779,38.231243],[21.735833,38.231321],[21.73586,38.231364],[21.735884,38.231405],[21.73591,38.231452],[21.735931,38.231496],[21.735956,38.231562],[21.735993,38.231662],[21.736028,38.231779],[21.736054,38.231872],[21.736137,38.232134]]},"properties":{"name":"Αγίου Ιωάννη Πράτσικα","lines":"303","arr":["303"],"roundabout":0,"mode":"bus","color":"#0059a9"}},{"type":"Feature","geometry":{"type":"LineString","coordinates":[[21.737497,38.234781],[21.737521,38.235012],[21.737532,38.235168],[21.737533,38.235193],[21.737531,38.235323],[21.737529,38.235368],[21.737517,38.235574],[21.737503,38.23571],[21.737494,38.235746],[21.73748,38.235793],[21.737463,38.235844],[21.737451,38.235875],[21.737425,38.235927],[21.737407,38.235962]]},"properties":{"name":"Αγίας Τριάδος","lines":"303","arr":["303"],"roundabout":0,"mode":"bus","color":"#0059a9"}},{"type":"Feature","geometry":{"type":"LineString","coordinates":[[21.737407,38.235962],[21.737055,38.235768],[21.736245,38.235319]]},"properties":{"name":"Βορείου Ηπείρου","lines":"303","arr":["303"],"roundabout":0,"mode":"bus","color":"#0059a9"}},{"type":"Feature","geometry":{"type":"LineString","coordinates":[[21.752159,38.260679],[21.750932,38.26131],[21.750918,38.261318],[21.750809,38.261374],[21.750273,38.261653],[21.750161,38.261712]]},"properties":{"name":"Αμερικής","lines":"303, 606, 609","arr":["303","606","609"],"roundabout":0,"mode":"bus","color":"#0059a9"}},{"type":"Feature","geometry":{"type":"LineString","coordinates":[[21.750161,38.261712],[21.749824,38.261902],[21.749715,38.261959],[21.749619,38.26201],[21.749521,38.262056],[21.749435,38.262093],[21.749355,38.262123],[21.749291,38.262144],[21.749217,38.262167],[21.748905,38.262252],[21.748122,38.262466],[21.747422,38.262657],[21.746788,38.26283],[21.745438,38.2632],[21.74514,38.26328],[21.744995,38.26332]]},"properties":{"name":"Αμερικής","lines":"303","arr":["303"],"roundabout":0,"mode":"bus","color":"#0059a9"}},{"type":"Feature","geometry":{"type":"LineString","coordinates":[[21.747422,38.262657],[21.748326,38.263944],[21.748742,38.264536],[21.749078,38.265014]]},"properties":{"name":"Θεοδότου","lines":"303","arr":["303"],"roundabout":0,"mode":"bus","color":"#0059a9"}},{"type":"Feature","geometry":{"type":"LineString","coordinates":[[21.731318,38.225126],[21.731488,38.2251]]},"properties":{"name":"Ν. Κριεζώτου","lines":"303, 503","arr":["303","503"],"roundabout":0,"mode":"bus","color":"#0059a9"}},{"type":"Feature","geometry":{"type":"LineString","coordinates":[[21.737517,38.235574],[21.737009,38.235478]]},"properties":{"name":"Καμαρινού","lines":"303","arr":["303"],"roundabout":0,"mode":"bus","color":"#0059a9"}},{"type":"Feature","geometry":{"type":"LineString","coordinates":[[21.729374,38.240777],[21.729268,38.240167]]},"properties":{"name":"Θεμιστοκλέους","lines":"303","arr":["303"],"roundabout":0,"mode":"bus","color":"#0059a9"}},{"type":"Feature","geometry":{"type":"LineString","coordinates":[[21.72829,38.233519],[21.72827,38.233315]]},"properties":{"name":"Θεμιστοκλέους","lines":"303","arr":["303"],"roundabout":0,"mode":"bus","color":"#0059a9"}},{"type":"Feature","geometry":{"type":"LineString","coordinates":[[21.728671,38.240238],[21.729268,38.240167]]},"properties":{"name":"Δημ. Υψηλάντου","lines":"303","arr":["303"],"roundabout":0,"mode":"bus","color":"#0059a9"}},{"type":"Feature","geometry":{"type":"LineString","coordinates":[[21.746599,38.25607],[21.746593,38.256032],[21.74659,38.255993],[21.746587,38.255964],[21.746586,38.255934],[21.746589,38.255909],[21.746595,38.255879],[21.746606,38.255852],[21.746615,38.255831],[21.746629,38.255812],[21.746648,38.255791],[21.746701,38.255745]]},"properties":{"name":"ΕΟ8","lines":"303","arr":["303"],"roundabout":0,"mode":"bus","color":"#0059a9"}},{"type":"Feature","geometry":{"type":"LineString","coordinates":[[21.748139,38.257516],[21.74814,38.257585],[21.748138,38.257659],[21.748136,38.257695]]},"properties":{"name":"Κορίνθου - Πατρών","lines":"303, 602, 608","arr":["303","602","608"],"roundabout":0,"mode":"bus","color":"#0059a9"}},{"type":"Feature","geometry":{"type":"LineString","coordinates":[[21.750123,38.258811],[21.750344,38.258691],[21.75042,38.258649]]},"properties":{"name":"Χαιρώνειας","lines":"303","arr":["303"],"roundabout":0,"mode":"bus","color":"#0059a9"}},{"type":"Feature","geometry":{"type":"LineString","coordinates":[[21.750461,38.259628],[21.750638,38.259484],[21.750653,38.259468],[21.75066,38.259449],[21.750659,38.259429],[21.75065,38.25941],[21.75039,38.25903],[21.750373,38.259014],[21.750339,38.258994],[21.750295,38.258974],[21.750166,38.258865],[21.750123,38.258811]]},"properties":{"name":"","lines":"303","arr":["303"],"roundabout":0,"mode":"bus","color":"#0059a9"}},{"type":"Feature","geometry":{"type":"LineString","coordinates":[[21.750461,38.259628],[21.750659,38.259897],[21.750722,38.259946],[21.750743,38.259972],[21.750827,38.260085]]},"properties":{"name":"Βόνιτσας","lines":"303","arr":["303"],"roundabout":0,"mode":"bus","color":"#0059a9"}},{"type":"Feature","geometry":{"type":"LineString","coordinates":[[21.750067,38.260179],[21.750241,38.260099],[21.75036,38.260044],[21.750659,38.259897]]},"properties":{"name":"Υπάτης","lines":"303","arr":["303"],"roundabout":0,"mode":"bus","color":"#0059a9"}},{"type":"Feature","geometry":{"type":"LineString","coordinates":[[21.750067,38.260179],[21.750932,38.26131]]},"properties":{"name":"Αιγίου","lines":"303","arr":["303"],"roundabout":0,"mode":"bus","color":"#0059a9"}},{"type":"Feature","geometry":{"type":"LineString","coordinates":[[21.73764,38.246742],[21.738234,38.246262]]},"properties":{"name":"Αγίου Νικολάου","lines":"401","arr":["401"],"roundabout":0,"mode":"bus","color":"#0059a9"}},{"type":"Feature","geometry":{"type":"LineString","coordinates":[[21.738234,38.246262],[21.738674,38.245906],[21.738955,38.24568],[21.738993,38.245649],[21.739108,38.245556]]},"properties":{"name":"Αγίου Νικολάου","lines":"401, 402","arr":["401","402"],"roundabout":0,"mode":"bus","color":"#0059a9"}},{"type":"Feature","geometry":{"type":"LineString","coordinates":[[21.739108,38.245556],[21.739117,38.245478],[21.739118,38.245425],[21.739114,38.245357],[21.739105,38.2453],[21.739093,38.24525],[21.739063,38.245154],[21.739027,38.245045],[21.738976,38.244907],[21.738947,38.244847],[21.738874,38.244716],[21.738831,38.244645],[21.738766,38.244551],[21.738694,38.24445],[21.738626,38.244369],[21.738564,38.2443],[21.738521,38.24426],[21.738476,38.24422],[21.738433,38.244185],[21.738379,38.244144],[21.7383,38.244088],[21.738032,38.243914],[21.738019,38.243906],[21.737976,38.243879],[21.737914,38.243855],[21.737775,38.243812]]},"properties":{"name":"25ης Μαρτίου","lines":"401, 402","arr":["401","402"],"roundabout":0,"mode":"bus","color":"#0059a9"}},{"type":"Feature","geometry":{"type":"LineString","coordinates":[[21.737775,38.243812],[21.737228,38.243649],[21.736807,38.243523]]},"properties":{"name":"","lines":"401","arr":["401"],"roundabout":0,"mode":"bus","color":"#0059a9"}},{"type":"Feature","geometry":{"type":"LineString","coordinates":[[21.736807,38.243523],[21.736829,38.24351],[21.737009,38.243403],[21.737452,38.243219],[21.737673,38.243125]]},"properties":{"name":"Παλαιών Πατρών Γερμανού","lines":"401","arr":["401"],"roundabout":0,"mode":"bus","color":"#0059a9"}},{"type":"Feature","geometry":{"type":"LineString","coordinates":[[21.737673,38.243125],[21.737711,38.243109],[21.738408,38.242814],[21.739113,38.242515],[21.739825,38.242213],[21.740625,38.241874],[21.741286,38.241594],[21.741996,38.241293],[21.742703,38.240994],[21.743242,38.240765],[21.743839,38.240512],[21.744125,38.240391],[21.74444,38.240257],[21.744806,38.240102],[21.745303,38.240197]]},"properties":{"name":"Παλαιών Πατρών Γερμανού","lines":"401, 402","arr":["401","402"],"roundabout":0,"mode":"bus","color":"#0059a9"}},{"type":"Feature","geometry":{"type":"LineString","coordinates":[[21.746198,38.240365],[21.746257,38.240405],[21.746293,38.240433],[21.746321,38.240456],[21.746346,38.240472],[21.746372,38.240486],[21.746409,38.240502],[21.746491,38.240532],[21.746685,38.240603],[21.746799,38.240644],[21.746951,38.240708],[21.747045,38.240754],[21.747113,38.240793],[21.747177,38.240832],[21.747238,38.240873],[21.74728,38.240906],[21.747315,38.240936]]},"properties":{"name":"Μεσσάτιδος","lines":"401, 402","arr":["401","402"],"roundabout":0,"mode":"bus","color":"#0059a9"}},{"type":"Feature","geometry":{"type":"LineString","coordinates":[[21.74743,38.241046],[21.747315,38.240936]]},"properties":{"name":"Αρόης","lines":"401, 402","arr":["401","402"],"roundabout":0,"mode":"bus","color":"#0059a9"}},{"type":"Feature","geometry":{"type":"LineString","coordinates":[[21.74743,38.241046],[21.747505,38.241087],[21.747606,38.24115],[21.74773,38.241245],[21.747812,38.241285],[21.747976,38.241371],[21.748289,38.241536],[21.748431,38.241606],[21.748543,38.241658],[21.748669,38.241715],[21.748783,38.241765],[21.748911,38.241815],[21.749041,38.241863],[21.749216,38.241925],[21.749411,38.241994],[21.749691,38.242096],[21.749771,38.242123],[21.749914,38.242172],[21.75003,38.242213],[21.750129,38.242249],[21.750144,38.242254],[21.750198,38.242276],[21.750302,38.242326],[21.750392,38.242378],[21.75047,38.242428],[21.750714,38.242608],[21.750747,38.24263],[21.750821,38.242671],[21.750851,38.242682],[21.750924,38.242704],[21.750954,38.242713],[21.751034,38.242732],[21.751259,38.24278],[21.751595,38.242841],[21.751925,38.242914],[21.752186,38.242966],[21.752345,38.243],[21.752426,38.243016],[21.752509,38.243028],[21.752583,38.24303],[21.752656,38.243029],[21.752811,38.243021],[21.753663,38.242972],[21.75402,38.242949],[21.75427,38.242934]]},"properties":{"name":"Αρόης","lines":"401","arr":["401"],"roundabout":0,"mode":"bus","color":"#0059a9"}},{"type":"Feature","geometry":{"type":"LineString","coordinates":[[21.75427,38.242934],[21.754241,38.24288],[21.75422,38.242855],[21.754175,38.24281],[21.754102,38.242749],[21.754066,38.242722],[21.753965,38.242657],[21.753908,38.242624],[21.753859,38.242599],[21.753765,38.24253],[21.753637,38.242416],[21.75356,38.242322],[21.753522,38.242265],[21.753507,38.242236],[21.753495,38.242206],[21.753485,38.242173],[21.753475,38.242136],[21.753475,38.242116],[21.753481,38.242088]]},"properties":{"name":"Στρατηγού Κ. Κωνσταντινόπουλου","lines":"401","arr":["401"],"roundabout":0,"mode":"bus","color":"#0059a9"}},{"type":"Feature","geometry":{"type":"LineString","coordinates":[[21.753481,38.242088],[21.753571,38.242088],[21.7537,38.24208],[21.754187,38.242056],[21.754566,38.242031],[21.754828,38.24203],[21.755106,38.242047],[21.755301,38.242067],[21.755353,38.242075],[21.755396,38.242087],[21.755439,38.242105],[21.755534,38.242152],[21.755572,38.242176],[21.756047,38.24258],[21.756098,38.242627],[21.75621,38.242722],[21.756293,38.242799],[21.756371,38.242874],[21.756445,38.242952],[21.7565,38.243016],[21.756586,38.243132],[21.756762,38.243395],[21.756804,38.243468]]},"properties":{"name":"Συνταγματάρχη Ζήση","lines":"401","arr":["401"],"roundabout":0,"mode":"bus","color":"#0059a9"}},{"type":"Feature","geometry":{"type":"LineString","coordinates":[[21.756804,38.243468],[21.756848,38.24348],[21.756864,38.243484],[21.756883,38.243487],[21.756901,38.243489],[21.756919,38.243489],[21.756938,38.243489],[21.756964,38.243486],[21.757028,38.243477],[21.757173,38.243455],[21.75732,38.243431],[21.757551,38.243371],[21.757707,38.243329],[21.757753,38.243316],[21.757824,38.243292],[21.757865,38.243277],[21.757977,38.243231],[21.758038,38.243207],[21.75813,38.24317],[21.758197,38.243145],[21.758283,38.243115],[21.758348,38.243094],[21.758493,38.243047],[21.758549,38.243026],[21.758572,38.243017],[21.758594,38.243005],[21.7586,38.243002],[21.758615,38.242992],[21.758639,38.242973],[21.758685,38.242929],[21.758758,38.242852],[21.758787,38.242826],[21.758813,38.242804],[21.758847,38.242782],[21.75888,38.242764],[21.758918,38.242746],[21.758961,38.242731],[21.759184,38.24267],[21.759199,38.242664],[21.759229,38.24265],[21.759266,38.242629],[21.759308,38.242601],[21.759367,38.242561],[21.759531,38.242434],[21.759686,38.24232],[21.759796,38.242245],[21.759851,38.242212],[21.759899,38.242186],[21.759917,38.242178],[21.759943,38.242169],[21.759967,38.242165],[21.759994,38.242163],[21.760024,38.242163],[21.760051,38.242165],[21.760151,38.24218],[21.7602,38.242187],[21.76024,38.242191],[21.76028,38.242192],[21.760316,38.242192],[21.760331,38.242191],[21.760344,38.242189],[21.760359,38.242184],[21.760376,38.242177],[21.760385,38.242171],[21.760392,38.242165],[21.760397,38.242159],[21.760401,38.242152],[21.760405,38.242142],[21.760412,38.242119],[21.760415,38.242107],[21.760418,38.242084],[21.760422,38.242054],[21.760423,38.242042],[21.760423,38.242023],[21.76042,38.241961],[21.760412,38.241875],[21.760406,38.241832],[21.7604,38.241792],[21.760383,38.241703],[21.760358,38.241585],[21.760335,38.241477],[21.760327,38.241448],[21.760317,38.241424],[21.760303,38.241399],[21.760278,38.241363],[21.760246,38.241327],[21.760218,38.241301],[21.760191,38.24128],[21.760161,38.241261],[21.76013,38.241244],[21.760075,38.241222],[21.759997,38.241201],[21.759885,38.241175],[21.75984,38.241163],[21.759809,38.241153],[21.759794,38.241146],[21.759784,38.241138],[21.759777,38.241131],[21.759771,38.24112],[21.759767,38.241109],[21.759766,38.241098],[21.759765,38.241087],[21.759766,38.241076],[21.759772,38.241055],[21.75978,38.241036],[21.75979,38.241021],[21.759811,38.240996],[21.759937,38.240858],[21.759988,38.240803],[21.760022,38.240767],[21.760044,38.240744],[21.760071,38.240721],[21.760114,38.240686],[21.760162,38.24065],[21.760219,38.240611],[21.760321,38.240557],[21.760487,38.240477],[21.760623,38.24042],[21.760752,38.240368],[21.760827,38.240337],[21.760882,38.240309],[21.760952,38.240266],[21.761,38.240234],[21.761127,38.240138],[21.761202,38.240079],[21.76124,38.24005],[21.761259,38.240037],[21.761293,38.240018],[21.761335,38.240001],[21.761374,38.239991],[21.761414,38.239984],[21.761452,38.23998],[21.761488,38.239978],[21.761505,38.239977],[21.761554,38.239979],[21.761607,38.239982],[21.761641,38.239987],[21.761665,38.239992],[21.761693,38.24],[21.761722,38.240013],[21.761782,38.240049]]},"properties":{"name":"Διονύσου","lines":"401, 402","arr":["401","402"],"roundabout":0,"mode":"bus","color":"#0059a9"}},{"type":"Feature","geometry":{"type":"LineString","coordinates":[[21.761782,38.240049],[21.761833,38.240082]]},"properties":{"name":"Διονύσου","lines":"402","arr":["402"],"roundabout":0,"mode":"bus","color":"#0059a9"}},{"type":"Feature","geometry":{"type":"LineString","coordinates":[[21.756804,38.243468],[21.756783,38.243465],[21.756757,38.243463],[21.756711,38.243461],[21.756645,38.24346],[21.756542,38.243458],[21.756463,38.243457],[21.756361,38.243456],[21.756214,38.243456],[21.756205,38.243412],[21.756194,38.243388],[21.756177,38.243365],[21.756161,38.243351],[21.755937,38.243247],[21.755731,38.243219],[21.755646,38.243215],[21.755538,38.243213],[21.755441,38.243218],[21.755334,38.243228],[21.754871,38.243292],[21.754552,38.243356],[21.75438,38.243401],[21.754294,38.243428],[21.754163,38.243472],[21.754109,38.24349],[21.754071,38.243501],[21.754017,38.243515],[21.753946,38.243532],[21.753875,38.243546],[21.753829,38.243556],[21.75377,38.243562],[21.752937,38.243632],[21.752874,38.243635],[21.752818,38.243636],[21.752737,38.243639],[21.752683,38.243638],[21.752234,38.243988],[21.751742,38.244347],[21.75125,38.244708]]},"properties":{"name":"Ναυπάκτου","lines":"402","arr":["402"],"roundabout":0,"mode":"bus","color":"#0059a9"}},{"type":"Feature","geometry":{"type":"LineString","coordinates":[[21.75125,38.244708],[21.75079,38.244339],[21.750318,38.243951],[21.749975,38.24368],[21.749696,38.243439],[21.74961,38.24337],[21.749541,38.243323],[21.749462,38.243276],[21.749347,38.243211],[21.749123,38.24309],[21.748719,38.24288],[21.748438,38.242733],[21.748304,38.242663],[21.748128,38.242595],[21.748088,38.242588],[21.748049,38.24259],[21.747983,38.242611],[21.747932,38.24262],[21.747885,38.242616],[21.747842,38.242599],[21.747804,38.242558],[21.747749,38.242451]]},"properties":{"name":"Π. Παυλόπουλου","lines":"402","arr":["402"],"roundabout":0,"mode":"bus","color":"#0059a9"}},{"type":"Feature","geometry":{"type":"LineString","coordinates":[[21.747089,38.241111],[21.747079,38.241363],[21.747067,38.24151],[21.747056,38.241668],[21.747056,38.241709],[21.747058,38.241743],[21.747061,38.241776],[21.74707,38.241827],[21.747078,38.241865],[21.747088,38.241898],[21.747096,38.241914],[21.747107,38.241932],[21.747125,38.241948],[21.747147,38.24196],[21.747169,38.241967],[21.747186,38.24197],[21.747216,38.241973],[21.747245,38.241971],[21.747277,38.241966],[21.747357,38.241947],[21.747399,38.241938],[21.74743,38.241935],[21.747471,38.241934],[21.747501,38.241935],[21.747529,38.241941],[21.747558,38.24195],[21.747588,38.24197],[21.747615,38.241997],[21.747636,38.24203],[21.747653,38.242061],[21.747665,38.242093],[21.747678,38.242141],[21.747702,38.242239],[21.747732,38.242366],[21.747749,38.242451]]},"properties":{"name":"Μεσσάτιδος","lines":"402","arr":["402"],"roundabout":0,"mode":"bus","color":"#0059a9"}},{"type":"Feature","geometry":{"type":"LineString","coordinates":[[21.747089,38.241111],[21.747119,38.241103],[21.747138,38.241097],[21.747158,38.241085],[21.747175,38.241072],[21.747315,38.240936]]},"properties":{"name":"Ευρυπύλου","lines":"402","arr":["402"],"roundabout":0,"mode":"bus","color":"#0059a9"}},{"type":"Feature","geometry":{"type":"LineString","coordinates":[[21.737673,38.243125],[21.737775,38.243812]]},"properties":{"name":"","lines":"402","arr":["402"],"roundabout":0,"mode":"bus","color":"#0059a9"}},{"type":"Feature","geometry":{"type":"LineString","coordinates":[[21.738234,38.246262],[21.738841,38.24672],[21.739267,38.247045]]},"properties":{"name":"Καραϊσκάκη","lines":"402","arr":["402"],"roundabout":0,"mode":"bus","color":"#0059a9"}},{"type":"Feature","geometry":{"type":"LineString","coordinates":[[21.732278,38.244502],[21.731906,38.244223],[21.731651,38.244032],[21.731483,38.243908],[21.731044,38.243567],[21.730605,38.243226],[21.730089,38.242826],[21.730045,38.242792],[21.729998,38.242755],[21.729923,38.242697],[21.729873,38.242658],[21.729352,38.242252],[21.728922,38.241909],[21.727938,38.241151],[21.727918,38.241118],[21.727904,38.241081],[21.727894,38.241047],[21.727883,38.241005],[21.727872,38.240944]]},"properties":{"name":"Μαιζώνος","lines":"501, 502, 610","arr":["501","502","610"],"roundabout":0,"mode":"bus","color":"#0059a9"}},{"type":"Feature","geometry":{"type":"LineString","coordinates":[[21.727872,38.240944],[21.72758,38.240977],[21.727372,38.241],[21.727285,38.24101],[21.727243,38.241014],[21.726508,38.241096],[21.726352,38.241114]]},"properties":{"name":"Παπαφλέσσα","lines":"501, 502","arr":["501","502"],"roundabout":0,"mode":"bus","color":"#0059a9"}},{"type":"Feature","geometry":{"type":"LineString","coordinates":[[21.669691,38.163396],[21.6695,38.16379],[21.669243,38.164483],[21.669213,38.164548],[21.668373,38.166291]]},"properties":{"name":"Ευαγγελίστριας","lines":"501, 503","arr":["501","503"],"roundabout":0,"mode":"bus","color":"#0059a9"}},{"type":"Feature","geometry":{"type":"LineString","coordinates":[[21.686607,38.180539],[21.686732,38.18073],[21.686883,38.180951],[21.687047,38.18117],[21.687148,38.181333],[21.687304,38.181616],[21.687494,38.181987],[21.687634,38.182285],[21.68773,38.182515],[21.687832,38.182762],[21.688114,38.183452],[21.688356,38.184106],[21.688447,38.184387],[21.688584,38.184759],[21.688706,38.185064],[21.68883,38.185327],[21.688987,38.185624],[21.689201,38.185992],[21.689543,38.186533],[21.689719,38.186803],[21.689797,38.186933],[21.689855,38.187038],[21.689941,38.187199],[21.690016,38.187356],[21.690099,38.187541],[21.69024,38.187875],[21.690305,38.188024],[21.690365,38.188146],[21.69043,38.188265],[21.690493,38.188368],[21.690552,38.18846],[21.690571,38.188487],[21.690631,38.188569],[21.690694,38.188661],[21.690709,38.188688],[21.690718,38.188708],[21.690724,38.188724],[21.690728,38.188745],[21.69073,38.188768],[21.690728,38.188804],[21.690726,38.188829],[21.69072,38.188856],[21.690712,38.188885],[21.690706,38.188902],[21.690697,38.188923],[21.690686,38.18894],[21.690669,38.188959],[21.690645,38.188983],[21.690622,38.189002],[21.69045,38.189125],[21.690363,38.189195],[21.69028,38.189273],[21.690217,38.189338],[21.690173,38.189393],[21.690147,38.189443],[21.69012,38.189508],[21.690115,38.189567],[21.690142,38.189652]]},"properties":{"name":"Πατρών - Πύργου","lines":"501, 502, 503","arr":["501","502","503"],"roundabout":0,"mode":"bus","color":"#0059a9"}},{"type":"Feature","geometry":{"type":"LineString","coordinates":[[21.686607,38.180539],[21.68654,38.18044],[21.68636,38.180196],[21.68608,38.179884],[21.686003,38.179812],[21.685873,38.179688],[21.685339,38.179217],[21.68473,38.178704],[21.68441,38.178426],[21.68411,38.178148],[21.683846,38.177869],[21.683634,38.177628],[21.683291,38.177234],[21.682982,38.176871],[21.68279,38.176667],[21.682488,38.176378],[21.682312,38.176205],[21.682216,38.176096],[21.682132,38.175989],[21.681953,38.175758],[21.68183,38.175585],[21.681735,38.175452],[21.681611,38.175284],[21.681528,38.175168],[21.681474,38.175079],[21.681373,38.174908],[21.68121,38.174606],[21.681047,38.174288],[21.680864,38.173928],[21.680602,38.173444],[21.680534,38.173334],[21.680353,38.173042],[21.680137,38.172737],[21.679103,38.171464],[21.678729,38.171009],[21.678404,38.170626],[21.678264,38.170462],[21.677599,38.169694],[21.677244,38.169314],[21.676129,38.168129],[21.675602,38.167565],[21.675065,38.166983],[21.674942,38.166869],[21.674635,38.166642],[21.673263,38.165742],[21.673076,38.165603],[21.672871,38.165427],[21.672239,38.164834],[21.672163,38.164759],[21.671977,38.164613],[21.671498,38.164243],[21.671072,38.164005],[21.670983,38.163959],[21.67068,38.16382],[21.670245,38.16363],[21.669691,38.163396],[21.669279,38.163193],[21.668745,38.162864],[21.668084,38.162473],[21.667142,38.162161],[21.666809,38.162037],[21.666596,38.161959],[21.666378,38.161905],[21.666018,38.161857],[21.665371,38.16182],[21.665268,38.161814],[21.66466,38.161741],[21.664432,38.161693],[21.664185,38.161642],[21.663926,38.161582],[21.663905,38.161578],[21.66369,38.161533],[21.663246,38.161431],[21.66275,38.161336],[21.662604,38.161323],[21.662448,38.161312],[21.662234,38.161312],[21.661473,38.161288],[21.66125,38.161286],[21.660742,38.161295],[21.660216,38.161357],[21.659664,38.161415],[21.658959,38.161479],[21.658563,38.161496],[21.658174,38.161464],[21.657843,38.161394],[21.657377,38.161258],[21.657237,38.161209],[21.657123,38.161184],[21.657016,38.161175],[21.656863,38.161173],[21.656789,38.161176],[21.656728,38.161172],[21.656667,38.161158],[21.656341,38.161019],[21.655303,38.160596],[21.654233,38.160193],[21.654111,38.16015],[21.653649,38.159974],[21.653207,38.15978],[21.652306,38.159322],[21.651492,38.158917],[21.651348,38.158843],[21.650493,38.158368],[21.650284,38.158255],[21.649924,38.158088],[21.64878,38.157624],[21.648678,38.15758],[21.647948,38.157243],[21.647753,38.157153],[21.647189,38.156892],[21.646779,38.156719],[21.646566,38.156621],[21.646328,38.156499],[21.645931,38.156334],[21.645674,38.156244],[21.645568,38.156219],[21.645238,38.156138],[21.645097,38.156111],[21.644568,38.155985],[21.644126,38.155867],[21.644091,38.155856],[21.643638,38.155717],[21.643296,38.155624],[21.642761,38.15551],[21.642592,38.155482],[21.641463,38.155308],[21.641329,38.155294],[21.64119,38.155286],[21.640466,38.155271],[21.6403,38.155274],[21.63965,38.155323],[21.639119,38.155382],[21.638605,38.155478],[21.638252,38.155512],[21.637033,38.1555],[21.63644,38.155459],[21.635355,38.155286],[21.634423,38.155149],[21.633635,38.154988],[21.633561,38.154968],[21.633301,38.154907],[21.632975,38.154821],[21.632895,38.154799],[21.631886,38.15452],[21.631662,38.154457],[21.631463,38.154388],[21.631338,38.154312]]},"properties":{"name":"Πατρών - Πύργου","lines":"501, 503","arr":["501","503"],"roundabout":0,"mode":"bus","color":"#0059a9"}},{"type":"Feature","geometry":{"type":"LineString","coordinates":[[21.631418,38.154052],[21.631322,38.154202]]},"properties":{"name":"Διακλαδωση ΒΙΠΕ","lines":"501, 503","arr":["501","503"],"roundabout":0,"mode":"bus","color":"#0059a9"}},{"type":"Feature","geometry":{"type":"LineString","coordinates":[[21.713005,38.193408],[21.713106,38.193218],[21.713131,38.193173],[21.713216,38.193036],[21.713237,38.193008],[21.713257,38.192979],[21.713357,38.192828],[21.713449,38.192689],[21.713496,38.192627],[21.713525,38.192591],[21.713575,38.192536],[21.713613,38.192484],[21.713656,38.192415],[21.71379,38.192196],[21.713858,38.192089],[21.713909,38.192023],[21.713966,38.191965],[21.714054,38.191886],[21.714245,38.191758],[21.714606,38.191468],[21.714947,38.191174],[21.715096,38.191055],[21.715434,38.190709],[21.715526,38.190615],[21.715575,38.190563],[21.715623,38.190511],[21.71566,38.190463],[21.715692,38.190415],[21.715833,38.190184],[21.715948,38.190043],[21.716018,38.189977],[21.716125,38.1899],[21.716211,38.189826],[21.716228,38.189801],[21.71624,38.189776],[21.716249,38.18975],[21.716251,38.189732],[21.716249,38.18972],[21.716242,38.189708],[21.716232,38.189695],[21.716214,38.189679],[21.715214,38.18913],[21.71479,38.188895],[21.714471,38.188705],[21.714362,38.188623],[21.714303,38.188552],[21.714269,38.188489],[21.714248,38.188419],[21.714238,38.188369]]},"properties":{"name":"25ης Μαρτίου","lines":"502, 801","arr":["502","801"],"roundabout":0,"mode":"bus","color":"#0059a9"}},{"type":"Feature","geometry":{"type":"LineString","coordinates":[[21.714238,38.188369],[21.714487,38.18837],[21.714667,38.188358],[21.714899,38.188341],[21.715044,38.188324],[21.715199,38.188303],[21.715309,38.188287],[21.715557,38.188251],[21.715758,38.188227],[21.715988,38.188204],[21.716095,38.188194],[21.71624,38.188186],[21.7164,38.18818],[21.71655,38.188184],[21.716714,38.188192],[21.716929,38.188209],[21.717165,38.188225],[21.717444,38.188253],[21.717695,38.188287],[21.717833,38.188308],[21.718,38.188339],[21.718135,38.188365],[21.718312,38.188401],[21.718668,38.188474],[21.718786,38.1885],[21.718878,38.188522],[21.718953,38.188542],[21.719023,38.188562],[21.719066,38.188576],[21.719174,38.188611],[21.719325,38.188665],[21.719468,38.188717],[21.719526,38.18874],[21.719701,38.188809],[21.719949,38.188907],[21.720169,38.188998],[21.720277,38.189043],[21.720426,38.189105],[21.720534,38.18915],[21.720656,38.189207],[21.720985,38.189353],[21.721166,38.189444],[21.721329,38.189545],[21.721689,38.189756],[21.721736,38.189785],[21.721901,38.189887],[21.721967,38.189928],[21.722136,38.190033],[21.72267,38.190254],[21.722844,38.190318],[21.723202,38.190437],[21.723363,38.190471],[21.723402,38.190475],[21.723443,38.190478],[21.723495,38.190481],[21.723617,38.190481],[21.723892,38.190479],[21.72392,38.190479]]},"properties":{"name":"Ηλείας","lines":"801, 804","arr":["801","804"],"roundabout":0,"mode":"bus","color":"#0059a9"}},{"type":"Feature","geometry":{"type":"LineString","coordinates":[[21.714238,38.188369],[21.714132,38.188347],[21.713763,38.188218],[21.713281,38.18806],[21.712966,38.187956],[21.712856,38.187922],[21.712763,38.187893],[21.712638,38.187858],[21.712552,38.187841],[21.712448,38.187825],[21.712341,38.187818],[21.712227,38.187813],[21.712079,38.187815],[21.711947,38.187822],[21.711723,38.187841],[21.711449,38.187871],[21.71116,38.187908],[21.710989,38.187926],[21.710897,38.187933],[21.710821,38.187937],[21.710705,38.187938],[21.710582,38.187937],[21.710415,38.187935],[21.710262,38.18793],[21.710136,38.18792]]},"properties":{"name":"Ηλείας","lines":"502, 804","arr":["502","804"],"roundabout":0,"mode":"bus","color":"#0059a9"}},{"type":"Feature","geometry":{"type":"LineString","coordinates":[[21.710136,38.18792],[21.710059,38.187914],[21.709895,38.187902],[21.709733,38.187894],[21.709571,38.187888],[21.709385,38.187882],[21.709254,38.187879],[21.709146,38.187879],[21.708451,38.187891],[21.708188,38.187896],[21.707971,38.187897],[21.707812,38.187894],[21.707673,38.187889],[21.707538,38.187881],[21.707395,38.18787],[21.707251,38.187857],[21.706934,38.187826],[21.706421,38.187779],[21.705869,38.187719],[21.705362,38.187665],[21.705128,38.187643],[21.705021,38.187632],[21.704867,38.187613]]},"properties":{"name":"Αγίου Κωνσταντίνου","lines":"502, 804","arr":["502","804"],"roundabout":0,"mode":"bus","color":"#0059a9"}},{"type":"Feature","geometry":{"type":"LineString","coordinates":[[21.704867,38.187613],[21.704796,38.187603],[21.70469,38.187579],[21.704599,38.187555],[21.704503,38.187523],[21.704427,38.18749],[21.704328,38.187443],[21.704238,38.187395],[21.704077,38.187301],[21.703881,38.187173],[21.70372,38.187074],[21.703523,38.186959],[21.703326,38.186857],[21.703216,38.186809],[21.703078,38.186756],[21.702992,38.186723],[21.702849,38.186671],[21.702493,38.186543],[21.702349,38.186491],[21.702244,38.186454],[21.702154,38.186427],[21.702061,38.186403],[21.701935,38.186372],[21.701786,38.186341],[21.701636,38.186312],[21.701206,38.186242],[21.701025,38.186217],[21.700764,38.186183],[21.700645,38.186164],[21.700557,38.186148],[21.70046,38.186123],[21.700327,38.186085],[21.700223,38.186052],[21.70007,38.185994],[21.699954,38.185952],[21.699816,38.185902],[21.699744,38.185873],[21.699658,38.185829],[21.699572,38.185776],[21.699483,38.185711],[21.699294,38.185567],[21.699273,38.18555],[21.699085,38.185399],[21.698967,38.185308],[21.698891,38.185249],[21.698848,38.185219],[21.698803,38.185189],[21.698773,38.185172],[21.698738,38.185152],[21.698698,38.185132],[21.698632,38.18511],[21.698434,38.18505],[21.698321,38.185013],[21.698262,38.184988],[21.698182,38.184956],[21.698094,38.184915],[21.697977,38.184858],[21.697534,38.184618],[21.697244,38.184466],[21.697087,38.184378],[21.696354,38.183972],[21.696207,38.183894],[21.695931,38.183749],[21.695733,38.183638],[21.695617,38.183575],[21.69549,38.183505],[21.695339,38.183432],[21.695244,38.183394],[21.695077,38.183345],[21.694882,38.183299],[21.694762,38.183276],[21.694575,38.18325],[21.694405,38.183233],[21.694273,38.183218],[21.694119,38.183203],[21.693946,38.183182],[21.693811,38.18316],[21.693671,38.183131],[21.693571,38.183111],[21.693353,38.183067],[21.69303,38.183003],[21.692123,38.182819],[21.69204,38.182802],[21.691705,38.182724],[21.690936,38.182586],[21.690758,38.182546],[21.690578,38.182504],[21.690385,38.182459],[21.690242,38.18242],[21.690114,38.182375],[21.689968,38.182317],[21.689773,38.182229],[21.689577,38.182127],[21.689167,38.181874],[21.688962,38.18175],[21.688859,38.181698],[21.688561,38.181526],[21.688276,38.181365],[21.687753,38.181095],[21.687468,38.180941],[21.686842,38.180559],[21.686681,38.180497]]},"properties":{"name":"Αγίου Κωνσταντίνου","lines":"502","arr":["502"],"roundabout":0,"mode":"bus","color":"#0059a9"}},{"type":"Feature","geometry":{"type":"LineString","coordinates":[[21.702992,38.186723],[21.703054,38.18668],[21.703241,38.186578],[21.703378,38.186497],[21.703463,38.186441]]},"properties":{"name":"Μεταμορφώσεως Σωτήρος","lines":"502","arr":["502"],"roundabout":0,"mode":"bus","color":"#0059a9"}},{"type":"Feature","geometry":{"type":"LineString","coordinates":[[21.695931,38.183749],[21.695897,38.183796],[21.695874,38.183849],[21.695856,38.183901],[21.695836,38.183935],[21.695777,38.183987],[21.695655,38.1841],[21.695296,38.184408],[21.695009,38.18466],[21.694762,38.18488],[21.694405,38.185184],[21.694185,38.185372],[21.694044,38.185478],[21.693972,38.185538]]},"properties":{"name":"Γεράσιμου Κατσάμπα","lines":"502","arr":["502"],"roundabout":0,"mode":"bus","color":"#0059a9"}},{"type":"Feature","geometry":{"type":"LineString","coordinates":[[21.693972,38.185538],[21.693568,38.185902],[21.693193,38.186247],[21.691814,38.187492],[21.691258,38.187976],[21.691044,38.188162],[21.690864,38.188318],[21.690739,38.188446],[21.690631,38.188569]]},"properties":{"name":"Κατσάνη","lines":"502","arr":["502"],"roundabout":0,"mode":"bus","color":"#0059a9"}},{"type":"Feature","geometry":{"type":"LineString","coordinates":[[21.686681,38.180497],[21.686647,38.180515],[21.686607,38.180539]]},"properties":{"name":"Αγίας Μαρίνας","lines":"502","arr":["502"],"roundabout":0,"mode":"bus","color":"#0059a9"}},{"type":"Feature","geometry":{"type":"LineString","coordinates":[[21.678885,38.184488],[21.678691,38.18459]]},"properties":{"name":"Κλειούς","lines":"503","arr":["503"],"roundabout":0,"mode":"bus","color":"#0059a9"}},{"type":"Feature","geometry":{"type":"LineString","coordinates":[[21.691594,38.191897],[21.691679,38.191839]]},"properties":{"name":"","lines":"503","arr":["503"],"roundabout":0,"mode":"bus","color":"#0059a9"}},{"type":"Feature","geometry":{"type":"LineString","coordinates":[[21.692133,38.192304],[21.691974,38.192387]]},"properties":{"name":"","lines":"503","arr":["503"],"roundabout":0,"mode":"bus","color":"#0059a9"}},{"type":"Feature","geometry":{"type":"LineString","coordinates":[[21.720683,38.212719],[21.720917,38.212641],[21.720974,38.212757],[21.721011,38.212834],[21.721561,38.212657],[21.72168,38.212877]]},"properties":{"name":"","lines":"503","arr":["503"],"roundabout":0,"mode":"bus","color":"#0059a9"}},{"type":"Feature","geometry":{"type":"LineString","coordinates":[[21.722924,38.212493],[21.722993,38.212474],[21.723274,38.212391],[21.723384,38.212357],[21.723599,38.212293],[21.723762,38.212576],[21.723842,38.212709]]},"properties":{"name":"","lines":"503","arr":["503"],"roundabout":0,"mode":"bus","color":"#0059a9"}},{"type":"Feature","geometry":{"type":"LineString","coordinates":[[21.698381,38.198803],[21.698262,38.198877]]},"properties":{"name":"Σπύρου Τζιλιάνου","lines":"503","arr":["503"],"roundabout":0,"mode":"bus","color":"#0059a9"}},{"type":"Feature","geometry":{"type":"LineString","coordinates":[[21.717202,38.212648],[21.717416,38.212567],[21.717458,38.212552],[21.71755,38.212519],[21.717594,38.212505],[21.717677,38.212482],[21.717737,38.212467],[21.717814,38.21245],[21.717933,38.212427],[21.718068,38.212402],[21.718183,38.212382],[21.718281,38.212363],[21.718381,38.212343],[21.718453,38.212329],[21.718657,38.212278],[21.718698,38.212267],[21.718855,38.212226]]},"properties":{"name":"Ιτέων","lines":"503","arr":["503"],"roundabout":0,"mode":"bus","color":"#0059a9"}},{"type":"Feature","geometry":{"type":"LineString","coordinates":[[21.719246,38.213215],[21.71998,38.212951],[21.720354,38.212829],[21.720683,38.212719]]},"properties":{"name":"Αστερίωνος","lines":"503","arr":["503"],"roundabout":0,"mode":"bus","color":"#0059a9"}},{"type":"Feature","geometry":{"type":"LineString","coordinates":[[21.72168,38.212877],[21.722924,38.212493]]},"properties":{"name":"Γλαύκου","lines":"503","arr":["503"],"roundabout":0,"mode":"bus","color":"#0059a9"}},{"type":"Feature","geometry":{"type":"LineString","coordinates":[[21.723842,38.212709],[21.724062,38.212643],[21.724101,38.212646],[21.724136,38.212653],[21.724162,38.21266],[21.724245,38.212694],[21.724272,38.212701],[21.724296,38.212704],[21.724319,38.212705],[21.724338,38.2127],[21.724728,38.212594],[21.72476,38.212585],[21.72483,38.212558],[21.725041,38.212454],[21.725108,38.21243],[21.725207,38.212407]]},"properties":{"name":"Γλαύκου","lines":"503","arr":["503"],"roundabout":0,"mode":"bus","color":"#0059a9"}},{"type":"Feature","geometry":{"type":"LineString","coordinates":[[21.742545,38.224961],[21.742442,38.224951]]},"properties":{"name":"Άιαντος","lines":"503","arr":["503"],"roundabout":0,"mode":"bus","color":"#0059a9"}},{"type":"Feature","geometry":{"type":"LineString","coordinates":[[21.742481,38.224205],[21.742632,38.224177]]},"properties":{"name":"Λαγκαδά","lines":"503","arr":["503"],"roundabout":0,"mode":"bus","color":"#0059a9"}},{"type":"Feature","geometry":{"type":"LineString","coordinates":[[21.742501,38.22385],[21.742601,38.223824]]},"properties":{"name":"Θάσου","lines":"503","arr":["503"],"roundabout":0,"mode":"bus","color":"#0059a9"}},{"type":"Feature","geometry":{"type":"LineString","coordinates":[[21.757154,38.266371],[21.757304,38.26654],[21.757459,38.266729],[21.757582,38.266894],[21.757667,38.267028],[21.757711,38.267116],[21.757752,38.267212],[21.757779,38.267298],[21.757808,38.267403],[21.757831,38.267504],[21.757905,38.267918],[21.75792,38.268],[21.757984,38.268302],[21.758045,38.268572],[21.758084,38.268732],[21.758113,38.268846],[21.758206,38.269182],[21.758314,38.269574],[21.758441,38.270016],[21.758569,38.270458],[21.758628,38.270667],[21.758644,38.270727],[21.758666,38.270788],[21.758685,38.270838],[21.758698,38.270867],[21.758735,38.27094],[21.758856,38.271138],[21.759156,38.27161],[21.759398,38.271997],[21.759476,38.272121],[21.759589,38.272292],[21.759897,38.272769],[21.760057,38.273017],[21.760131,38.273113],[21.760193,38.273183],[21.760241,38.273231],[21.760319,38.273303],[21.760398,38.273375],[21.760614,38.273557],[21.761688,38.274434],[21.76194,38.274641],[21.762182,38.274841],[21.762492,38.275097],[21.762587,38.275174],[21.762632,38.27521],[21.76271,38.275271],[21.762792,38.275336],[21.76288,38.275402],[21.762946,38.275452],[21.763065,38.275549],[21.763197,38.275657],[21.763655,38.276037],[21.763835,38.276188],[21.764089,38.276404],[21.764273,38.276563],[21.764493,38.276751],[21.764842,38.277064],[21.7649,38.277116],[21.765043,38.277235]]},"properties":{"name":"Πανεπιστημίου","lines":"601, 606, 608, 609","arr":["601","606","608","609"],"roundabout":0,"mode":"bus","color":"#0059a9"}},{"type":"Feature","geometry":{"type":"LineString","coordinates":[[21.765043,38.277235],[21.765103,38.277289],[21.765136,38.27732],[21.765202,38.277387],[21.765296,38.277479],[21.76541,38.277587],[21.765492,38.277664],[21.76554,38.27771],[21.765669,38.277829],[21.765728,38.277886],[21.766075,38.278229],[21.766234,38.278392],[21.766339,38.278492],[21.766413,38.278559],[21.766486,38.278626],[21.766546,38.278682],[21.766581,38.27871],[21.766631,38.278746],[21.76668,38.278782],[21.766739,38.278821],[21.766835,38.278884],[21.767022,38.27901],[21.767151,38.279095],[21.767214,38.279139],[21.767258,38.279172],[21.767308,38.279215],[21.767353,38.279257],[21.767392,38.279293],[21.767494,38.279389],[21.767591,38.27948],[21.767758,38.279629],[21.767961,38.279803],[21.768062,38.279885],[21.768153,38.279961],[21.768236,38.280028],[21.768327,38.280094],[21.76843,38.280169],[21.768555,38.280258],[21.768763,38.280404],[21.768899,38.280495],[21.769033,38.280589],[21.769184,38.28069]]},"properties":{"name":"Πανεπιστημίου","lines":"601, 606, 608, 609, 902","arr":["601","606","608","609","902"],"roundabout":0,"mode":"bus","color":"#0059a9"}},{"type":"Feature","geometry":{"type":"LineString","coordinates":[[21.769184,38.28069],[21.769396,38.280834],[21.769558,38.280944],[21.769605,38.280978],[21.769927,38.281212],[21.77003,38.281281],[21.770115,38.281339],[21.770217,38.281409],[21.770311,38.281471],[21.770651,38.281693]]},"properties":{"name":"Πανεπιστημίου","lines":"601, 602, 608, 609, 901, 902","arr":["601","602","608","609","901","902"],"roundabout":0,"mode":"bus","color":"#0059a9"}},{"type":"Feature","geometry":{"type":"LineString","coordinates":[[21.770651,38.281693],[21.770707,38.281714],[21.770747,38.281731],[21.770769,38.281744],[21.770799,38.281762],[21.770868,38.281804],[21.770961,38.281865],[21.770971,38.281872],[21.77101,38.281903],[21.77106,38.281943],[21.771161,38.282027],[21.771218,38.282087],[21.771239,38.282111],[21.771297,38.282177],[21.771353,38.282245],[21.771464,38.282398],[21.771528,38.282493],[21.771566,38.28255],[21.771618,38.282634],[21.771655,38.282694],[21.771743,38.282837],[21.771981,38.283212],[21.772343,38.283756],[21.772582,38.28409],[21.772904,38.284534],[21.773028,38.284685],[21.773828,38.285715],[21.774091,38.286052]]},"properties":{"name":"Πανεπιστημίου","lines":"601, 602, 608, 901","arr":["601","602","608","901"],"roundabout":0,"mode":"bus","color":"#0059a9"}},{"type":"Feature","geometry":{"type":"LineString","coordinates":[[21.774091,38.286052],[21.774228,38.286172],[21.774289,38.286209],[21.774342,38.286229],[21.774414,38.286241],[21.77453,38.286249],[21.774744,38.286205],[21.774973,38.286122],[21.775282,38.286009],[21.775555,38.2859],[21.7758,38.285797],[21.776144,38.285637],[21.776827,38.285296],[21.776897,38.285268],[21.776958,38.285251],[21.777019,38.285241],[21.777074,38.285238],[21.777138,38.285242],[21.777194,38.285252],[21.777255,38.285273],[21.777303,38.2853],[21.777351,38.285335],[21.777387,38.285365],[21.777413,38.285396]]},"properties":{"name":"","lines":"601, 602, 901","arr":["601","602","901"],"roundabout":0,"mode":"bus","color":"#0059a9"}},{"type":"Feature","geometry":{"type":"LineString","coordinates":[[21.777675,38.285929],[21.777709,38.286001],[21.777739,38.286053]]},"properties":{"name":"","lines":"601, 602, 901","arr":["601","602","901"],"roundabout":0,"mode":"bus","color":"#0059a9"}},{"type":"Feature","geometry":{"type":"LineString","coordinates":[[21.777413,38.285396],[21.777675,38.285929]]},"properties":{"name":"Γέφυρα Χάραδρου","lines":"601, 602, 901","arr":["601","602","901"],"roundabout":0,"mode":"bus","color":"#0059a9"}},{"type":"Feature","geometry":{"type":"LineString","coordinates":[[21.777739,38.286053],[21.777813,38.286092],[21.777892,38.286157],[21.777967,38.286221]]},"properties":{"name":"Ιπποκράτους","lines":"601, 602, 901","arr":["601","602","901"],"roundabout":0,"mode":"bus","color":"#0059a9"}},{"type":"Feature","geometry":{"type":"LineString","coordinates":[[21.78461,38.290339],[21.784644,38.290366],[21.784681,38.290392],[21.784715,38.290415],[21.784751,38.290437],[21.785523,38.290873],[21.786396,38.291382],[21.786535,38.291458]]},"properties":{"name":"Ιπποκράτους","lines":"601, 602, 901","arr":["601","602","901"],"roundabout":0,"mode":"bus","color":"#0059a9"}},{"type":"Feature","geometry":{"type":"LineString","coordinates":[[21.786793,38.291624],[21.786927,38.291696],[21.789517,38.293113],[21.789646,38.293183]]},"properties":{"name":"Ιπποκράτους","lines":"601, 602, 901","arr":["601","602","901"],"roundabout":0,"mode":"bus","color":"#0059a9"}},{"type":"Feature","geometry":{"type":"LineString","coordinates":[[21.789923,38.29334],[21.790043,38.29341],[21.790966,38.293921],[21.792158,38.294595],[21.792418,38.294748],[21.792675,38.294904],[21.793109,38.295171],[21.794189,38.295852],[21.794746,38.296182],[21.794856,38.296251]]},"properties":{"name":"Ιπποκράτους","lines":"601, 602, 901","arr":["601","602","901"],"roundabout":0,"mode":"bus","color":"#0059a9"}},{"type":"Feature","geometry":{"type":"LineString","coordinates":[[21.777967,38.286221],[21.778179,38.286109],[21.778199,38.286099],[21.778372,38.285997],[21.778658,38.28584],[21.778946,38.28571],[21.779324,38.285562],[21.783221,38.284417]]},"properties":{"name":"Γεωργίου Παπανδρέου","lines":"601, 602, 901","arr":["601","602","901"],"roundabout":0,"mode":"bus","color":"#0059a9"}},{"type":"Feature","geometry":{"type":"LineString","coordinates":[[21.787643,38.280547],[21.787778,38.28035],[21.787948,38.280101],[21.788097,38.279879],[21.788196,38.279731],[21.788274,38.279612],[21.788337,38.27951],[21.788408,38.279419]]},"properties":{"name":"Γεωργίου Παπανδρέου","lines":"608","arr":["608"],"roundabout":0,"mode":"bus","color":"#0059a9"}},{"type":"Feature","geometry":{"type":"LineString","coordinates":[[21.783221,38.284417],[21.783272,38.284523],[21.783329,38.284611],[21.783387,38.2847],[21.783414,38.284742],[21.783435,38.284759],[21.783705,38.284972],[21.78466,38.285481],[21.78508,38.285703],[21.785369,38.285852],[21.785501,38.285922],[21.785625,38.285988],[21.785925,38.286147]]},"properties":{"name":"Οδυσσέα Ελύτη","lines":"601, 602, 901","arr":["601","602","901"],"roundabout":0,"mode":"bus","color":"#0059a9"}},{"type":"Feature","geometry":{"type":"LineString","coordinates":[[21.787428,38.286946],[21.78731,38.286884],[21.787189,38.286822],[21.78685,38.286651],[21.78677,38.286608],[21.786683,38.286561],[21.7865,38.286461],[21.78613,38.286256],[21.785925,38.286147]]},"properties":{"name":"Οδυσσέα Ελύτη","lines":"601, 602, 609, 610, 901, 902","arr":["601","602","609","610","901","902"],"roundabout":0,"mode":"bus","color":"#0059a9"}},{"type":"Feature","geometry":{"type":"LineString","coordinates":[[21.787428,38.286946],[21.7873,38.2871],[21.78697,38.287494],[21.786864,38.287614],[21.786598,38.287916],[21.786449,38.288086],[21.785939,38.288665],[21.785927,38.288679],[21.785858,38.288758],[21.785408,38.289258],[21.78535,38.289323],[21.784839,38.289934],[21.784581,38.290264]]},"properties":{"name":"Λεωφόρος Έρασμου","lines":"601, 602, 609, 610, 901, 902","arr":["601","602","609","610","901","902"],"roundabout":0,"mode":"bus","color":"#0059a9"}},{"type":"Feature","geometry":{"type":"LineString","coordinates":[[21.794856,38.296251],[21.795102,38.296408]]},"properties":{"name":"Ιπποκράτους","lines":"601","arr":["601"],"roundabout":0,"mode":"bus","color":"#0059a9"}},{"type":"Feature","geometry":{"type":"LineString","coordinates":[[21.748136,38.257695],[21.748129,38.257795],[21.748125,38.257861],[21.748119,38.258073],[21.748122,38.258162],[21.748127,38.258272],[21.74813,38.258348],[21.748134,38.258401],[21.748139,38.25845],[21.748146,38.258507],[21.748155,38.258553],[21.748168,38.258611],[21.748184,38.258678],[21.748205,38.258762],[21.748231,38.258844],[21.748258,38.258914],[21.748271,38.258946],[21.748289,38.258989],[21.748321,38.259051],[21.748364,38.259129],[21.748394,38.259181],[21.748423,38.259227],[21.748454,38.259271],[21.748606,38.259486],[21.748658,38.259555],[21.749059,38.260076],[21.749279,38.260363],[21.749379,38.260492],[21.750273,38.261653],[21.751217,38.262895],[21.751527,38.263307],[21.751907,38.263835],[21.752203,38.264237],[21.7524,38.264499],[21.752568,38.264716],[21.752691,38.264871],[21.752881,38.265111],[21.753151,38.265456],[21.753493,38.265901],[21.753837,38.26636],[21.753912,38.266463],[21.754378,38.267079],[21.754808,38.267647],[21.754849,38.267705],[21.754962,38.267844],[21.755718,38.268863],[21.75578,38.268944],[21.755957,38.26918],[21.756113,38.269382],[21.756387,38.269741],[21.756477,38.26986],[21.757105,38.270704],[21.757259,38.270887],[21.757328,38.270983],[21.75743,38.271117],[21.757564,38.271289],[21.757704,38.271472],[21.757818,38.271627],[21.757901,38.271736],[21.758141,38.272049],[21.758267,38.272212],[21.758445,38.272422],[21.758478,38.272462],[21.758572,38.272571]]},"properties":{"name":"Κορίνθου - Πατρών","lines":"602","arr":["602"],"roundabout":0,"mode":"bus","color":"#0059a9"}},{"type":"Feature","geometry":{"type":"LineString","coordinates":[[21.758572,38.272571],[21.758622,38.272627],[21.758828,38.272841],[21.758945,38.272957],[21.759068,38.273078],[21.759337,38.273336],[21.759899,38.273858],[21.759962,38.273916],[21.760159,38.274097],[21.760188,38.274123],[21.761254,38.275087],[21.761491,38.275301],[21.761525,38.275333],[21.761894,38.275666],[21.762098,38.275853],[21.762165,38.275912],[21.762487,38.276199],[21.762601,38.276302],[21.762617,38.276316],[21.762902,38.276574],[21.762945,38.276613],[21.762972,38.276638],[21.763245,38.276883],[21.763495,38.277119],[21.763655,38.277273],[21.76395,38.277538],[21.763993,38.277577],[21.764144,38.277708],[21.764186,38.277744],[21.764247,38.277798],[21.764341,38.277881],[21.764562,38.278075],[21.765006,38.27848],[21.765762,38.279165],[21.765985,38.279372],[21.76658,38.27991],[21.766883,38.280187],[21.767138,38.280423],[21.767422,38.280682],[21.767922,38.28111],[21.767948,38.281134],[21.768078,38.281252]]},"properties":{"name":"Κορίνθου - Πατρών","lines":"602, 901","arr":["602","901"],"roundabout":0,"mode":"bus","color":"#0059a9"}},{"type":"Feature","geometry":{"type":"LineString","coordinates":[[21.768078,38.281252],[21.76818,38.281197],[21.768281,38.281143],[21.768318,38.281124],[21.768574,38.280996],[21.769184,38.28069]]},"properties":{"name":"Διγενή Ακρίτα","lines":"602, 606, 901","arr":["602","606","901"],"roundabout":0,"mode":"bus","color":"#0059a9"}},{"type":"Feature","geometry":{"type":"LineString","coordinates":[[21.768078,38.281252],[21.767959,38.281319],[21.76784,38.281387],[21.767807,38.281406],[21.767165,38.2818],[21.767132,38.281819],[21.765606,38.282706],[21.765537,38.282746],[21.765447,38.282798]]},"properties":{"name":"Διγενή Ακρίτα","lines":"606","arr":["606"],"roundabout":0,"mode":"bus","color":"#0059a9"}},{"type":"Feature","geometry":{"type":"LineString","coordinates":[[21.768416,38.288039],[21.768352,38.287954],[21.768273,38.287847],[21.768177,38.287705],[21.767901,38.287244],[21.767855,38.287166],[21.76759,38.286738],[21.767287,38.286187],[21.766891,38.285474],[21.766579,38.284904],[21.766429,38.284629],[21.766042,38.283914],[21.765752,38.283358],[21.765447,38.282798]]},"properties":{"name":"Αχιλλέως","lines":"606","arr":["606"],"roundabout":0,"mode":"bus","color":"#0059a9"}},{"type":"Feature","geometry":{"type":"LineString","coordinates":[[21.768466,38.288106],[21.768572,38.288239],[21.768925,38.288667],[21.769595,38.289468],[21.76988,38.289818],[21.769941,38.289888],[21.769982,38.289936],[21.77104,38.29115],[21.77107,38.291184],[21.771694,38.291917],[21.772029,38.292316],[21.772741,38.293172],[21.773171,38.293653],[21.77331,38.293801],[21.773421,38.293903],[21.773598,38.294048],[21.774743,38.294923],[21.774976,38.295099],[21.775111,38.295208],[21.775248,38.295328],[21.775328,38.295406],[21.775451,38.295527],[21.775654,38.295732],[21.775804,38.295895],[21.775922,38.296054],[21.776078,38.296265],[21.77635,38.296621],[21.77646,38.296768],[21.776618,38.296998],[21.776642,38.297034]]},"properties":{"name":"Αχιλλέως","lines":"606","arr":["606"],"roundabout":0,"mode":"bus","color":"#0059a9"}},{"type":"Feature","geometry":{"type":"LineString","coordinates":[[21.766042,38.283914],[21.765436,38.284487],[21.764943,38.284994],[21.764919,38.285018],[21.764892,38.285042],[21.764868,38.285062],[21.764842,38.285081],[21.764696,38.285181],[21.764595,38.285245],[21.764527,38.285285],[21.764448,38.285329],[21.764348,38.285386],[21.764247,38.285441],[21.764201,38.28547],[21.764116,38.285524],[21.763903,38.285665],[21.763386,38.286003],[21.763357,38.28602],[21.762995,38.286232],[21.762683,38.28642],[21.762617,38.286466]]},"properties":{"name":"Αρήτης","lines":"606","arr":["606"],"roundabout":0,"mode":"bus","color":"#0059a9"}},{"type":"Feature","geometry":{"type":"LineString","coordinates":[[21.764435,38.288002],[21.764032,38.287604],[21.763788,38.287374],[21.763699,38.287293],[21.763665,38.287263],[21.76364,38.287244],[21.763592,38.287209],[21.763521,38.287164],[21.763334,38.287046],[21.763175,38.286942],[21.763025,38.286838],[21.762786,38.28667],[21.762692,38.286602],[21.762613,38.286539],[21.762595,38.286511],[21.762595,38.286493],[21.762617,38.286466]]},"properties":{"name":"Αφροδίτης","lines":"606","arr":["606"],"roundabout":0,"mode":"bus","color":"#0059a9"}},{"type":"Feature","geometry":{"type":"LineString","coordinates":[[21.766891,38.285474],[21.766856,38.285495],[21.76683,38.285514],[21.76681,38.28553],[21.766778,38.28556],[21.766752,38.285588],[21.766727,38.285614],[21.766694,38.28565],[21.766449,38.28594],[21.766373,38.286025],[21.766291,38.286121],[21.766214,38.286222],[21.766169,38.286287],[21.766148,38.286324],[21.766104,38.286397],[21.766068,38.286461],[21.766039,38.286513],[21.765991,38.286603],[21.765958,38.286664],[21.765932,38.28671],[21.765908,38.286747],[21.765876,38.286785],[21.765852,38.286814],[21.765819,38.286844],[21.765792,38.28686],[21.765757,38.286882],[21.765712,38.286907],[21.765655,38.286937],[21.765554,38.286991],[21.765508,38.287019],[21.765474,38.287042],[21.765429,38.287081],[21.765381,38.287133],[21.765347,38.287174],[21.765287,38.287251],[21.765214,38.287349],[21.765158,38.287419],[21.765028,38.287573],[21.764931,38.287682],[21.7649,38.287716],[21.76488,38.287737],[21.764864,38.287754],[21.764843,38.287771],[21.764821,38.28779],[21.764797,38.287808],[21.764769,38.287828],[21.764741,38.287846],[21.764711,38.287864],[21.764677,38.287883],[21.764435,38.288002]]},"properties":{"name":"Νηρέως","lines":"606","arr":["606"],"roundabout":0,"mode":"bus","color":"#0059a9"}},{"type":"Feature","geometry":{"type":"LineString","coordinates":[[21.768466,38.288106],[21.768416,38.288039]]},"properties":{"name":"","lines":"606","arr":["606"],"roundabout":0,"mode":"bus","color":"#0059a9"}},{"type":"Feature","geometry":{"type":"LineString","coordinates":[[21.776078,38.296265],[21.775443,38.296678]]},"properties":{"name":"","lines":"606","arr":["606"],"roundabout":0,"mode":"bus","color":"#0059a9"}},{"type":"Feature","geometry":{"type":"LineString","coordinates":[[21.767423,38.291123],[21.767407,38.291163],[21.767411,38.291227]]},"properties":{"name":"","lines":"606","arr":["606"],"roundabout":0,"mode":"bus","color":"#0059a9"}},{"type":"Feature","geometry":{"type":"LineString","coordinates":[[21.776642,38.297034],[21.775753,38.297621]]},"properties":{"name":"Σιρογιάννη","lines":"606","arr":["606"],"roundabout":0,"mode":"bus","color":"#0059a9"}},{"type":"Feature","geometry":{"type":"LineString","coordinates":[[21.775753,38.297621],[21.775591,38.297448],[21.775112,38.297768]]},"properties":{"name":"Μεσολογγίου","lines":"606","arr":["606"],"roundabout":0,"mode":"bus","color":"#0059a9"}},{"type":"Feature","geometry":{"type":"LineString","coordinates":[[21.77104,38.29115],[21.770467,38.291413],[21.769982,38.291633],[21.769455,38.291867],[21.768956,38.292083],[21.76845,38.29231]]},"properties":{"name":"Πετμεζά","lines":"606","arr":["606"],"roundabout":0,"mode":"bus","color":"#0059a9"}},{"type":"Feature","geometry":{"type":"LineString","coordinates":[[21.767411,38.291227],[21.767514,38.291366],[21.767556,38.291424],[21.76759,38.291472],[21.767617,38.291502],[21.767658,38.291545],[21.767758,38.291644],[21.767895,38.291777],[21.768092,38.291964],[21.768283,38.292139],[21.768336,38.292192],[21.76837,38.292224],[21.768396,38.292251],[21.768421,38.292276],[21.76845,38.29231]]},"properties":{"name":"Κιμώλου","lines":"606","arr":["606"],"roundabout":0,"mode":"bus","color":"#0059a9"}},{"type":"Feature","geometry":{"type":"LineString","coordinates":[[21.769982,38.289936],[21.769436,38.290189],[21.769414,38.290203],[21.769395,38.290219],[21.769378,38.290236],[21.769347,38.290273],[21.769329,38.290291],[21.769305,38.290312],[21.769293,38.290321],[21.76928,38.290329],[21.769243,38.290349],[21.769145,38.290394],[21.768814,38.290543],[21.768336,38.290758],[21.767851,38.290971],[21.767568,38.291091],[21.767541,38.291101],[21.767513,38.29111],[21.767483,38.291116],[21.767459,38.291119],[21.767423,38.291123]]},"properties":{"name":"Καστελλόκαμπου","lines":"606","arr":["606"],"roundabout":0,"mode":"bus","color":"#0059a9"}},{"type":"Feature","geometry":{"type":"LineString","coordinates":[[21.750161,38.261712],[21.750766,38.262506],[21.751101,38.262943],[21.75143,38.263382],[21.751746,38.263827],[21.752046,38.264247],[21.752219,38.264478],[21.752471,38.264796],[21.753014,38.265467],[21.753371,38.265932],[21.7537,38.266373],[21.753779,38.266477],[21.754258,38.267135],[21.754724,38.267772],[21.754844,38.267925],[21.754908,38.268005],[21.755451,38.268684],[21.755603,38.268878],[21.755723,38.269036],[21.756677,38.270313],[21.756878,38.270584],[21.756949,38.270684],[21.757206,38.271029],[21.757671,38.271624],[21.758017,38.272086],[21.758082,38.272166],[21.75831,38.27245],[21.758371,38.272525],[21.758461,38.272635],[21.758509,38.272693]]},"properties":{"name":"Κορίνθου - Πατρών","lines":"610","arr":["610"],"roundabout":0,"mode":"bus","color":"#0059a9"}},{"type":"Feature","geometry":{"type":"LineString","coordinates":[[21.768739,38.282026],[21.76842,38.281744],[21.768078,38.281427],[21.767959,38.281319],[21.76784,38.28121],[21.767658,38.281046],[21.767325,38.280754],[21.766729,38.280202],[21.766663,38.280141],[21.766272,38.279782],[21.766157,38.279677],[21.766074,38.279603],[21.764936,38.278556],[21.764445,38.278118],[21.764276,38.277967],[21.764253,38.277948],[21.764162,38.277868]]},"properties":{"name":"Κορίνθου - Πατρών","lines":"610","arr":["610"],"roundabout":0,"mode":"bus","color":"#0059a9"}},{"type":"Feature","geometry":{"type":"LineString","coordinates":[[21.750161,38.261712],[21.749617,38.260998],[21.748908,38.260069],[21.748689,38.259781],[21.748545,38.2596],[21.748497,38.259533],[21.748341,38.259314],[21.748289,38.259232],[21.748245,38.259152],[21.748207,38.259079],[21.748175,38.259025],[21.748143,38.258951],[21.748098,38.258845],[21.748073,38.258765],[21.748044,38.258681],[21.748024,38.258614],[21.748006,38.258518],[21.74799,38.258444],[21.74798,38.258367],[21.747975,38.258306],[21.747972,38.258249],[21.74797,38.258142],[21.747969,38.258094],[21.747968,38.257993],[21.747969,38.257793],[21.747971,38.257645]]},"properties":{"name":"Κορίνθου - Πατρών","lines":"606, 609, 610","arr":["606","609","610"],"roundabout":0,"mode":"bus","color":"#0059a9"}},{"type":"Feature","geometry":{"type":"LineString","coordinates":[[21.743296,38.256645],[21.742982,38.256726],[21.742443,38.256865],[21.742269,38.25691],[21.742093,38.256956],[21.741478,38.257115]]},"properties":{"name":"Αγίας Σοφίας","lines":"606, 609, 610","arr":["606","609","610"],"roundabout":0,"mode":"bus","color":"#0059a9"}},{"type":"Feature","geometry":{"type":"LineString","coordinates":[[21.760296,38.26431],[21.760266,38.264293],[21.760239,38.264274],[21.760217,38.264256],[21.760167,38.264208],[21.760098,38.264131],[21.760145,38.264117],[21.760186,38.264101],[21.76022,38.264088],[21.760253,38.264073],[21.760376,38.26401],[21.760794,38.263818],[21.760926,38.263756],[21.76102,38.263711],[21.761118,38.263662],[21.761183,38.263629],[21.761228,38.263604],[21.761262,38.263585],[21.761318,38.263552],[21.761367,38.263521],[21.761421,38.263488],[21.761475,38.263453],[21.761547,38.263403],[21.761623,38.26335],[21.76168,38.263307],[21.761764,38.263226],[21.761855,38.263156],[21.762193,38.262905],[21.762284,38.262841],[21.76237,38.262772],[21.762449,38.262727],[21.762557,38.262676],[21.762632,38.262636],[21.762722,38.262597],[21.762937,38.2625],[21.763052,38.262451],[21.763235,38.262393],[21.763415,38.262326],[21.763555,38.262281],[21.763692,38.262249],[21.763841,38.262219],[21.764026,38.262184],[21.764132,38.262156],[21.764168,38.262143],[21.764198,38.262132],[21.764242,38.262117],[21.764334,38.262073],[21.764383,38.262047],[21.764405,38.262036],[21.764455,38.262003],[21.764519,38.261953],[21.764546,38.261928],[21.76457,38.261902],[21.764604,38.26186],[21.764622,38.261837],[21.764636,38.261814],[21.764658,38.261777],[21.764679,38.261739],[21.764693,38.261708],[21.764704,38.261681],[21.764719,38.261642],[21.764736,38.261597],[21.764768,38.261501],[21.764801,38.261398],[21.764839,38.261302],[21.764884,38.261201],[21.764941,38.26109],[21.764995,38.260998],[21.765063,38.260903],[21.765131,38.260825],[21.765209,38.260747],[21.765442,38.260501],[21.765694,38.260294],[21.76578,38.260223],[21.765876,38.260138],[21.765966,38.260043],[21.766034,38.259966],[21.766105,38.259874],[21.766136,38.259832],[21.766204,38.259726],[21.766275,38.259603],[21.766333,38.259494],[21.766382,38.259388],[21.766423,38.259312],[21.766463,38.25925],[21.766515,38.25919]]},"properties":{"name":"Λεωφ. Μειλίχου","lines":"607, 609","arr":["607","609"],"roundabout":0,"mode":"bus","color":"#0059a9"}},{"type":"Feature","geometry":{"type":"LineString","coordinates":[[21.766515,38.25919],[21.76657,38.25914],[21.766656,38.259077],[21.766752,38.259003],[21.766837,38.258923],[21.766909,38.258851],[21.766946,38.258811],[21.767035,38.258713],[21.767078,38.25867],[21.767139,38.25861],[21.767194,38.258568],[21.767273,38.258513],[21.767361,38.258461],[21.767451,38.258502],[21.767499,38.258519],[21.767565,38.258546],[21.767646,38.258581],[21.767756,38.258632],[21.7679,38.25869],[21.768016,38.258737],[21.768046,38.258747],[21.768076,38.258754],[21.76812,38.258762],[21.768152,38.258763],[21.768186,38.258762],[21.768219,38.258758],[21.768257,38.258749],[21.768285,38.258739],[21.768317,38.258724],[21.768356,38.258698],[21.768671,38.258486],[21.768951,38.258278],[21.769253,38.258065],[21.769376,38.257977],[21.76958,38.257844],[21.769709,38.257759],[21.769725,38.257751],[21.769744,38.257743],[21.769758,38.25774],[21.769774,38.257741],[21.769808,38.257745],[21.769834,38.257759],[21.769849,38.257778],[21.769854,38.257793],[21.769856,38.25782],[21.769855,38.257844],[21.769846,38.257877],[21.769831,38.257919],[21.769772,38.258053],[21.769667,38.258312],[21.769598,38.25849],[21.769568,38.258578],[21.769552,38.258643],[21.769538,38.258711],[21.769525,38.258762],[21.769509,38.258803],[21.769479,38.258846],[21.769447,38.25888],[21.769404,38.258914],[21.769358,38.258951],[21.769318,38.258985],[21.7693,38.259002],[21.769289,38.259016],[21.769283,38.259031],[21.769277,38.259053],[21.769273,38.259071],[21.769274,38.259087],[21.769278,38.259107],[21.769285,38.259132],[21.769296,38.259161],[21.769309,38.259195],[21.769315,38.259219],[21.769321,38.259262],[21.769326,38.259348],[21.769331,38.259446],[21.769334,38.259501],[21.769341,38.259552],[21.769348,38.259587],[21.769356,38.259611],[21.769365,38.259632],[21.769381,38.259659],[21.7694,38.259689],[21.769437,38.259746],[21.769474,38.259801],[21.769499,38.259824],[21.769523,38.259844],[21.769533,38.259853],[21.769541,38.259858],[21.769554,38.259866],[21.769576,38.259876],[21.769588,38.259882],[21.769598,38.259885],[21.76964,38.259886],[21.769654,38.259885],[21.769666,38.259883],[21.769679,38.259879],[21.76969,38.259873],[21.769697,38.259866],[21.769704,38.259853],[21.769723,38.259816],[21.769738,38.25977],[21.769749,38.259718],[21.769777,38.259637],[21.769863,38.259457],[21.769891,38.259406],[21.769913,38.259369],[21.769938,38.259333],[21.769974,38.259283],[21.76999,38.259268],[21.770008,38.259254],[21.77003,38.259243],[21.770071,38.259227],[21.770114,38.259214],[21.77015,38.259209],[21.770191,38.259208],[21.770239,38.25921],[21.770286,38.259212],[21.770349,38.259217],[21.770384,38.259221],[21.770414,38.259228],[21.77046,38.259241],[21.770512,38.259259],[21.770598,38.259298],[21.7708,38.259376],[21.770833,38.259388],[21.770868,38.259397],[21.770915,38.259406],[21.771024,38.259429],[21.771127,38.25945],[21.771196,38.259457],[21.771312,38.259472],[21.771462,38.259497],[21.771542,38.259503],[21.771609,38.259507],[21.771637,38.259508],[21.771665,38.259506],[21.771693,38.259503],[21.771732,38.259497],[21.771772,38.259488],[21.771852,38.259475],[21.77198,38.259442],[21.772154,38.259389],[21.772237,38.259364],[21.772286,38.259354],[21.772458,38.25934],[21.772698,38.259343],[21.773877,38.259363],[21.774063,38.259332],[21.774706,38.259169],[21.774867,38.259147],[21.774934,38.259147],[21.774991,38.259145],[21.775056,38.259146],[21.77514,38.259149],[21.77568,38.259179],[21.775793,38.259186],[21.775906,38.259196],[21.775986,38.259205],[21.77601,38.259209],[21.776046,38.259218],[21.776076,38.259227],[21.776108,38.259239],[21.776134,38.25925],[21.776157,38.259261],[21.776175,38.259273],[21.77626,38.259324],[21.776325,38.259362],[21.776344,38.259372],[21.776362,38.259379],[21.776382,38.259387],[21.7764,38.259392],[21.776424,38.259395],[21.776447,38.259398],[21.776473,38.259398],[21.7765,38.259396],[21.776526,38.25939],[21.776567,38.259371],[21.77668,38.259299],[21.776747,38.259255],[21.776803,38.259224],[21.77686,38.259196],[21.776944,38.259157],[21.777097,38.25909],[21.777258,38.259022],[21.777517,38.258912],[21.777611,38.258869],[21.777687,38.258833],[21.777843,38.258754],[21.77796,38.258685],[21.778129,38.258584],[21.778252,38.258505],[21.778369,38.258424],[21.778575,38.258268],[21.778722,38.258135],[21.778841,38.258034],[21.778918,38.257972],[21.778978,38.257919],[21.779053,38.257875],[21.779131,38.257832],[21.779197,38.257807],[21.779331,38.25779],[21.779571,38.257783],[21.780071,38.257804],[21.780205,38.257799],[21.780369,38.257765],[21.780719,38.257724],[21.780898,38.25771],[21.780966,38.257704],[21.781276,38.257707],[21.781558,38.257743],[21.781749,38.257766],[21.781896,38.257771],[21.782068,38.257749],[21.782861,38.257484],[21.783085,38.257455],[21.783595,38.257444],[21.783809,38.257439],[21.783961,38.257428],[21.784061,38.257402]]},"properties":{"name":"Κοζάνης","lines":"607, 609","arr":["607","609"],"roundabout":0,"mode":"bus","color":"#0059a9"}},{"type":"Feature","geometry":{"type":"LineString","coordinates":[[21.784061,38.257402],[21.784691,38.257202],[21.785566,38.257093],[21.785605,38.257101],[21.786056,38.257227],[21.786829,38.257218],[21.787733,38.257295],[21.787805,38.257316],[21.787864,38.257347],[21.787891,38.257384],[21.787906,38.257428],[21.787904,38.25751],[21.787886,38.257585],[21.787874,38.25762],[21.787846,38.257686],[21.787813,38.257733],[21.787772,38.257792],[21.787728,38.257837]]},"properties":{"name":"Αγίου Δημητρίου Σκιόεσσας","lines":"607, 609","arr":["607","609"],"roundabout":0,"mode":"bus","color":"#0059a9"}},{"type":"Feature","geometry":{"type":"LineString","coordinates":[[21.774091,38.286052],[21.774287,38.28634],[21.774335,38.28641],[21.774391,38.286486],[21.774622,38.286786],[21.774775,38.286973],[21.774892,38.287098],[21.774973,38.287179],[21.775115,38.287314],[21.775314,38.287501],[21.775569,38.287716],[21.775717,38.287831],[21.775893,38.28796],[21.77594,38.287994],[21.776005,38.288039],[21.776137,38.288125],[21.776217,38.288177],[21.776321,38.288238],[21.776444,38.288296],[21.776659,38.288401],[21.776767,38.288465],[21.776912,38.288552],[21.776989,38.288599],[21.777138,38.288685],[21.777216,38.288736],[21.777317,38.288805],[21.777528,38.288956],[21.777793,38.289151],[21.778119,38.289397],[21.778345,38.289562],[21.778603,38.289762],[21.778807,38.289911],[21.779125,38.290136],[21.779373,38.290303],[21.779385,38.290311],[21.779432,38.290341],[21.779514,38.290393],[21.779764,38.290543],[21.780041,38.290704]]},"properties":{"name":"Πανεπιστημίου","lines":"608","arr":["608"],"roundabout":0,"mode":"bus","color":"#0059a9"}},{"type":"Feature","geometry":{"type":"LineString","coordinates":[[21.780041,38.290704],[21.780354,38.290525],[21.780488,38.290451],[21.780646,38.290362],[21.780844,38.290256],[21.781068,38.290128],[21.781278,38.290007],[21.781359,38.289963],[21.781441,38.289913],[21.781613,38.289821],[21.7817,38.289782],[21.781872,38.289728],[21.782095,38.289666],[21.782386,38.289579],[21.782658,38.289503],[21.782882,38.289455]]},"properties":{"name":"","lines":"608, 609, 610, 902","arr":["608","609","610","902"],"roundabout":0,"mode":"bus","color":"#0059a9"}},{"type":"Feature","geometry":{"type":"LineString","coordinates":[[21.782882,38.289455],[21.78309,38.28942]]},"properties":{"name":"","lines":"608","arr":["608"],"roundabout":0,"mode":"bus","color":"#0059a9"}},{"type":"Feature","geometry":{"type":"LineString","coordinates":[[21.78309,38.28942],[21.78322,38.289511],[21.783402,38.289641],[21.78356,38.289743],[21.783691,38.289823],[21.783816,38.2899],[21.784067,38.290041],[21.784171,38.290102]]},"properties":{"name":"Ιπποκράτους","lines":"608","arr":["608"],"roundabout":0,"mode":"bus","color":"#0059a9"}},{"type":"Feature","geometry":{"type":"LineString","coordinates":[[21.784171,38.290102],[21.78434,38.2902]]},"properties":{"name":"Ιπποκράτους","lines":"608, 610","arr":["608","610"],"roundabout":0,"mode":"bus","color":"#0059a9"}},{"type":"Feature","geometry":{"type":"LineString","coordinates":[[21.784472,38.290197],[21.784592,38.290051],[21.784615,38.290022],[21.784643,38.289988],[21.784736,38.289873],[21.785234,38.289267],[21.785292,38.289201],[21.785765,38.288673],[21.785808,38.288622],[21.78622,38.288125],[21.78664,38.287649],[21.786988,38.287241],[21.787167,38.287039],[21.78731,38.286884]]},"properties":{"name":"Λεωφόρος Έρασμου","lines":"608, 609, 610, 902","arr":["608","609","610","902"],"roundabout":0,"mode":"bus","color":"#0059a9"}},{"type":"Feature","geometry":{"type":"LineString","coordinates":[[21.78731,38.286884],[21.787405,38.286774],[21.788386,38.28564],[21.788537,38.285464],[21.788588,38.285406],[21.788652,38.285329],[21.789288,38.284575],[21.789321,38.284519],[21.789341,38.284457],[21.789444,38.284062]]},"properties":{"name":"Λεωφόρος Έρασμου","lines":"608","arr":["608"],"roundabout":0,"mode":"bus","color":"#0059a9"}},{"type":"Feature","geometry":{"type":"LineString","coordinates":[[21.789444,38.284062],[21.789456,38.283969],[21.789478,38.283865],[21.789493,38.283803],[21.789512,38.283742],[21.789553,38.283624],[21.789587,38.283548],[21.790508,38.282499],[21.79052,38.282485],[21.790533,38.282471],[21.790549,38.282452],[21.790602,38.28239],[21.790621,38.282367],[21.790652,38.28233]]},"properties":{"name":"Λεωφ. Έρασμου","lines":"608, 609","arr":["608","609"],"roundabout":0,"mode":"bus","color":"#0059a9"}},{"type":"Feature","geometry":{"type":"LineString","coordinates":[[21.787643,38.280547],[21.787742,38.280606]]},"properties":{"name":"Αλεξάνδρου Παπαναστασίου","lines":"608","arr":["608"],"roundabout":0,"mode":"bus","color":"#0059a9"}},{"type":"Feature","geometry":{"type":"LineString","coordinates":[[21.787742,38.280606],[21.787889,38.280694],[21.788701,38.281177],[21.789499,38.28165],[21.789633,38.281729],[21.78977,38.28181],[21.789906,38.281891],[21.790489,38.282234],[21.790516,38.28225],[21.790652,38.28233]]},"properties":{"name":"Αλεξάνδρου Παπαναστασίου","lines":"608, 609","arr":["608","609"],"roundabout":0,"mode":"bus","color":"#0059a9"}},{"type":"Feature","geometry":{"type":"LineString","coordinates":[[21.788408,38.279419],[21.788432,38.279371],[21.788451,38.279316],[21.78847,38.279244],[21.788482,38.279203],[21.788486,38.279189],[21.788501,38.279145],[21.788522,38.2791],[21.788542,38.279072],[21.788566,38.279042],[21.788596,38.279012],[21.788648,38.278968],[21.788689,38.27894],[21.788744,38.278909],[21.788796,38.278882],[21.788843,38.278859],[21.788882,38.278842],[21.789072,38.278758],[21.789398,38.278605],[21.78971,38.278453],[21.78988,38.278372],[21.790121,38.27826],[21.790332,38.278164],[21.790433,38.278118],[21.791074,38.277839],[21.791127,38.277809],[21.791856,38.2775],[21.791905,38.27747],[21.791966,38.277432],[21.792021,38.277393],[21.792071,38.277356],[21.792136,38.277304],[21.79219,38.277259],[21.792257,38.277198],[21.79248,38.276958],[21.792859,38.276347],[21.792886,38.276302],[21.793466,38.2755],[21.79353,38.27548],[21.793591,38.275483],[21.793639,38.275497],[21.793682,38.275529],[21.793687,38.275578],[21.793682,38.275623],[21.793501,38.276022],[21.793456,38.276289],[21.793401,38.276513],[21.793358,38.276645],[21.793345,38.276743],[21.79339,38.277409],[21.793393,38.277446],[21.7934,38.277479],[21.793422,38.277504],[21.793464,38.277511],[21.793511,38.277505],[21.793543,38.277488],[21.793554,38.277466],[21.79357,38.277052],[21.793584,38.276936],[21.793658,38.276774],[21.793726,38.276637],[21.794111,38.276061],[21.794188,38.275967],[21.794263,38.275927],[21.794474,38.275842],[21.794612,38.275785],[21.794701,38.275706],[21.794766,38.275625],[21.795021,38.275084],[21.795072,38.27502],[21.795141,38.274977],[21.795234,38.274935],[21.795347,38.274909],[21.795805,38.274874],[21.795911,38.274854],[21.796016,38.274819],[21.796067,38.274782],[21.796159,38.274709],[21.796461,38.274408],[21.79656,38.274339],[21.796645,38.274309],[21.796698,38.274308],[21.796744,38.274313],[21.797083,38.274378],[21.797155,38.274384],[21.797326,38.274354],[21.797416,38.274335],[21.797518,38.274321],[21.797646,38.274328],[21.797863,38.274344],[21.798168,38.274341],[21.798243,38.274323],[21.798307,38.274295],[21.798362,38.274249],[21.798517,38.273999],[21.798574,38.27395],[21.798651,38.273912],[21.799144,38.273819],[21.799392,38.273776],[21.799444,38.273763],[21.799478,38.273747],[21.7995,38.273726],[21.799525,38.273689],[21.799547,38.273617],[21.799544,38.273461],[21.799519,38.273239],[21.799525,38.273178],[21.799566,38.273121],[21.799638,38.273066],[21.799802,38.273009],[21.800448,38.272889],[21.800668,38.272874],[21.800943,38.272928],[21.801175,38.273021],[21.801312,38.273076],[21.80144,38.27313],[21.801566,38.273192],[21.802058,38.27352],[21.802091,38.273546],[21.802125,38.273571],[21.802551,38.27388],[21.802639,38.273955],[21.802724,38.274044],[21.802835,38.274184],[21.802937,38.274296],[21.803016,38.274388],[21.803039,38.274414],[21.803176,38.274544],[21.803739,38.275086],[21.803819,38.275183],[21.803853,38.275241],[21.803878,38.275308],[21.803897,38.275471],[21.803905,38.27551],[21.803924,38.275539],[21.803968,38.275558],[21.804016,38.275563],[21.804066,38.275557],[21.804112,38.275544],[21.804155,38.275522],[21.805345,38.274348],[21.805893,38.27378],[21.805923,38.273753],[21.805972,38.273716],[21.806006,38.273698],[21.806084,38.273685],[21.806176,38.273692],[21.806265,38.273699],[21.806829,38.273819],[21.806935,38.273831],[21.807026,38.273836],[21.80755,38.273827],[21.807981,38.273794],[21.808111,38.273797],[21.808181,38.273808],[21.808262,38.273834],[21.80838,38.273899],[21.808437,38.273948],[21.808618,38.274105],[21.808666,38.274133],[21.808714,38.274145],[21.808764,38.274136],[21.8088,38.274124],[21.80895,38.273949],[21.808977,38.273925],[21.809017,38.273901],[21.809178,38.273845],[21.809249,38.273826],[21.809418,38.273789],[21.809494,38.273769],[21.809556,38.273743],[21.809873,38.273548],[21.809931,38.273499],[21.809979,38.273451],[21.810121,38.273257],[21.810198,38.273199],[21.810286,38.273155],[21.810403,38.27313],[21.810557,38.273122],[21.810682,38.273135],[21.810867,38.273181],[21.811505,38.2734],[21.811755,38.273512],[21.812067,38.273662],[21.812746,38.274056],[21.812821,38.27409],[21.812891,38.274104],[21.81297,38.274107],[21.813031,38.274102],[21.813243,38.274036],[21.813349,38.274011],[21.813473,38.273999],[21.81377,38.273986],[21.813993,38.273966],[21.814161,38.273945],[21.814785,38.27381],[21.814963,38.273775],[21.815393,38.27371],[21.81553,38.273676],[21.816199,38.273438],[21.816304,38.273377],[21.816591,38.273119],[21.816698,38.273003],[21.816937,38.272754],[21.816994,38.272717],[21.817073,38.272679],[21.817159,38.27265],[21.817358,38.272601],[21.817562,38.272575],[21.817678,38.272576],[21.81774,38.272586],[21.817792,38.272602],[21.817902,38.272666],[21.818015,38.272732],[21.818077,38.272788],[21.818128,38.272843],[21.818231,38.273027],[21.81829,38.273121],[21.818545,38.273425],[21.818621,38.273499],[21.818746,38.273579],[21.818939,38.273637],[21.819946,38.273813],[21.820149,38.273855],[21.821082,38.274087],[21.821534,38.274207],[21.821673,38.274258],[21.821786,38.274322],[21.821885,38.274401],[21.822469,38.274989],[21.82258,38.275075],[21.822715,38.275149],[21.822811,38.275178],[21.82293,38.275196],[21.823019,38.275189],[21.823079,38.27517],[21.823102,38.275154],[21.823119,38.275122],[21.823119,38.275085],[21.823109,38.275045],[21.822899,38.274608],[21.822894,38.274572],[21.822907,38.274535],[21.822929,38.274509],[21.82296,38.27449],[21.823002,38.274482],[21.823043,38.274483],[21.823116,38.274502],[21.823484,38.274651],[21.823596,38.274692],[21.823646,38.274708],[21.824337,38.274943],[21.824612,38.27503],[21.824704,38.275047],[21.824806,38.27505],[21.824904,38.275048],[21.825844,38.274931],[21.825877,38.274923],[21.825909,38.27491],[21.825927,38.274882],[21.825933,38.274857],[21.825929,38.274825],[21.825912,38.274801],[21.825881,38.274779],[21.825847,38.274767],[21.825438,38.274635],[21.825364,38.274608],[21.825309,38.274579],[21.825243,38.274531],[21.825062,38.274372],[21.825013,38.274307],[21.824828,38.274051],[21.824691,38.2739],[21.824542,38.27379],[21.824478,38.273765],[21.824366,38.273755],[21.824004,38.273788],[21.823982,38.273786],[21.823945,38.273767],[21.823932,38.273756],[21.823921,38.27374],[21.823919,38.273728],[21.82392,38.273714],[21.823931,38.27369],[21.823942,38.273677],[21.823961,38.273663],[21.823991,38.273651],[21.824413,38.273506],[21.824476,38.273494],[21.824536,38.273491],[21.824611,38.273495],[21.824684,38.273505],[21.824969,38.273564],[21.825074,38.273605],[21.82514,38.273647],[21.825227,38.273716],[21.825506,38.273986],[21.825537,38.274005],[21.825565,38.274018],[21.825598,38.274026],[21.826572,38.274076],[21.826674,38.274075],[21.826732,38.27406],[21.826772,38.274044],[21.826827,38.274003],[21.827395,38.273372],[21.827442,38.273342],[21.827486,38.27333],[21.827818,38.273307],[21.82785,38.273297],[21.827877,38.273278],[21.827902,38.273236],[21.827906,38.273208],[21.827902,38.273181],[21.827891,38.273159],[21.827878,38.273139],[21.827855,38.273121],[21.827744,38.27305],[21.827588,38.272985],[21.827508,38.272965],[21.82738,38.272946],[21.827218,38.272935],[21.827098,38.272947],[21.827042,38.272964],[21.826975,38.273],[21.826905,38.273058],[21.826648,38.273321],[21.826598,38.273349],[21.826525,38.273376],[21.826483,38.273385],[21.826331,38.273385],[21.826278,38.273367],[21.82624,38.273345],[21.826211,38.273313],[21.826198,38.273269],[21.826203,38.273246],[21.826218,38.273223],[21.826254,38.27319],[21.826302,38.273163],[21.826384,38.273124],[21.8265,38.273081],[21.826537,38.273064],[21.826586,38.273033],[21.827189,38.272494],[21.827496,38.272271],[21.827546,38.272231],[21.827581,38.272196],[21.82761,38.272159],[21.827743,38.271884],[21.827783,38.271848],[21.827833,38.271818],[21.827884,38.2718],[21.827943,38.27179],[21.828011,38.271797],[21.828063,38.271814],[21.828254,38.271898],[21.828291,38.271908],[21.82835,38.271916],[21.829229,38.271954],[21.829711,38.271976],[21.82975,38.271973],[21.829787,38.271966],[21.829825,38.271955],[21.829984,38.271861],[21.830159,38.271752],[21.830397,38.271582],[21.830486,38.271531],[21.830521,38.271515],[21.83059,38.271493],[21.830665,38.271486],[21.830907,38.271488],[21.830958,38.271494],[21.831044,38.271513],[21.831081,38.27152],[21.831117,38.271526],[21.831149,38.271527],[21.831186,38.271524],[21.831454,38.271467],[21.831538,38.27146],[21.831623,38.271459],[21.831838,38.271477],[21.83194,38.271504],[21.832004,38.27153],[21.832143,38.271618],[21.832174,38.271658],[21.832189,38.271698],[21.832196,38.271734],[21.832173,38.27209],[21.832165,38.272149],[21.832111,38.272299],[21.83211,38.272334],[21.832125,38.27237],[21.83228,38.272456],[21.832319,38.272452],[21.832443,38.272416],[21.832514,38.272402],[21.832594,38.272397],[21.832636,38.272407],[21.832666,38.272424],[21.832685,38.272452],[21.832685,38.27248],[21.832671,38.272507],[21.832534,38.272651],[21.832525,38.27268],[21.832525,38.272715],[21.83254,38.272759],[21.832577,38.272791],[21.832597,38.272799],[21.832638,38.272802],[21.832672,38.272798],[21.832714,38.272784],[21.832746,38.272768],[21.832961,38.272542],[21.833016,38.272495],[21.833096,38.272449],[21.83356,38.272206],[21.833674,38.272143],[21.833906,38.272011],[21.833922,38.271982],[21.833912,38.271956],[21.833891,38.271929],[21.833863,38.271914],[21.833814,38.271906],[21.833586,38.271921],[21.833542,38.271909],[21.833492,38.271886],[21.833455,38.271866],[21.833416,38.271829],[21.833403,38.271803],[21.833401,38.271771],[21.833417,38.271718],[21.833446,38.271687],[21.833478,38.271671],[21.83356,38.271663],[21.83368,38.271662],[21.83376,38.27166],[21.833867,38.271654],[21.834059,38.271617],[21.834177,38.271589],[21.834278,38.271554],[21.834317,38.271536],[21.834471,38.271465],[21.834588,38.271404],[21.834716,38.271365],[21.834783,38.27136],[21.834893,38.27137],[21.835282,38.271443],[21.835323,38.271455]]},"properties":{"name":"","lines":"608, 609","arr":["608","609"],"roundabout":0,"mode":"bus","color":"#0059a9"}},{"type":"Feature","geometry":{"type":"LineString","coordinates":[[21.795073,38.296601],[21.794722,38.296377],[21.794615,38.296311],[21.793263,38.295465],[21.792617,38.295068],[21.792356,38.29491],[21.792036,38.29472],[21.791168,38.294218],[21.790441,38.293816],[21.789928,38.293532],[21.789814,38.293469]]},"properties":{"name":"Ιπποκράτους","lines":"609, 610, 902","arr":["609","610","902"],"roundabout":0,"mode":"bus","color":"#0059a9"}},{"type":"Feature","geometry":{"type":"LineString","coordinates":[[21.789528,38.293301],[21.78941,38.293234],[21.786825,38.291809],[21.786672,38.291725]]},"properties":{"name":"Ιπποκράτους","lines":"609, 610, 902","arr":["609","610","902"],"roundabout":0,"mode":"bus","color":"#0059a9"}},{"type":"Feature","geometry":{"type":"LineString","coordinates":[[21.786432,38.291585],[21.786295,38.291507],[21.784634,38.290567],[21.784474,38.290495]]},"properties":{"name":"Ιπποκράτους","lines":"609, 610, 902","arr":["609","610","902"],"roundabout":0,"mode":"bus","color":"#0059a9"}},{"type":"Feature","geometry":{"type":"LineString","coordinates":[[21.784212,38.290334],[21.78405,38.290239],[21.783913,38.290157],[21.783674,38.290019],[21.7833,38.289781],[21.782882,38.289455]]},"properties":{"name":"Ιπποκράτους","lines":"609, 610, 902","arr":["609","610","902"],"roundabout":0,"mode":"bus","color":"#0059a9"}},{"type":"Feature","geometry":{"type":"LineString","coordinates":[[21.785925,38.286147],[21.786133,38.285905],[21.786839,38.285076],[21.786877,38.285057],[21.787271,38.285271],[21.787317,38.285296],[21.787406,38.285344],[21.787807,38.285562],[21.787722,38.285649],[21.786914,38.286583],[21.78685,38.286651]]},"properties":{"name":"","lines":"609, 610, 902","arr":["609","610","902"],"roundabout":0,"mode":"bus","color":"#0059a9"}},{"type":"Feature","geometry":{"type":"LineString","coordinates":[[21.779948,38.290758],[21.780041,38.290704]]},"properties":{"name":"","lines":"609, 610, 902","arr":["609","610","902"],"roundabout":0,"mode":"bus","color":"#0059a9"}},{"type":"Feature","geometry":{"type":"LineString","coordinates":[[21.779948,38.290758],[21.779863,38.290711],[21.779669,38.290597],[21.7795,38.290497],[21.779329,38.290391],[21.77915,38.290276],[21.778935,38.290129],[21.778616,38.289897],[21.778206,38.289595],[21.777783,38.289278],[21.777577,38.289129],[21.777398,38.289017],[21.777174,38.288893],[21.776935,38.288765],[21.776612,38.288595],[21.776545,38.288559],[21.776449,38.288507],[21.776393,38.288474],[21.776301,38.288421],[21.776217,38.288367],[21.776139,38.288314],[21.776047,38.288252],[21.775963,38.288192],[21.775861,38.288112],[21.775797,38.288062],[21.775736,38.288009],[21.775617,38.287905],[21.775413,38.287728],[21.775133,38.287487],[21.77494,38.287311],[21.774813,38.287176],[21.774706,38.287056],[21.774509,38.286824],[21.774287,38.286527],[21.774231,38.286452],[21.774179,38.286385],[21.773607,38.285615],[21.773161,38.285044],[21.772741,38.284489],[21.77256,38.284256],[21.772453,38.284115],[21.772232,38.283809],[21.771892,38.283324],[21.771662,38.282969]]},"properties":{"name":"Πανεπιστημίου","lines":"609, 610, 902","arr":["609","610","902"],"roundabout":0,"mode":"bus","color":"#0059a9"}},{"type":"Feature","geometry":{"type":"LineString","coordinates":[[21.771662,38.282969],[21.771557,38.282784],[21.771534,38.28274],[21.771502,38.282682],[21.771452,38.2826],[21.771413,38.282542],[21.771359,38.282452],[21.771273,38.282316],[21.771231,38.282255],[21.771115,38.282116],[21.771057,38.282054],[21.770996,38.281995],[21.770913,38.28192],[21.770825,38.281845],[21.770795,38.281823],[21.77075,38.281787],[21.770721,38.281765],[21.77069,38.28174],[21.770671,38.28172],[21.770651,38.281693]]},"properties":{"name":"Πανεπιστημίου","lines":"609, 902","arr":["609","902"],"roundabout":0,"mode":"bus","color":"#0059a9"}},{"type":"Feature","geometry":{"type":"LineString","coordinates":[[21.740209,38.253278],[21.739726,38.253386],[21.73969,38.253394],[21.73908,38.253531],[21.738459,38.25367],[21.738119,38.253756]]},"properties":{"name":"Νόρμαν","lines":"609, 610, 902","arr":["609","610","902"],"roundabout":0,"mode":"bus","color":"#0059a9"}},{"type":"Feature","geometry":{"type":"LineString","coordinates":[[21.737547,38.253895],[21.737359,38.25393],[21.737174,38.253964]]},"properties":{"name":"Νόρμαν","lines":"609, 610, 902","arr":["609","610","902"],"roundabout":0,"mode":"bus","color":"#0059a9"}},{"type":"Feature","geometry":{"type":"LineString","coordinates":[[21.788408,38.279419],[21.788399,38.279483],[21.788382,38.279533],[21.788365,38.279574],[21.788324,38.279667],[21.788286,38.279743],[21.788237,38.279833],[21.788197,38.279902],[21.78816,38.279962],[21.788058,38.280132],[21.787892,38.280381],[21.787742,38.280606]]},"properties":{"name":"Γεωργίου Παπανδρέου","lines":"609","arr":["609"],"roundabout":0,"mode":"bus","color":"#0059a9"}},{"type":"Feature","geometry":{"type":"LineString","coordinates":[[21.789444,38.284062],[21.789431,38.284445],[21.789417,38.284542],[21.789407,38.284568],[21.789378,38.284638],[21.788753,38.28538],[21.788688,38.285457],[21.788641,38.285515],[21.788488,38.285704],[21.788018,38.286256],[21.78752,38.286838],[21.787428,38.286946]]},"properties":{"name":"Λεωφόρος Έρασμου","lines":"609","arr":["609"],"roundabout":0,"mode":"bus","color":"#0059a9"}},{"type":"Feature","geometry":{"type":"LineString","coordinates":[[21.761383,38.264765],[21.761611,38.264845],[21.761645,38.264857]]},"properties":{"name":"Βόλου","lines":"609","arr":["609"],"roundabout":0,"mode":"bus","color":"#0059a9"}},{"type":"Feature","geometry":{"type":"LineString","coordinates":[[21.771662,38.282969],[21.771605,38.282922],[21.771529,38.282878],[21.77144,38.282851],[21.771409,38.282845],[21.771331,38.28284],[21.771308,38.282841],[21.771287,38.282843],[21.771264,38.282847],[21.771244,38.282851],[21.77122,38.282857],[21.771202,38.282863],[21.771169,38.282878],[21.771083,38.282932],[21.770954,38.283021],[21.77073,38.283175],[21.770677,38.283212],[21.770209,38.283528],[21.770112,38.283593],[21.770044,38.283528],[21.769999,38.283485],[21.769869,38.283361],[21.769671,38.28314],[21.769472,38.282917],[21.769266,38.282683],[21.769119,38.28251],[21.769049,38.28243],[21.768977,38.282351],[21.76887,38.282214],[21.768739,38.282026]]},"properties":{"name":"","lines":"610","arr":["610"],"roundabout":0,"mode":"bus","color":"#0059a9"}},{"type":"Feature","geometry":{"type":"LineString","coordinates":[[21.764162,38.277868],[21.763838,38.277583],[21.763183,38.276983],[21.762744,38.276586],[21.762349,38.276229],[21.761955,38.275879],[21.761527,38.275492],[21.761247,38.275236],[21.760388,38.274433],[21.760158,38.274223],[21.759799,38.273908],[21.759776,38.273887],[21.75965,38.273765],[21.759422,38.273565],[21.759361,38.273517],[21.759256,38.273425],[21.759043,38.273229],[21.75898,38.27317],[21.758613,38.27281],[21.758559,38.272752],[21.758509,38.272693]]},"properties":{"name":"Κορίνθου - Πατρών","lines":"610, 902","arr":["610","902"],"roundabout":0,"mode":"bus","color":"#0059a9"}},{"type":"Feature","geometry":{"type":"LineString","coordinates":[[21.762781,38.208642],[21.762785,38.208741],[21.762794,38.20895],[21.762796,38.208973],[21.762793,38.209001],[21.762784,38.209043],[21.762772,38.209072],[21.762747,38.209104],[21.76274,38.209109],[21.762729,38.209119],[21.762706,38.209131],[21.762675,38.209141],[21.762629,38.209153],[21.762527,38.209172],[21.762346,38.209197],[21.762367,38.209296],[21.762396,38.209424],[21.762425,38.209555],[21.762454,38.209685],[21.762482,38.209809],[21.762513,38.209944],[21.762542,38.210076],[21.762573,38.210212],[21.762601,38.210339],[21.762628,38.210459],[21.762635,38.210475],[21.762682,38.210576],[21.762853,38.211355],[21.762861,38.211382],[21.762876,38.21142],[21.762886,38.211443],[21.762904,38.211482],[21.762933,38.211537]]},"properties":{"name":"","lines":"701, 702","arr":["701","702"],"roundabout":0,"mode":"bus","color":"#0059a9"}},{"type":"Feature","geometry":{"type":"LineString","coordinates":[[21.762704,38.208603],[21.762639,38.208561],[21.762611,38.208542],[21.762581,38.208526],[21.762552,38.208516],[21.762509,38.208501],[21.762454,38.208492],[21.762403,38.208491],[21.762334,38.208496],[21.762239,38.2085],[21.762134,38.208488]]},"properties":{"name":"","lines":"701, 702","arr":["701","702"],"roundabout":0,"mode":"bus","color":"#0059a9"}},{"type":"Feature","geometry":{"type":"LineString","coordinates":[[21.750891,38.219192],[21.750872,38.219221],[21.75085,38.21925],[21.750806,38.219301],[21.750766,38.219338],[21.750741,38.219358],[21.750727,38.219372],[21.750701,38.219398],[21.750615,38.219483],[21.75058,38.219523]]},"properties":{"name":"","lines":"701, 702","arr":["701","702"],"roundabout":0,"mode":"bus","color":"#0059a9"}},{"type":"Feature","geometry":{"type":"LineString","coordinates":[[21.750553,38.219555],[21.750545,38.219591],[21.750536,38.219625],[21.75053,38.219669],[21.750525,38.219701],[21.750521,38.219748],[21.750513,38.219834],[21.750506,38.219903],[21.750489,38.220017],[21.750485,38.220041],[21.750473,38.220083],[21.750468,38.220099],[21.750449,38.220134],[21.75042,38.220172]]},"properties":{"name":"","lines":"701, 702","arr":["701","702"],"roundabout":0,"mode":"bus","color":"#0059a9"}},{"type":"Feature","geometry":{"type":"LineString","coordinates":[[21.76246,38.211115],[21.762729,38.211607]]},"properties":{"name":"","lines":"701, 702","arr":["701","702"],"roundabout":0,"mode":"bus","color":"#0059a9"}},{"type":"Feature","geometry":{"type":"LineString","coordinates":[[21.762134,38.208488],[21.762009,38.208515],[21.761898,38.208541],[21.761744,38.20858],[21.761583,38.208621],[21.761507,38.208642],[21.761424,38.208668],[21.76135,38.208694],[21.761274,38.208729],[21.761197,38.208765],[21.761116,38.208807],[21.76104,38.208853],[21.760977,38.208898],[21.760893,38.208965],[21.760822,38.209037],[21.760764,38.209095],[21.760676,38.209181],[21.760529,38.209326],[21.760275,38.209596],[21.759895,38.209973],[21.759874,38.21],[21.759707,38.210155]]},"properties":{"name":"Πατρών Κλάους","lines":"701, 702","arr":["701","702"],"roundabout":0,"mode":"bus","color":"#0059a9"}},{"type":"Feature","geometry":{"type":"LineString","coordinates":[[21.756941,38.212994],[21.756824,38.213114],[21.75671,38.213226],[21.756659,38.213277],[21.756603,38.213333],[21.756429,38.213521],[21.756253,38.213715],[21.756041,38.213942],[21.755761,38.214219],[21.7554,38.214587],[21.75517,38.214823],[21.755126,38.214867],[21.754555,38.21546],[21.754264,38.215766],[21.75378,38.216251],[21.753535,38.216497],[21.753307,38.216728],[21.752986,38.217053],[21.752706,38.21734],[21.752388,38.217663],[21.751731,38.218341],[21.751463,38.218611],[21.750891,38.219192]]},"properties":{"name":"Πατρών Κλάους","lines":"701, 702","arr":["701","702"],"roundabout":0,"mode":"bus","color":"#0059a9"}},{"type":"Feature","geometry":{"type":"LineString","coordinates":[[21.750307,38.220911],[21.750322,38.22082],[21.75042,38.220172]]},"properties":{"name":"Πατρών Κλάους","lines":"701, 702","arr":["701","702"],"roundabout":0,"mode":"bus","color":"#0059a9"}},{"type":"Feature","geometry":{"type":"LineString","coordinates":[[21.747826,38.231906],[21.747862,38.23181],[21.748049,38.231313],[21.748221,38.230842],[21.748259,38.23074],[21.748319,38.230572],[21.748387,38.230386],[21.748535,38.22998],[21.748597,38.229814],[21.748754,38.229402],[21.748805,38.229263],[21.748835,38.229171],[21.748866,38.229065],[21.748889,38.228967],[21.74898,38.228535],[21.748997,38.228451],[21.749025,38.228312],[21.749109,38.22789],[21.749228,38.227282],[21.749314,38.226891],[21.749428,38.226281]]},"properties":{"name":"Πατρών Κλάους","lines":"701, 702","arr":["701","702"],"roundabout":0,"mode":"bus","color":"#0059a9"}},{"type":"Feature","geometry":{"type":"LineString","coordinates":[[21.759707,38.210155],[21.759347,38.210503],[21.758929,38.210927],[21.758556,38.211308],[21.758253,38.211631],[21.758055,38.211838],[21.757901,38.212003],[21.757833,38.212077],[21.75732,38.21261],[21.757191,38.212741],[21.756941,38.212994]]},"properties":{"name":"Πατρών Κλάους","lines":"701","arr":["701"],"roundabout":0,"mode":"bus","color":"#0059a9"}},{"type":"Feature","geometry":{"type":"LineString","coordinates":[[21.750307,38.220911],[21.750335,38.221],[21.75026,38.221509],[21.750179,38.222023],[21.750169,38.22209],[21.750164,38.222118],[21.75009,38.222466],[21.750082,38.222492],[21.75007,38.222519],[21.750057,38.222543],[21.75004,38.222575],[21.750023,38.222603],[21.750002,38.222634],[21.749964,38.222687],[21.749813,38.222894],[21.749502,38.223293],[21.749444,38.223379],[21.749418,38.223436],[21.749401,38.223485],[21.749387,38.223531],[21.74938,38.223595],[21.749379,38.223641],[21.749377,38.223714],[21.749378,38.223946],[21.749376,38.224423],[21.749376,38.224516],[21.749377,38.224578],[21.749376,38.224921],[21.749371,38.225126],[21.749368,38.22525],[21.749368,38.225304],[21.74937,38.22534],[21.749374,38.225375],[21.749384,38.225448],[21.749393,38.225521],[21.749462,38.226009],[21.749469,38.226084],[21.749466,38.226134],[21.749462,38.226159],[21.749453,38.2262],[21.749445,38.226228],[21.749428,38.226281]]},"properties":{"name":"Πατρών Κλάους","lines":"701","arr":["701"],"roundabout":0,"mode":"bus","color":"#0059a9"}},{"type":"Feature","geometry":{"type":"LineString","coordinates":[[21.760275,38.209596],[21.760204,38.20991],[21.760178,38.209933],[21.759874,38.21]]},"properties":{"name":"","lines":"701","arr":["701"],"roundabout":0,"mode":"bus","color":"#0059a9"}},{"type":"Feature","geometry":{"type":"LineString","coordinates":[[21.749813,38.222894],[21.750158,38.223059],[21.749905,38.223097],[21.749879,38.223104],[21.749856,38.223114],[21.749839,38.223127],[21.74983,38.223136],[21.749826,38.223147],[21.749828,38.223161],[21.749834,38.223173],[21.749848,38.223184],[21.749508,38.223666],[21.74951,38.223814],[21.749378,38.223946]]},"properties":{"name":"","lines":"701","arr":["701"],"roundabout":0,"mode":"bus","color":"#0059a9"}},{"type":"Feature","geometry":{"type":"LineString","coordinates":[[21.74485,38.237936],[21.745011,38.237925],[21.745065,38.237921],[21.745171,38.23791]]},"properties":{"name":"","lines":"701","arr":["701"],"roundabout":0,"mode":"bus","color":"#0059a9"}},{"type":"Feature","geometry":{"type":"LineString","coordinates":[[21.744483,38.238341],[21.744593,38.238372]]},"properties":{"name":"","lines":"701","arr":["701"],"roundabout":0,"mode":"bus","color":"#0059a9"}},{"type":"Feature","geometry":{"type":"LineString","coordinates":[[21.75047,38.219091],[21.750481,38.219131],[21.750486,38.219155],[21.750492,38.219196],[21.750499,38.219237],[21.750509,38.219296],[21.750519,38.219335]]},"properties":{"name":"","lines":"701","arr":["701"],"roundabout":0,"mode":"bus","color":"#0059a9"}},{"type":"Feature","geometry":{"type":"LineString","coordinates":[[21.747826,38.231906],[21.747812,38.232213],[21.747805,38.232271],[21.747787,38.232348],[21.747766,38.232432],[21.747746,38.232488],[21.747716,38.232566],[21.747671,38.23268],[21.747575,38.232906],[21.747528,38.233013],[21.747426,38.23325],[21.747285,38.233593],[21.747163,38.233895],[21.747092,38.234068],[21.746944,38.234435],[21.746867,38.234622],[21.746792,38.23479]]},"properties":{"name":"Καλαβρύτων","lines":"701","arr":["701"],"roundabout":0,"mode":"bus","color":"#0059a9"}},{"type":"Feature","geometry":{"type":"LineString","coordinates":[[21.745975,38.236534],[21.745686,38.237154],[21.745437,38.237708],[21.745409,38.237767],[21.745378,38.237833],[21.745346,38.237897],[21.745111,38.23806]]},"properties":{"name":"Καλαβρύτων","lines":"701, 804","arr":["701","804"],"roundabout":0,"mode":"bus","color":"#0059a9"}},{"type":"Feature","geometry":{"type":"LineString","coordinates":[[21.745346,38.237897],[21.745171,38.23791]]},"properties":{"name":"Μαραγκόπουλου","lines":"701","arr":["701"],"roundabout":0,"mode":"bus","color":"#0059a9"}},{"type":"Feature","geometry":{"type":"LineString","coordinates":[[21.745219,38.23781],[21.745171,38.23791],[21.745148,38.23796],[21.745111,38.23806]]},"properties":{"name":"Καλαβρύτων","lines":"701, 702, 801, 803","arr":["701","702","801","803"],"roundabout":0,"mode":"bus","color":"#0059a9"}},{"type":"Feature","geometry":{"type":"LineString","coordinates":[[21.744593,38.238372],[21.745111,38.23806]]},"properties":{"name":"Γούναρη","lines":"701, 702, 801, 803, 804","arr":["701","702","801","803","804"],"roundabout":0,"mode":"bus","color":"#0059a9"}},{"type":"Feature","geometry":{"type":"LineString","coordinates":[[21.735297,38.242436],[21.735248,38.242374]]},"properties":{"name":"Αθανασίου Διάκου","lines":"701","arr":["701"],"roundabout":0,"mode":"bus","color":"#0059a9"}},{"type":"Feature","geometry":{"type":"LineString","coordinates":[[21.756941,38.212994],[21.756993,38.213013],[21.757029,38.213022],[21.757077,38.213028],[21.75712,38.213031],[21.757191,38.213033],[21.757285,38.213028],[21.75778,38.212991],[21.758173,38.212954],[21.758275,38.212943],[21.759222,38.212831],[21.759369,38.212809],[21.759492,38.212787],[21.759638,38.212756],[21.759774,38.212726],[21.760013,38.212669],[21.760248,38.21261],[21.760399,38.212569],[21.760513,38.212534],[21.760616,38.212498],[21.76074,38.21245],[21.760818,38.212417],[21.760921,38.21237],[21.761036,38.212311],[21.761181,38.212235],[21.761267,38.212194],[21.761449,38.212104],[21.761545,38.212062],[21.761631,38.212027],[21.761662,38.212015],[21.761991,38.211886],[21.762226,38.211797],[21.762489,38.211698],[21.762729,38.211607],[21.762772,38.211591],[21.762867,38.211556],[21.762909,38.211543],[21.762933,38.211537]]},"properties":{"name":"Ιωάννη Διακίδη","lines":"701, 702","arr":["701","702"],"roundabout":0,"mode":"bus","color":"#0059a9"}},{"type":"Feature","geometry":{"type":"LineString","coordinates":[[21.762933,38.211537],[21.762945,38.211534],[21.762993,38.211523],[21.763488,38.21144],[21.763542,38.211431],[21.764282,38.21131],[21.764355,38.211302],[21.764414,38.2113],[21.764428,38.211299],[21.764497,38.211301],[21.764556,38.211307],[21.764625,38.211321],[21.764672,38.211336],[21.764683,38.21134],[21.764765,38.211372],[21.764926,38.21146],[21.765148,38.211596],[21.765316,38.211697],[21.765384,38.211723],[21.765467,38.211712],[21.765668,38.211656],[21.765808,38.211617],[21.765879,38.211602],[21.765944,38.211592],[21.766348,38.211554],[21.766381,38.21155],[21.766553,38.21153],[21.76665,38.211516],[21.76679,38.211488],[21.766922,38.211453],[21.767019,38.211427],[21.767093,38.211403],[21.76716,38.21138],[21.767235,38.21135],[21.767321,38.211315],[21.767995,38.211007],[21.768081,38.210968],[21.768126,38.210951],[21.768168,38.210937],[21.768226,38.210924],[21.768336,38.210906],[21.768533,38.210883],[21.76856,38.210882],[21.768593,38.21088],[21.768627,38.210885],[21.768659,38.210895],[21.768689,38.210911],[21.768734,38.210936],[21.768782,38.210962],[21.768793,38.210968],[21.768845,38.210999],[21.769509,38.211388],[21.769848,38.211587],[21.770279,38.211839],[21.770375,38.211896],[21.770443,38.211936],[21.770594,38.212024],[21.7707,38.212086],[21.770858,38.21218],[21.771024,38.212276],[21.77178,38.212702],[21.771862,38.212741],[21.771873,38.213242],[21.771882,38.213283],[21.771887,38.213296],[21.771913,38.213347],[21.771966,38.213432],[21.772021,38.213513],[21.772098,38.21361],[21.772146,38.213667],[21.772195,38.213717],[21.772239,38.213751],[21.772275,38.213778],[21.772309,38.213809],[21.772337,38.213841],[21.772379,38.21391],[21.772446,38.214032],[21.772475,38.214085],[21.772528,38.214163],[21.77276,38.214512],[21.772772,38.214526],[21.772792,38.214545],[21.772814,38.214562],[21.772836,38.214578]]},"properties":{"name":"Ιωάννη Διακίδη","lines":"702","arr":["702"],"roundabout":0,"mode":"bus","color":"#0059a9"}},{"type":"Feature","geometry":{"type":"LineString","coordinates":[[21.781697,38.209146],[21.781611,38.209182],[21.781588,38.209201],[21.781574,38.209227],[21.781578,38.209288],[21.781537,38.209303],[21.781438,38.209337],[21.781353,38.209375],[21.781095,38.209471],[21.781054,38.209484],[21.780996,38.209498],[21.780842,38.209527],[21.780658,38.209562],[21.780585,38.20957],[21.7805,38.209572],[21.780459,38.209566],[21.780432,38.209561],[21.780403,38.20956],[21.78036,38.209568],[21.780302,38.209583],[21.780203,38.209625],[21.780096,38.20967],[21.780022,38.209693],[21.779903,38.209727],[21.779864,38.20974],[21.779822,38.209758],[21.779803,38.209769],[21.779765,38.209791],[21.779702,38.209838],[21.779577,38.209933],[21.779505,38.209998],[21.778982,38.210453],[21.778889,38.210527],[21.778813,38.210584],[21.778767,38.210613],[21.778722,38.21064],[21.778669,38.210662],[21.778604,38.210679],[21.778527,38.210697],[21.778457,38.210704],[21.778388,38.210707],[21.778313,38.210709],[21.778121,38.210713],[21.777941,38.210718],[21.777918,38.210719],[21.777851,38.210723],[21.777789,38.210734],[21.777721,38.210748],[21.777686,38.210759],[21.777665,38.210767],[21.777651,38.210774],[21.77764,38.210781],[21.777632,38.210788],[21.777626,38.210795],[21.777622,38.210803],[21.777619,38.210814],[21.777616,38.21083],[21.777604,38.210921],[21.777631,38.211121],[21.777645,38.211204],[21.77766,38.21132]]},"properties":{"name":"Ιωάννη Διακίδη","lines":"702","arr":["702"],"roundabout":0,"mode":"bus","color":"#0059a9"}},{"type":"Feature","geometry":{"type":"LineString","coordinates":[[21.753899,38.209131],[21.753918,38.209117],[21.753937,38.209104],[21.753959,38.209089],[21.753973,38.209082],[21.753989,38.209077],[21.754102,38.209073],[21.754167,38.209091],[21.754262,38.209123],[21.754341,38.209153],[21.7544,38.209183],[21.754449,38.209207],[21.754505,38.209227],[21.754558,38.209244],[21.754653,38.209265],[21.754776,38.209286],[21.754975,38.209312],[21.7551,38.209333],[21.755191,38.20935],[21.755521,38.209411],[21.755913,38.209484],[21.755996,38.209499],[21.75611,38.20952],[21.756613,38.209601],[21.756765,38.209624],[21.757194,38.209688],[21.75765,38.209765],[21.758235,38.209867],[21.75876,38.209966],[21.75937,38.210078],[21.75957,38.210114],[21.759624,38.210125],[21.759707,38.210155]]},"properties":{"name":"Βρυσακίων","lines":"701, 702","arr":["701","702"],"roundabout":0,"mode":"bus","color":"#0059a9"}},{"type":"Feature","geometry":{"type":"LineString","coordinates":[[21.753899,38.209131],[21.753888,38.209163],[21.753853,38.209252],[21.753824,38.209325],[21.753761,38.209488],[21.753703,38.209655],[21.753682,38.209712],[21.753663,38.209753],[21.753635,38.209805],[21.753617,38.209848],[21.753592,38.209891],[21.753566,38.209935],[21.753528,38.209987],[21.753487,38.210037],[21.753466,38.210063],[21.753427,38.210105],[21.753383,38.210148],[21.75335,38.210181],[21.753286,38.210247],[21.753256,38.210283],[21.753235,38.210311],[21.75322,38.210335],[21.753202,38.210378],[21.753195,38.210405],[21.753187,38.210438],[21.753176,38.210475],[21.753162,38.210524],[21.753151,38.210587],[21.753134,38.21066],[21.753123,38.210722],[21.753116,38.210772],[21.753111,38.210813],[21.753106,38.21088],[21.753103,38.210967],[21.753103,38.21129],[21.753103,38.211524],[21.753094,38.211629],[21.753012,38.212155],[21.753005,38.21222],[21.752995,38.212324],[21.752989,38.212394],[21.75299,38.212478],[21.753008,38.212729],[21.753031,38.213012],[21.753035,38.213075],[21.753038,38.213132],[21.753036,38.213182],[21.753035,38.213216],[21.75303,38.213251],[21.753024,38.213284],[21.753006,38.213366],[21.752958,38.213581],[21.752932,38.213667],[21.752896,38.213783],[21.752848,38.213951],[21.752786,38.214156],[21.752763,38.21423],[21.752743,38.214287],[21.752722,38.214344],[21.752702,38.214392],[21.752678,38.214441],[21.75265,38.214493],[21.752582,38.214603],[21.752559,38.214639],[21.752534,38.214671],[21.752505,38.214707],[21.752464,38.214753],[21.752421,38.214799],[21.752377,38.214846],[21.752318,38.214903],[21.752237,38.214979],[21.75214,38.21507],[21.752035,38.215168],[21.751949,38.215255],[21.751888,38.215322],[21.751863,38.215351],[21.751841,38.215382],[21.751808,38.215439],[21.751791,38.21548],[21.751778,38.215518],[21.751783,38.215546],[21.751762,38.215602],[21.751754,38.21566],[21.751744,38.215742],[21.751716,38.216181],[21.75171,38.216222],[21.7517,38.216257],[21.751691,38.216295],[21.751646,38.216323],[21.751582,38.216363],[21.751539,38.216391],[21.751476,38.216437],[21.751383,38.216503],[21.751306,38.21656],[21.751225,38.216626],[21.751145,38.216686],[21.751121,38.216703],[21.751086,38.216729],[21.751064,38.216741],[21.751043,38.216752],[21.750975,38.216782],[21.750898,38.216814],[21.750823,38.216847],[21.750716,38.216894],[21.750632,38.216929],[21.750604,38.216939],[21.750566,38.216949],[21.750529,38.216955],[21.750496,38.216958],[21.750505,38.217093],[21.750493,38.217241],[21.750481,38.217379],[21.750476,38.217443],[21.75047,38.217559],[21.750466,38.217641],[21.750465,38.218071],[21.75047,38.219091]]},"properties":{"name":"Θεοτοκόπουλου","lines":"701, 702","arr":["701","702"],"roundabout":0,"mode":"bus","color":"#0059a9"}},{"type":"Feature","geometry":{"type":"LineString","coordinates":[[21.75047,38.217559],[21.750521,38.217556]]},"properties":{"name":"Βολονάκη","lines":"701","arr":["701"],"roundabout":0,"mode":"bus","color":"#0059a9"}},{"type":"Feature","geometry":{"type":"LineString","coordinates":[[21.763019,38.208464],[21.763068,38.208465],[21.763119,38.208463],[21.763184,38.208459],[21.763227,38.208457],[21.763287,38.208454],[21.763324,38.208457],[21.763369,38.208464],[21.763327,38.208478],[21.763307,38.208481],[21.763273,38.208487],[21.763225,38.208493],[21.763176,38.208503],[21.763142,38.208514],[21.763102,38.208534],[21.763069,38.208551],[21.763036,38.208576],[21.763012,38.20859],[21.762976,38.208604]]},"properties":{"name":"","lines":"702","arr":["702"],"roundabout":0,"mode":"bus","color":"#0059a9"}},{"type":"Feature","geometry":{"type":"LineString","coordinates":[[21.77766,38.21132],[21.776935,38.211402],[21.776756,38.21149],[21.776659,38.211554],[21.776446,38.21164],[21.776381,38.211663],[21.776278,38.211693],[21.776105,38.211739],[21.775904,38.211805],[21.775699,38.211893],[21.775483,38.211995],[21.775398,38.212032],[21.775324,38.212067],[21.775276,38.212092],[21.775222,38.212123],[21.775151,38.212165],[21.775094,38.212204],[21.775031,38.21225],[21.774949,38.21231],[21.77489,38.212356],[21.774822,38.21241],[21.774756,38.212468],[21.774706,38.21251],[21.774649,38.212557],[21.774615,38.212586],[21.774587,38.212614],[21.774569,38.212633],[21.774549,38.212657],[21.774533,38.212679],[21.774517,38.212707],[21.7745,38.21274],[21.774481,38.212779],[21.77446,38.212822],[21.774432,38.212876],[21.774407,38.212924],[21.774382,38.212966],[21.774371,38.212987],[21.774361,38.213004],[21.77435,38.21302],[21.774336,38.213037],[21.774324,38.213052],[21.774313,38.213063],[21.774296,38.213081],[21.774264,38.21311],[21.77421,38.213158],[21.774177,38.21319],[21.774148,38.213219],[21.774101,38.213269],[21.774065,38.213311],[21.774037,38.213345],[21.774016,38.213375],[21.773984,38.213423],[21.773946,38.213482],[21.773908,38.21354],[21.773882,38.213581],[21.773852,38.213625],[21.773826,38.213658],[21.773807,38.213683],[21.773785,38.213705],[21.773761,38.213725],[21.773735,38.213743],[21.773685,38.213779],[21.773629,38.213821],[21.773548,38.213876],[21.773504,38.213906],[21.773467,38.213932],[21.773444,38.213951],[21.773421,38.213974],[21.773393,38.214009],[21.773374,38.214039],[21.77335,38.214082],[21.773329,38.214122],[21.773298,38.214186],[21.77325,38.214282],[21.773211,38.21435],[21.77319,38.214382],[21.773165,38.214415],[21.773137,38.214442],[21.773108,38.214466],[21.773068,38.214489],[21.773035,38.214505],[21.772971,38.214531],[21.772836,38.214578]]},"properties":{"name":"","lines":"702","arr":["702"],"roundabout":0,"mode":"bus","color":"#0059a9"}},{"type":"Feature","geometry":{"type":"LineString","coordinates":[[21.75042,38.220172],[21.750411,38.220122],[21.75041,38.22009],[21.75041,38.220049],[21.750415,38.220003],[21.750435,38.219893],[21.750446,38.21983],[21.750448,38.219795],[21.750451,38.219765],[21.75045,38.219732],[21.750445,38.219695],[21.750438,38.219677],[21.75043,38.219664],[21.750417,38.219649],[21.750398,38.219632],[21.750383,38.21962],[21.750365,38.219611],[21.750349,38.219602]]},"properties":{"name":"","lines":"702","arr":["702"],"roundabout":0,"mode":"bus","color":"#0059a9"}},{"type":"Feature","geometry":{"type":"LineString","coordinates":[[21.750555,38.21936],[21.750583,38.219361],[21.750611,38.219358],[21.750634,38.219352],[21.750657,38.219345],[21.750686,38.219334],[21.750713,38.219324],[21.75074,38.219308],[21.750773,38.219281],[21.750832,38.219226],[21.750854,38.219209],[21.750891,38.219192]]},"properties":{"name":"","lines":"702","arr":["702"],"roundabout":0,"mode":"bus","color":"#0059a9"}},{"type":"Feature","geometry":{"type":"LineString","coordinates":[[21.750343,38.219314],[21.750391,38.219262],[21.750418,38.219226],[21.75044,38.21919],[21.750454,38.219162],[21.750458,38.219148],[21.75047,38.219091]]},"properties":{"name":"","lines":"702","arr":["702"],"roundabout":0,"mode":"bus","color":"#0059a9"}},{"type":"Feature","geometry":{"type":"LineString","coordinates":[[21.762134,38.208488],[21.762189,38.20848],[21.762234,38.208469],[21.762271,38.208464],[21.762336,38.20846],[21.76239,38.208455],[21.762454,38.208449],[21.762507,38.20844],[21.762555,38.208431],[21.762698,38.208412]]},"properties":{"name":"","lines":"702","arr":["702"],"roundabout":0,"mode":"bus","color":"#0059a9"}},{"type":"Feature","geometry":{"type":"LineString","coordinates":[[21.749921,38.222615],[21.749884,38.22249],[21.749914,38.222422],[21.750023,38.222355]]},"properties":{"name":"","lines":"702","arr":["702"],"roundabout":0,"mode":"bus","color":"#0059a9"}},{"type":"Feature","geometry":{"type":"LineString","coordinates":[[21.749867,38.222265],[21.750053,38.222208]]},"properties":{"name":"","lines":"702","arr":["702"],"roundabout":0,"mode":"bus","color":"#0059a9"}},{"type":"Feature","geometry":{"type":"LineString","coordinates":[[21.761563,38.21166],[21.761604,38.211851],[21.761608,38.211961],[21.761631,38.212027]]},"properties":{"name":"","lines":"702","arr":["702"],"roundabout":0,"mode":"bus","color":"#0059a9"}},{"type":"Feature","geometry":{"type":"LineString","coordinates":[[21.781578,38.209288],[21.781792,38.20925]]},"properties":{"name":"","lines":"702","arr":["702"],"roundabout":0,"mode":"bus","color":"#0059a9"}},{"type":"Feature","geometry":{"type":"LineString","coordinates":[[21.762851,38.20865],[21.762859,38.208802],[21.762866,38.208827],[21.762882,38.20885],[21.762912,38.208876],[21.763025,38.208934],[21.76304,38.208944],[21.763051,38.208958],[21.763062,38.208971],[21.763077,38.208997],[21.763097,38.209099],[21.763104,38.209131],[21.763117,38.209201],[21.763143,38.20933],[21.763167,38.209462],[21.763191,38.20959],[21.763214,38.209713],[21.763239,38.209844],[21.763265,38.209979],[21.763291,38.210115],[21.763315,38.210243],[21.763341,38.210383],[21.763368,38.210522],[21.762771,38.210599],[21.762682,38.210576]]},"properties":{"name":"","lines":"702","arr":["702"],"roundabout":0,"mode":"bus","color":"#0059a9"}},{"type":"Feature","geometry":{"type":"LineString","coordinates":[[21.763369,38.208464],[21.763623,38.208446],[21.763988,38.208419],[21.764168,38.208405],[21.764387,38.208386],[21.764878,38.208341],[21.76538,38.2083],[21.765502,38.20829],[21.765552,38.208286],[21.765665,38.208278],[21.765969,38.208259],[21.766083,38.208254],[21.766333,38.20824],[21.766833,38.208214],[21.767387,38.208179],[21.767942,38.208144],[21.769041,38.208065],[21.769452,38.208037],[21.76949,38.208034],[21.769656,38.208024],[21.769831,38.208015],[21.770116,38.208001],[21.770438,38.20799],[21.77055,38.207984],[21.770643,38.207977],[21.771119,38.207938],[21.771716,38.20789],[21.772545,38.207827],[21.773161,38.207773],[21.773489,38.207744],[21.774093,38.207696],[21.774456,38.207656],[21.774534,38.207648],[21.77463,38.207632],[21.774697,38.207619],[21.774884,38.207575],[21.774988,38.207559],[21.77557,38.20744],[21.775951,38.207366],[21.7764,38.207272],[21.776655,38.207225],[21.776781,38.207201],[21.776905,38.207183],[21.777016,38.20717],[21.777342,38.207152],[21.777543,38.207134],[21.77767,38.207108],[21.777777,38.207077],[21.777844,38.207052],[21.777865,38.207043],[21.77797,38.207003],[21.778044,38.206967],[21.778104,38.206939],[21.778155,38.206916],[21.778327,38.206829],[21.778356,38.206816],[21.778447,38.20678],[21.778498,38.206765],[21.77859,38.206739],[21.778661,38.206719],[21.778718,38.206697],[21.778786,38.206669],[21.778843,38.206643],[21.778877,38.206626],[21.778906,38.206609],[21.778962,38.206574],[21.778983,38.20656],[21.779168,38.206435]]},"properties":{"name":"Αριστοτέλους","lines":"702","arr":["702"],"roundabout":0,"mode":"bus","color":"#0059a9"}},{"type":"Feature","geometry":{"type":"LineString","coordinates":[[21.779168,38.206435],[21.779207,38.206483],[21.779769,38.207083],[21.780047,38.207362],[21.780611,38.207954],[21.780757,38.208107],[21.780838,38.208191],[21.781019,38.208395],[21.781089,38.208475],[21.78133,38.208737],[21.781697,38.209146],[21.781792,38.20925]]},"properties":{"name":"Εμπεδοκλέους","lines":"702","arr":["702"],"roundabout":0,"mode":"bus","color":"#0059a9"}},{"type":"Feature","geometry":{"type":"LineString","coordinates":[[21.777635,38.210727],[21.777634,38.210732],[21.777634,38.21074],[21.777635,38.210744],[21.777635,38.210747],[21.777637,38.210751],[21.777638,38.210754],[21.77764,38.210757],[21.777641,38.21076],[21.777651,38.210774]]},"properties":{"name":"Κτησίππου","lines":"702","arr":["702"],"roundabout":0,"mode":"bus","color":"#0059a9"}},{"type":"Feature","geometry":{"type":"LineString","coordinates":[[21.77766,38.21132],[21.778055,38.211402],[21.778149,38.211421],[21.778592,38.211525],[21.778894,38.211595],[21.779447,38.211725],[21.779847,38.211823],[21.779878,38.211831],[21.779915,38.21184],[21.780324,38.211947],[21.780374,38.211959],[21.780648,38.212035]]},"properties":{"name":"Παναχαϊκού","lines":"702","arr":["702"],"roundabout":0,"mode":"bus","color":"#0059a9"}},{"type":"Feature","geometry":{"type":"LineString","coordinates":[[21.784947,38.213267],[21.784932,38.213264],[21.784801,38.213224],[21.784469,38.21313],[21.784184,38.213048],[21.78406,38.213015]]},"properties":{"name":"Παναχαϊκού","lines":"702","arr":["702"],"roundabout":0,"mode":"bus","color":"#0059a9"}},{"type":"Feature","geometry":{"type":"LineString","coordinates":[[21.780648,38.212035],[21.78106,38.212119],[21.781455,38.212237],[21.781813,38.212344],[21.782195,38.212453],[21.782568,38.21256],[21.783321,38.212777],[21.783851,38.212929],[21.78406,38.213015],[21.783831,38.212976],[21.783676,38.212935],[21.783483,38.212884],[21.783293,38.212833],[21.782541,38.212618],[21.781786,38.212403],[21.781031,38.212185],[21.780648,38.212035]]},"properties":{"name":"Παναχαϊκού","lines":"702","arr":["702"],"roundabout":0,"mode":"bus","color":"#0059a9"}},{"type":"Feature","geometry":{"type":"LineString","coordinates":[[21.745219,38.23781],[21.745258,38.237726],[21.745481,38.237243],[21.745597,38.236995],[21.745669,38.23684],[21.745822,38.236514],[21.746109,38.235917],[21.746334,38.235425]]},"properties":{"name":"Καλαβρύτων","lines":"702, 801, 803","arr":["702","801","803"],"roundabout":0,"mode":"bus","color":"#0059a9"}},{"type":"Feature","geometry":{"type":"LineString","coordinates":[[21.746653,38.234736],[21.746739,38.234551],[21.746852,38.234276],[21.746992,38.233936],[21.747182,38.233473],[21.74742,38.232894],[21.747448,38.232824],[21.747631,38.23238],[21.747711,38.232186],[21.747797,38.231976],[21.747826,38.231906]]},"properties":{"name":"Καλαβρύτων","lines":"702","arr":["702"],"roundabout":0,"mode":"bus","color":"#0059a9"}},{"type":"Feature","geometry":{"type":"LineString","coordinates":[[21.749428,38.226281],[21.749418,38.226258],[21.74941,38.226236],[21.749403,38.226204],[21.749392,38.226132],[21.749315,38.225562],[21.749308,38.225501],[21.749304,38.225461],[21.749299,38.225382],[21.749295,38.225289],[21.749292,38.225175],[21.749294,38.224912],[21.749294,38.224524],[21.74929,38.223938],[21.749289,38.223626],[21.749299,38.223535],[21.74931,38.223471],[21.749325,38.223433],[21.749358,38.223369],[21.749663,38.22295],[21.749921,38.222615],[21.749955,38.222562],[21.749981,38.22251],[21.750011,38.222411],[21.750023,38.222355],[21.750033,38.222309],[21.750053,38.222208],[21.750086,38.22205],[21.750108,38.221932],[21.750144,38.221684],[21.750255,38.220999],[21.750307,38.220911]]},"properties":{"name":"Πατρών Κλάους","lines":"702","arr":["702"],"roundabout":0,"mode":"bus","color":"#0059a9"}},{"type":"Feature","geometry":{"type":"LineString","coordinates":[[21.771882,38.213283],[21.772043,38.213309],[21.772142,38.213324],[21.772233,38.213335],[21.772338,38.213342],[21.772462,38.213346],[21.772741,38.213358],[21.772826,38.213363],[21.772893,38.213371],[21.773048,38.21339],[21.773123,38.2134],[21.773147,38.213403],[21.773211,38.213413],[21.773274,38.213416],[21.773343,38.213413],[21.773415,38.213405],[21.77353,38.213382],[21.773615,38.213367],[21.773711,38.213351],[21.773772,38.213344],[21.773853,38.213342],[21.773894,38.213343],[21.773925,38.213346],[21.773952,38.213352],[21.773975,38.21336],[21.774016,38.213375]]},"properties":{"name":"Πάροδος Διακίδη 216","lines":"702","arr":["702"],"roundabout":0,"mode":"bus","color":"#0059a9"}},{"type":"Feature","geometry":{"type":"LineString","coordinates":[[21.770438,38.20799],[21.770431,38.208064]]},"properties":{"name":"Νικομάχου","lines":"702","arr":["702"],"roundabout":0,"mode":"bus","color":"#0059a9"}},{"type":"Feature","geometry":{"type":"LineString","coordinates":[[21.768782,38.210962],[21.768872,38.210927]]},"properties":{"name":"Κρίτωνος","lines":"702","arr":["702"],"roundabout":0,"mode":"bus","color":"#0059a9"}},{"type":"Feature","geometry":{"type":"LineString","coordinates":[[21.740829,38.228263],[21.740781,38.228007]]},"properties":{"name":"ΕΟ33","lines":"801, 803","arr":["801","803"],"roundabout":0,"mode":"bus","color":"#0059a9"}},{"type":"Feature","geometry":{"type":"LineString","coordinates":[[21.741491,38.219865],[21.741412,38.21957],[21.741375,38.219418],[21.741348,38.219317],[21.741294,38.219091],[21.74126,38.218957],[21.741237,38.218873],[21.741166,38.218644],[21.741156,38.218613],[21.741107,38.218455],[21.741076,38.218348],[21.74104,38.21824],[21.74103,38.21821],[21.740999,38.218119],[21.740986,38.218077],[21.740893,38.217804],[21.74087,38.217741],[21.740851,38.217678],[21.740836,38.217627],[21.740806,38.217515],[21.740781,38.217409],[21.740737,38.217199],[21.740699,38.217018],[21.74069,38.216973],[21.740682,38.216917],[21.740676,38.216858],[21.740673,38.216809],[21.740674,38.216725],[21.740683,38.216461],[21.740768,38.21559],[21.740778,38.215462],[21.740771,38.215389],[21.740764,38.215335],[21.740746,38.215268],[21.740728,38.215211],[21.740706,38.21515],[21.740138,38.214191],[21.740022,38.213986],[21.739981,38.213913],[21.739953,38.213863],[21.739939,38.213832],[21.739924,38.213797],[21.739909,38.213757],[21.739885,38.213679],[21.739858,38.213586],[21.739823,38.213466],[21.739799,38.213382],[21.739775,38.213293],[21.739723,38.213096],[21.739711,38.213045],[21.739684,38.212936],[21.739615,38.212663],[21.739558,38.212436],[21.7395,38.212231],[21.739395,38.211841],[21.739367,38.211748],[21.739285,38.21145],[21.73918,38.211054],[21.739114,38.210847],[21.739054,38.210767],[21.739039,38.21073],[21.73899,38.210599],[21.738954,38.210506],[21.738938,38.21046],[21.738851,38.21024]]},"properties":{"name":"Ακρωτηρίου","lines":"801, 803, 804","arr":["801","803","804"],"roundabout":0,"mode":"bus","color":"#0059a9"}},{"type":"Feature","geometry":{"type":"LineString","coordinates":[[21.738851,38.21024],[21.738826,38.210176],[21.738789,38.210081],[21.738742,38.209973],[21.738707,38.209874],[21.738661,38.209726],[21.738575,38.209536],[21.738446,38.209223],[21.738327,38.208934],[21.738206,38.208639],[21.738129,38.208458],[21.738022,38.208218],[21.737939,38.208031],[21.737905,38.207951],[21.737844,38.207811],[21.737803,38.207713],[21.737782,38.207661],[21.73774,38.207545],[21.737732,38.207519],[21.737679,38.207366],[21.737639,38.207239],[21.73761,38.20714],[21.73756,38.206951],[21.737499,38.206711],[21.737474,38.206608],[21.737396,38.206272],[21.737388,38.206243],[21.73737,38.20618],[21.737337,38.206081],[21.737285,38.205948],[21.737235,38.205822],[21.737196,38.205731],[21.737167,38.205663],[21.737116,38.205557],[21.737082,38.205487],[21.737056,38.205435],[21.737022,38.205365],[21.736991,38.205307],[21.736962,38.205253],[21.73687,38.20509],[21.736849,38.205052],[21.736815,38.204998],[21.736717,38.204864],[21.736561,38.204658],[21.736333,38.204365],[21.736276,38.204286],[21.736214,38.204209],[21.736131,38.204107],[21.736085,38.204049],[21.735968,38.203903],[21.735741,38.20363],[21.735735,38.203622],[21.735645,38.203502],[21.735638,38.203494],[21.735565,38.203396],[21.735538,38.203363],[21.735113,38.202959],[21.734198,38.202321],[21.73413,38.202271],[21.733911,38.20208],[21.733847,38.202022],[21.733795,38.201965],[21.733759,38.201905],[21.7337,38.201782],[21.733637,38.201535],[21.733603,38.201337],[21.733589,38.201219],[21.733538,38.200644],[21.733513,38.200442],[21.7335,38.200291],[21.733484,38.200152],[21.733471,38.20003],[21.733441,38.199731],[21.733405,38.199533],[21.733377,38.199418],[21.733349,38.199311],[21.733325,38.199227],[21.733298,38.199144],[21.73327,38.199061],[21.733079,38.198601],[21.732877,38.198112],[21.732789,38.197941],[21.732754,38.197873],[21.732731,38.197836],[21.732503,38.197472],[21.732206,38.197001],[21.732124,38.196872],[21.731975,38.19665],[21.731879,38.196501],[21.731823,38.196411],[21.73179,38.196354],[21.731744,38.196274],[21.731717,38.196223],[21.731686,38.196153],[21.731665,38.196102],[21.731651,38.19606],[21.731639,38.196016],[21.731631,38.19597],[21.731624,38.195921],[21.731619,38.195881],[21.731615,38.195829],[21.731612,38.195771],[21.731614,38.195707],[21.731622,38.195649],[21.731684,38.195259],[21.731728,38.195004],[21.731832,38.194396],[21.731916,38.193875],[21.731974,38.193381],[21.732026,38.193065],[21.732098,38.192636],[21.732142,38.192402],[21.732174,38.192217],[21.732213,38.191987],[21.732228,38.191884],[21.732221,38.191808],[21.732212,38.191777],[21.732194,38.191719],[21.732151,38.191633],[21.732085,38.19155],[21.731985,38.19145],[21.731858,38.191348],[21.731731,38.191256],[21.731433,38.19106],[21.73137,38.191018],[21.730951,38.190764],[21.730815,38.19068],[21.730697,38.190604],[21.730656,38.190575],[21.730609,38.190542],[21.730531,38.190483],[21.73042,38.190382],[21.73018,38.190168],[21.730051,38.190043],[21.729897,38.189885],[21.729777,38.189761],[21.729691,38.189673],[21.729656,38.189637],[21.72958,38.189561],[21.729365,38.189345],[21.729084,38.189058],[21.728947,38.188907],[21.728802,38.18875],[21.728697,38.188621],[21.728644,38.188549],[21.728633,38.188533],[21.728622,38.188517],[21.728534,38.188373],[21.728384,38.188102],[21.728286,38.187888],[21.728196,38.187663]]},"properties":{"name":"Δημοκρατίας","lines":"801, 803, 804","arr":["801","803","804"],"roundabout":0,"mode":"bus","color":"#0059a9"}},{"type":"Feature","geometry":{"type":"LineString","coordinates":[[21.728196,38.187663],[21.728052,38.187696],[21.728018,38.187711],[21.727808,38.187913],[21.727678,38.188068],[21.727494,38.188298],[21.727471,38.188312],[21.727433,38.188312],[21.727333,38.188278],[21.72729,38.188266],[21.727241,38.188257],[21.72718,38.188252],[21.726981,38.188242],[21.726875,38.188227],[21.726795,38.188214],[21.726765,38.188209],[21.726741,38.188203],[21.726707,38.188193],[21.726651,38.188171],[21.726541,38.188125],[21.726485,38.188104],[21.726399,38.188077],[21.726349,38.188065],[21.726314,38.188058],[21.726283,38.188055],[21.726246,38.188054],[21.72619,38.188057],[21.726145,38.188062],[21.725988,38.188094],[21.725799,38.18814],[21.725564,38.188208],[21.725291,38.188292],[21.725041,38.188397],[21.724909,38.188463],[21.724822,38.18852],[21.724678,38.188624],[21.724563,38.188727],[21.724523,38.188818],[21.724484,38.188943],[21.724427,38.189099],[21.724374,38.189245],[21.724361,38.189279],[21.724326,38.189344],[21.724268,38.18943],[21.7242,38.189518],[21.724162,38.189565],[21.724079,38.189664],[21.724052,38.189698],[21.724008,38.189758],[21.723976,38.189807],[21.723932,38.189887],[21.723897,38.189961],[21.723881,38.19],[21.723869,38.190037],[21.723865,38.19006],[21.723863,38.190079],[21.723862,38.190099],[21.723863,38.190121],[21.723868,38.190155],[21.723881,38.190202],[21.723897,38.190248],[21.723922,38.190313],[21.72394,38.190371],[21.723945,38.190404],[21.723941,38.190431],[21.723931,38.190454],[21.72392,38.190479]]},"properties":{"name":"Νικολάου Ντεβέ","lines":"801, 804","arr":["801","804"],"roundabout":0,"mode":"bus","color":"#0059a9"}},{"type":"Feature","geometry":{"type":"LineString","coordinates":[[21.710164,38.192226],[21.710236,38.192281],[21.710269,38.192296],[21.710696,38.192472],[21.711085,38.192632],[21.711456,38.192782],[21.711849,38.192941],[21.712534,38.19322]]},"properties":{"name":"Αναγνωστόπουλου Αθανασίου","lines":"804","arr":["804"],"roundabout":0,"mode":"bus","color":"#0059a9"}},{"type":"Feature","geometry":{"type":"LineString","coordinates":[[21.712586,38.19324],[21.712646,38.193264],[21.713005,38.193408]]},"properties":{"name":"Αναγνωστόπουλου Αθανασίου","lines":"801","arr":["801"],"roundabout":0,"mode":"bus","color":"#0059a9"}},{"type":"Feature","geometry":{"type":"LineString","coordinates":[[21.73042,38.190382],[21.731221,38.189929],[21.731281,38.189898],[21.731411,38.18983],[21.731596,38.189748],[21.73176,38.189687],[21.73186,38.189648],[21.731897,38.189632],[21.732017,38.18958],[21.732234,38.189487],[21.732556,38.18934],[21.732665,38.189299],[21.732747,38.189274],[21.732846,38.189281],[21.7329,38.189278],[21.732935,38.189273],[21.732978,38.189264],[21.733038,38.189248],[21.733175,38.189201],[21.733332,38.189141]]},"properties":{"name":"Πολυτεχνείου","lines":"801","arr":["801"],"roundabout":0,"mode":"bus","color":"#0059a9"}},{"type":"Feature","geometry":{"type":"LineString","coordinates":[[21.733332,38.189141],[21.733524,38.189038],[21.733733,38.188905],[21.733811,38.188856],[21.733929,38.188783],[21.734035,38.18872],[21.73416,38.188639],[21.734472,38.188439],[21.734668,38.188301],[21.734797,38.188232],[21.735345,38.187877],[21.735447,38.187809],[21.735482,38.18779],[21.735504,38.187779],[21.73555,38.187761],[21.736016,38.187588]]},"properties":{"name":"Έλληνος Στρατιώτου","lines":"801","arr":["801"],"roundabout":0,"mode":"bus","color":"#0059a9"}},{"type":"Feature","geometry":{"type":"LineString","coordinates":[[21.734668,38.188301],[21.734499,38.188173],[21.734393,38.188083],[21.73439,38.188055],[21.734423,38.187999]]},"properties":{"name":"","lines":"801","arr":["801"],"roundabout":0,"mode":"bus","color":"#0059a9"}},{"type":"Feature","geometry":{"type":"LineString","coordinates":[[21.735535,38.187186],[21.735609,38.187302]]},"properties":{"name":"","lines":"801","arr":["801"],"roundabout":0,"mode":"bus","color":"#0059a9"}},{"type":"Feature","geometry":{"type":"LineString","coordinates":[[21.735794,38.187236],[21.735609,38.187302],[21.735282,38.18741],[21.735218,38.187439],[21.735167,38.18747],[21.735103,38.187512],[21.735041,38.187554],[21.734643,38.187867],[21.734423,38.187999]]},"properties":{"name":"Παπαφλέσσα","lines":"801","arr":["801"],"roundabout":0,"mode":"bus","color":"#0059a9"}},{"type":"Feature","geometry":{"type":"LineString","coordinates":[[21.735794,38.187236],[21.736016,38.187588]]},"properties":{"name":"Προφήτου Ηλία","lines":"801","arr":["801"],"roundabout":0,"mode":"bus","color":"#0059a9"}},{"type":"Feature","geometry":{"type":"LineString","coordinates":[[21.741214,38.229392],[21.741274,38.229348]]},"properties":{"name":"Ελευθερίου Βενιζέλου","lines":"801","arr":["801"],"roundabout":0,"mode":"bus","color":"#0059a9"}},{"type":"Feature","geometry":{"type":"LineString","coordinates":[[21.735113,38.202959],[21.735211,38.202884],[21.735341,38.202823],[21.735438,38.202799],[21.735645,38.202742],[21.736084,38.202601],[21.736372,38.202457],[21.736464,38.202417],[21.736631,38.202386],[21.736727,38.202378],[21.73695,38.202377],[21.73725,38.202356],[21.737478,38.202327],[21.737752,38.202283],[21.737878,38.202269],[21.7381,38.202254],[21.738317,38.202226],[21.738533,38.202191],[21.738694,38.202151],[21.738828,38.202123],[21.73899,38.202088],[21.739146,38.202058],[21.73922,38.202051],[21.73977,38.202042],[21.739928,38.202037],[21.740096,38.202028],[21.740302,38.20201],[21.740546,38.201984],[21.740755,38.201958],[21.741192,38.201895],[21.741741,38.20182],[21.742226,38.201761],[21.742755,38.201694],[21.743293,38.201631],[21.743824,38.201572],[21.744344,38.201516],[21.74454,38.20149],[21.744598,38.201478],[21.744617,38.20147],[21.744751,38.20138],[21.744772,38.201363],[21.744803,38.201351],[21.745262,38.201243],[21.745776,38.201132],[21.746242,38.201032],[21.746279,38.201025],[21.746387,38.201006],[21.747087,38.200878],[21.747483,38.2008],[21.747632,38.200765]]},"properties":{"name":"Ειρήνης και Φιλίας","lines":"801, 804","arr":["801","804"],"roundabout":0,"mode":"bus","color":"#0059a9"}},{"type":"Feature","geometry":{"type":"LineString","coordinates":[[21.747632,38.200765],[21.747739,38.201369]]},"properties":{"name":"","lines":"801, 804","arr":["801","804"],"roundabout":0,"mode":"bus","color":"#0059a9"}},{"type":"Feature","geometry":{"type":"LineString","coordinates":[[21.729083,38.158789],[21.729076,38.158819],[21.728993,38.159174],[21.72892,38.159555],[21.728884,38.159804],[21.728691,38.16155],[21.728487,38.163294],[21.72844,38.163671],[21.728433,38.163856],[21.728447,38.163954],[21.728502,38.164242],[21.728509,38.164277],[21.728524,38.164349],[21.72866,38.164854],[21.72893,38.165781],[21.728963,38.165916],[21.728986,38.166064],[21.729004,38.166169],[21.729022,38.166279],[21.729032,38.166672],[21.728966,38.168305],[21.728973,38.168523],[21.728974,38.168582],[21.729009,38.168858],[21.72906,38.169054],[21.72917,38.169335],[21.729266,38.169531],[21.729394,38.169756],[21.729802,38.170343],[21.729925,38.170518],[21.730047,38.170734],[21.730159,38.170943],[21.730262,38.171186],[21.730324,38.17145],[21.730321,38.171646],[21.730297,38.17185],[21.730226,38.172106],[21.730048,38.172694],[21.729856,38.173461],[21.729843,38.173713],[21.729822,38.173917],[21.729748,38.174191],[21.729579,38.174627],[21.729322,38.175065],[21.728204,38.176574],[21.728069,38.176797],[21.727971,38.176986],[21.727876,38.177217],[21.727791,38.177443],[21.727727,38.177661],[21.72772,38.177886],[21.727744,38.178118],[21.727802,38.178322],[21.727883,38.178561],[21.728069,38.178914],[21.728312,38.179297],[21.728633,38.179876],[21.728839,38.180251],[21.728917,38.180538],[21.728954,38.18083],[21.728937,38.181087],[21.728836,38.181361],[21.728789,38.181456],[21.728687,38.181592],[21.728556,38.181726],[21.728424,38.181843],[21.728233,38.181996],[21.727726,38.1824],[21.727487,38.182609],[21.727347,38.182749],[21.727232,38.182879],[21.727139,38.18301],[21.727038,38.183166],[21.726956,38.183329],[21.72691,38.183431],[21.726861,38.183567],[21.726837,38.183659],[21.726816,38.183768],[21.726798,38.183904],[21.726786,38.184093],[21.72678,38.184298]]},"properties":{"name":"Πάτρα - Βλαχέρνα","lines":"803","arr":["803"],"roundabout":0,"mode":"bus","color":"#0059a9"}},{"type":"Feature","geometry":{"type":"LineString","coordinates":[[21.72678,38.184298],[21.726791,38.184405],[21.726823,38.184575],[21.726866,38.184753],[21.726914,38.184901],[21.726994,38.185095],[21.727146,38.185382],[21.727335,38.185706],[21.727373,38.185761],[21.727558,38.18603],[21.727695,38.186246],[21.727773,38.186374],[21.72785,38.186569],[21.727885,38.18669],[21.728196,38.187663]]},"properties":{"name":"Πάτρα - Βλαχέρνα","lines":"803, 804","arr":["803","804"],"roundabout":0,"mode":"bus","color":"#0059a9"}},{"type":"Feature","geometry":{"type":"LineString","coordinates":[[21.729083,38.158789],[21.728987,38.158788],[21.728889,38.158795],[21.728782,38.15882],[21.72848,38.158903],[21.728422,38.158928],[21.728366,38.158967],[21.728336,38.159012],[21.728317,38.159078],[21.728286,38.159208],[21.728257,38.159357],[21.728184,38.159713],[21.728084,38.160245],[21.728011,38.160609],[21.72782,38.161574],[21.727545,38.162953],[21.72744,38.163396]]},"properties":{"name":"Παλαιά Εθνική Οδός 33","lines":"803","arr":["803"],"roundabout":0,"mode":"bus","color":"#0059a9"}},{"type":"Feature","geometry":{"type":"LineString","coordinates":[[21.72744,38.163396],[21.727389,38.163645],[21.72732,38.163937],[21.727248,38.16432],[21.727211,38.164512],[21.727164,38.164758],[21.726996,38.165593],[21.726916,38.166047],[21.726902,38.166133],[21.726897,38.166226],[21.726903,38.166327],[21.726912,38.166417],[21.726933,38.166533],[21.727015,38.166843],[21.727023,38.166867],[21.727173,38.16737],[21.727347,38.167803],[21.727347,38.167878],[21.727299,38.167948],[21.727213,38.167983],[21.727106,38.167983],[21.726811,38.167954],[21.726714,38.167959],[21.726659,38.167983],[21.726636,38.168029],[21.726636,38.16807],[21.72667,38.168105],[21.727361,38.168499],[21.727398,38.168525],[21.727416,38.168549],[21.727431,38.168595],[21.72742,38.168639],[21.727387,38.168671],[21.727331,38.168677],[21.727216,38.168662],[21.726669,38.168469],[21.726595,38.168446],[21.726529,38.168452],[21.726491,38.168486],[21.726483,38.168528],[21.7265,38.168579],[21.726542,38.168671],[21.726715,38.169063],[21.72688,38.1695],[21.727058,38.169998],[21.727087,38.170105],[21.727108,38.170233],[21.727109,38.17037],[21.727085,38.170464],[21.726975,38.170783],[21.726844,38.171128],[21.726809,38.171253],[21.726784,38.171386],[21.726528,38.172963],[21.726472,38.173097],[21.726035,38.173639],[21.725891,38.173919],[21.725848,38.174063],[21.725826,38.174199],[21.725801,38.174478],[21.72581,38.174561],[21.725838,38.174627],[21.725892,38.174667],[21.725961,38.174685],[21.726039,38.174682],[21.726122,38.174658],[21.726303,38.174588],[21.72665,38.174463],[21.726806,38.174402],[21.726914,38.17435],[21.727046,38.174264],[21.727111,38.174242],[21.727176,38.17424],[21.72722,38.174262],[21.727235,38.174307],[21.727232,38.174352],[21.727203,38.17442],[21.726976,38.174822],[21.72685,38.174954],[21.726665,38.175096],[21.726628,38.175166],[21.726591,38.175303],[21.726376,38.176037],[21.726235,38.176189],[21.726079,38.176271],[21.725783,38.176396],[21.725727,38.176425],[21.725695,38.17646],[21.72569,38.176492],[21.725696,38.176517],[21.725718,38.176536],[21.725764,38.176548],[21.725828,38.17654],[21.725883,38.176512],[21.725957,38.176473],[21.72603,38.176441],[21.726126,38.176417],[21.726257,38.176398],[21.726429,38.176364],[21.726539,38.176309],[21.726616,38.176252],[21.726705,38.17615],[21.726852,38.175957],[21.726896,38.175916],[21.726945,38.175901],[21.726986,38.1759],[21.727034,38.175915],[21.727056,38.175944],[21.727067,38.175994],[21.727053,38.176034],[21.726968,38.176144],[21.726902,38.17625],[21.726866,38.176329],[21.726769,38.176536],[21.726669,38.176764],[21.726398,38.177623],[21.726357,38.177774],[21.726331,38.177972],[21.726274,38.178734],[21.726258,38.179866],[21.726257,38.17993],[21.726263,38.180113],[21.726299,38.180945],[21.726296,38.181717],[21.726257,38.182116],[21.726262,38.182314],[21.726251,38.182401],[21.726267,38.182732],[21.726251,38.182839],[21.726217,38.182925],[21.726169,38.183044],[21.726169,38.183121],[21.726202,38.183183],[21.726242,38.183228],[21.726351,38.183321],[21.726475,38.183433],[21.726553,38.183535],[21.726608,38.183652],[21.726636,38.183765],[21.726659,38.183939],[21.726674,38.184163],[21.7267,38.184219],[21.72678,38.184298]]},"properties":{"name":"Παλαιά Εθνική Οδός 33","lines":"804","arr":["804"],"roundabout":0,"mode":"bus","color":"#0059a9"}},{"type":"Feature","geometry":{"type":"LineString","coordinates":[[21.72744,38.163396],[21.728402,38.163442],[21.728539,38.16345],[21.728702,38.163461],[21.729075,38.163486],[21.729151,38.163485],[21.72949,38.16347],[21.729816,38.163448],[21.730026,38.163432],[21.730127,38.163425],[21.730218,38.163404],[21.730293,38.163362],[21.730343,38.163316],[21.73037,38.163265],[21.730395,38.163185],[21.730418,38.163003],[21.730454,38.162789],[21.730503,38.162625],[21.730624,38.162407],[21.730725,38.162204],[21.730827,38.162052],[21.730882,38.161999],[21.730992,38.161927],[21.731172,38.161859],[21.731307,38.161808],[21.731384,38.16178],[21.73166,38.161709],[21.731935,38.161679],[21.732215,38.161698]]},"properties":{"name":"","lines":"803, 804","arr":["803","804"],"roundabout":0,"mode":"bus","color":"#0059a9"}},{"type":"Feature","geometry":{"type":"LineString","coordinates":[[21.710164,38.192226],[21.710507,38.191697],[21.710589,38.191573],[21.71075,38.191331],[21.710984,38.190968],[21.710365,38.19094],[21.71033,38.190938],[21.70999,38.190929],[21.709754,38.190919],[21.709678,38.190914],[21.709618,38.190916],[21.70937,38.190939],[21.709338,38.19094],[21.709303,38.190937],[21.709264,38.19093],[21.709172,38.190903]]},"properties":{"name":"","lines":"804","arr":["804"],"roundabout":0,"mode":"bus","color":"#0059a9"}},{"type":"Feature","geometry":{"type":"LineString","coordinates":[[21.70442,38.191403],[21.705316,38.191334],[21.706141,38.191241],[21.707961,38.190978],[21.709242,38.190791]]},"properties":{"name":"","lines":"804","arr":["804"],"roundabout":0,"mode":"bus","color":"#0059a9"}},{"type":"Feature","geometry":{"type":"LineString","coordinates":[[21.709242,38.190791],[21.709172,38.190903]]},"properties":{"name":"Καποδιστρίου","lines":"804","arr":["804"],"roundabout":0,"mode":"bus","color":"#0059a9"}},{"type":"Feature","geometry":{"type":"LineString","coordinates":[[21.70442,38.191403],[21.704381,38.19089],[21.70435,38.190506],[21.704344,38.190217],[21.70438,38.190152],[21.704496,38.190054],[21.704522,38.190011],[21.704543,38.189932],[21.704416,38.189265],[21.704116,38.188793],[21.704164,38.188617],[21.704184,38.188433],[21.704206,38.188313],[21.70423,38.188229],[21.704263,38.18816],[21.704305,38.188091],[21.70437,38.188002],[21.704429,38.187938],[21.704472,38.187889],[21.704535,38.187839],[21.704615,38.187797],[21.70471,38.187749],[21.704791,38.187704],[21.704833,38.187669],[21.704867,38.187613]]},"properties":{"name":"Αντιστάσεως","lines":"804","arr":["804"],"roundabout":0,"mode":"bus","color":"#0059a9"}},{"type":"Feature","geometry":{"type":"LineString","coordinates":[[21.72392,38.190479],[21.723923,38.190491],[21.723927,38.190501],[21.723962,38.190552],[21.723989,38.190588],[21.724106,38.190744],[21.724249,38.190934],[21.724376,38.191113],[21.724677,38.191512],[21.724796,38.191665],[21.724861,38.191752],[21.72516,38.192141],[21.725284,38.19231],[21.725326,38.192385],[21.725354,38.192464],[21.725369,38.192553],[21.725374,38.192608],[21.72537,38.192693],[21.725352,38.192779],[21.725325,38.192871],[21.725196,38.193266],[21.725177,38.193322],[21.725138,38.193417],[21.725065,38.193571],[21.725032,38.193639],[21.725008,38.193699],[21.72499,38.19376],[21.724992,38.19381],[21.724993,38.193824],[21.725005,38.193863],[21.725018,38.193899],[21.72503,38.193923],[21.725047,38.193944],[21.725073,38.193975],[21.725108,38.194002],[21.725146,38.194029],[21.725206,38.194064],[21.725263,38.194086],[21.725533,38.194178],[21.725894,38.194309],[21.725967,38.194335],[21.726135,38.194395],[21.726191,38.194413],[21.72634,38.194452],[21.727041,38.194611],[21.727541,38.194726],[21.727952,38.194819],[21.728285,38.194895],[21.728997,38.195057],[21.729726,38.195224],[21.731622,38.195649]]},"properties":{"name":"Ηλείας","lines":"804","arr":["804"],"roundabout":0,"mode":"bus","color":"#0059a9"}},{"type":"Feature","geometry":{"type":"LineString","coordinates":[[21.738661,38.209726],[21.73875,38.209872],[21.738804,38.209964],[21.738852,38.210063],[21.73889,38.210154],[21.738919,38.210222]]},"properties":{"name":"Δημοκρατίας","lines":"804","arr":["804"],"roundabout":0,"mode":"bus","color":"#0059a9"}},{"type":"Feature","geometry":{"type":"LineString","coordinates":[[21.738919,38.210222],[21.739004,38.210442],[21.739025,38.210496],[21.739061,38.210586],[21.739082,38.210668],[21.739101,38.210753],[21.739114,38.210847]]},"properties":{"name":"Ακρωτηρίου","lines":"804","arr":["804"],"roundabout":0,"mode":"bus","color":"#0059a9"}},{"type":"Feature","geometry":{"type":"LineString","coordinates":[[21.727109,38.17037],[21.726988,38.170338],[21.726857,38.170298],[21.726736,38.170248],[21.726561,38.170151],[21.726367,38.170055],[21.726295,38.170006],[21.726225,38.169934],[21.72617,38.169868],[21.726111,38.169841],[21.726057,38.16983],[21.72603,38.169829],[21.726004,38.16983],[21.725942,38.169847],[21.725854,38.169891],[21.725628,38.170058],[21.725507,38.17013],[21.725414,38.170174],[21.72529,38.170214],[21.725204,38.170239],[21.725124,38.170278],[21.725022,38.170343],[21.724877,38.170422],[21.724738,38.170487],[21.724592,38.170544],[21.724259,38.170653],[21.724127,38.170679],[21.724023,38.170694],[21.723921,38.170696],[21.723824,38.170691],[21.72364,38.170662],[21.723469,38.170614],[21.723394,38.170594],[21.723321,38.17058],[21.72326,38.170584],[21.723207,38.170609],[21.72315,38.17066],[21.723044,38.170809],[21.722967,38.170918],[21.722542,38.171418],[21.722487,38.171466],[21.722432,38.171489],[21.722361,38.171497],[21.722271,38.171487],[21.7222,38.17146],[21.722146,38.171431],[21.722063,38.171377],[21.721919,38.171277],[21.721808,38.17122],[21.721714,38.171182],[21.721601,38.171161],[21.721497,38.171161],[21.721221,38.171182],[21.721092,38.171186],[21.720999,38.171186],[21.720942,38.171178],[21.720865,38.171155],[21.720732,38.171095],[21.720532,38.170988],[21.720384,38.170917],[21.720261,38.170857],[21.720075,38.170771],[21.720006,38.170733],[21.719934,38.17068],[21.719869,38.170619],[21.719832,38.170566],[21.7198,38.170501],[21.719716,38.170309],[21.719687,38.170216],[21.719651,38.170115],[21.719617,38.169981],[21.719595,38.169865],[21.719585,38.169751],[21.719598,38.169597],[21.719617,38.169494],[21.719638,38.169322],[21.719641,38.169249],[21.719639,38.169196],[21.71962,38.169126],[21.71958,38.169019],[21.719531,38.168871],[21.719475,38.168726],[21.719432,38.168599],[21.71941,38.168493],[21.7194,38.168403],[21.719394,38.168263],[21.719386,38.168206],[21.719373,38.168177],[21.719338,38.168156],[21.719293,38.16815],[21.719258,38.168156],[21.719204,38.168177],[21.719018,38.168308],[21.718869,38.168416],[21.718718,38.168517],[21.718544,38.168626],[21.718402,38.168742],[21.718083,38.169004],[21.717803,38.169216],[21.717728,38.169261],[21.71764,38.169282],[21.717546,38.169286],[21.717449,38.169284],[21.717348,38.169262],[21.717295,38.169236],[21.717235,38.169193],[21.717109,38.169092],[21.716948,38.16896],[21.716664,38.168738],[21.716546,38.168626],[21.716462,38.168535],[21.716361,38.168419],[21.71632,38.168358],[21.716237,38.168179],[21.716163,38.168023],[21.716122,38.167953],[21.716001,38.167766],[21.715862,38.167574],[21.7158,38.167504],[21.715719,38.167441],[21.715593,38.167363],[21.71551,38.1673],[21.715443,38.167226],[21.715404,38.167157],[21.715385,38.167096],[21.715382,38.167034],[21.715395,38.166973],[21.715422,38.166885],[21.715475,38.166751],[21.715514,38.166581],[21.715512,38.166558]]},"properties":{"name":"Δ.Μπότση","lines":"804","arr":["804"],"roundabout":0,"mode":"bus","color":"#0059a9"}},{"type":"Feature","geometry":{"type":"LineString","coordinates":[[21.749166,38.268708],[21.749237,38.268745],[21.750108,38.269203],[21.750443,38.26938],[21.750564,38.269444],[21.751035,38.269691],[21.751383,38.269875],[21.751573,38.269975],[21.751664,38.270026],[21.75169,38.270044]]},"properties":{"name":"Νοταρά","lines":"901, 902","arr":["901","902"],"roundabout":0,"mode":"bus","color":"#0059a9"}},{"type":"Feature","geometry":{"type":"LineString","coordinates":[[21.75169,38.270044],[21.75174,38.270081],[21.752193,38.270424],[21.752302,38.270499],[21.75238,38.270572],[21.752693,38.270844],[21.752985,38.271098],[21.753175,38.271275],[21.753266,38.271357],[21.753435,38.271528],[21.753591,38.271693],[21.753777,38.271885],[21.753873,38.271979],[21.753953,38.272052],[21.754054,38.272142],[21.75434,38.272394],[21.754443,38.272489],[21.754492,38.272536],[21.754537,38.272579],[21.754666,38.272705],[21.754762,38.2728],[21.754832,38.272865],[21.754891,38.272919],[21.75496,38.272979],[21.755068,38.27307],[21.755516,38.273453],[21.75574,38.273646],[21.755821,38.273719],[21.756235,38.274079],[21.756279,38.274122],[21.756367,38.27421]]},"properties":{"name":"Αυστραλίας","lines":"901, 902","arr":["901","902"],"roundabout":0,"mode":"bus","color":"#0059a9"}},{"type":"Feature","geometry":{"type":"LineString","coordinates":[[21.756367,38.27421],[21.756574,38.274058],[21.756999,38.273746],[21.757789,38.27311],[21.757923,38.27301],[21.75809,38.272884],[21.758185,38.272814],[21.758318,38.272724],[21.758461,38.272635],[21.758572,38.272571]]},"properties":{"name":"Παναγιώτη Κανελλόπουλου","lines":"901","arr":["901"],"roundabout":0,"mode":"bus","color":"#0059a9"}},{"type":"Feature","geometry":{"type":"LineString","coordinates":[[21.764162,38.277868],[21.764247,38.277798]]},"properties":{"name":"Αλκαίου","lines":"901, 902","arr":["901","902"],"roundabout":0,"mode":"bus","color":"#0059a9"}},{"type":"Feature","geometry":{"type":"LineString","coordinates":[[21.764247,38.277798],[21.76431,38.277748],[21.76434,38.277726],[21.764828,38.277395],[21.765043,38.277235]]},"properties":{"name":"Αλκαίου","lines":"902","arr":["902"],"roundabout":0,"mode":"bus","color":"#0059a9"}},{"type":"Feature","geometry":{"type":"LineString","coordinates":[[21.758509,38.272693],[21.758375,38.272778],[21.758246,38.27287],[21.757669,38.273302],[21.756416,38.274263]]},"properties":{"name":"Παναγιώτη Κανελλόπουλου","lines":"902","arr":["902"],"roundabout":0,"mode":"bus","color":"#0059a9"}},{"type":"Feature","geometry":{"type":"LineString","coordinates":[[21.756367,38.27421],[21.756416,38.274263]]},"properties":{"name":"Αυστραλίας","lines":"902","arr":["902"],"roundabout":0,"mode":"bus","color":"#0059a9"}},{"type":"Feature","geometry":{"type":"LineString","coordinates":[[21.737446,38.248534],[21.73683,38.248055],[21.736668,38.247929],[21.736505,38.247803],[21.736342,38.247676],[21.736179,38.24755],[21.735592,38.247101]]},"properties":{"name":"","lines":"101","arr":["101"],"roundabout":0,"mode":"bus","color":"#0059a9","unmapped":1}},{"type":"Feature","geometry":{"type":"LineString","coordinates":[[21.735528,38.247153],[21.734151,38.247053]]},"properties":{"name":"","lines":"101","arr":["101"],"roundabout":0,"mode":"bus","color":"#0059a9","unmapped":1}},{"type":"Feature","geometry":{"type":"LineString","coordinates":[[21.734151,38.247053],[21.734392,38.24643],[21.734505,38.246285],[21.733917,38.245811],[21.733933,38.245798]]},"properties":{"name":"","lines":"101","arr":["101"],"roundabout":0,"mode":"bus","color":"#0059a9","unmapped":1}},{"type":"Feature","geometry":{"type":"LineString","coordinates":[[21.733933,38.245798],[21.733181,38.245224],[21.73319,38.245217]]},"properties":{"name":"","lines":"101","arr":["101"],"roundabout":0,"mode":"bus","color":"#0059a9","unmapped":1}},{"type":"Feature","geometry":{"type":"LineString","coordinates":[[21.775113,38.297768],[21.774701,38.297206],[21.775443,38.296678]]},"properties":{"name":"","lines":"606","arr":["606"],"roundabout":0,"mode":"bus","color":"#0059a9","unmapped":1}}]}